     1	15.7251
     2	18.3345
     3	18.4358
     4	12.0719
     5	9.36391
     6	13.514
     7	12.4028
     8	6.937
     9	10.5827
    10	7.83569
    11	-4.77733
    12	-1.54862
    13	-0.148458
    14	-8.32751
    15	-11.0803
    16	-7.90593
    17	-10.0373
    18	-14.2096
    19	-13.6378
    20	-13.4929
    21	-13.3469
    22	-14.9647
    23	-7.81629
    24	0.905526
    25	-3.08431
    26	-2.78829
    27	5.68606
    28	5.71988
    29	4.8559
    30	3.6276
    31	10.5018
    32	8.31977
    33	1.0356
    34	9.39005
    35	13.808
    36	10.9236
    37	15.8218
    38	19.7649
    39	13.3182
    40	10.7368
    41	11.273
    42	11.9291
    43	8.80693
    44	12.2451
    45	16.6381
    46	13.4806
    47	10.1529
    48	5.68716
    49	6.85306
    50	5.61283
    51	7.59615
    52	8.6502
    53	8.21321
    54	10.4025
    55	5.93188
    56	4.60503
    57	4.42317
    58	2.55034
    59	9.64524
    60	15.7021
    61	12.0775
    62	11.1594
    63	15.6219
    64	14.449
    65	6.16199
    66	4.34807
    67	17.59
    68	17.1261
    69	12.9355
    70	16.8365
    71	14.3678
    72	10.968
    73	8.85841
    74	10.9701
    75	14.8729
    76	21.755
    77	24.2675
    78	22.7456
    79	29.223
    80	29.5421
    81	27.097
    82	28.7289
    83	27.5039
    84	22.5453
    85	19.7003
    86	24.3899
    87	22.9061
    88	18.3668
    89	23.0942
    90	21.7675
    91	17.3493
    92	15.379
    93	9.01442
    94	6.02117
    95	5.76425
    96	3.03363
    97	0.833449
    98	1.72139
    99	6.7282
   100	0.85594
   101	1.49066
   102	6.93948
   103	1.64808
   104	5.30188
   105	14.3506
   106	11.5957
   107	11.5466
   108	18.0179
   109	17.7629
   110	12.1466
   111	15.285
   112	17.6727
   113	13.6115
   114	9.99711
   115	6.69634
   116	8.36205
   117	5.57525
   118	7.21795
   119	13.2908
   120	13.309
   121	19.2223
   122	17.1244
   123	11.3867
   124	13.3037
   125	10.5774
   126	10.2633
   127	10.9746
   128	6.92354
   129	8.11497
   130	11.3057
   131	9.64311
   132	4.58097
   133	8.35472
   134	16.5171
   135	9.50093
   136	13.5997
   137	24.7039
   138	19.2118
   139	12.9123
   140	21.1851
   141	18.42
   142	10.6349
   143	12.6678
   144	12.5093
   145	9.69693
   146	7.78933
   147	5.79143
   148	10.6039
   149	13.5807
   150	7.95446
   151	10.9327
   152	12.9364
   153	7.18376
   154	8.50622
   155	5.74154
   156	3.89916
   157	3.07419
   158	-1.13749
   159	4.28509
   160	2.98262
   161	-0.740217
   162	3.36728
   163	3.84415
   164	0.867669
   165	3.19756
   166	4.32099
   167	-3.96771
   168	2.83862
   169	8.40936
   170	0.443484
   171	4.03232
   172	12.3047
   173	13.9424
   174	13.112
   175	5.88121
   176	3.48473
   177	5.88671
   178	8.95976
   179	9.32697
   180	8.12376
   181	10.4554
   182	19.1634
   183	12.4613
   184	8.09171
   185	8.48799
   186	11.1856
   187	9.15405
   188	3.26156
   189	8.99594
   190	11.5958
   191	14.4574
   192	8.55826
   193	3.42998
   194	12.6594
   195	11.4873
   196	8.13985
   197	11.2344
   198	8.66904
   199	13.9477
   200	15.1874
   201	7.71822
   202	1.24182
   203	12.4351
   204	17.0784
   205	4.08229
   206	8.07597
   207	13.8524
   208	8.40617
   209	2.32726
   210	-2.21225
   211	0.229808
   212	-2.04292
   213	-3.28377
   214	5.97137
   215	1.125
   216	-3.63278
   217	8.41543
   218	3.99049
   219	-5.25804
   220	-1.10264
   221	5.02207
   222	4.68624
   223	0.221232
   224	0.648052
   225	0.265349
   226	3.90802
   227	4.20228
   228	6.64459
   229	15.8873
   230	13.2982
   231	15.0532
   232	16.0807
   233	9.80233
   234	12.0131
   235	9.9148
   236	8.68892
   237	7.95772
   238	9.28854
   239	13.0848
   240	7.46611
   241	8.15411
   242	10.9642
   243	12.6129
   244	13.7141
   245	8.54439
   246	10.578
   247	6.40653
   248	-3.68731
   249	-0.623041
   250	-5.83731
   251	-11.29
   252	-2.91729
   253	-0.842892
   254	-4.65042
   255	-4.62404
   256	-2.59854
   257	2.6873
   258	7.55077
   259	8.16616
   260	9.47323
   261	14.142
   262	12.6493
   263	9.63041
   264	16.9969
   265	9.70729
   266	6.28558
   267	15.353
   268	21.6339
   269	23.213
   270	20.8991
   271	27.1021
   272	31.7684
   273	22.7879
   274	25.7192
   275	27.0458
   276	25.7016
   277	21.6586
   278	22.7223
   279	23.9443
   280	18.3134
   281	22.5457
   282	26.0918
   283	21.4139
   284	22.3699
   285	22.6898
   286	17.8457
   287	16.7583
   288	17.7287
   289	12.8698
   290	10.6087
   291	5.88794
   292	-2.40564
   293	4.01629
   294	5.36103
   295	0.637152
   296	9.79658
   297	13.5925
   298	4.31955
   299	5.41606
   300	5.75887
   301	3.74502
   302	7.33395
   303	7.71345
   304	8.1545
   305	2.67588
   306	7.0745
   307	11.8999
   308	8.12826
   309	1.63867
   310	7.55292
   311	10.3003
   312	10.0324
   313	15.1327
   314	15.0909
   315	9.85948
   316	6.79919
   317	10.3764
   318	20.1855
   319	19.7294
   320	14.8298
   321	23.2583
   322	32.2887
   323	24.7687
   324	20.6351
   325	26.318
   326	26.1201
   327	24.2007
   328	25.7036
   329	27.5151
   330	20.8396
   331	23.4588
   332	26.8817
   333	18.8074
   334	14.9468
   335	16.7856
   336	20.2733
   337	19.9296
   338	11.8354
   339	7.03352
   340	8.3752
   341	12.6853
   342	10.5196
   343	9.09989
   344	9.33343
   345	7.92216
   346	13.0735
   347	6.48776
   348	3.93154
   349	4.71223
   350	1.15774
   351	3.5396
   352	-4.31561
   353	-7.91725
   354	1.12697
   355	-0.915869
   356	-2.70386
   357	5.63028
   358	9.15509
   359	16.208
   360	24.55
   361	22.8298
   362	22.7166
   363	25.4975
   364	23.163
   365	24.562
   366	32.8454
   367	33.9791
   368	37.6908
   369	43.3223
   370	42.2496
   371	38.4651
   372	33.7936
   373	32.7064
   374	35.3481
   375	35.77
   376	36.0282
   377	32.6803
   378	32.87
   379	23.0816
   380	19.7875
   381	26.8057
   382	28.0874
   383	23.3839
   384	18.6279
   385	27.0207
   386	28.1809
   387	18.2335
   388	14.3089
   389	20.6379
   390	24.6011
   391	17.3949
   392	15.6452
   393	16.1559
   394	10.7739
   395	7.75313
   396	9.08852
   397	2.99318
   398	4.09061
   399	7.29129
   400	5.10674
   401	8.92713
   402	0.562556
   403	-1.23449
   404	3.64743
   405	-2.35213
   406	-3.51053
   407	-2.5493
   408	-1.43563
   409	6.04387
   410	5.88305
   411	2.35102
   412	2.90199
   413	8.18359
   414	13.4759
   415	17.3763
   416	20.5744
   417	26.2572
   418	28.0731
   419	26.9432
   420	26.7127
   421	28.9583
   422	31.573
   423	32.6258
   424	30.2635
   425	28.2912
   426	27.8793
   427	26.3269
   428	29.316
   429	34.2009
   430	35.6831
   431	35.6595
   432	33.4998
   433	34.725
   434	36.9744
   435	34.2664
   436	39.3963
   437	45.1115
   438	45.5306
   439	36.9474
   440	30.5114
   441	30.2194
   442	21.7066
   443	23.0035
   444	26.4336
   445	26.7188
   446	23.6143
   447	20.6348
   448	18.7673
   449	13.2518
   450	15.7546
   451	15.1958
   452	15.6151
   453	21.8711
   454	19.7324
   455	17.8701
   456	19.944
   457	17.9049
   458	22.37
   459	25.1941
   460	27.3038
   461	29.2852
   462	26.6927
   463	23.4953
   464	22.4765
   465	27.8112
   466	24.6681
   467	23.2585
   468	39.111
   469	41.3934
   470	36.9926
   471	36.2877
   472	39.5906
   473	42.707
   474	40.4437
   475	36.4721
   476	37.8999
   477	46.7956
   478	48.0554
   479	37.6784
   480	39.1059
   481	44.8268
   482	47.1776
   483	44.8473
   484	45.6169
   485	42.5778
   486	33.1465
   487	28.0667
   488	29.9385
   489	20.3307
   490	10.8397
   491	19.1634
   492	23.2239
   493	14.9801
   494	11.8504
   495	13.2062
   496	14.2411
   497	11.3221
   498	9.5039
   499	13.4003
   500	14.8715
   501	14.5313
   502	12.974
   503	9.52886
   504	2.35872
   505	1.40158
   506	7.09826
   507	10.6017
   508	7.98031
   509	10.7598
   510	14.8789
   511	7.82303
   512	10.573
   513	17.1838
   514	15.7737
   515	19.4665
   516	26.8615
   517	30.291
   518	28.772
   519	23.6363
   520	24.5949
   521	29.0446
   522	28.5463
   523	29.6751
   524	30.9985
   525	30.7997
   526	31.2761
   527	30.8074
   528	30.447
   529	37.778
   530	37.1822
   531	34.8705
   532	39.4582
   533	33.8678
   534	24.6844
   535	31.9474
   536	37.1378
   537	29.5232
   538	27.4574
   539	33.3008
   540	25.4185
   541	19.4336
   542	23.0585
   543	20.8956
   544	15.9175
   545	17.9574
   546	17.018
   547	16.2322
   548	14.7549
   549	8.88008
   550	12.9517
   551	15.6102
   552	7.92582
   553	8.95746
   554	14.5635
   555	10.1979
   556	7.44595
   557	10.2613
   558	11.0189
   559	13.4751
   560	12.3152
   561	9.57648
   562	10.1969
   563	2.24705
   564	7.56813
   565	13.7788
   566	4.42678
   567	7.11024
   568	14.0146
   569	9.75668
   570	5.42225
   571	2.08728
   572	-3.40347
   573	1.72892
   574	1.20612
   575	-5.53325
   576	-2.8866
   577	-6.61828
   578	-17.6828
   579	-13.5973
   580	-8.95498
   581	-13.1938
   582	-13.408
   583	-2.27523
   584	-4.55044
   585	-13.4592
   586	-4.92938
   587	-8.64707
   588	-15.2862
   589	-12.1596
   590	-11.6323
   591	-5.62404
   592	-6.94928
   593	-19.3011
   594	-16.9775
   595	-15.6908
   596	-20.4084
   597	-21.6132
   598	-20.2838
   599	-11.5723
   600	-10.3966
   601	-16.8968
   602	-17.6473
   603	-21.4977
   604	-22.1018
   605	-16.4277
   606	-22.9581
   607	-24.4754
   608	-18.8605
   609	-16.8404
   610	-21.6238
   611	-24.817
   612	-25.0269
   613	-27.005
   614	-28.6561
   615	-25.8178
   616	-27.9361
   617	-28.6658
   618	-27.0332
   619	-31.4249
   620	-40.3245
   621	-36.0087
   622	-35.8941
   623	-36.6293
   624	-38.046
   625	-41.3488
   626	-40.4077
   627	-36.3741
   628	-38.6223
   629	-37.0548
   630	-31.0305
   631	-25.7369
   632	-25.7138
   633	-28.2083
   634	-23.6246
   635	-19.6383
   636	-24.13
   637	-24.3839
   638	-24.7378
   639	-25.9409
   640	-15.2642
   641	-16.2269
   642	-17.9067
   643	-18.1458
   644	-18.0871
   645	-16.926
   646	-14.3519
   647	-9.23476
   648	-8.79862
   649	-8.06083
   650	-5.08975
   651	-6.14021
   652	-5.49472
   653	-4.81865
   654	-4.50296
   655	-1.58709
   656	0.116914
   657	1.80292
   658	-0.0315688
   659	2.71715
   660	-1.38212
   661	-3.20896
   662	4.2624
   663	6.3401
   664	-0.478565
   665	-0.375913
   666	5.57909
   667	-0.977488
   668	-12.9137
   669	-9.52729
   670	-10.7988
   671	-16.2528
   672	-13.8908
   673	-10.896
   674	-11.2985
   675	-16.448
   676	-14.3116
   677	-8.56793
   678	-10.2517
   679	-19.1216
   680	-12.2596
   681	-5.52914
   682	-9.95149
   683	-16.1569
   684	-10.1974
   685	-9.98458
   686	-13.9509
   687	-10.226
   688	-2.55299
   689	-3.49025
   690	-2.48088
   691	5.76396
   692	9.53111
   693	-2.38568
   694	0.809868
   695	8.91276
   696	9.94387
   697	10.27
   698	10.6191
   699	14.2404
   700	11.6625
   701	7.30241
   702	6.99665
   703	10.1029
   704	11.3264
   705	11.7639
   706	12.722
   707	11.1481
   708	5.34963
   709	9.55278
   710	14.1695
   711	8.74599
   712	7.89655
   713	18.5913
   714	19.6325
   715	14.434
   716	20.1435
   717	12.3839
   718	7.15589
   719	18.1152
   720	14.3848
   721	8.47402
   722	16.074
   723	13.6955
   724	7.90949
   725	8.00099
   726	14.6172
   727	12.3848
   728	10.302
   729	14.6415
   730	10.5255
   731	4.04657
   732	6.2109
   733	9.93713
   734	7.97018
   735	6.97515
   736	9.75198
   737	11.785
   738	10.2651
   739	9.80143
   740	11.6325
   741	17.1971
   742	11.9551
   743	9.44832
   744	20.5015
   745	22.6703
   746	15.6677
   747	18.5355
   748	21.6089
   749	15.7013
   750	20.1955
   751	27.8584
   752	25.3052
   753	23.9034
   754	33.5788
   755	33.4267
   756	24.8471
   757	26.7203
   758	30.4021
   759	29.393
   760	32.6066
   761	31.8685
   762	32.1511
   763	34.7901
   764	31.2734
   765	30.7648
   766	29.9362
   767	28.7617
   768	33.9112
   769	36.0892
   770	37.1243
   771	36.6922
   772	32.0364
   773	36.962
   774	42.3027
   775	37.0699
   776	38.0555
   777	41.6334
   778	39.3551
   779	40.1942
   780	41.4767
   781	37.1285
   782	35.3539
   783	36.8749
   784	34.1923
   785	34.2534
   786	33.8586
   787	28.1325
   788	30.6324
   789	32.1808
   790	26.8552
   791	24.6241
   792	24.5151
   793	31.8679
   794	26.7298
   795	20.5226
   796	24.2434
   797	17.8859
   798	13.6677
   799	14.5268
   800	11.1104
   801	9.2338
   802	15.2901
   803	15.7956
   804	11.4784
   805	17.338
   806	16.2771
   807	12.3439
   808	10.5622
   809	13.7209
   810	12.1134
   811	10.8752
   812	14.6983
   813	11.09
   814	9.18241
   815	15.4469
   816	8.77787
   817	5.58326
   818	11.85
   819	7.7437
   820	5.24377
   821	7.32618
   822	-0.565892
   823	1.26521
   824	3.43871
   825	-2.29998
   826	0.152743
   827	-0.65363
   828	-4.27968
   829	3.19012
   830	2.88361
   831	4.40239
   832	5.20783
   833	1.27665
   834	9.29229
   835	7.56581
   836	3.30282
   837	11.803
   838	2.59984
   839	-5.87389
   840	1.42286
   841	-3.53355
   842	-13.6995
   843	-6.58418
   844	-0.799284
   845	-7.59734
   846	-5.23651
   847	-1.68168
   848	-0.998729
   849	-3.07502
   850	-7.79622
   851	-4.47548
   852	-7.43675
   853	-11.2289
   854	-6.3815
   855	-13.2513
   856	-14.2592
   857	-14.5511
   858	-17.7164
   859	-13.2559
   860	-21.9942
   861	-20.6766
   862	-10.9721
   863	-22.6485
   864	-22.811
   865	-17.7533
   866	-19.6323
   867	-23.7656
   868	-25.0105
   869	-14.295
   870	-21.0777
   871	-32.009
   872	-20.9076
   873	-25.8256
   874	-31.6008
   875	-24.4687
   876	-25.9594
   877	-26.3493
   878	-22.3766
   879	-25.4513
   880	-24.2021
   881	-23.1886
   882	-25.54
   883	-30.7996
   884	-29.1762
   885	-31.5518
   886	-30.6083
   887	-27.4373
   888	-27.0945
   889	-26.9186
   890	-27.9811
   891	-28.8819
   892	-28.0525
   893	-34.7143
   894	-23.479
   895	-24.6997
   896	-31.0305
   897	-15.8004
   898	-18.7972
   899	-24.2673
   900	-12.838
   901	-14.8883
   902	-18.6853
   903	-18.3578
   904	-9.18647
   905	-5.12178
   906	-15.9492
   907	-8.87761
   908	-3.66286
   909	-6.25593
   910	-1.43389
   911	-3.53627
   912	3.98411
   913	3.77841
   914	-7.52812
   915	2.19644
   916	0.602984
   917	-10.9826
   918	-8.48575
   919	-1.92291
   920	-10.0202
   921	-18.7838
   922	-9.82695
   923	-6.76253
   924	-13.2549
   925	-12.738
   926	-5.67955
   927	-10.3292
   928	-20.8873
   929	-11.5156
   930	-4.7106
   931	-22.3257
   932	-19.7631
   933	-6.94049
   934	-17.4253
   935	-18.4723
   936	-10.6943
   937	-5.51299
   938	-11.6969
   939	-11.227
   940	3.33371
   941	2.74987
   942	-3.19364
   943	-1.90522
   944	2.58642
   945	5.61611
   946	-2.44543
   947	0.268168
   948	11.1236
   949	5.79859
   950	3.92672
   951	6.6207
   952	4.3187
   953	1.94248
   954	7.56672
   955	11.4423
   956	4.59625
   957	6.88777
   958	15.4538
   959	8.64499
   960	0.482045
   961	7.22677
   962	10.7866
   963	-1.00792
   964	0.925904
   965	14.4361
   966	8.99004
   967	6.95251
   968	6.9733
   969	7.11977
   970	18.4534
   971	12.5764
   972	10.2722
   973	15.7426
   974	12.5629
   975	11.8508
   976	5.61033
   977	6.38057
   978	8.05514
   979	8.49424
   980	10.149
   981	9.69567
   982	12.1812
   983	12.2676
   984	11.8567
   985	8.36349
   986	5.3822
   987	6.32166
   988	5.90955
   989	4.68368
   990	7.26326
   991	1.99646
   992	-1.23283
   993	-1.11556
   994	-5.76921
   995	-3.5951
   996	-4.77324
   997	-0.942159
   998	-5.14965
   999	-13.4074
  1000	-7.58443
  1001	-9.24923
  1002	-8.57805
  1003	-5.2084
  1004	-8.79216
  1005	-0.572213
  1006	1.23198
  1007	-2.85153
  1008	0.676558
  1009	3.37984
  1010	1.10275
  1011	2.8218
  1012	4.31638
  1013	2.85501
  1014	3.94695
  1015	8.85605
  1016	3.55924
  1017	-2.25667
  1018	0.0911033
  1019	6.72184
  1020	7.67417
  1021	5.30063
  1022	9.45528
  1023	6.11757
  1024	0.714852
  1025	5.87855
  1026	1.53947
  1027	-1.31651
  1028	3.5301
  1029	6.02194
  1030	7.73437
  1031	9.07863
  1032	8.89771
  1033	14.056
  1034	15.6444
  1035	12.6115
  1036	16.3589
  1037	20.4999
  1038	14.0873
  1039	7.33112
  1040	6.39579
  1041	2.63917
  1042	-0.0495818
  1043	0.753157
  1044	3.36238
  1045	4.18314
  1046	-0.592018
  1047	0.386362
  1048	-0.868097
  1049	-9.32604
  1050	-8.30968
  1051	-9.06361
  1052	-13.4468
  1053	-14.524
  1054	-9.54853
  1055	-5.92081
  1056	-14.2505
  1057	-13.6179
  1058	-10.0355
  1059	-13.4489
  1060	-7.95309
  1061	-3.49103
  1062	-2.38118
  1063	-4.84722
  1064	-3.53524
  1065	3.31633
  1066	4.44389
  1067	1.08561
  1068	7.3875
  1069	16.4219
  1070	9.33106
  1071	3.22437
  1072	9.05964
  1073	7.31329
  1074	-0.617578
  1075	0.757433
  1076	5.96622
  1077	4.09736
  1078	3.9624
  1079	6.264
  1080	11.2354
  1081	6.82466
  1082	6.0867
  1083	14.5365
  1084	14.777
  1085	14.6536
  1086	16.9432
  1087	13.2989
  1088	9.97057
  1089	7.87837
  1090	9.19405
  1091	7.46868
  1092	10.0143
  1093	9.24757
  1094	10.6655
  1095	10.3732
  1096	9.05177
  1097	8.54547
  1098	6.48057
  1099	9.12464
  1100	13.2023
  1101	11.6316
  1102	9.25106
  1103	8.8779
  1104	8.02261
  1105	5.4446
  1106	2.56758
  1107	3.34649
  1108	6.62328
  1109	5.32606
  1110	1.82378
  1111	0.768438
  1112	-1.18478
  1113	-0.548832
  1114	0.579805
  1115	0.226011
  1116	-3.82642
  1117	-0.769774
  1118	-2.1478
  1119	-6.38957
  1120	-1.44857
  1121	-1.97166
  1122	-6.11021
  1123	-2.40081
  1124	2.39732
  1125	2.47164
  1126	2.38184
  1127	4.59445
  1128	2.86152
  1129	3.48601
  1130	10.0034
  1131	11.6256
  1132	14.9885
  1133	19.0814
  1134	16.1226
  1135	15.7874
  1136	11.285
  1137	10.8719
  1138	14.9251
  1139	12.0974
  1140	14.7827
  1141	15.4867
  1142	16.4944
  1143	19.6398
  1144	17.3529
  1145	17.7424
  1146	18.0528
  1147	21.8456
  1148	18.8163
  1149	15.2275
  1150	16.3934
  1151	13.2979
  1152	7.73217
  1153	7.69142
  1154	7.81797
  1155	4.91736
  1156	5.21222
  1157	8.32211
  1158	7.5723
  1159	10.9994
  1160	14.081
  1161	17.6572
  1162	25.1213
  1163	27.4114
  1164	29.7996
  1165	30.81
  1166	27.0558
  1167	24.5916
  1168	27.1386
  1169	25.0558
  1170	21.1929
  1171	19.1387
  1172	18.9016
  1173	16.6643
  1174	15.781
  1175	16.165
  1176	13.6702
  1177	16.2768
  1178	18.6535
  1179	13.354
  1180	6.89501
  1181	3.2025
  1182	0.380163
  1183	-6.84432
  1184	-1.44486
  1185	0.207845
  1186	-4.39843
  1187	4.75615
  1188	4.16511
  1189	1.17709
  1190	-1.7814
  1191	0.832942
  1192	7.09798
  1193	-2.34068
  1194	-4.31933
  1195	-2.83911
  1196	-11.8005
  1197	-9.27629
  1198	-15.2898
  1199	-15.5918
  1200	-11.2116
  1201	-10.7807
  1202	-5.12347
  1203	-4.90084
  1204	-0.398579
  1205	7.60299
  1206	5.035
  1207	5.1039
  1208	7.38713
  1209	13.3618
  1210	17.8948
  1211	14.0401
  1212	17.8256
  1213	16.4165
  1214	11.3557
  1215	15.0916
  1216	13.5197
  1217	9.7183
  1218	5.62225
  1219	9.18407
  1220	11.1147
  1221	-1.33083
  1222	-0.880061
  1223	2.07306
  1224	-6.75315
  1225	-7.78686
  1226	-8.21146
  1227	-2.94134
  1228	-4.96976
  1229	-8.0813
  1230	-4.06304
  1231	-10.656
  1232	-12.4713
  1233	-7.28993
  1234	-12.0071
  1235	-12.7211
  1236	-15.2738
  1237	-16.15
  1238	-14.3413
  1239	-13.7803
  1240	-8.7678
  1241	-6.06057
  1242	-2.52567
  1243	-6.48564
  1244	-6.57228
  1245	-2.76274
  1246	-4.44897
  1247	-5.77296
  1248	4.1433
  1249	-2.71511
  1250	-6.62291
  1251	-4.23453
  1252	-0.862163
  1253	-3.44489
  1254	-7.87866
  1255	-0.501424
  1256	5.43272
  1257	6.18114
  1258	12.6387
  1259	11.6184
  1260	5.11772
  1261	1.65121
  1262	2.4884
  1263	10.6014
  1264	8.45525
  1265	7.69707
  1266	8.80263
  1267	6.54879
  1268	4.22463
  1269	6.56473
  1270	13.4591
  1271	10.5431
  1272	4.51041
  1273	6.61786
  1274	11.0556
  1275	9.5849
  1276	0.804702
  1277	1.81406
  1278	3.96158
  1279	2.93256
  1280	2.13259
  1281	7.43887
  1282	5.09752
  1283	-0.391797
  1284	3.39601
  1285	-4.74424
  1286	-4.94137
  1287	-4.67949
  1288	-1.03175
  1289	0.287967
  1290	-3.07964
  1291	-4.04269
  1292	-3.59659
  1293	0.697561
  1294	2.46612
  1295	-1.42186
  1296	4.12909
  1297	2.91249
  1298	4.38778
  1299	8.11601
  1300	3.19615
  1301	3.06927
  1302	8.15863
  1303	10.3397
  1304	10.3264
  1305	13.9755
  1306	17.5057
  1307	13.2357
  1308	12.0083
  1309	13.464
  1310	10.2442
  1311	11.4541
  1312	6.35776
  1313	6.25647
  1314	4.72104
  1315	5.33628
  1316	8.70459
  1317	2.51647
  1318	0.978152
  1319	5.52406
  1320	0.670219
  1321	2.557
  1322	0.792673
  1323	-1.72088
  1324	-2.14682
  1325	-2.43968
  1326	-1.24343
  1327	-6.42326
  1328	-6.62259
  1329	-3.35476
  1330	0.148972
  1331	-3.28473
  1332	-4.36819
  1333	-4.43419
  1334	-4.65033
  1335	-8.94782
  1336	-6.80043
  1337	-8.23504
  1338	-1.6243
  1339	-1.43589
  1340	-6.04524
  1341	-2.32429
  1342	0.713491
  1343	2.48036
  1344	1.18355
  1345	1.4549
  1346	5.59941
  1347	7.51052
  1348	7.34565
  1349	11.1277
  1350	8.19958
  1351	13.1602
  1352	9.53251
  1353	14.8459
  1354	18.0758
  1355	13.4921
  1356	9.97248
  1357	18.7228
  1358	15.6038
  1359	10.1411
  1360	17.3456
  1361	20.7854
  1362	10.7103
  1363	9.15349
  1364	11.4058
  1365	8.70277
  1366	12.0746
  1367	10.1055
  1368	13.8779
  1369	18.5715
  1370	15.7987
  1371	16.077
  1372	15.0271
  1373	13.7411
  1374	17.7856
  1375	12.323
  1376	13.4579
  1377	17.2222
  1378	14.7261
  1379	20.4001
  1380	20.5169
  1381	13.9227
  1382	13.0255
  1383	15.9499
  1384	10.4928
  1385	6.98291
  1386	6.69122
  1387	1.57036
  1388	1.80836
  1389	2.67105
  1390	-3.55414
  1391	9.08496
  1392	0.907556
  1393	3.54652
  1394	8.96288
  1395	3.72858
  1396	2.17805
  1397	4.10972
  1398	4.23624
  1399	1.97205
  1400	-1.31994
  1401	1.73218
  1402	7.62239
  1403	-1.29551
  1404	-5.31757
  1405	1.71569
  1406	5.4422
  1407	-4.50613
  1408	-3.20753
  1409	2.59634
  1410	0.702062
  1411	0.080973
  1412	8.28005
  1413	5.03093
  1414	3.27057
  1415	5.79894
  1416	7.46378
  1417	3.59204
  1418	6.76807
  1419	11.7603
  1420	10.6794
  1421	8.35313
  1422	7.74048
  1423	9.91829
  1424	10.4125
  1425	1.41129
  1426	6.46933
  1427	12.9441
  1428	-1.41494
  1429	5.79991
  1430	7.78417
  1431	-2.87951
  1432	2.54156
  1433	3.92827
  1434	6.34218
  1435	4.6522
  1436	1.39192
  1437	8.4449
  1438	9.0645
  1439	2.18008
  1440	7.84732
  1441	9.068
  1442	3.58814
  1443	12.4725
  1444	20.4227
  1445	12.6131
  1446	15.7758
  1447	22.6613
  1448	18.8195
  1449	16.4933
  1450	20.3231
  1451	17.3238
  1452	22.024
  1453	23.1734
  1454	22.3944
  1455	26.6778
  1456	27.4064
  1457	28.2219
  1458	25.3657
  1459	24.3508
  1460	27.0599
  1461	26.1377
  1462	29.5521
  1463	26.7366
  1464	25.7757
  1465	31.8415
  1466	30.8009
  1467	21.6617
  1468	17.1854
  1469	24.0581
  1470	20.7317
  1471	11.0972
  1472	13.8231
  1473	19.658
  1474	12.9836
  1475	6.70619
  1476	9.38808
  1477	1.5002
  1478	-1.18621
  1479	7.12979
  1480	-0.961202
  1481	-4.07761
  1482	3.52154
  1483	5.67042
  1484	1.68818
  1485	2.22735
  1486	1.54591
  1487	8.85917
  1488	8.3764
  1489	0.623738
  1490	6.77782
  1491	9.29994
  1492	2.83997
  1493	6.82737
  1494	7.9568
  1495	10.9114
  1496	16.4309
  1497	20.0576
  1498	17.3558
  1499	13.1584
  1500	8.67645
  1501	12.2239
  1502	6.95398
  1503	-4.25215
  1504	6.15622
  1505	11.0042
  1506	1.74239
  1507	4.29328
  1508	5.72158
  1509	6.8299
  1510	6.08144
  1511	-5.57824
  1512	-1.47691
  1513	0.035104
  1514	-4.31056
  1515	-1.53869
  1516	-7.3565
  1517	-13.8588
  1518	-6.49213
  1519	-2.89635
  1520	-7.45781
  1521	-7.26773
  1522	-3.39452
  1523	-0.677173
  1524	-7.32034
  1525	-15.9463
  1526	-12.9426
  1527	-2.82977
  1528	-13.3124
  1529	-10.7318
  1530	1.67195
  1531	-1.57482
  1532	-0.640883
  1533	6.5719
  1534	5.50274
  1535	4.1354
  1536	1.38448
  1537	9.67737
  1538	1.71772
  1539	-2.189
  1540	8.96897
  1541	8.86867
  1542	3.30386
  1543	2.22334
  1544	3.81021
  1545	8.71957
  1546	8.5303
  1547	7.66114
  1548	9.5879
  1549	9.61597
  1550	9.51104
  1551	8.68844
  1552	4.86492
  1553	3.62717
  1554	5.63834
  1555	2.89699
  1556	5.2133
  1557	7.93824
  1558	8.97672
  1559	5.37152
  1560	3.57101
  1561	3.39625
  1562	13.4708
  1563	15.4463
  1564	10.1157
  1565	19.4904
  1566	14.5916
  1567	9.75419
  1568	18.2137
  1569	15.5423
  1570	11.8792
  1571	13.9701
  1572	17.4732
  1573	15.6499
  1574	15.0528
  1575	19.1547
  1576	11.8451
  1577	11.0906
  1578	13.0297
  1579	10.0869
  1580	10.2332
  1581	11.5994
  1582	15.4081
  1583	12.5796
  1584	14.289
  1585	17.0019
  1586	12.6459
  1587	20.8631
  1588	24.7749
  1589	19.34
  1590	23.4123
  1591	24.758
  1592	20.2215
  1593	22.8237
  1594	26.8488
  1595	17.6504
  1596	15.8221
  1597	18.3868
  1598	19.5739
  1599	18.2146
  1600	20.8527
  1601	12.2023
  1602	11.735
  1603	13.0053
  1604	9.28538
  1605	12.0406
  1606	7.42015
  1607	4.16486
  1608	5.86292
  1609	2.64225
  1610	5.4916
  1611	4.07118
  1612	2.77478
  1613	1.1206
  1614	0.837003
  1615	2.38107
  1616	4.29039
  1617	7.52246
  1618	7.60732
  1619	11.143
  1620	13.5297
  1621	6.88668
  1622	10.0799
  1623	16.7522
  1624	14.3648
  1625	18.4251
  1626	16.5166
  1627	17.4021
  1628	23.9668
  1629	17.7286
  1630	12.6053
  1631	15.8659
  1632	17.001
  1633	17.8802
  1634	19.8456
  1635	25.3396
  1636	21.079
  1637	21.0227
  1638	18.8365
  1639	15.3078
  1640	16.8865
  1641	17.4145
  1642	20.9658
  1643	20.4861
  1644	9.50075
  1645	8.5842
  1646	9.7205
  1647	6.41831
  1648	2.5514
  1649	0.657036
  1650	3.27165
  1651	6.00019
  1652	2.60371
  1653	2.8145
  1654	-0.537852
  1655	5.6267
  1656	0.579252
  1657	-1.15738
  1658	-1.98588
  1659	-1.60661
  1660	4.48207
  1661	-1.58805
  1662	-8.76184
  1663	-6.77731
  1664	-3.35496
  1665	-1.45036
  1666	-3.87419
  1667	-2.75929
  1668	0.0109089
  1669	-2.73614
  1670	-11.2884
  1671	-14.1938
  1672	-15.8601
  1673	-16.489
  1674	-16.5307
  1675	-24.4143
  1676	-23.9002
  1677	-15.9543
  1678	-18.3224
  1679	-20.9523
  1680	-27.6303
  1681	-25.5249
  1682	-19.4033
  1683	-14.5225
  1684	-27.5275
  1685	-27.209
  1686	-10.9781
  1687	-7.99423
  1688	-16.6536
  1689	-14.1919
  1690	-0.231933
  1691	6.56067
  1692	2.96066
  1693	6.6244
  1694	5.97832
  1695	3.34797
  1696	8.23895
  1697	3.56293
  1698	1.08955
  1699	7.76777
  1700	7.11157
  1701	-0.345724
  1702	-4.78505
  1703	-11.3761
  1704	-15.7442
  1705	-14.3153
  1706	-17.1492
  1707	-22.3858
  1708	-17.2699
  1709	-8.83139
  1710	-10.7859
  1711	-11.6677
  1712	-14.7101
  1713	-15.3521
  1714	-9.18168
  1715	-7.80236
  1716	-18.0045
  1717	-18.7815
  1718	-7.82361
  1719	-9.12537
  1720	-15.7683
  1721	-8.10082
  1722	-0.853049
  1723	-3.79857
  1724	-1.20987
  1725	6.39304
  1726	11.6496
  1727	10.9809
  1728	6.63151
  1729	7.53392
  1730	7.24988
  1731	4.42187
  1732	2.52075
  1733	-1.46679
  1734	1.86031
  1735	4.08432
  1736	-2.37686
  1737	-3.0199
  1738	-4.53981
  1739	-8.97919
  1740	-11.9701
  1741	-13.33
  1742	-22.7722
  1743	-24.4207
  1744	-19.6404
  1745	-25.6933
  1746	-28.0888
  1747	-22.5784
  1748	-30.141
  1749	-28.8899
  1750	-21.8598
  1751	-18.7341
  1752	-21.3171
  1753	-24.0907
  1754	-9.94682
  1755	-18.6704
  1756	-27.5907
  1757	-22.47
  1758	-20.3278
  1759	-22.69
  1760	-26.9454
  1761	-33.3092
  1762	-26.043
  1763	-19.5455
  1764	-24.5094
  1765	-23.129
  1766	-11.6569
  1767	-9.36021
  1768	-9.00525
  1769	-3.79587
  1770	1.80129
  1771	3.39912
  1772	8.90642
  1773	17.4221
  1774	19.4882
  1775	20.6258
  1776	25.2078
  1777	31.2512
  1778	33.2334
  1779	30.4793
  1780	23.3767
  1781	27.9122
  1782	37.9403
  1783	23.3928
  1784	22.3854
  1785	29.1894
  1786	27.8018
  1787	18.2136
  1788	15.4045
  1789	15.7594
  1790	9.07915
  1791	7.78403
  1792	12.3883
  1793	6.35676
  1794	-1.18
  1795	3.6601
  1796	9.08507
  1797	-6.20585
  1798	-3.02037
  1799	0.919329
  1800	-2.07983
  1801	0.802795
  1802	3.70462
  1803	1.44103
  1804	10.8615
  1805	10.4435
  1806	6.48161
  1807	8.87788
  1808	7.58645
  1809	8.96395
  1810	17.5341
  1811	18.1895
  1812	9.1278
  1813	16.1836
  1814	29.5486
  1815	19.3668
  1816	12.0482
  1817	18.5351
  1818	19.1552
  1819	11.5975
  1820	14.2661
  1821	17.83
  1822	5.97221
  1823	9.78015
  1824	6.51012
  1825	-1.62319
  1826	1.08335
  1827	2.36553
  1828	0.0745866
  1829	-3.94579
  1830	-7.38398
  1831	-0.755974
  1832	-2.16237
  1833	-12.6337
  1834	-13.0005
  1835	-14.4791
  1836	-11.594
  1837	-9.82435
  1838	-13.3901
  1839	-18.2289
  1840	-10.2907
  1841	-14.4249
  1842	-16.9189
  1843	-11.9082
  1844	-13.0611
  1845	-14.4277
  1846	-3.55545
  1847	-8.99929
  1848	-10.189
  1849	-8.21899
  1850	-6.98189
  1851	-8.12087
  1852	-15.1268
  1853	-5.37267
  1854	-0.697569
  1855	-6.58842
  1856	-3.81592
  1857	-3.50683
  1858	-7.15004
  1859	1.6135
  1860	-5.94466
  1861	-5.02418
  1862	4.27824
  1863	4.94641
  1864	3.81832
  1865	3.11153
  1866	10.8348
  1867	12.3558
  1868	4.00045
  1869	6.2031
  1870	7.57214
  1871	11.3483
  1872	13.9157
  1873	10.6375
  1874	13.4226
  1875	11.4955
  1876	15.282
  1877	16.7316
  1878	14.2738
  1879	20.2886
  1880	16.6391
  1881	16.4797
  1882	19.2547
  1883	15.808
  1884	15.0398
  1885	17.3407
  1886	20.4444
  1887	14.815
  1888	13.247
  1889	25.0745
  1890	14.2907
  1891	7.94748
  1892	13.1615
  1893	8.25916
  1894	9.49384
  1895	7.34866
  1896	1.04931
  1897	7.49564
  1898	2.93123
  1899	-1.11693
  1900	-3.48693
  1901	0.487095
  1902	-3.62534
  1903	-4.20568
  1904	0.00704934
  1905	-6.72769
  1906	-13.1891
  1907	-8.85968
  1908	-9.16796
  1909	-19.7467
  1910	-21.2769
  1911	-12.0979
  1912	-20.2217
  1913	-25.2476
  1914	-9.75912
  1915	-6.54847
  1916	-10.5406
  1917	-8.39382
  1918	-7.63232
  1919	-13.597
  1920	-11.3108
  1921	-6.80745
  1922	-12.8309
  1923	-16.7553
  1924	-4.48302
  1925	-6.71612
  1926	-9.90099
  1927	-2.65067
  1928	-10.4296
  1929	-1.47575
  1930	3.49051
  1931	-4.94835
  1932	-3.0815
  1933	4.65139
  1934	-2.27926
  1935	-3.77186
  1936	-2.11002
  1937	-4.53207
  1938	-12.5881
  1939	-4.70138
  1940	-2.0093
  1941	-10.2288
  1942	-7.98835
  1943	3.32656
  1944	3.94102
  1945	0.29417
  1946	7.55439
  1947	11.6126
  1948	10.8636
  1949	10.3156
  1950	13.1798
  1951	8.93822
  1952	12.3857
  1953	6.27349
  1954	-0.035639
  1955	-3.57157
  1956	-4.44256
  1957	-2.57923
  1958	-2.27358
  1959	3.56292
  1960	1.96864
  1961	0.637934
  1962	8.99587
  1963	1.73402
  1964	-3.82855
  1965	5.91643
  1966	-1.31786
  1967	-9.25426
  1968	-4.95469
  1969	-6.89607
  1970	-6.58396
  1971	5.24775
  1972	-1.7909
  1973	-7.08395
  1974	2.95002
  1975	1.79138
  1976	-4.32276
  1977	3.01511
  1978	2.76894
  1979	-1.39355
  1980	-0.911153
  1981	3.8683
  1982	0.419845
  1983	-12.5797
  1984	-2.48231
  1985	-3.29896
  1986	-8.79257
  1987	-9.67448
  1988	-12.7611
  1989	-11.5738
  1990	-5.28506
  1991	-11.6035
  1992	-12.02
  1993	-5.31936
  1994	1.00578
  1995	0.266792
  1996	-0.0566839
  1997	6.15849
  1998	6.58251
  1999	-0.757794
  2000	-2.52447
  2001	-0.963072
  2002	-2.35911
  2003	-0.0852423
  2004	3.67324
  2005	0.121221
  2006	-1.08763
  2007	3.09539
  2008	-0.340866
  2009	-3.63216
  2010	-3.65004
  2011	-0.509499
  2012	1.61489
  2013	-5.06979
  2014	3.06528
  2015	11.2347
  2016	1.33991
  2017	4.12094
  2018	6.74011
  2019	5.18074
  2020	3.4809
  2021	8.5341
  2022	10.2064
  2023	5.02889
  2024	4.2779
  2025	5.67006
  2026	6.48859
  2027	0.491689
  2028	-0.287065
  2029	2.8321
  2030	-4.85835
  2031	-6.74382
  2032	1.81
  2033	-5.16817
  2034	-11.3995
  2035	-5.25193
  2036	-3.88145
  2037	-16.0088
  2038	-14.5408
  2039	-4.24674
  2040	-6.89954
  2041	-15.5687
  2042	-7.2933
  2043	-5.35934
  2044	-10.5356
  2045	-10.7239
  2046	-4.49287
  2047	-7.7594
  2048	-19.974
  2049	-7.65121
  2050	-2.72215
  2051	-13.6898
  2052	-7.75078
  2053	-7.69973
  2054	-12.4121
  2055	-13.3321
  2056	-22.1379
  2057	-19.9495
  2058	-13.428
  2059	-18.3275
  2060	-21.4531
  2061	-15.8701
  2062	-6.10167
  2063	-9.6072
  2064	-8.74868
  2065	-6.01206
  2066	-1.88393
  2067	3.83219
  2068	3.61339
  2069	0.832207
  2070	10.7133
  2071	18.6122
  2072	11.479
  2073	8.73832
  2074	19.4264
  2075	26.5757
  2076	16.7218
  2077	25.524
  2078	32.0107
  2079	20.3734
  2080	17.0813
  2081	26.5947
  2082	21.9139
  2083	9.44976
  2084	18.7477
  2085	23.3641
  2086	13.4969
  2087	20.9932
  2088	22.3258
  2089	17.2772
  2090	14.0686
  2091	7.93806
  2092	8.25404
  2093	12.1312
  2094	11.4909
  2095	7.44255
  2096	13.4852
  2097	16.8819
  2098	9.1086
  2099	13.9262
  2100	19.076
  2101	7.12967
  2102	10.6486
  2103	17.6247
  2104	11.6212
  2105	3.70423
  2106	7.60323
  2107	6.7537
  2108	-3.43511
  2109	-1.29025
  2110	4.50689
  2111	1.9976
  2112	3.7386
  2113	5.26666
  2114	8.54611
  2115	7.66096
  2116	6.20542
  2117	3.77122
  2118	7.78785
  2119	13.5011
  2120	8.69554
  2121	13.6429
  2122	19.0803
  2123	10.5691
  2124	10.9887
  2125	16.8406
  2126	13.0092
  2127	8.71049
  2128	9.73179
  2129	7.66618
  2130	10.0835
  2131	7.93563
  2132	5.50473
  2133	6.78132
  2134	9.22076
  2135	9.12015
  2136	9.99213
  2137	7.97953
  2138	6.96698
  2139	8.7259
  2140	7.75153
  2141	7.06313
  2142	6.54884
  2143	16.0749
  2144	17.7723
  2145	10.6
  2146	13.8567
  2147	18.0056
  2148	16.1786
  2149	8.2889
  2150	10.5132
  2151	15.4892
  2152	8.03545
  2153	8.05313
  2154	11.8031
  2155	9.39004
  2156	8.01564
  2157	9.44359
  2158	8.79474
  2159	8.31773
  2160	12.8546
  2161	12.3184
  2162	7.65162
  2163	5.06606
  2164	-1.54145
  2165	0.912602
  2166	0.609471
  2167	-4.55182
  2168	-7.37969
  2169	-3.11033
  2170	-2.16366
  2171	-1.54511
  2172	-4.32969
  2173	-7.57847
  2174	-5.08867
  2175	-7.89492
  2176	-8.30327
  2177	-10.1017
  2178	-11.9287
  2179	-11.7628
  2180	-12.0066
  2181	-13.0876
  2182	-14.8931
  2183	-13.6671
  2184	-5.57628
  2185	-0.0657329
  2186	-5.34704
  2187	-5.04264
  2188	3.04089
  2189	5.91492
  2190	3.00077
  2191	3.98748
  2192	6.88459
  2193	7.14812
  2194	13.1185
  2195	12.6811
  2196	4.47988
  2197	4.83488
  2198	8.52843
  2199	8.17349
  2200	3.90351
  2201	6.73046
  2202	8.82689
  2203	6.41166
  2204	0.632574
  2205	5.10142
  2206	6.11817
  2207	4.7618
  2208	7.96468
  2209	9.9923
  2210	7.25152
  2211	7.57545
  2212	14.408
  2213	19.3046
  2214	12.843
  2215	7.20736
  2216	13.5122
  2217	17.8792
  2218	16.3403
  2219	11.4995
  2220	22.216
  2221	24.7007
  2222	18.8117
  2223	15.7027
  2224	16.2335
  2225	12.9336
  2226	11.4729
  2227	11.6161
  2228	9.15897
  2229	8.39831
  2230	7.94634
  2231	5.97012
  2232	4.58736
  2233	5.45731
  2234	5.56112
  2235	5.90297
  2236	0.653228
  2237	1.02247
  2238	8.15019
  2239	-0.40232
  2240	-4.24867
  2241	-1.32037
  2242	-5.73493
  2243	-3.50068
  2244	-7.2435
  2245	-7.35567
  2246	-5.7243
  2247	-9.19117
  2248	-3.73302
  2249	2.24009
  2250	-1.4341
  2251	-2.69848
  2252	4.88715
  2253	2.92583
  2254	3.81711
  2255	9.24644
  2256	5.81835
  2257	6.8718
  2258	9.60696
  2259	11.2045
  2260	8.71955
  2261	7.54402
  2262	7.87634
  2263	9.8202
  2264	9.67562
  2265	14.3183
  2266	18.2502
  2267	15.3752
  2268	19.1983
  2269	17.7196
  2270	17.8547
  2271	22.4476
  2272	19.8486
  2273	18.5909
  2274	18.7815
  2275	16.8609
  2276	13.3118
  2277	10.3052
  2278	9.57688
  2279	10.7363
  2280	16.4793
  2281	14.2436
  2282	12.9081
  2283	14.9606
  2284	16.6689
  2285	12.368
  2286	7.06651
  2287	9.55796
  2288	7.66676
  2289	6.94736
  2290	15.4982
  2291	16.1579
  2292	11.9505
  2293	20.2335
  2294	19.325
  2295	15.4537
  2296	20.9193
  2297	23.5729
  2298	30.9312
  2299	26.3125
  2300	24.6895
  2301	28.003
  2302	25.1393
  2303	21.9253
  2304	20.9688
  2305	20.9378
  2306	18.9226
  2307	14.5174
  2308	14.959
  2309	14.7868
  2310	12.9989
  2311	8.42119
  2312	11.3032
  2313	5.06814
  2314	-0.83026
  2315	7.46573
  2316	2.84853
  2317	-7.14318
  2318	-6.31648
  2319	-4.09049
  2320	-8.14974
  2321	-4.60563
  2322	-10.2159
  2323	-13.0336
  2324	-15.5692
  2325	-16.2868
  2326	-11.245
  2327	-16.2848
  2328	-21.1457
  2329	-19.305
  2330	-16.1657
  2331	-21.1455
  2332	-29.659
  2333	-22.7312
  2334	-17.47
  2335	-28.5295
  2336	-28.465
  2337	-19.1664
  2338	-19.146
  2339	-24.8093
  2340	-27.4878
  2341	-27.5543
  2342	-28.0481
  2343	-25.2508
  2344	-26.4835
  2345	-31.0329
  2346	-32.7409
  2347	-26.6486
  2348	-28.8702
  2349	-41.4275
  2350	-43.8601
  2351	-40.3396
  2352	-45.7747
  2353	-44.4641
  2354	-45.3124
  2355	-46.2907
  2356	-34.4975
  2357	-27.8763
  2358	-29.5677
  2359	-30.4218
  2360	-21.7479
  2361	-17.342
  2362	-20.6239
  2363	-20.1941
  2364	-14.9655
  2365	-8.65866
  2366	3.18604
  2367	0.298392
  2368	-2.75303
  2369	2.4672
  2370	2.19972
  2371	4.84639
  2372	11.1671
  2373	12.0757
  2374	10.2419
  2375	11.1971
  2376	15.372
  2377	4.62723
  2378	2.49832
  2379	5.09951
  2380	-1.49792
  2381	-2.19388
  2382	1.61922
  2383	2.84049
  2384	-3.18207
  2385	-2.85739
  2386	-6.79159
  2387	-14.6556
  2388	-11.0676
  2389	-7.44667
  2390	-9.82788
  2391	-11.2827
  2392	-14.401
  2393	-13.8283
  2394	-16.784
  2395	-23.1949
  2396	-25.0414
  2397	-16.1093
  2398	-16.4634
  2399	-18.9257
  2400	-15.4537
  2401	-5.6475
  2402	0.153277
  2403	-4.55174
  2404	-1.43519
  2405	0.943136
  2406	1.78927
  2407	-1.72149
  2408	3.19204
  2409	5.69332
  2410	2.14381
  2411	3.47497
  2412	1.1499
  2413	-2.43351
  2414	-3.84623
  2415	-4.79366
  2416	0.576276
  2417	-1.90664
  2418	0.345458
  2419	7.17428
  2420	10.1964
  2421	3.7682
  2422	8.3622
  2423	12.4211
  2424	4.66817
  2425	0.142285
  2426	6.44164
  2427	7.51404
  2428	0.493966
  2429	-2.87597
  2430	1.46696
  2431	3.6011
  2432	-5.3481
  2433	1.50005
  2434	8.98507
  2435	0.13009
  2436	-3.04003
  2437	7.99741
  2438	5.79459
  2439	-3.94855
  2440	-4.3555
  2441	3.79036
  2442	-3.32026
  2443	-8.27152
  2444	-4.88431
  2445	-3.41834
  2446	-5.66147
  2447	-8.95719
  2448	-1.30198
  2449	-3.47967
  2450	-4.0765
  2451	-3.63985
  2452	1.3024
  2453	-0.253212
  2454	-0.667313
  2455	-4.11644
  2456	0.275478
  2457	-1.21255
  2458	-0.691414
  2459	6.60018
  2460	11.5411
  2461	9.47725
  2462	11.0413
  2463	23.0826
  2464	19.3359
  2465	18.2922
  2466	25.8967
  2467	23.3505
  2468	19.5621
  2469	23.64
  2470	24.5984
  2471	24.0359
  2472	18.118
  2473	17.6992
  2474	20.6752
  2475	22.0135
  2476	16.1706
  2477	15.237
  2478	19.519
  2479	9.16218
  2480	8.40203
  2481	12.3195
  2482	5.57442
  2483	5.25468
  2484	9.90238
  2485	5.99405
  2486	1.66186
  2487	3.62708
  2488	12.9964
  2489	9.42214
  2490	2.71324
  2491	11.6197
  2492	11.222
  2493	5.50735
  2494	7.63628
  2495	13.1161
  2496	7.9076
  2497	6.73578
  2498	14.5317
  2499	11.4755
  2500	2.57359
  2501	5.48089
  2502	7.89221
  2503	5.79357
  2504	1.31415
  2505	6.23676
  2506	13.9763
  2507	9.77017
  2508	7.58987
  2509	9.12421
  2510	5.24639
  2511	5.29097
  2512	4.89414
  2513	6.51967
  2514	2.79412
  2515	0.0342903
  2516	7.49923
  2517	6.58568
  2518	-0.976303
  2519	-0.999632
  2520	8.73682
  2521	3.65367
  2522	1.2148
  2523	10.6811
  2524	4.20478
  2525	-1.60657
  2526	6.04891
  2527	1.01005
  2528	-2.42284
  2529	2.91066
  2530	2.45383
  2531	5.9865
  2532	6.69847
  2533	5.78516
  2534	8.47393
  2535	7.34965
  2536	5.07164
  2537	4.19849
  2538	4.79366
  2539	7.54483
  2540	-0.0623723
  2541	1.28839
  2542	8.64725
  2543	5.43572
  2544	2.82129
  2545	7.89079
  2546	11.4364
  2547	-0.00180985
  2548	6.10352
  2549	4.7078
  2550	-3.61427
  2551	-4.74163
  2552	-4.19479
  2553	-7.2852
  2554	-5.91402
  2555	-2.76429
  2556	-2.43337
  2557	-7.13933
  2558	2.6876
  2559	2.51133
  2560	1.40968
  2561	8.22582
  2562	5.2404
  2563	5.47447
  2564	4.08499
  2565	-1.28528
  2566	0.274396
  2567	1.45077
  2568	-1.54003
  2569	-1.36638
  2570	-3.10169
  2571	2.56775
  2572	3.83112
  2573	5.10616
  2574	7.97153
  2575	2.86698
  2576	10.9667
  2577	17.657
  2578	11.0821
  2579	10.3358
  2580	14.277
  2581	12.5491
  2582	4.03296
  2583	9.25149
  2584	14.0704
  2585	8.02008
  2586	18.9886
  2587	18.2366
  2588	12.6625
  2589	14.5732
  2590	17.44
  2591	18.8485
  2592	14.6581
  2593	15.8232
  2594	25.7645
  2595	20.615
  2596	12.1571
  2597	16.9315
  2598	17.1461
  2599	12.1679
  2600	17.8547
  2601	27.7234
  2602	24.5073
  2603	23.8612
  2604	28.1927
  2605	22.4142
  2606	22.9636
  2607	22.2336
  2608	18.456
  2609	21.5351
  2610	22.2759
  2611	18.9289
  2612	18.2611
  2613	17.0091
  2614	15.4768
  2615	19.4909
  2616	17.8029
  2617	10.9417
  2618	16.1765
  2619	20.2802
  2620	13.0321
  2621	9.59542
  2622	16.2277
  2623	12.5279
  2624	10.1417
  2625	12.1815
  2626	11.4891
  2627	4.44501
  2628	6.05764
  2629	8.52159
  2630	6.23321
  2631	11.1299
  2632	11.8831
  2633	15.4074
  2634	20.1942
  2635	20.0759
  2636	15.3026
  2637	13.3948
  2638	13.7891
  2639	12.4148
  2640	11.9431
  2641	21.3005
  2642	16.5098
  2643	9.76098
  2644	13.1635
  2645	10.2972
  2646	3.87037
  2647	12.2166
  2648	15.7216
  2649	10.4344
  2650	10.8193
  2651	13.2478
  2652	5.12253
  2653	1.59659
  2654	6.31936
  2655	7.10303
  2656	0.792936
  2657	-0.719309
  2658	4.40783
  2659	9.10299
  2660	1.18623
  2661	3.982
  2662	4.45344
  2663	5.07475
  2664	4.8168
  2665	3.47177
  2666	10.9205
  2667	11.1778
  2668	4.02875
  2669	6.25176
  2670	14.0958
  2671	15.9687
  2672	16.7509
  2673	26.4499
  2674	19.7398
  2675	12.3877
  2676	17.5647
  2677	19.2205
  2678	14.492
  2679	18.712
  2680	26.1923
  2681	27.2355
  2682	22.4069
  2683	25.2161
  2684	27.592
  2685	24.9614
  2686	18.9756
  2687	21.201
  2688	24.406
  2689	25.8357
  2690	18.8785
  2691	16.2937
  2692	15.975
  2693	11.343
  2694	9.16798
  2695	14.2142
  2696	7.42581
  2697	2.19445
  2698	11.4518
  2699	11.5295
  2700	-2.21238
  2701	-0.327054
  2702	7.19984
  2703	0.0610486
  2704	-5.30158
  2705	-2.69292
  2706	-3.13303
  2707	-14.6122
  2708	-5.74019
  2709	-8.11182
  2710	-10.6388
  2711	-7.47652
  2712	-3.37708
  2713	-2.99039
  2714	-3.42639
  2715	1.51852
  2716	2.93198
  2717	4.17234
  2718	5.50401
  2719	3.25727
  2720	8.97543
  2721	11.4342
  2722	9.44632
  2723	11.2884
  2724	13.6654
  2725	18.2599
  2726	16.6212
  2727	21.9432
  2728	22.9006
  2729	15.5343
  2730	17.7421
  2731	19.1734
  2732	16.0739
  2733	12.195
  2734	14.7483
  2735	14.5945
  2736	15.377
  2737	10.297
  2738	6.21437
  2739	6.05887
  2740	4.38929
  2741	-4.82902
  2742	-3.19582
  2743	0.837792
  2744	-6.44294
  2745	-7.07876
  2746	4.50142
  2747	2.51413
  2748	2.25551
  2749	0.792207
  2750	5.04873
  2751	-2.82814
  2752	-1.75123
  2753	6.34538
  2754	2.63644
  2755	3.66956
  2756	8.96849
  2757	3.63254
  2758	3.89364
  2759	9.53718
  2760	8.80691
  2761	8.66944
  2762	11.6049
  2763	12.7542
  2764	11.2989
  2765	13.9578
  2766	11.6247
  2767	10.5468
  2768	11.9882
  2769	16.6255
  2770	17.8293
  2771	18.1014
  2772	21.3575
  2773	27.4035
  2774	21.3639
  2775	17.5208
  2776	21.1028
  2777	17.8669
  2778	14.9597
  2779	18.0528
  2780	17.9725
  2781	16.9921
  2782	11.2557
  2783	14.4765
  2784	13.6907
  2785	12.3324
  2786	15.7282
  2787	21.1333
  2788	25.6819
  2789	24.2383
  2790	25.3192
  2791	24.2694
  2792	18.2483
  2793	16.7931
  2794	21.0352
  2795	26.1199
  2796	20.6318
  2797	21.9814
  2798	27.92
  2799	21.6588
  2800	14.3321
  2801	18.7692
  2802	19.4805
  2803	14.0234
  2804	17.0741
  2805	20.1677
  2806	16.3804
  2807	12.7379
  2808	14.5752
  2809	14.304
  2810	13.7135
  2811	16.8481
  2812	17.7709
  2813	22.9973
  2814	19.4081
  2815	13.1681
  2816	15.714
  2817	14.8566
  2818	3.44043
  2819	4.66748
  2820	10.951
  2821	7.56708
  2822	6.02785
  2823	10.7244
  2824	10.4979
  2825	7.66502
  2826	12.8434
  2827	14.7141
  2828	8.70338
  2829	4.12508
  2830	12.3312
  2831	9.46912
  2832	0.87875
  2833	5.37019
  2834	8.18189
  2835	1.1773
  2836	7.12862
  2837	12.6099
  2838	17.547
  2839	20.3653
  2840	16.7232
  2841	22.2629
  2842	27.9607
  2843	21.1934
  2844	15.2503
  2845	21.5856
  2846	19.5403
  2847	13.1965
  2848	16.7143
  2849	22.2879
  2850	20.5273
  2851	20.6875
  2852	24.1884
  2853	27.3104
  2854	24.1005
  2855	24.9954
  2856	31.9241
  2857	28.93
  2858	25.8991
  2859	24.9476
  2860	22.0926
  2861	20.5559
  2862	12.6096
  2863	8.46272
  2864	10.0773
  2865	10.5924
  2866	9.5891
  2867	5.28741
  2868	2.13321
  2869	3.32351
  2870	1.73039
  2871	-6.70137
  2872	-9.1555
  2873	-4.51392
  2874	-5.26793
  2875	-5.76842
  2876	-3.36338
  2877	-2.72606
  2878	1.40856
  2879	-2.56495
  2880	-6.20102
  2881	1.12198
  2882	6.48929
  2883	7.83297
  2884	6.00721
  2885	3.32052
  2886	10.0581
  2887	12.3042
  2888	5.15477
  2889	3.45136
  2890	5.91242
  2891	7.96773
  2892	4.87371
  2893	5.53077
  2894	6.23763
  2895	1.60088
  2896	3.419
  2897	7.04737
  2898	7.17173
  2899	4.70787
  2900	4.58682
  2901	6.74632
  2902	-1.32096
  2903	-5.29101
  2904	-3.02321
  2905	0.654917
  2906	0.536275
  2907	-0.149805
  2908	9.11102
  2909	13.9313
  2910	6.28808
  2911	9.54451
  2912	9.97934
  2913	7.85505
  2914	14.2563
  2915	14.3036
  2916	15.2051
  2917	9.61374
  2918	19.6207
  2919	17.4442
  2920	9.49127
  2921	14
  2922	19.3081
  2923	19.9237
  2924	15.1762
  2925	14.6681
  2926	18.7829
  2927	12.3458
  2928	9.72022
  2929	6.03119
  2930	8.99022
  2931	8.56079
  2932	10.6753
  2933	19.3897
  2934	11.9927
  2935	10.6679
  2936	15.308
  2937	18.0344
  2938	14.2539
  2939	8.98294
  2940	16.895
  2941	16.0241
  2942	7.75266
  2943	4.82635
  2944	1.83472
  2945	-1.58163
  2946	-5.76414
  2947	-3.8639
  2948	-3.28556
  2949	-8.90555
  2950	-11.6381
  2951	-12.1147
  2952	-16.2658
  2953	-16.7988
  2954	-10.8379
  2955	-2.85669
  2956	-7.757
  2957	-14.6943
  2958	-5.17685
  2959	2.73003
  2960	-3.13454
  2961	-12.7553
  2962	1.12619
  2963	9.76559
  2964	-2.56946
  2965	6.80706
  2966	10.0854
  2967	-0.715752
  2968	-6.22483
  2969	-4.33674
  2970	-3.42435
  2971	-9.44922
  2972	-5.68535
  2973	-2.19173
  2974	-12.4894
  2975	-14.8641
  2976	-15.4614
  2977	-12.2167
  2978	-8.53187
  2979	-11.1306
  2980	-11.1933
  2981	-2.9093
  2982	-0.670585
  2983	-0.616672
  2984	1.99417
  2985	5.35376
  2986	3.12071
  2987	6.87057
  2988	11.3705
  2989	5.66348
  2990	10.4374
  2991	13.5029
  2992	6.20964
  2993	-0.801593
  2994	-3.00224
  2995	7.02699
  2996	3.83741
  2997	4.51105
  2998	6.6251
  2999	-3.77909
  3000	-3.04518
  3001	-6.22616
  3002	-12.6841
  3003	-8.83778
  3004	-14.0712
  3005	-14.6909
  3006	-17.2449
  3007	-17.9612
  3008	-12.3643
  3009	-16.6808
  3010	-16.259
  3011	-16.806
  3012	-26.3931
  3013	-16.7881
  3014	-9.85625
  3015	-19.8841
  3016	-23.5217
  3017	-17.1785
  3018	-23.4134
  3019	-34.1681
  3020	-29.4829
  3021	-23.5721
  3022	-29.0709
  3023	-27.2344
  3024	-24.3575
  3025	-22.9846
  3026	-18.5711
  3027	-19.094
  3028	-22.6178
  3029	-26.8938
  3030	-21.4186
  3031	-14.3246
  3032	-15.8089
  3033	-11.7033
  3034	-15.8604
  3035	-13.2452
  3036	-7.94837
  3037	-22.0441
  3038	-16.8584
  3039	-6.61931
  3040	-12.2822
  3041	-14.0621
  3042	-15.89
  3043	-14.6702
  3044	-17.256
  3045	-16.4362
  3046	-13.1676
  3047	-18.3732
  3048	-15.0146
  3049	-12.6027
  3050	-12.4543
  3051	-18.8902
  3052	-18.9244
  3053	-19.4894
  3054	-25.9796
  3055	-26.7287
  3056	-24.2196
  3057	-27.6649
  3058	-18.4491
  3059	-17.7231
  3060	-19.5271
  3061	-16.714
  3062	-15.7613
  3063	-13.9429
  3064	-10.7344
  3065	-7.89332
  3066	-4.74633
  3067	-6.00353
  3068	-2.75538
  3069	3.52132
  3070	-1.11042
  3071	1.61402
  3072	0.207756
  3073	-3.06469
  3074	-3.85466
  3075	1.42305
  3076	0.502313
  3077	-6.73447
  3078	-9.38892
  3079	-7.79295
  3080	-6.86578
  3081	-4.35447
  3082	-6.00242
  3083	-1.09113
  3084	-3.72886
  3085	-3.13377
  3086	3.75503
  3087	-7.13735
  3088	-6.35885
  3089	-1.2344
  3090	-2.33929
  3091	-6.89753
  3092	-3.00501
  3093	-1.44881
  3094	-0.189785
  3095	-5.64289
  3096	-5.53694
  3097	-6.27851
  3098	-7.5793
  3099	-6.9167
  3100	-6.04786
  3101	-11.4831
  3102	-9.7304
  3103	-5.55615
  3104	-5.86092
  3105	-8.61645
  3106	0.246117
  3107	2.66025
  3108	-0.242538
  3109	-0.182514
  3110	9.74458
  3111	13.1323
  3112	2.75573
  3113	7.73322
  3114	12.7064
  3115	5.67312
  3116	7.80698
  3117	17.9718
  3118	15.8212
  3119	13.3378
  3120	20.364
  3121	22.2623
  3122	15.073
  3123	11.2751
  3124	10.3934
  3125	10.0733
  3126	9.67402
  3127	11.9181
  3128	15.9984
  3129	13.4453
  3130	9.97629
  3131	8.51887
  3132	7.55304
  3133	7.41406
  3134	1.35065
  3135	1.48708
  3136	3.87902
  3137	-5.97478
  3138	-7.07954
  3139	-6.77882
  3140	-11.9648
  3141	-17.5669
  3142	-11.0368
  3143	-18.5313
  3144	-20.5257
  3145	-16.0035
  3146	-13.7746
  3147	-18.1179
  3148	-12.5176
  3149	-11.1483
  3150	-10.507
  3151	-5.19324
  3152	-0.620954
  3153	-1.14341
  3154	1.94316
  3155	9.77844
  3156	11.3235
  3157	9.02077
  3158	14.6614
  3159	15.3597
  3160	8.13342
  3161	12.6382
  3162	11.3492
  3163	10.3301
  3164	1.31571
  3165	0.0318813
  3166	1.22089
  3167	-6.02598
  3168	-10.3107
  3169	-13.536
  3170	-17.0567
  3171	-18.5979
  3172	-17.7958
  3173	-18.6303
  3174	-20.618
  3175	-21.0733
  3176	-24.9556
  3177	-25.2733
  3178	-20.1643
  3179	-31.1072
  3180	-31.8048
  3181	-26.654
  3182	-27.5354
  3183	-29.3541
  3184	-29.6991
  3185	-29.1646
  3186	-24.6995
  3187	-31.0151
  3188	-30.8515
  3189	-22.757
  3190	-21.75
  3191	-15.8676
  3192	-13.7815
  3193	-8.68128
  3194	-6.8641
  3195	-16.0712
  3196	-9.42774
  3197	1.81985
  3198	-7.17582
  3199	-4.57776
  3200	5.40138
  3201	4.05655
  3202	-1.79575
  3203	6.95935
  3204	6.06271
  3205	-0.582719
  3206	6.85933
  3207	3.23974
  3208	-4.75233
  3209	2.16111
  3210	4.8083
  3211	-0.291642
  3212	-7.67498
  3213	1.12141
  3214	1.77345
  3215	-9.79461
  3216	-5.47232
  3217	-3.16822
  3218	-4.10077
  3219	-8.50972
  3220	-15.9523
  3221	-15.5414
  3222	-14.5751
  3223	-19.5918
  3224	-14.7175
  3225	-12.8066
  3226	-18.4489
  3227	-18.5681
  3228	-12.0672
  3229	-14.1491
  3230	-20.4979
  3231	-14.8945
  3232	-6.16717
  3233	-10.8761
  3234	-8.37948
  3235	0.311305
  3236	0.0543423
  3237	-4.67663
  3238	1.20339
  3239	1.86375
  3240	-7.12475
  3241	4.95755
  3242	3.75693
  3243	-2.39112
  3244	3.11186
  3245	3.76505
  3246	2.78414
  3247	6.07978
  3248	4.92324
  3249	14.4347
  3250	14.8045
  3251	14.3776
  3252	14.9975
  3253	15.6519
  3254	17.2508
  3255	16.9959
  3256	18.3984
  3257	21.1793
  3258	19.2263
  3259	20.5908
  3260	23.388
  3261	16.8751
  3262	12.3328
  3263	17.8094
  3264	21.4592
  3265	10.9127
  3266	11.1095
  3267	13.5785
  3268	5.64232
  3269	2.96055
  3270	1.86378
  3271	-5.64706
  3272	-3.15756
  3273	-4.00958
  3274	-3.95918
  3275	-15.4433
  3276	-15.8944
  3277	-12.2367
  3278	-25.3327
  3279	-25.2733
  3280	-23.7354
  3281	-25.9654
  3282	-28.2631
  3283	-35.4769
  3284	-33.2965
  3285	-27.5634
  3286	-30.5578
  3287	-29.659
  3288	-32.4621
  3289	-33.3345
  3290	-33.3064
  3291	-30.9431
  3292	-24.7391
  3293	-25.6321
  3294	-24.1972
  3295	-24.5847
  3296	-26.2043
  3297	-32.402
  3298	-30.3015
  3299	-34.4552
  3300	-37.2492
  3301	-36.7738
  3302	-31.5803
  3303	-39.0064
  3304	-35.13
  3305	-23.9133
  3306	-26.7828
  3307	-33.252
  3308	-32.1797
  3309	-32.9304
  3310	-36.9985
  3311	-40.8122
  3312	-42.6232
  3313	-42.9326
  3314	-43.423
  3315	-45.746
  3316	-52.5784
  3317	-42.5597
  3318	-43.3001
  3319	-48.2411
  3320	-47.3638
  3321	-42.3526
  3322	-40.9116
  3323	-40.9053
  3324	-33.7163
  3325	-25.0151
  3326	-28.3421
  3327	-25.9219
  3328	-21.9587
  3329	-20.7936
  3330	-24.0961
  3331	-30.0644
  3332	-26.9617
  3333	-29.821
  3334	-28.2304
  3335	-29.1443
  3336	-35.8065
  3337	-33.1334
  3338	-24.5764
  3339	-31.4704
  3340	-35.1112
  3341	-33.0678
  3342	-28.8324
  3343	-30.337
  3344	-32.8698
  3345	-30.7257
  3346	-30.7871
  3347	-35.8266
  3348	-37.5101
  3349	-31.6706
  3350	-36.4988
  3351	-38.6501
  3352	-27.2947
  3353	-22.3408
  3354	-22.8502
  3355	-21.0223
  3356	-20.7624
  3357	-15.622
  3358	-19.7416
  3359	-25.3613
  3360	-22.8238
  3361	-18.409
  3362	-21.0429
  3363	-30.5373
  3364	-30.5467
  3365	-23.9195
  3366	-35.3045
  3367	-39.6502
  3368	-33.0016
  3369	-30.3685
  3370	-33.3321
  3371	-34.1989
  3372	-29.8408
  3373	-28.192
  3374	-28.8974
  3375	-24.5662
  3376	-19.7214
  3377	-26.5255
  3378	-30.0213
  3379	-21.4648
  3380	-16.5818
  3381	-21.0174
  3382	-22.4335
  3383	-19.7822
  3384	-12.43
  3385	-18.0145
  3386	-21.0464
  3387	-15.6315
  3388	-20.685
  3389	-27.4401
  3390	-25.2608
  3391	-27.5109
  3392	-39.8891
  3393	-34.5939
  3394	-30.6969
  3395	-42.006
  3396	-49.8303
  3397	-43.4389
  3398	-44.1535
  3399	-50.3122
  3400	-45.8545
  3401	-38.7538
  3402	-39.2109
  3403	-38.9627
  3404	-37.6291
  3405	-32.9722
  3406	-36.6663
  3407	-37.0508
  3408	-34.5748
  3409	-33.9944
  3410	-32.1508
  3411	-33.1126
  3412	-30.2093
  3413	-29.1743
  3414	-32.7392
  3415	-29.3716
  3416	-23.7731
  3417	-18.4891
  3418	-23.0348
  3419	-17.2168
  3420	-11.3658
  3421	-18.3435
  3422	-17.8114
  3423	-5.13879
  3424	0.182899
  3425	-1.35061
  3426	-0.700627
  3427	-2.49167
  3428	1.92976
  3429	6.00887
  3430	2.57779
  3431	5.2242
  3432	3.51763
  3433	1.11972
  3434	5.95042
  3435	1.84615
  3436	-1.57273
  3437	6.27969
  3438	12.123
  3439	-0.839509
  3440	-5.28902
  3441	-3.45008
  3442	-5.49222
  3443	-14.8885
  3444	-19.4498
  3445	-9.57861
  3446	-11.5555
  3447	-17.092
  3448	-11.311
  3449	-9.27501
  3450	-11.5995
  3451	-12.9455
  3452	-12.074
  3453	-13.3329
  3454	-12.2415
  3455	-9.86085
  3456	-12.9444
  3457	-14.1242
  3458	-12.0187
  3459	-19.5528
  3460	-22.8806
  3461	-18.4041
  3462	-27.7034
  3463	-30.4248
  3464	-22.6074
  3465	-27.7509
  3466	-31.6606
  3467	-30.1855
  3468	-31.6411
  3469	-36.4825
  3470	-42.6683
  3471	-38.2202
  3472	-34.1343
  3473	-37.252
  3474	-33.8946
  3475	-34.6393
  3476	-36.1944
  3477	-31.6529
  3478	-35.1184
  3479	-39.5467
  3480	-28.7128
  3481	-29.4907
  3482	-40.6856
  3483	-36.8835
  3484	-30.5389
  3485	-33.4967
  3486	-34.3297
  3487	-36.7705
  3488	-34.2462
  3489	-36.1047
  3490	-30.1134
  3491	-28.0438
  3492	-32.2555
  3493	-24.0112
  3494	-26.7471
  3495	-36.358
  3496	-28.1272
  3497	-27.3861
  3498	-32.8917
  3499	-34.374
  3500	-40.6023
  3501	-32.3327
  3502	-31.113
  3503	-35.9331
  3504	-34.5
  3505	-32.6045
  3506	-31.7384
  3507	-31.2684
  3508	-33.9959
  3509	-29.0039
  3510	-28.5916
  3511	-36.267
  3512	-39.9845
  3513	-37.4012
  3514	-36.1293
  3515	-35.3392
  3516	-34.5729
  3517	-37.7378
  3518	-33.8314
  3519	-36.7106
  3520	-37.6955
  3521	-34.6518
  3522	-33.7286
  3523	-33.3309
  3524	-36.3867
  3525	-32.3566
  3526	-31.2447
  3527	-42.0115
  3528	-39.1558
  3529	-34.1892
  3530	-42.6377
  3531	-47.5166
  3532	-51.9931
  3533	-44.1787
  3534	-35.6831
  3535	-44.0717
  3536	-54.2941
  3537	-46.2367
  3538	-44.1862
  3539	-46.8232
  3540	-48.1798
  3541	-43.408
  3542	-47.1745
  3543	-50.0791
  3544	-39.4384
  3545	-41.2407
  3546	-45.8044
  3547	-38.7392
  3548	-38.5779
  3549	-43.8646
  3550	-43.7619
  3551	-43.3167
  3552	-47.3634
  3553	-53.4898
  3554	-52.9239
  3555	-50.2607
  3556	-45.0078
  3557	-40.0947
  3558	-34.7284
  3559	-34.923
  3560	-39.1765
  3561	-32.8322
  3562	-32.4351
  3563	-37.3058
  3564	-42.8787
  3565	-39.2993
  3566	-30.617
  3567	-39.1603
  3568	-47.962
  3569	-33.5431
  3570	-34.8764
  3571	-40.3396
  3572	-43.9716
  3573	-41.5316
  3574	-40.7709
  3575	-42.8799
  3576	-43.1716
  3577	-39.0775
  3578	-42.8144
  3579	-42.0274
  3580	-39.3517
  3581	-34.6232
  3582	-37.3378
  3583	-43.3709
  3584	-35.6901
  3585	-31.3855
  3586	-36.7826
  3587	-42.4662
  3588	-32.8341
  3589	-34.853
  3590	-41.3494
  3591	-36.9626
  3592	-34.1031
  3593	-29.7643
  3594	-23.8441
  3595	-31.4222
  3596	-29.3735
  3597	-27.7972
  3598	-28.5404
  3599	-25.3266
  3600	-25.2412
  3601	-18.3116
  3602	-16.8656
  3603	-18.6393
  3604	-8.12436
  3605	-8.93369
  3606	-14.8319
  3607	-6.14278
  3608	-13.9055
  3609	-26.2212
  3610	-25.3964
  3611	-24.2211
  3612	-31.8085
  3613	-35.1583
  3614	-24.4151
  3615	-28.2896
  3616	-31.0966
  3617	-27.4648
  3618	-29.8851
  3619	-38.6668
  3620	-34.7234
  3621	-34.6347
  3622	-42.2895
  3623	-42.8271
  3624	-28.9137
  3625	-30.7473
  3626	-32.3929
  3627	-34.4773
  3628	-32.6793
  3629	-26.9901
  3630	-32.9708
  3631	-39.0191
  3632	-34.756
  3633	-36.7163
  3634	-40.5949
  3635	-41.0118
  3636	-37.4609
  3637	-34.1295
  3638	-36.3096
  3639	-30.8566
  3640	-30.374
  3641	-26.4228
  3642	-17.0743
  3643	-22.4585
  3644	-31.0948
  3645	-27.0804
  3646	-24.2185
  3647	-31.6549
  3648	-32.2718
  3649	-29.0483
  3650	-30.3566
  3651	-35.143
  3652	-36.815
  3653	-37.4884
  3654	-32.1889
  3655	-35.5702
  3656	-36.9987
  3657	-39.3348
  3658	-36.7435
  3659	-40.5107
  3660	-49.5665
  3661	-42.0341
  3662	-41.1873
  3663	-51.4981
  3664	-44.7272
  3665	-42.8953
  3666	-47.7794
  3667	-41.0521
  3668	-40.461
  3669	-40.4264
  3670	-45.9605
  3671	-41.5928
  3672	-34.1548
  3673	-34.8158
  3674	-36.4763
  3675	-35.3176
  3676	-39.8832
  3677	-34.174
  3678	-28.6888
  3679	-31.2664
  3680	-30.8667
  3681	-23.7805
  3682	-20.5413
  3683	-28.2606
  3684	-30.3653
  3685	-24.2485
  3686	-21.4694
  3687	-30.9851
  3688	-34.14
  3689	-33.9202
  3690	-32.1933
  3691	-30.2024
  3692	-25.6752
  3693	-24.5821
  3694	-25.0038
  3695	-25.6316
  3696	-19.3956
  3697	-14.445
  3698	-17.7048
  3699	-16.0434
  3700	-14.9045
  3701	-13.8419
  3702	-17.3892
  3703	-16.5961
  3704	-13.6029
  3705	-11.1519
  3706	-18.9329
  3707	-18.3196
  3708	-16.4426
  3709	-17.6906
  3710	-22.5405
  3711	-23.1391
  3712	-28.61
  3713	-29.7057
  3714	-31.955
  3715	-32.8345
  3716	-37.2827
  3717	-36.4515
  3718	-35.8975
  3719	-45.2502
  3720	-48.7748
  3721	-43.815
  3722	-42.7153
  3723	-50.9732
  3724	-50.6916
  3725	-47.7379
  3726	-45.1378
  3727	-49.8468
  3728	-45.9589
  3729	-48.6231
  3730	-50.4456
  3731	-50.1459
  3732	-45.497
  3733	-48.0923
  3734	-42.7993
  3735	-39.2165
  3736	-40.1945
  3737	-39.4015
  3738	-38.0641
  3739	-32.4017
  3740	-31.2086
  3741	-37.4427
  3742	-39.8231
  3743	-38.0029
  3744	-39.5745
  3745	-35.8034
  3746	-38.0044
  3747	-33.5473
  3748	-36.599
  3749	-39.0736
  3750	-39.7684
  3751	-36.0858
  3752	-36.4875
  3753	-36.121
  3754	-38.7532
  3755	-40.8607
  3756	-44.3457
  3757	-42.1842
  3758	-28.5008
  3759	-27.0386
  3760	-34.3359
  3761	-32.4931
  3762	-25.5043
  3763	-28.7819
  3764	-29.446
  3765	-27.3766
  3766	-19.492
  3767	-26.2507
  3768	-32.2119
  3769	-28.83
  3770	-32.2886
  3771	-37.6808
  3772	-29.3542
  3773	-35.6356
  3774	-38.3265
  3775	-29.4006
  3776	-22.556
  3777	-24.1867
  3778	-30.0881
  3779	-24.8106
  3780	-20.5183
  3781	-30.3112
  3782	-34.7439
  3783	-28.1614
  3784	-26.6801
  3785	-32.1518
  3786	-42.0844
  3787	-36.6282
  3788	-28.4455
  3789	-29.0917
  3790	-37.154
  3791	-34.4521
  3792	-35.1977
  3793	-35.7227
  3794	-31.3518
  3795	-22.9877
  3796	-21.832
  3797	-25.4768
  3798	-24.8947
  3799	-20.3296
  3800	-29.4815
  3801	-35.1871
  3802	-28.2577
  3803	-37.1258
  3804	-44.1947
  3805	-41.0826
  3806	-40.0988
  3807	-42.46
  3808	-40.9793
  3809	-40.4905
  3810	-38.6898
  3811	-43.5983
  3812	-37.3292
  3813	-43.6594
  3814	-44.0062
  3815	-37.8559
  3816	-40.9782
  3817	-44.07
  3818	-41.4435
  3819	-37.9827
  3820	-35.5527
  3821	-33.5699
  3822	-33.6386
  3823	-35.0398
  3824	-32.3221
  3825	-29.9462
  3826	-30.2877
  3827	-27.6381
  3828	-30.4173
  3829	-31.6889
  3830	-37.4578
  3831	-37.6344
  3832	-38.2746
  3833	-45.074
  3834	-43.5806
  3835	-42.1479
  3836	-41.0003
  3837	-37.9026
  3838	-46.4598
  3839	-46.3978
  3840	-44.2039
  3841	-48.6282
  3842	-43.2973
  3843	-48.3478
  3844	-48.7611
  3845	-50.5817
  3846	-44.754
  3847	-40.1327
  3848	-40.2921
  3849	-39.7302
  3850	-38.8062
  3851	-43.6055
  3852	-39.4964
  3853	-45.0771
  3854	-41.7246
  3855	-40.123
  3856	-44.2483
  3857	-41.3917
  3858	-41.6819
  3859	-35.1216
  3860	-36.6035
  3861	-38.7307
  3862	-33.5018
  3863	-35.7598
  3864	-45.7285
  3865	-43.9129
  3866	-41.1451
  3867	-42.0555
  3868	-45.5582
  3869	-42.2912
  3870	-48.9431
  3871	-53.0523
  3872	-38.6881
  3873	-44.7313
  3874	-48.171
  3875	-43.1181
  3876	-44.5628
  3877	-49.117
  3878	-40.0192
  3879	-34.822
  3880	-38.3352
  3881	-42.6581
  3882	-29.8158
  3883	-29.8409
  3884	-34.791
  3885	-36.1086
  3886	-35.6376
  3887	-34.2701
  3888	-33.0457
  3889	-32.436
  3890	-30.9272
  3891	-32.1626
  3892	-37.0023
  3893	-37.6695
  3894	-38.4165
  3895	-34.2714
  3896	-38.2682
  3897	-37.3711
  3898	-41.3591
  3899	-45.6303
  3900	-44.2802
  3901	-44.6348
  3902	-49.4119
  3903	-44.7748
  3904	-41.6012
  3905	-43.5162
  3906	-46.8849
  3907	-39.2567
  3908	-35.0914
  3909	-38.1629
  3910	-37.1658
  3911	-40.0826
  3912	-37.3856
  3913	-37.6499
  3914	-37.7068
  3915	-35.0414
  3916	-31.2318
  3917	-36.2313
  3918	-42.0529
  3919	-39.7785
  3920	-35.6073
  3921	-44.8818
  3922	-41.0116
  3923	-37.1651
  3924	-44.5918
  3925	-36.6538
  3926	-33.5614
  3927	-32.104
  3928	-33.2294
  3929	-32.4201
  3930	-34.0884
  3931	-34.6271
  3932	-34.1612
  3933	-35.9694
  3934	-45.8532
  3935	-35.868
  3936	-39.6995
  3937	-39.9731
  3938	-39.4617
  3939	-39.702
  3940	-34.9377
  3941	-33.6237
  3942	-36.3098
  3943	-40.7887
  3944	-31.7677
  3945	-28.5106
  3946	-38.781
  3947	-47.531
  3948	-40.4187
  3949	-41.4601
  3950	-43.8608
  3951	-48.9048
  3952	-42.8712
  3953	-45.586
  3954	-47.5272
  3955	-50.182
  3956	-53.6545
  3957	-49.3744
  3958	-45.6352
  3959	-50.7307
  3960	-47.9949
  3961	-46.9419
  3962	-49.9793
  3963	-46.1198
  3964	-52.7516
  3965	-58.3462
  3966	-57.0475
  3967	-48.5714
  3968	-54.8677
  3969	-56.3623
  3970	-43.4703
  3971	-45.3086
  3972	-45.3819
  3973	-40.6428
  3974	-43.6099
  3975	-38.5584
  3976	-34.1957
  3977	-41.2094
  3978	-42.3914
  3979	-38.4952
  3980	-32.7642
  3981	-41.8072
  3982	-34.6889
  3983	-30.992
  3984	-29.8933
  3985	-31.4052
  3986	-27.0504
  3987	-25.0892
  3988	-28.1353
  3989	-30.1769
  3990	-28.4236
  3991	-31.9144
  3992	-33.6167
  3993	-30.9133
  3994	-24.2221
  3995	-22.1978
  3996	-26.7592
  3997	-24.4313
  3998	-24.51
  3999	-21.4196
  4000	-17.6454
  4001	-22.2679
  4002	-22.8334
  4003	-23.628
  4004	-36.4158
  4005	-37.0752
  4006	-36.082
  4007	-36.6654
  4008	-38.3814
  4009	-45.6911
  4010	-41.3262
  4011	-40.2897
  4012	-42.8877
  4013	-43.7199
  4014	-43.8743
  4015	-41.4111
  4016	-39.4722
  4017	-41.2026
  4018	-41.0794
  4019	-40.0556
  4020	-36.9205
  4021	-41.7671
  4022	-44.0174
  4023	-41.7647
  4024	-36.0405
  4025	-37.1482
  4026	-45.313
  4027	-44.9651
  4028	-39.1683
  4029	-37.4601
  4030	-43.1591
  4031	-43.3123
  4032	-37.2634
  4033	-38.3934
  4034	-44.8775
  4035	-40.5049
  4036	-40.7188
  4037	-37.7403
  4038	-35.5289
  4039	-42.0826
  4040	-38.3215
  4041	-27.2907
  4042	-30.5386
  4043	-31.5466
  4044	-29.6535
  4045	-27.353
  4046	-27.9168
  4047	-23.5957
  4048	-19.7182
  4049	-24.6517
  4050	-21.3387
  4051	-11.6933
  4052	-13.3034
  4053	-12.8777
  4054	-9.93792
  4055	-10.5607
  4056	-9.37439
  4057	-13.1334
  4058	-21.7121
  4059	-22.5293
  4060	-15.9762
  4061	-23.1564
  4062	-30.7734
  4063	-27.1943
  4064	-18.8929
  4065	-15.5975
  4066	-22.0471
  4067	-22.1732
  4068	-15.2816
  4069	-11.8241
  4070	-12.5081
  4071	-19.7097
  4072	-20.3502
  4073	-8.15161
  4074	-15.2238
  4075	-25.7322
  4076	-22.5974
  4077	-13.8241
  4078	-19.9977
  4079	-24.4757
  4080	-22.6315
  4081	-22.0033
  4082	-23.4885
  4083	-19.4519
  4084	-21.0347
  4085	-18.7652
  4086	-15.4269
  4087	-16.4121
  4088	-18.5574
  4089	-20.2674
  4090	-22.4236
  4091	-20.2801
  4092	-22.4962
  4093	-24.2351
  4094	-18.2539
  4095	-5.97622
  4096	-7.6214
  4097	-12.0146
  4098	-10.8996
  4099	-12.6249
  4100	-17.4012
  4101	-14.3794
  4102	-9.6421
  4103	-16.7064
  4104	-17.2133
  4105	-9.54286
  4106	-9.79515
  4107	-12.8078
  4108	-3.62739
  4109	0.500084
  4110	-5.36752
  4111	-11.9157
  4112	-6.48294
  4113	-5.14312
  4114	-16.4795
  4115	-13.103
  4116	-10.1406
  4117	-14.834
  4118	-14.7083
  4119	-11.8342
  4120	-13.5512
  4121	-11.5952
  4122	-9.41344
  4123	-10.3582
  4124	-15.2724
  4125	-8.699
  4126	-6.54372
  4127	-7.79151
  4128	-13.0253
  4129	-12.6516
  4130	-7.81098
  4131	-7.07895
  4132	-10.8946
  4133	-15.1909
  4134	-12.1503
  4135	-14.9292
  4136	-24.6217
  4137	-29.8931
  4138	-29.6049
  4139	-33.7038
  4140	-29.8202
  4141	-31.6245
  4142	-33.8717
  4143	-33.4934
  4144	-32.1344
  4145	-37.0219
  4146	-42.5269
  4147	-45.5095
  4148	-39.5082
  4149	-44.752
  4150	-46.214
  4151	-45.7804
  4152	-43.786
  4153	-39.0926
  4154	-39.7289
  4155	-40.5683
  4156	-35.2163
  4157	-31.9418
  4158	-33.7043
  4159	-34.4316
  4160	-34.4613
  4161	-28.9391
  4162	-20.299
  4163	-17.7462
  4164	-22.0123
  4165	-17.2287
  4166	-10.9637
  4167	-10.6933
  4168	-15.9708
  4169	-14.1697
  4170	-7.32566
  4171	-14.2058
  4172	-10.5772
  4173	-8.88802
  4174	-11.0634
  4175	-10.6431
  4176	-6.73961
  4177	-4.09409
  4178	-5.57857
  4179	-5.65076
  4180	2.24895
  4181	-5.24131
  4182	-11.4002
  4183	-12.2476
  4184	-15.9021
  4185	-18.7386
  4186	-16.0274
  4187	-20.1288
  4188	-25.4376
  4189	-22.5802
  4190	-22.1262
  4191	-25.2802
  4192	-31.0585
  4193	-29.1297
  4194	-27.9302
  4195	-26.857
  4196	-34.7766
  4197	-34.3586
  4198	-30.2142
  4199	-27.6589
  4200	-29.2404
  4201	-29.6273
  4202	-28.3749
  4203	-30.3458
  4204	-33.9407
  4205	-30.6381
  4206	-30.9945
  4207	-38.2784
  4208	-33.0949
  4209	-34.4648
  4210	-37.0007
  4211	-38.2996
  4212	-31.6119
  4213	-34.5375
  4214	-41.2719
  4215	-34.393
  4216	-32.9454
  4217	-44.7308
  4218	-40.5338
  4219	-34.7592
  4220	-37.6681
  4221	-42.7481
  4222	-43.2784
  4223	-42.6716
  4224	-47.0834
  4225	-42.1984
  4226	-43.3049
  4227	-39.5398
  4228	-38.7243
  4229	-39.7692
  4230	-39.7596
  4231	-32.19
  4232	-30.5624
  4233	-27.7996
  4234	-26.1386
  4235	-20.0053
  4236	-19.5152
  4237	-13.2268
  4238	-8.69739
  4239	-17.0513
  4240	-17.8575
  4241	-14.2331
  4242	-19.4442
  4243	-20.9157
  4244	-16.35
  4245	-12.6475
  4246	-18.5758
  4247	-22.0153
  4248	-16.872
  4249	-23.9584
  4250	-21.432
  4251	-21.427
  4252	-27.4744
  4253	-24.5692
  4254	-25.3935
  4255	-26.386
  4256	-19.7124
  4257	-25.395
  4258	-29.0735
  4259	-28.1562
  4260	-23.1625
  4261	-27.0793
  4262	-35.9368
  4263	-26.8213
  4264	-26.7944
  4265	-33.3887
  4266	-42.8189
  4267	-37.418
  4268	-40.7349
  4269	-42.7748
  4270	-43.3296
  4271	-44.8853
  4272	-47.8891
  4273	-38.6528
  4274	-45.9822
  4275	-43.7978
  4276	-38.2436
  4277	-36.2665
  4278	-43.6331
  4279	-40.831
  4280	-34.5073
  4281	-38.1527
  4282	-37.9498
  4283	-26.5289
  4284	-23.053
  4285	-20.5461
  4286	-10.9301
  4287	-15.2056
  4288	-15.7423
  4289	-11.4851
  4290	-13.8214
  4291	-19.501
  4292	-18.9975
  4293	-13.7319
  4294	-13.6422
  4295	-14.9249
  4296	-13.6193
  4297	-12.9812
  4298	-13.8848
  4299	-16.0769
  4300	-13.7885
  4301	-9.34105
  4302	-19.7254
  4303	-19.122
  4304	-14.2471
  4305	-13.1211
  4306	-27.0763
  4307	-31.4037
  4308	-20.4703
  4309	-20.8742
  4310	-33.8401
  4311	-29.1318
  4312	-19.9115
  4313	-24.7056
  4314	-33.5062
  4315	-29.8603
  4316	-26.8725
  4317	-33.6281
  4318	-27.7871
  4319	-29.2624
  4320	-33.4836
  4321	-32.7912
  4322	-21.014
  4323	-25.6659
  4324	-27.0907
  4325	-27.2472
  4326	-27.6896
  4327	-31.5782
  4328	-26.511
  4329	-26.2323
  4330	-24.0482
  4331	-19.6121
  4332	-29.1049
  4333	-31.5662
  4334	-28.9139
  4335	-26.9544
  4336	-30.4983
  4337	-33.2622
  4338	-29.4947
  4339	-27.9473
  4340	-28.1981
  4341	-19.7691
  4342	-25.2011
  4343	-25.3065
  4344	-16.3272
  4345	-11.9957
  4346	-22.3342
  4347	-25.9242
  4348	-16.6226
  4349	-18.0452
  4350	-21.8273
  4351	-27.4012
  4352	-27.1553
  4353	-18.1201
  4354	-17.6828
  4355	-29.5549
  4356	-26.2179
  4357	-23.416
  4358	-23.1961
  4359	-33.4996
  4360	-31.6048
  4361	-28.0271
  4362	-34.0759
  4363	-31.9057
  4364	-28.9567
  4365	-34.0154
  4366	-30.4258
  4367	-27.0034
  4368	-23.2145
  4369	-22.1103
  4370	-30.2059
  4371	-28.404
  4372	-25.9412
  4373	-23.735
  4374	-32.4703
  4375	-34.8145
  4376	-25.4125
  4377	-22.6642
  4378	-32.4941
  4379	-34.8341
  4380	-26.5955
  4381	-24.0709
  4382	-25.9615
  4383	-27.4401
  4384	-29.0612
  4385	-29.0704
  4386	-23.2866
  4387	-29.2221
  4388	-33.2503
  4389	-30.9108
  4390	-22.4174
  4391	-27.3914
  4392	-30.2591
  4393	-21.8696
  4394	-14.3227
  4395	-19.1567
  4396	-13.1432
  4397	-10.6709
  4398	-16.0702
  4399	-16.0046
  4400	-16.8319
  4401	-16.1747
  4402	-19.1646
  4403	-18.9383
  4404	-11.6374
  4405	-8.50534
  4406	-12.7867
  4407	-11.9118
  4408	-3.40287
  4409	2.09221
  4410	-7.39475
  4411	-9.19241
  4412	-4.03063
  4413	0.173853
  4414	-6.20844
  4415	-6.52674
  4416	-4.37297
  4417	-5.24112
  4418	-5.79459
  4419	-8.4122
  4420	-11.743
  4421	-18.762
  4422	-14.9358
  4423	-15.8553
  4424	-19.3267
  4425	-18.7747
  4426	-16.8702
  4427	-22.4433
  4428	-22.8923
  4429	-17.6252
  4430	-16.4961
  4431	-20.2488
  4432	-12.1279
  4433	-6.04445
  4434	-5.79076
  4435	-8.13819
  4436	-10.3453
  4437	-2.06893
  4438	-5.05451
  4439	-11.5297
  4440	-11.1929
  4441	0.00497796
  4442	-1.86643
  4443	-7.64305
  4444	-1.24335
  4445	-0.118786
  4446	-10.7035
  4447	-3.52802
  4448	0.572423
  4449	-3.7634
  4450	-7.13062
  4451	0.0996396
  4452	2.31778
  4453	-5.92783
  4454	-12.1957
  4455	-12.6948
  4456	-9.83301
  4457	-7.79152
  4458	-8.32981
  4459	-4.45481
  4460	-0.347452
  4461	0.0306734
  4462	-0.991851
  4463	-1.50383
  4464	1.63809
  4465	-4.50395
  4466	-4.11077
  4467	0.0793409
  4468	-3.33757
  4469	-5.68577
  4470	-3.21262
  4471	-4.11456
  4472	-12.4049
  4473	-9.09145
  4474	2.19729
  4475	-6.43286
  4476	-9.50022
  4477	2.37867
  4478	-1.92633
  4479	-11.937
  4480	-11.7133
  4481	-7.9316
  4482	-12.5727
  4483	-13.7902
  4484	-8.746
  4485	-8.7913
  4486	-12.9693
  4487	-12.1062
  4488	-9.71931
  4489	-7.78807
  4490	-15.8264
  4491	-6.01549
  4492	-1.91214
  4493	-10.5565
  4494	-14.0307
  4495	-10.3702
  4496	-5.31647
  4497	-11.4557
  4498	-20.7933
  4499	-11.7048
  4500	-6.93595
  4501	-15.065
  4502	-13.3008
  4503	-15.7199
  4504	-10.38
  4505	-5.67008
  4506	-9.15053
  4507	-14.9209
  4508	-10.8161
  4509	-14.0432
  4510	-21.4091
  4511	-28.7085
  4512	-29.0892
  4513	-24.9094
  4514	-19.851
  4515	-20.3232
  4516	-21.7304
  4517	-12.3254
  4518	-6.6606
  4519	-9.84438
  4520	-18.3573
  4521	-13.1178
  4522	-4.42645
  4523	-7.73585
  4524	-6.5606
  4525	0.290693
  4526	0.349386
  4527	3.69634
  4528	0.290455
  4529	5.06592
  4530	4.43984
  4531	0.931857
  4532	7.68079
  4533	0.942492
  4534	-0.7391
  4535	-3.80065
  4536	-3.3322
  4537	-5.55221
  4538	-9.71485
  4539	-11.1527
  4540	-5.63903
  4541	-4.81262
  4542	-11.501
  4543	-16.0113
  4544	-7.92403
  4545	-14.2473
  4546	-24.1692
  4547	-23.1424
  4548	-16.5509
  4549	-13.3969
  4550	-16.8961
  4551	-14.6339
  4552	-10.1967
  4553	-10.3543
  4554	-7.77904
  4555	-3.18417
  4556	-12.1168
  4557	-9.95824
  4558	-2.28978
  4559	2.26404
  4560	-2.28069
  4561	-2.79955
  4562	6.55292
  4563	6.11313
  4564	-0.612922
  4565	-4.33118
  4566	1.65428
  4567	-0.611053
  4568	-8.09439
  4569	-4.22848
  4570	-2.18204
  4571	-7.99079
  4572	-6.26389
  4573	-10.1285
  4574	-14.8816
  4575	-19.979
  4576	-20.0796
  4577	-23.615
  4578	-28.856
  4579	-26.2963
  4580	-25.0698
  4581	-26.0149
  4582	-29.721
  4583	-36.2674
  4584	-28.0585
  4585	-19.4842
  4586	-26.7013
  4587	-33.1208
  4588	-28.2474
  4589	-22.1118
  4590	-28.6245
  4591	-37.689
  4592	-30.0631
  4593	-27.6948
  4594	-26.6503
  4595	-18.6239
  4596	-20.8106
  4597	-19.8314
  4598	-14.3231
  4599	-4.54316
  4600	-9.73448
  4601	-16.5901
  4602	-5.32435
  4603	3.09644
  4604	-3.27829
  4605	-3.91695
  4606	-2.78912
  4607	-0.960143
  4608	-2.16718
  4609	1.61972
  4610	-3.35449
  4611	-6.68787
  4612	0.452657
  4613	4.15591
  4614	-7.61884
  4615	-10.8668
  4616	-1.22519
  4617	2.39246
  4618	-6.36296
  4619	-7.33533
  4620	-3.32939
  4621	-4.18353
  4622	-2.95867
  4623	-7.81508
  4624	-7.57701
  4625	-2.0711
  4626	-4.18546
  4627	-8.04722
  4628	-6.02048
  4629	-7.08721
  4630	-5.44446
  4631	-12.1998
  4632	-15.3787
  4633	-12.6719
  4634	-11.0098
  4635	-7.82753
  4636	-12.5188
  4637	-10.9022
  4638	-7.53495
  4639	-6.55103
  4640	-4.32254
  4641	-6.59773
  4642	-6.79495
  4643	1.18358
  4644	-1.68289
  4645	-4.52846
  4646	2.78435
  4647	9.80875
  4648	4.18305
  4649	9.25427
  4650	13.1412
  4651	3.13271
  4652	8.24136
  4653	15.1894
  4654	1.85986
  4655	-1.24093
  4656	9.99513
  4657	5.05804
  4658	-2.81568
  4659	0.916522
  4660	6.56421
  4661	-2.40915
  4662	-5.13783
  4663	3.54607
  4664	-2.32934
  4665	-5.84754
  4666	-6.32538
  4667	-9.55955
  4668	-15.1117
  4669	-16.8625
  4670	-10.1934
  4671	-13.3211
  4672	-14.966
  4673	-10.3569
  4674	-17.4273
  4675	-20.4018
  4676	-25.1711
  4677	-27.773
  4678	-22.628
  4679	-26.5213
  4680	-30.075
  4681	-31.293
  4682	-31.1895
  4683	-34.4789
  4684	-42.0314
  4685	-39.6441
  4686	-36.3607
  4687	-38.5766
  4688	-35.7086
  4689	-38.504
  4690	-37.7033
  4691	-38.6421
  4692	-39.9811
  4693	-38.5338
  4694	-41.3474
  4695	-39.7233
  4696	-40.5109
  4697	-38.4389
  4698	-37.0854
  4699	-38.775
  4700	-30.7491
  4701	-22.3687
  4702	-23.0994
  4703	-22.7536
  4704	-16.5741
  4705	-14.7826
  4706	-17.9263
  4707	-13.666
  4708	-10.2248
  4709	-15.2941
  4710	-6.34263
  4711	0.420311
  4712	-3.82477
  4713	1.05123
  4714	8.01811
  4715	8.06476
  4716	8.56612
  4717	8.68995
  4718	9.56715
  4719	10.0159
  4720	9.85446
  4721	5.40806
  4722	5.46637
  4723	12.8749
  4724	8.73243
  4725	2.93377
  4726	9.13217
  4727	12.2049
  4728	9.56873
  4729	10.489
  4730	12.9685
  4731	12.9641
  4732	4.825
  4733	3.15466
  4734	6.43488
  4735	1.4457
  4736	-4.17875
  4737	0.472606
  4738	5.34143
  4739	-2.6404
  4740	-0.138919
  4741	8.77911
  4742	8.62337
  4743	7.11707
  4744	6.86552
  4745	9.64437
  4746	8.52475
  4747	-2.99385
  4748	2.51112
  4749	4.64835
  4750	-5.1702
  4751	-1.20727
  4752	5.52898
  4753	3.12687
  4754	3.12447
  4755	5.81853
  4756	7.98184
  4757	7.57011
  4758	3.86293
  4759	10.1601
  4760	18.7482
  4761	13.5723
  4762	11.8393
  4763	13.7946
  4764	3.449
  4765	-0.836588
  4766	4.49983
  4767	2.31177
  4768	0.0324105
  4769	6.39043
  4770	13.7346
  4771	9.21338
  4772	3.98942
  4773	6.59619
  4774	12.6446
  4775	7.70301
  4776	2.18831
  4777	8.3535
  4778	18.1356
  4779	10.763
  4780	5.97607
  4781	11.0287
  4782	9.36656
  4783	2.64534
  4784	11.1863
  4785	17.1747
  4786	9.46156
  4787	4.41456
  4788	9.9451
  4789	10.8122
  4790	1.23244
  4791	-1.58501
  4792	-3.68279
  4793	-4.80525
  4794	-4.08274
  4795	-3.12324
  4796	-2.20427
  4797	-2.28337
  4798	-2.94072
  4799	-5.08064
  4800	-7.36595
  4801	-0.763383
  4802	-4.13118
  4803	-3.30858
  4804	-3.62691
  4805	-12.7557
  4806	-11.7536
  4807	-11.6685
  4808	-15.4012
  4809	-15.9755
  4810	-17.1185
  4811	-14.9954
  4812	-16.4716
  4813	-15.9068
  4814	-13.3354
  4815	-21.3758
  4816	-21.1018
  4817	-20.0348
  4818	-25.7451
  4819	-24.3634
  4820	-15.1008
  4821	-14.6455
  4822	-20.2391
  4823	-16.6423
  4824	-7.153
  4825	-12.434
  4826	-14.1572
  4827	-9.35947
  4828	-11.5978
  4829	-8.70396
  4830	-7.5533
  4831	-9.58361
  4832	-4.50105
  4833	-3.62318
  4834	-5.41206
  4835	-4.6548
  4836	-2.83103
  4837	-3.27032
  4838	-1.98003
  4839	-0.135643
  4840	-3.12432
  4841	-5.2707
  4842	-4.51353
  4843	-3.44751
  4844	0.196361
  4845	1.82712
  4846	2.70521
  4847	1.19492
  4848	5.50446
  4849	5.85092
  4850	-4.97498
  4851	-0.558838
  4852	5.77346
  4853	-12.3046
  4854	-13.9926
  4855	-2.00514
  4856	-11.417
  4857	-22.2337
  4858	-15.3391
  4859	-9.69605
  4860	-25.5482
  4861	-27.9786
  4862	-15.8966
  4863	-20.9573
  4864	-29.1253
  4865	-25.6303
  4866	-19.6559
  4867	-17.2838
  4868	-16.3212
  4869	-14.6761
  4870	-11.3014
  4871	-8.7506
  4872	-10.25
  4873	-11.4246
  4874	-11.9925
  4875	-19.7028
  4876	-16.5684
  4877	-15
  4878	-25.7077
  4879	-30.8109
  4880	-22.0751
  4881	-19.8799
  4882	-32.2268
  4883	-32.8555
  4884	-19.622
  4885	-21.7232
  4886	-25.3034
  4887	-14.0687
  4888	-16.3557
  4889	-19.1426
  4890	-8.31331
  4891	-6.18591
  4892	-13.9868
  4893	-9.53345
  4894	0.14469
  4895	-2.73377
  4896	-6.66492
  4897	-3.95709
  4898	-3.67558
  4899	-0.712259
  4900	-1.71734
  4901	-3.72738
  4902	1.86318
  4903	10.008
  4904	5.06594
  4905	-0.195054
  4906	4.3872
  4907	8.29149
  4908	4.77976
  4909	10.2622
  4910	11.9838
  4911	11.712
  4912	18.6088
  4913	15.6279
  4914	7.46605
  4915	8.88531
  4916	11.3692
  4917	5.21855
  4918	0.810407
  4919	7.02736
  4920	0.941472
  4921	-2.62441
  4922	8.28016
  4923	-0.951482
  4924	-8.09637
  4925	1.69367
  4926	2.46564
  4927	-5.4798
  4928	1.3582
  4929	7.04341
  4930	2.33807
  4931	0.00798993
  4932	4.81192
  4933	7.09774
  4934	11.8819
  4935	10.1005
  4936	6.82422
  4937	9.90996
  4938	10.6829
  4939	7.02305
  4940	-0.213925
  4941	5.08737
  4942	9.38631
  4943	-0.401143
  4944	1.58629
  4945	3.91301
  4946	0.678677
  4947	3.13961
  4948	0.913613
  4949	-5.13008
  4950	-4.69589
  4951	-3.38715
  4952	-13.4816
  4953	-14.4691
  4954	-13.483
  4955	-20.0818
  4956	-20.3514
  4957	-14.6751
  4958	-21.4845
  4959	-19.6762
  4960	-11.3196
  4961	-15.1839
  4962	-14.5767
  4963	-10.0611
  4964	-9.04218
  4965	-12.3293
  4966	-7.89277
  4967	-6.64073
  4968	-14.6086
  4969	-4.8602
  4970	3.67502
  4971	-9.69701
  4972	-1.41685
  4973	16.4157
  4974	8.80737
  4975	2.30005
  4976	15.3887
  4977	14.2299
  4978	10.1255
  4979	15.1216
  4980	9.84937
  4981	4.4132
  4982	11.8189
  4983	10.1171
  4984	6.55042
  4985	14.2614
  4986	15.5352
  4987	14.4714
  4988	18.3544
  4989	23.1444
  4990	23.4139
  4991	25.9225
  4992	27.0763
  4993	20.4333
  4994	22.9718
  4995	26.249
  4996	16.3679
  4997	16.5563
  4998	16.454
  4999	9.99698
  5000	5.08835
  5001	11.4389
  5002	3.97728
  5003	-3.01666
  5004	1.30341
  5005	-2.21499
  5006	-9.37267
  5007	-12.0166
  5008	-12.3471
  5009	-18.1191
  5010	-24.2561
  5011	-22.7618
  5012	-24.8187
  5013	-23.0777
  5014	-12.4384
  5015	-16.5293
  5016	-19.4075
  5017	-10.7185
  5018	-13.1759
  5019	-8.95124
  5020	-6.55953
  5021	-8.18643
  5022	-3.7063
  5023	1.75192
  5024	-0.613425
  5025	-2.93069
  5026	1.38754
  5027	2.02749
  5028	2.04064
  5029	7.10194
  5030	4.93562
  5031	0.275468
  5032	4.06505
  5033	10.549
  5034	4.83542
  5035	-1.6282
  5036	14.01
  5037	13.5616
  5038	0.273507
  5039	11.0315
  5040	15.9661
  5041	9.20738
  5042	4.78173
  5043	12.2434
  5044	16.126
  5045	8.46976
  5046	13.2928
  5047	17.9407
  5048	11.6155
  5049	16.7378
  5050	14.331
  5051	12.6501
  5052	13.3175
  5053	7.2389
  5054	4.30204
  5055	2.3847
  5056	-0.473801
  5057	-6.34139
  5058	-5.5315
  5059	-2.09924
  5060	-7.23377
  5061	-4.98529
  5062	-8.63913
  5063	-11.374
  5064	-1.9262
  5065	-6.28678
  5066	-10.7775
  5067	-17.2616
  5068	-11.2715
  5069	-9.7483
  5070	-20.0293
  5071	-14.8372
  5072	-7.70017
  5073	-12.2567
  5074	-13.1348
  5075	-19.9933
  5076	-19.2153
  5077	-8.00277
  5078	-11.1533
  5079	-11.2859
  5080	2.69108
  5081	8.73517
  5082	-0.830781
  5083	-0.746449
  5084	9.53972
  5085	3.86904
  5086	0.457296
  5087	9.6882
  5088	6.36103
  5089	1.70102
  5090	10.2218
  5091	18.0427
  5092	12.5449
  5093	6.47288
  5094	20.8207
  5095	21.3219
  5096	20.5848
  5097	20.9223
  5098	21.1033
  5099	26.8618
  5100	16.409
  5101	11.0328
  5102	12.3842
  5103	12.3571
  5104	13.3773
  5105	7.03689
  5106	4.67855
  5107	6.49165
  5108	4.04356
  5109	10.6349
  5110	4.93772
  5111	-1.37251
  5112	6.86417
  5113	8.16857
  5114	-5.41628
  5115	2.07547
  5116	8.05935
  5117	0.993643
  5118	-7.53724
  5119	1.10969
  5120	-4.68172
  5121	-5.94967
  5122	9.56151
  5123	12.2895
  5124	11.9936
  5125	9.94169
  5126	16.6502
  5127	16.7477
  5128	7.0449
  5129	7.38742
  5130	3.54353
  5131	-4.85611
  5132	-4.12027
  5133	-9.54867
  5134	-9.95283
  5135	-9.53282
  5136	-11.0154
  5137	-12.3906
  5138	-8.66658
  5139	-2.8375
  5140	0.0875074
  5141	1.91947
  5142	0.318423
  5143	-2.44145
  5144	6.4101
  5145	0.150382
  5146	-9.90892
  5147	-4.89002
  5148	-1.5164
  5149	-4.51413
  5150	-9.9162
  5151	-4.82901
  5152	-3.76759
  5153	-7.49223
  5154	-8.96815
  5155	-10.7699
  5156	-13.4684
  5157	-4.06508
  5158	-3.85819
  5159	-8.05913
  5160	-5.93746
  5161	-9.12203
  5162	-12.223
  5163	-9.21974
  5164	-8.00912
  5165	-9.93569
  5166	-4.3912
  5167	3.28695
  5168	2.41134
  5169	0.0462952
  5170	10.9431
  5171	13.1822
  5172	11.3539
  5173	10.5095
  5174	10.1647
  5175	10.0877
  5176	12.0202
  5177	9.33135
  5178	8.70858
  5179	12.6958
  5180	8.77616
  5181	2.5094
  5182	9.13886
  5183	12.4692
  5184	7.42308
  5185	6.62485
  5186	10.3186
  5187	7.44013
  5188	-0.10021
  5189	2.99711
  5190	10.0433
  5191	-2.44847
  5192	-3.6357
  5193	4.92546
  5194	1.83746
  5195	2.61457
  5196	3.83914
  5197	0.560275
  5198	-1.41968
  5199	2.39091
  5200	2.94167
  5201	1.24746
  5202	1.22114
  5203	3.31594
  5204	-0.361874
  5205	5.0112
  5206	-0.0648863
  5207	-0.914646
  5208	0.419375
  5209	-6.58399
  5210	-6.43054
  5211	-4.4795
  5212	-6.29421
  5213	-9.88632
  5214	-6.00631
  5215	-5.16087
  5216	-13.7891
  5217	-16.4397
  5218	-6.64336
  5219	-16.6116
  5220	-19.9877
  5221	-16.6322
  5222	-19.6144
  5223	-22.7882
  5224	-19.9806
  5225	-15.366
  5226	-16.389
  5227	-17.7571
  5228	-9.83558
  5229	-10.3404
  5230	-10.212
  5231	-12.4905
  5232	-12.8054
  5233	-8.72772
  5234	-13.5187
  5235	-13.6711
  5236	-10.6816
  5237	-13.954
  5238	-16.6103
  5239	-15.6981
  5240	-25.6334
  5241	-26.8108
  5242	-24.9437
  5243	-26.867
  5244	-33.6673
  5245	-32.3281
  5246	-30.5788
  5247	-38.2636
  5248	-45.0746
  5249	-41.7901
  5250	-46.2439
  5251	-47.2132
  5252	-50.4558
  5253	-51.0348
  5254	-46.8378
  5255	-43.8608
  5256	-44.892
  5257	-47.9572
  5258	-44.0277
  5259	-41.697
  5260	-48.966
  5261	-48.2147
  5262	-43.6846
  5263	-49.4562
  5264	-51.2467
  5265	-45.9813
  5266	-49.1463
  5267	-51.4651
  5268	-41.8681
  5269	-40.808
  5270	-42.6283
  5271	-37.5834
  5272	-34.8437
  5273	-42.4495
  5274	-38.4884
  5275	-38.8464
  5276	-38.1449
  5277	-37.3451
  5278	-39.0076
  5279	-36.1341
  5280	-35.7329
  5281	-42.1043
  5282	-45.5805
  5283	-48.235
  5284	-43.6618
  5285	-40.4178
  5286	-31.7686
  5287	-30.5372
  5288	-35.0898
  5289	-27.0338
  5290	-22.6419
  5291	-30.2571
  5292	-38.9142
  5293	-37.5976
  5294	-29.1142
  5295	-38.3373
  5296	-47.336
  5297	-42.1649
  5298	-42.5382
  5299	-45.9212
  5300	-49.0137
  5301	-48.252
  5302	-46.833
  5303	-39.0966
  5304	-40.2217
  5305	-49.5347
  5306	-41.4914
  5307	-37.6076
  5308	-44.692
  5309	-34.8519
  5310	-32.4466
  5311	-33.0636
  5312	-26.3647
  5313	-28.1199
  5314	-34.7203
  5315	-36.0661
  5316	-28.9548
  5317	-28.7256
  5318	-34.7671
  5319	-26.4407
  5320	-25.4801
  5321	-26.7783
  5322	-25.7022
  5323	-40.7102
  5324	-41.3214
  5325	-29.2879
  5326	-34.4752
  5327	-38.3903
  5328	-38.9554
  5329	-30.7535
  5330	-38.7524
  5331	-44.3395
  5332	-41.0882
  5333	-47.2535
  5334	-46.8141
  5335	-39.1247
  5336	-51.2074
  5337	-54.7561
  5338	-50.6342
  5339	-49.9826
  5340	-59.0429
  5341	-59.4642
  5342	-51.9178
  5343	-60.1505
  5344	-57.1264
  5345	-43.1122
  5346	-39.2141
  5347	-36.9245
  5348	-32.243
  5349	-32.6336
  5350	-30.8925
  5351	-32.0241
  5352	-27.763
  5353	-33.861
  5354	-30.3639
  5355	-24.6152
  5356	-31.8418
  5357	-29.9284
  5358	-35.2113
  5359	-44.1496
  5360	-41.6613
  5361	-46.1672
  5362	-49.9292
  5363	-50.9349
  5364	-54.2635
  5365	-55.9021
  5366	-57.1008
  5367	-55.7574
  5368	-61.5027
  5369	-60.5229
  5370	-50.1083
  5371	-48.7064
  5372	-48.495
  5373	-41.2217
  5374	-37.7361
  5375	-34.3599
  5376	-31.4386
  5377	-24.2605
  5378	-21.9145
  5379	-18.2794
  5380	-6.15908
  5381	-9.79833
  5382	-8.58342
  5383	-7.50253
  5384	-5.04441
  5385	-4.39756
  5386	-11.9687
  5387	-8.24632
  5388	-11.362
  5389	-15.5
  5390	-8.9891
  5391	-11.8549
  5392	-15.6401
  5393	-19.1022
  5394	-17.7847
  5395	-23.6963
  5396	-31.1326
  5397	-32.9332
  5398	-34.6254
  5399	-33.0454
  5400	-37.0211
  5401	-46.9019
  5402	-40.6378
  5403	-43.4027
  5404	-52.0969
  5405	-52.5315
  5406	-51.8977
  5407	-47.165
  5408	-47.8585
  5409	-48.922
  5410	-39.8623
  5411	-44.8047
  5412	-42.3859
  5413	-38.6364
  5414	-43.7504
  5415	-40.3335
  5416	-38.0229
  5417	-38.8213
  5418	-41.6215
  5419	-44.4859
  5420	-36.579
  5421	-44.3887
  5422	-49.6501
  5423	-42.3264
  5424	-46.2926
  5425	-48.8189
  5426	-48.697
  5427	-48.6201
  5428	-41.7453
  5429	-43.2259
  5430	-38.4888
  5431	-38.3687
  5432	-39.6152
  5433	-42.2268
  5434	-38.8896
  5435	-40.646
  5436	-43.4786
  5437	-40.2054
  5438	-38.2654
  5439	-41.0134
  5440	-31.0279
  5441	-34.0709
  5442	-33.4608
  5443	-30.9639
  5444	-34.0257
  5445	-37.3901
  5446	-38.1602
  5447	-30.8723
  5448	-30.9839
  5449	-36.851
  5450	-33.9133
  5451	-34.4933
  5452	-41.4492
  5453	-43.1597
  5454	-43.419
  5455	-39.8893
  5456	-48.4888
  5457	-43.7301
  5458	-37.2491
  5459	-40.6162
  5460	-42.0134
  5461	-44.2424
  5462	-44.3843
  5463	-44.1073
  5464	-40.1857
  5465	-30.367
  5466	-31.4163
  5467	-28.4822
  5468	-20.1515
  5469	-26.1115
  5470	-27.7203
  5471	-28.6538
  5472	-30.3906
  5473	-32.2728
  5474	-35.1789
  5475	-35.3651
  5476	-36.0682
  5477	-33.3285
  5478	-35.2609
  5479	-46.1747
  5480	-48.2276
  5481	-45.8678
  5482	-50.7095
  5483	-43.4699
  5484	-42.7975
  5485	-46.0161
  5486	-42.5502
  5487	-39.0727
  5488	-51.42
  5489	-53.3009
  5490	-45.0303
  5491	-46.596
  5492	-54.7621
  5493	-46.7406
  5494	-42.1381
  5495	-45.0843
  5496	-47.7057
  5497	-42.0275
  5498	-43.5065
  5499	-46.0242
  5500	-39.3014
  5501	-35.5025
  5502	-39.321
  5503	-31.6138
  5504	-38.59
  5505	-39.5666
  5506	-33.812
  5507	-36.8443
  5508	-36.173
  5509	-41.1246
  5510	-43.1294
  5511	-43.4536
  5512	-43.6259
  5513	-49.7295
  5514	-53.1225
  5515	-56.6514
  5516	-64.2363
  5517	-70.7788
  5518	-63.5004
  5519	-58.8747
  5520	-60.6444
  5521	-58.5925
  5522	-49.6676
  5523	-48.027
  5524	-46.7128
  5525	-37.3738
  5526	-35.0233
  5527	-28.6476
  5528	-25.1081
  5529	-31.7643
  5530	-31.5572
  5531	-24.8004
  5532	-26.6711
  5533	-28.0748
  5534	-26.3445
  5535	-26.6427
  5536	-33.1146
  5537	-37.9548
  5538	-34.2366
  5539	-42.4891
  5540	-39.7957
  5541	-31.4534
  5542	-36.1818
  5543	-38.1193
  5544	-29.1602
  5545	-33.3898
  5546	-44.6953
  5547	-42.5021
  5548	-37.3254
  5549	-46.5337
  5550	-41.8479
  5551	-35.0294
  5552	-42.1856
  5553	-41.1565
  5554	-33.2436
  5555	-30.3212
  5556	-38.8032
  5557	-41.4207
  5558	-37.2651
  5559	-33.3177
  5560	-37.5289
  5561	-38.785
  5562	-35.409
  5563	-28.8851
  5564	-41.6208
  5565	-50.3893
  5566	-44.6005
  5567	-46.3545
  5568	-52.5459
  5569	-50.6893
  5570	-46.3571
  5571	-49.9124
  5572	-45.7242
  5573	-39.23
  5574	-39.4484
  5575	-46.4209
  5576	-33.0621
  5577	-37.2185
  5578	-41.1505
  5579	-36.2885
  5580	-27.4371
  5581	-32.3445
  5582	-36.1453
  5583	-38.8928
  5584	-39.7836
  5585	-37.264
  5586	-42.5862
  5587	-49.894
  5588	-44.7163
  5589	-43.8554
  5590	-51.8964
  5591	-48.0483
  5592	-47.8884
  5593	-48.3571
  5594	-46.659
  5595	-48.2257
  5596	-49.8013
  5597	-48.7288
  5598	-47.2046
  5599	-50.1377
  5600	-48.8862
  5601	-40.8658
  5602	-39.3951
  5603	-42.5261
  5604	-36.0403
  5605	-40.6713
  5606	-37.0662
  5607	-41.4095
  5608	-46.313
  5609	-45.1672
  5610	-38.8081
  5611	-44.6759
  5612	-47.9058
  5613	-47.898
  5614	-44.1014
  5615	-45.3574
  5616	-43.4541
  5617	-45.8229
  5618	-43.9602
  5619	-43.7029
  5620	-48.3468
  5621	-43.378
  5622	-42.4699
  5623	-36.4797
  5624	-36.9519
  5625	-39.4515
  5626	-40.4756
  5627	-39.0312
  5628	-38.2517
  5629	-34.8792
  5630	-38.3064
  5631	-33.5601
  5632	-36.0044
  5633	-37.1131
  5634	-35.6197
  5635	-33.623
  5636	-33.6582
  5637	-39.103
  5638	-39.9003
  5639	-34.8898
  5640	-38.8935
  5641	-40.4457
  5642	-38.8825
  5643	-37.5486
  5644	-37.0245
  5645	-39.351
  5646	-28.0929
  5647	-18.9482
  5648	-26.4293
  5649	-31.8307
  5650	-21.7957
  5651	-18.0908
  5652	-26.5274
  5653	-30.5274
  5654	-29.7815
  5655	-30.9139
  5656	-34.2998
  5657	-34.0317
  5658	-38.7675
  5659	-39.6429
  5660	-36.3953
  5661	-35.5036
  5662	-44.6196
  5663	-47.533
  5664	-42.5279
  5665	-33.6986
  5666	-41.0605
  5667	-46.4503
  5668	-43.7877
  5669	-43.8764
  5670	-52.1044
  5671	-47.2272
  5672	-44.3592
  5673	-45.4182
  5674	-44.1625
  5675	-43.9548
  5676	-39.2562
  5677	-33.8341
  5678	-31.9615
  5679	-31.779
  5680	-30.3836
  5681	-29.3325
  5682	-27.4708
  5683	-30.163
  5684	-26.6068
  5685	-29.7179
  5686	-32.5094
  5687	-28.9423
  5688	-30.2678
  5689	-35.657
  5690	-35.8676
  5691	-32.9626
  5692	-25.9473
  5693	-29.5725
  5694	-33.6889
  5695	-19.3639
  5696	-16.633
  5697	-23.4634
  5698	-22.2118
  5699	-18.2634
  5700	-18.394
  5701	-19.4912
  5702	-19.2129
  5703	-18.8409
  5704	-21.0823
  5705	-15.8887
  5706	-19.3266
  5707	-28.9549
  5708	-22.2311
  5709	-16.7966
  5710	-32.9269
  5711	-40.5891
  5712	-29.8484
  5713	-29.5641
  5714	-37.0153
  5715	-42.0964
  5716	-40.3608
  5717	-41.1018
  5718	-47.4568
  5719	-47.8445
  5720	-42.9762
  5721	-49.4925
  5722	-48.0232
  5723	-53.505
  5724	-49.7093
  5725	-44.1252
  5726	-45.2453
  5727	-40.1763
  5728	-32.4869
  5729	-37.29
  5730	-34.2354
  5731	-34.0656
  5732	-26.8591
  5733	-23.4378
  5734	-29.7166
  5735	-27.1283
  5736	-17.2332
  5737	-24.4257
  5738	-26.7936
  5739	-24.2962
  5740	-22.098
  5741	-21.3057
  5742	-23.1162
  5743	-26.9069
  5744	-32.2467
  5745	-36.3813
  5746	-39.1522
  5747	-41.1481
  5748	-43.531
  5749	-42.1035
  5750	-43.1954
  5751	-45.8864
  5752	-50.9727
  5753	-53.8433
  5754	-54.9532
  5755	-52.1855
  5756	-49.335
  5757	-47.8735
  5758	-47.5444
  5759	-45.0062
  5760	-35.8876
  5761	-38.9324
  5762	-41.7164
  5763	-39.4517
  5764	-37.0966
  5765	-40.2665
  5766	-44.5228
  5767	-41.9699
  5768	-33.6629
  5769	-38.1667
  5770	-45.253
  5771	-40.6317
  5772	-34.8378
  5773	-35.0888
  5774	-38.7885
  5775	-41.8466
  5776	-39.7964
  5777	-40.5771
  5778	-46.9613
  5779	-45.5525
  5780	-41.3839
  5781	-45.195
  5782	-49.3643
  5783	-47.2521
  5784	-49.8407
  5785	-52.9258
  5786	-49.4521
  5787	-49.0422
  5788	-52.5755
  5789	-44.1752
  5790	-43.1146
  5791	-45.5984
  5792	-43.8693
  5793	-38.2047
  5794	-41.2826
  5795	-41.0528
  5796	-33.6896
  5797	-37.0897
  5798	-41.3016
  5799	-39.7925
  5800	-40.7562
  5801	-45.3393
  5802	-42.5866
  5803	-41.6566
  5804	-41.8472
  5805	-42.0382
  5806	-39.2355
  5807	-42.1388
  5808	-44.4275
  5809	-39.9819
  5810	-43.0157
  5811	-47.1184
  5812	-44.7905
  5813	-42.4261
  5814	-42.767
  5815	-37.0062
  5816	-30.6827
  5817	-29.2344
  5818	-34.2449
  5819	-33.0303
  5820	-32.8022
  5821	-31.7061
  5822	-28.6999
  5823	-31.1777
  5824	-28.3959
  5825	-21.5543
  5826	-20.3193
  5827	-22.4108
  5828	-19.0791
  5829	-14.4971
  5830	-14.0052
  5831	-18.5174
  5832	-15.7175
  5833	-11.194
  5834	-13.0887
  5835	-22.5734
  5836	-28.0316
  5837	-25.2626
  5838	-31.9151
  5839	-36.6979
  5840	-35.9492
  5841	-30.6443
  5842	-33.3634
  5843	-39.3883
  5844	-44.2323
  5845	-43.2194
  5846	-43.2659
  5847	-44.0173
  5848	-48.1329
  5849	-42.4133
  5850	-39.1757
  5851	-42.755
  5852	-43.6023
  5853	-42.7031
  5854	-44.7236
  5855	-45.6171
  5856	-43.7892
  5857	-39.8057
  5858	-43.8918
  5859	-43.0925
  5860	-36.2847
  5861	-39.5339
  5862	-38.9923
  5863	-33.8376
  5864	-35.4313
  5865	-40.1727
  5866	-39.4768
  5867	-40.2106
  5868	-45.5655
  5869	-41.5177
  5870	-41.1383
  5871	-47.3327
  5872	-47.987
  5873	-41.9165
  5874	-42.5089
  5875	-42.7852
  5876	-41.0965
  5877	-38.021
  5878	-44.6286
  5879	-45.502
  5880	-46.8654
  5881	-41.6897
  5882	-44.1187
  5883	-47.6372
  5884	-45.3646
  5885	-41.2912
  5886	-45.385
  5887	-45.6098
  5888	-45.5828
  5889	-43.0188
  5890	-45.1297
  5891	-49.053
  5892	-43.9315
  5893	-41.2963
  5894	-41.3968
  5895	-48.4251
  5896	-45.7554
  5897	-40.9548
  5898	-41.5832
  5899	-43.0949
  5900	-41.4183
  5901	-42.0629
  5902	-39.4194
  5903	-45.1196
  5904	-43.8223
  5905	-39.5592
  5906	-38.7218
  5907	-41.7722
  5908	-40.9074
  5909	-32.4471
  5910	-30.1986
  5911	-35.4895
  5912	-39.4183
  5913	-33.08
  5914	-34.9063
  5915	-42.15
  5916	-43.8114
  5917	-40.1598
  5918	-42.5306
  5919	-45.2307
  5920	-50.1898
  5921	-48.0592
  5922	-41.6525
  5923	-45.1164
  5924	-43.2434
  5925	-38.1418
  5926	-36.8114
  5927	-41.1921
  5928	-40.1742
  5929	-39.0279
  5930	-37.5652
  5931	-37.1635
  5932	-34.863
  5933	-37.6493
  5934	-30.8933
  5935	-33.0844
  5936	-38.0283
  5937	-33.9272
  5938	-34.6764
  5939	-36.378
  5940	-30.5239
  5941	-28.1874
  5942	-31.1638
  5943	-32.9352
  5944	-35.9426
  5945	-35.1951
  5946	-34.7211
  5947	-42.0361
  5948	-42.9877
  5949	-37.0678
  5950	-43.6519
  5951	-45.7648
  5952	-44.5784
  5953	-36.6206
  5954	-37.3423
  5955	-43.2841
  5956	-41.7933
  5957	-40.6511
  5958	-40.0098
  5959	-40.0613
  5960	-44.3892
  5961	-41.7321
  5962	-35.7597
  5963	-40.799
  5964	-40.4278
  5965	-33.929
  5966	-36.0972
  5967	-39.4953
  5968	-43.4256
  5969	-44.9778
  5970	-39.6294
  5971	-43.1567
  5972	-35.1414
  5973	-32.6004
  5974	-31.9689
  5975	-33.2399
  5976	-35.2082
  5977	-32.1233
  5978	-33.4476
  5979	-40.4283
  5980	-33.7675
  5981	-31.1612
  5982	-34.8743
  5983	-36.7615
  5984	-36.6707
  5985	-37.841
  5986	-37.2833
  5987	-38.8058
  5988	-40.4864
  5989	-42.1761
  5990	-39.4517
  5991	-41.2693
  5992	-51.581
  5993	-45.4145
  5994	-40.8812
  5995	-48.629
  5996	-41.8566
  5997	-38.31
  5998	-41.5401
  5999	-40.9751
  6000	-43.6467
  6001	-43.0504
  6002	-39.164
  6003	-44.5246
  6004	-46.2261
  6005	-41.3519
  6006	-37.9702
  6007	-38.9476
  6008	-38.2532
  6009	-25.5059
  6010	-23.7901
  6011	-33.1576
  6012	-28.7841
  6013	-23.3116
  6014	-31.2414
  6015	-35.9338
  6016	-32.5636
  6017	-27.3579
  6018	-27.7055
  6019	-28.4283
  6020	-26.0051
  6021	-28.8688
  6022	-31.0892
  6023	-29.999
  6024	-36.9558
  6025	-37.1992
  6026	-30.3406
  6027	-30.4642
  6028	-34.3926
  6029	-33.2601
  6030	-34.2729
  6031	-38.5152
  6032	-47.1388
  6033	-47.6718
  6034	-40.4923
  6035	-43.6516
  6036	-48.8013
  6037	-38.2511
  6038	-32.3301
  6039	-32.0598
  6040	-32.7034
  6041	-32.7126
  6042	-30.429
  6043	-32.0082
  6044	-36.3173
  6045	-37.0571
  6046	-34.3928
  6047	-34.4798
  6048	-39.191
  6049	-36.1629
  6050	-35.0448
  6051	-43.0514
  6052	-43.2067
  6053	-39.9615
  6054	-41.1431
  6055	-43.2986
  6056	-40.1978
  6057	-38.1384
  6058	-37.9812
  6059	-40.5403
  6060	-42.6368
  6061	-37.8123
  6062	-39.459
  6063	-45.068
  6064	-37.5044
  6065	-35.5925
  6066	-38.7602
  6067	-38.1656
  6068	-43.3973
  6069	-41.5189
  6070	-38.6796
  6071	-37.8073
  6072	-35.3599
  6073	-38.7453
  6074	-34.7995
  6075	-28.8908
  6076	-35.52
  6077	-38.7052
  6078	-37.3461
  6079	-35.1151
  6080	-39.5028
  6081	-37.1201
  6082	-28.6219
  6083	-31.6763
  6084	-35.1286
  6085	-30.0153
  6086	-27.1314
  6087	-24.8208
  6088	-27.2926
  6089	-30.5011
  6090	-25.9691
  6091	-18.3452
  6092	-22.8733
  6093	-21.8605
  6094	-13.1653
  6095	-17.7796
  6096	-24.2089
  6097	-19.657
  6098	-17.5192
  6099	-23.2446
  6100	-25.7845
  6101	-19.9642
  6102	-14.9419
  6103	-17.5974
  6104	-12.4851
  6105	-12.5808
  6106	-17.1189
  6107	-10.7337
  6108	-8.22696
  6109	-9.55976
  6110	0.182836
  6111	2.64489
  6112	-0.876527
  6113	-3.00962
  6114	1.57763
  6115	-2.23008
  6116	-6.72371
  6117	-3.92689
  6118	-5.07297
  6119	-8.6666
  6120	-7.86419
  6121	-10.1289
  6122	-12.388
  6123	-13.9495
  6124	-24.2895
  6125	-31.3136
  6126	-28.7756
  6127	-25.5963
  6128	-31.6209
  6129	-34.6936
  6130	-30.3478
  6131	-39.264
  6132	-47.4215
  6133	-49.0533
  6134	-37.647
  6135	-39.4566
  6136	-46.7444
  6137	-42.2946
  6138	-46.0228
  6139	-47.5794
  6140	-39.4155
  6141	-46.2854
  6142	-41.1679
  6143	-41.4438
  6144	-43.6884
  6145	-38.8577
  6146	-36.0092
  6147	-33.1243
  6148	-33.7969
  6149	-33.0474
  6150	-32.0631
  6151	-34.5821
  6152	-31.4274
  6153	-27.9263
  6154	-22.7169
  6155	-12.9162
  6156	-16.0008
  6157	-21.6989
  6158	-18.0478
  6159	-14.1078
  6160	-18.933
  6161	-23.2892
  6162	-19.7991
  6163	-18.0654
  6164	-16.7192
  6165	-13.6069
  6166	-16.3722
  6167	-17.9142
  6168	-17.3512
  6169	-19.6268
  6170	-21.0725
  6171	-28.0825
  6172	-24.9907
  6173	-27.0358
  6174	-28.0513
  6175	-24.2729
  6176	-31.7869
  6177	-31.1148
  6178	-21.9823
  6179	-30.9667
  6180	-36.9042
  6181	-41.2896
  6182	-43.843
  6183	-43.8852
  6184	-48.5282
  6185	-50.7296
  6186	-55.2643
  6187	-51.8358
  6188	-49.0243
  6189	-55.3667
  6190	-55.0794
  6191	-49.6879
  6192	-55.1124
  6193	-57.1116
  6194	-57.4423
  6195	-56.1022
  6196	-58.1671
  6197	-59.6261
  6198	-58.7319
  6199	-58.8921
  6200	-55.3615
  6201	-53.4177
  6202	-59.1074
  6203	-51.1679
  6204	-50.4559
  6205	-51.4368
  6206	-51.7291
  6207	-46.1829
  6208	-42.8056
  6209	-51.8149
  6210	-49.7669
  6211	-42.3574
  6212	-46.5033
  6213	-48.396
  6214	-54.9916
  6215	-53.3594
  6216	-52.649
  6217	-57.666
  6218	-58.3356
  6219	-52.9233
  6220	-51.5091
  6221	-53.7413
  6222	-57.09
  6223	-55.8023
  6224	-53.9427
  6225	-57.11
  6226	-56.3012
  6227	-56.1774
  6228	-52.2095
  6229	-53.5739
  6230	-52.9711
  6231	-40.8799
  6232	-45.0726
  6233	-50.3761
  6234	-42.0448
  6235	-40.8291
  6236	-42.227
  6237	-45.0422
  6238	-44.6536
  6239	-45.8995
  6240	-51.119
  6241	-46.4053
  6242	-47.7946
  6243	-45.3687
  6244	-46.4114
  6245	-49.3535
  6246	-52.1869
  6247	-51.3188
  6248	-52.7651
  6249	-51.5872
  6250	-50.9383
  6251	-49.1354
  6252	-48.7844
  6253	-46.7977
  6254	-45.9611
  6255	-42.895
  6256	-34.1821
  6257	-36.5459
  6258	-40.0036
  6259	-34.8115
  6260	-32.5602
  6261	-36.7718
  6262	-37.3851
  6263	-31.9081
  6264	-33.2384
  6265	-42.3738
  6266	-39.0321
  6267	-38.863
  6268	-39.9139
  6269	-40.483
  6270	-44.5462
  6271	-43.0797
  6272	-50.885
  6273	-55.995
  6274	-56.1914
  6275	-58.951
  6276	-61.9644
  6277	-62.2524
  6278	-59.9969
  6279	-55.7132
  6280	-56.7404
  6281	-53.7465
  6282	-50.2663
  6283	-49.8842
  6284	-48.8484
  6285	-47.5139
  6286	-49.6502
  6287	-48.3832
  6288	-46.4251
  6289	-48.0604
  6290	-42.1876
  6291	-40.7807
  6292	-43.6217
  6293	-45.32
  6294	-36.0823
  6295	-36.8801
  6296	-38.3456
  6297	-38.0005
  6298	-29.8047
  6299	-38.5263
  6300	-41.9592
  6301	-39.6372
  6302	-42.8061
  6303	-37.679
  6304	-35.9417
  6305	-44.3553
  6306	-41.3674
  6307	-40.5258
  6308	-45.561
  6309	-50.7553
  6310	-51.8348
  6311	-42.8548
  6312	-47.5576
  6313	-44.5427
  6314	-42.863
  6315	-42.0992
  6316	-44.6955
  6317	-43.4349
  6318	-46.7984
  6319	-44.696
  6320	-44.3483
  6321	-40.6455
  6322	-35.5067
  6323	-28.4441
  6324	-26.3277
  6325	-29.2715
  6326	-33.7019
  6327	-38.9044
  6328	-31.5629
  6329	-30.013
  6330	-33.356
  6331	-35.5004
  6332	-35.9286
  6333	-41.838
  6334	-42.8572
  6335	-45.8112
  6336	-44.2721
  6337	-53.1835
  6338	-51.1897
  6339	-46.2256
  6340	-51.8845
  6341	-49.957
  6342	-49.1172
  6343	-50.6484
  6344	-51.3015
  6345	-55.3068
  6346	-54.8329
  6347	-45.5733
  6348	-49.4327
  6349	-48.8812
  6350	-46.622
  6351	-35.6032
  6352	-35.225
  6353	-37.8879
  6354	-35.6044
  6355	-33.915
  6356	-35.3557
  6357	-37.413
  6358	-36.3471
  6359	-40.9521
  6360	-41.3319
  6361	-37.5776
  6362	-33.7155
  6363	-41.8169
  6364	-39.3931
  6365	-37.3074
  6366	-34.1463
  6367	-37.8962
  6368	-41.2315
  6369	-44.5585
  6370	-47.1141
  6371	-46.7457
  6372	-52.7339
  6373	-59.7146
  6374	-56.5051
  6375	-52.7081
  6376	-52.9785
  6377	-52.934
  6378	-54.1011
  6379	-41.6185
  6380	-44.7817
  6381	-43.8069
  6382	-45.1455
  6383	-38.1731
  6384	-35.328
  6385	-37.7871
  6386	-37.7157
  6387	-35.8084
  6388	-37.4408
  6389	-38.4075
  6390	-46.1639
  6391	-42.0713
  6392	-40.9295
  6393	-47.8949
  6394	-47.8319
  6395	-46.1144
  6396	-44.3425
  6397	-48.5784
  6398	-45.4644
  6399	-46.5806
  6400	-46.2169
  6401	-48.7893
  6402	-40.8778
  6403	-43.1155
  6404	-44.0926
  6405	-45.7389
  6406	-39.5389
  6407	-36.2854
  6408	-34.0732
  6409	-26.4372
  6410	-16.6219
  6411	-12.5515
  6412	-18.4844
  6413	-14.7479
  6414	-13.8803
  6415	-16.3696
  6416	-18.3448
  6417	-14.474
  6418	-23.3521
  6419	-14.6306
  6420	-9.93787
  6421	-13.5148
  6422	-18.5229
  6423	-12.5145
  6424	-8.56907
  6425	-10.9634
  6426	-9.01349
  6427	-5.61986
  6428	-10.5989
  6429	-12.6366
  6430	-10.4414
  6431	-16.4493
  6432	-15.9316
  6433	-18.1142
  6434	-13.1603
  6435	-8.84064
  6436	-10.3169
  6437	-17.6112
  6438	-7.86949
  6439	-8.32104
  6440	-19.6743
  6441	-26.7474
  6442	-17.6364
  6443	-16.7915
  6444	-18.7781
  6445	-11.8482
  6446	-14.9226
  6447	-14.9617
  6448	-13.893
  6449	-9.6626
  6450	-12.7881
  6451	-18.3299
  6452	-12.8422
  6453	-16.5417
  6454	-21.8712
  6455	-7.30105
  6456	-10.8297
  6457	-12.1116
  6458	-9.38196
  6459	-13.464
  6460	-15.0794
  6461	-15.7542
  6462	-12.8677
  6463	-7.44242
  6464	-11.2899
  6465	-16.7089
  6466	-14.841
  6467	-18.3032
  6468	-23.2656
  6469	-29.8893
  6470	-21.0337
  6471	-16.7237
  6472	-17.4901
  6473	-17.8397
  6474	-12.5384
  6475	-17.7691
  6476	-23.3805
  6477	-26.6626
  6478	-23.569
  6479	-28.2901
  6480	-23.6171
  6481	-22.4155
  6482	-22.9344
  6483	-24.9816
  6484	-30.5731
  6485	-22.6336
  6486	-20.0638
  6487	-26.727
  6488	-25.6355
  6489	-24.6163
  6490	-24.3173
  6491	-21.3323
  6492	-26.1948
  6493	-23.5485
  6494	-28.6415
  6495	-30.6395
  6496	-31.8761
  6497	-38.339
  6498	-39.9598
  6499	-36.31
  6500	-45.6224
  6501	-55.9901
  6502	-57.3001
  6503	-53.2438
  6504	-50.0845
  6505	-53.7198
  6506	-47.6794
  6507	-47.7951
  6508	-48.7671
  6509	-49.6008
  6510	-40.3447
  6511	-41.1619
  6512	-41.477
  6513	-38.3776
  6514	-38.9367
  6515	-37.896
  6516	-31.8566
  6517	-27.2266
  6518	-26.5462
  6519	-27.4467
  6520	-21.4965
  6521	-18.8608
  6522	-31.3326
  6523	-25.371
  6524	-23.7143
  6525	-34.7812
  6526	-44.8883
  6527	-37.179
  6528	-34.5034
  6529	-39.0748
  6530	-43.3437
  6531	-33.6677
  6532	-36.1604
  6533	-40.9676
  6534	-36.2653
  6535	-38.6581
  6536	-42.3862
  6537	-41.4826
  6538	-42.1408
  6539	-43.2392
  6540	-46.053
  6541	-42.0334
  6542	-33.5203
  6543	-35.0275
  6544	-31.9354
  6545	-28.7427
  6546	-26.4359
  6547	-24.8043
  6548	-21.5425
  6549	-28.5014
  6550	-28.2555
  6551	-26.2617
  6552	-26.2996
  6553	-28.9273
  6554	-30.0657
  6555	-27.7777
  6556	-21.283
  6557	-33.1129
  6558	-38.3866
  6559	-28.0291
  6560	-30.4324
  6561	-34.8977
  6562	-34.8644
  6563	-27.3293
  6564	-24.0419
  6565	-21.464
  6566	-16.0954
  6567	-9.29846
  6568	-21.0888
  6569	-19.1034
  6570	-16.9697
  6571	-15.3076
  6572	-16.7243
  6573	-18.0656
  6574	-18.1291
  6575	-18.3799
  6576	-25.6078
  6577	-22.6357
  6578	-22.9624
  6579	-21.1079
  6580	-21.6561
  6581	-28.8989
  6582	-22.8169
  6583	-18.7477
  6584	-30.4658
  6585	-39.3432
  6586	-40.726
  6587	-47.9414
  6588	-41.8299
  6589	-51.1441
  6590	-51.2486
  6591	-39.3639
  6592	-40.2408
  6593	-52.5826
  6594	-45.6708
  6595	-37.7817
  6596	-33.6175
  6597	-42.916
  6598	-38.6431
  6599	-34.5573
  6600	-39.4874
  6601	-36.6843
  6602	-29.0621
  6603	-37.9226
  6604	-32.0586
  6605	-26.309
  6606	-32.0151
  6607	-31.6775
  6608	-25.5698
  6609	-25.9392
  6610	-31.4555
  6611	-34.907
  6612	-33.1658
  6613	-29.4394
  6614	-23.4528
  6615	-23.8988
  6616	-27.4951
  6617	-24.4109
  6618	-26.9968
  6619	-30.2609
  6620	-25.8224
  6621	-22.5206
  6622	-31.054
  6623	-23.235
  6624	-25.745
  6625	-30.5298
  6626	-24.933
  6627	-22.6739
  6628	-28.7209
  6629	-30.6318
  6630	-30.6501
  6631	-28.2557
  6632	-33.3298
  6633	-35.2998
  6634	-31.4567
  6635	-38.8137
  6636	-39.9611
  6637	-39.564
  6638	-38.6918
  6639	-37.8744
  6640	-39.1854
  6641	-41.7646
  6642	-42.8859
  6643	-48.2831
  6644	-41.4704
  6645	-43.7853
  6646	-46.6309
  6647	-50.8301
  6648	-45.5419
  6649	-41.6894
  6650	-46.0258
  6651	-47.4644
  6652	-36.1388
  6653	-36.3987
  6654	-41.9685
  6655	-42.8807
  6656	-35.3958
  6657	-39.63
  6658	-43.3571
  6659	-38.5976
  6660	-48.2619
  6661	-50.2745
  6662	-41.8773
  6663	-42.6264
  6664	-46.3935
  6665	-41.8552
  6666	-40.4129
  6667	-42.29
  6668	-50.1801
  6669	-43.644
  6670	-47.8703
  6671	-52.1159
  6672	-48.5253
  6673	-47.8641
  6674	-45.3262
  6675	-40.7308
  6676	-44.7026
  6677	-39.6922
  6678	-44.448
  6679	-48.803
  6680	-44.8049
  6681	-42.1384
  6682	-41.419
  6683	-50.6805
  6684	-45.3115
  6685	-39.0104
  6686	-44.4013
  6687	-45.6572
  6688	-40.4168
  6689	-44.1759
  6690	-46.1924
  6691	-50.0407
  6692	-45.9884
  6693	-47.6645
  6694	-45.9505
  6695	-47.9942
  6696	-47.7276
  6697	-42.3862
  6698	-44.0256
  6699	-44.3895
  6700	-44.4243
  6701	-41.236
  6702	-36.3578
  6703	-35.7839
  6704	-41.4554
  6705	-39.0467
  6706	-35.3734
  6707	-32.8319
  6708	-42.1493
  6709	-36.923
  6710	-33.569
  6711	-36.6105
  6712	-33.1738
  6713	-27.1704
  6714	-29.9568
  6715	-31.0163
  6716	-31.9246
  6717	-29.0403
  6718	-33.719
  6719	-29.8498
  6720	-21.5749
  6721	-26.0731
  6722	-22.0301
  6723	-16.6767
  6724	-14.892
  6725	-18.0293
  6726	-17.032
  6727	-14.4144
  6728	-15.2516
  6729	-20.5037
  6730	-21.6069
  6731	-23.1876
  6732	-25.8206
  6733	-28.2577
  6734	-28.947
  6735	-29.7238
  6736	-27.5064
  6737	-31.4188
  6738	-28.8391
  6739	-31.9723
  6740	-37.2026
  6741	-27.2052
  6742	-25.2828
  6743	-29.2325
  6744	-21.4939
  6745	-16.1535
  6746	-17.8054
  6747	-11.7575
  6748	-10.446
  6749	-12.806
  6750	-5.06606
  6751	0.31898
  6752	-1.0438
  6753	1.73535
  6754	4.30705
  6755	6.38515
  6756	9.2544
  6757	10.322
  6758	6.92241
  6759	10.1179
  6760	13.7963
  6761	7.13768
  6762	10.8441
  6763	15.5657
  6764	20.7594
  6765	20.204
  6766	16.376
  6767	22.4347
  6768	24.4716
  6769	17.3692
  6770	19.5934
  6771	24.5127
  6772	20.1367
  6773	25.5276
  6774	28.5569
  6775	11.9117
  6776	13.5148
  6777	17.6094
  6778	6.47426
  6779	5.20912
  6780	9.58771
  6781	4.19993
  6782	5.50699
  6783	4.98352
  6784	-5.0226
  6785	-3.00188
  6786	-2.47504
  6787	-7.7231
  6788	-6.39526
  6789	-4.5863
  6790	-5.00541
  6791	-6.98818
  6792	-3.54847
  6793	-8.16014
  6794	-12.1726
  6795	-5.99659
  6796	-2.44288
  6797	2.69208
  6798	5.08982
  6799	1.26457
  6800	0.677486
  6801	-2.95212
  6802	-7.23243
  6803	0.0419351
  6804	-1.58806
  6805	-1.40531
  6806	1.83937
  6807	-4.32406
  6808	-9.17973
  6809	-8.47933
  6810	-13.9785
  6811	-13.2864
  6812	-11.4721
  6813	-13.5758
  6814	-13.8981
  6815	-12.0283
  6816	-13.6638
  6817	-15.3973
  6818	-15.6186
  6819	-19.1102
  6820	-18.8681
  6821	-15.1631
  6822	-16.9187
  6823	-19.9711
  6824	-13.321
  6825	-6.92148
  6826	-8.0787
  6827	-10.6811
  6828	-6.0276
  6829	-9.00454
  6830	-3.9454
  6831	-0.214658
  6832	-7.40652
  6833	-6.03101
  6834	-4.85407
  6835	-5.8201
  6836	-8.62705
  6837	-14.4953
  6838	-14.7303
  6839	-11.5758
  6840	-12.244
  6841	-17.0585
  6842	-18.7006
  6843	-6.23802
  6844	-6.68513
  6845	-10.6982
  6846	-9.90951
  6847	-5.3044
  6848	-4.97762
  6849	-2.84252
  6850	1.26146
  6851	2.02568
  6852	3.70144
  6853	3.2284
  6854	1.1072
  6855	2.96945
  6856	4.59462
  6857	-2.48573
  6858	3.87279
  6859	3.84908
  6860	-0.295542
  6861	-5.04177
  6862	2.25321
  6863	6.30522
  6864	-4.0358
  6865	-6.92445
  6866	0.904784
  6867	-6.79315
  6868	-6.95849
  6869	-9.7707
  6870	-14.2226
  6871	-18.8363
  6872	-19.1949
  6873	-19.9726
  6874	-27.6064
  6875	-26.9151
  6876	-25.0893
  6877	-27.7483
  6878	-35.7589
  6879	-32.1541
  6880	-26.1554
  6881	-20.9628
  6882	-24.1797
  6883	-22.2179
  6884	-22.7864
  6885	-21.089
  6886	-20.3514
  6887	-14.0955
  6888	-15.657
  6889	-19.4601
  6890	-15.6983
  6891	-14.1666
  6892	-13.2221
  6893	-12.1894
  6894	-11.0694
  6895	-10.4525
  6896	-7.47142
  6897	-13.4433
  6898	-8.39915
  6899	-7.45405
  6900	-4.27504
  6901	-7.19891
  6902	-8.34966
  6903	-6.40352
  6904	-1.88909
  6905	0.0429477
  6906	0.776059
  6907	-0.398594
  6908	-4.06461
  6909	-3.22191
  6910	-4.03884
  6911	-8.89089
  6912	-12.2382
  6913	-11.0349
  6914	-13.4145
  6915	-13.1076
  6916	-11.2028
  6917	-2.48542
  6918	-8.94609
  6919	-13.0001
  6920	-12.4734
  6921	-13.4013
  6922	-17.582
  6923	-12.4098
  6924	-15.4187
  6925	-20.2558
  6926	-24.5607
  6927	-18.1568
  6928	-18.4831
  6929	-30.3947
  6930	-31.7192
  6931	-25.3953
  6932	-23.3624
  6933	-31.2776
  6934	-34.141
  6935	-30.5537
  6936	-24.9911
  6937	-30.3721
  6938	-38.6071
  6939	-37.9108
  6940	-30.5956
  6941	-32.4196
  6942	-33.0997
  6943	-37.7347
  6944	-35.2619
  6945	-32.6822
  6946	-37.2108
  6947	-34.8056
  6948	-39.5486
  6949	-42.412
  6950	-36.7185
  6951	-36.0827
  6952	-47.5022
  6953	-46.5687
  6954	-44.9781
  6955	-48.4323
  6956	-55.8334
  6957	-52.3099
  6958	-48.6477
  6959	-47.9958
  6960	-48.0283
  6961	-50.86
  6962	-57.5216
  6963	-51.4389
  6964	-47.8396
  6965	-55.8713
  6966	-59.6827
  6967	-54.3634
  6968	-43.7871
  6969	-49.9826
  6970	-51.15
  6971	-42.2035
  6972	-40.719
  6973	-48
  6974	-45.61
  6975	-43.4255
  6976	-44.1192
  6977	-44.6174
  6978	-48.8931
  6979	-48.4158
  6980	-44.0524
  6981	-49.0308
  6982	-48.3238
  6983	-46.2266
  6984	-46.5481
  6985	-44.8207
  6986	-48.8794
  6987	-46.8409
  6988	-50.7645
  6989	-52.1141
  6990	-52.9209
  6991	-49.801
  6992	-56.1066
  6993	-57.5238
  6994	-52.8057
  6995	-46.3196
  6996	-56.1664
  6997	-54.7693
  6998	-44.6279
  6999	-43.2478
  7000	-42.7399
  7001	-36.5653
  7002	-41.1107
  7003	-37.8997
  7004	-35.1178
  7005	-38.6134
  7006	-39.8589
  7007	-35.9164
  7008	-36.5469
  7009	-42.9205
  7010	-39.8087
  7011	-36.9488
  7012	-37.2396
  7013	-38.9098
  7014	-41.5989
  7015	-45.1317
  7016	-50.0357
  7017	-41.3789
  7018	-37.9954
  7019	-47.3151
  7020	-43.0247
  7021	-40.4754
  7022	-43.4983
  7023	-40.6375
  7024	-37.4592
  7025	-36.1824
  7026	-41.3705
  7027	-38.6991
  7028	-36.9672
  7029	-43.2847
  7030	-38.9278
  7031	-33.3915
  7032	-38.9267
  7033	-37.1708
  7034	-37.8289
  7035	-34.1026
  7036	-29.2488
  7037	-32.4688
  7038	-36.1105
  7039	-38.582
  7040	-41.4985
  7041	-41.8294
  7042	-43.1703
  7043	-35.8569
  7044	-35.2914
  7045	-35.3415
  7046	-36.8451
  7047	-40.0197
  7048	-35.0056
  7049	-35.4717
  7050	-40.366
  7051	-45.0751
  7052	-39.8109
  7053	-41.4466
  7054	-43.2778
  7055	-39.129
  7056	-36.3088
  7057	-41.6652
  7058	-38.9936
  7059	-39.3266
  7060	-37.6591
  7061	-33.7953
  7062	-33.4483
  7063	-36.5172
  7064	-40.1133
  7065	-31.7868
  7066	-30.0548
  7067	-32.262
  7068	-28.0661
  7069	-26.3646
  7070	-35.1161
  7071	-37.5871
  7072	-39.9631
  7073	-39.6819
  7074	-43.5164
  7075	-39.671
  7076	-39.5624
  7077	-38.3798
  7078	-32.4824
  7079	-33.3593
  7080	-31.079
  7081	-29.8701
  7082	-32.7453
  7083	-45.4153
  7084	-40.4411
  7085	-35.0742
  7086	-43.4414
  7087	-49.5664
  7088	-42.1774
  7089	-50.2904
  7090	-49.6708
  7091	-45.1811
  7092	-44.9041
  7093	-46.095
  7094	-44.6859
  7095	-47.006
  7096	-50.3628
  7097	-45.1382
  7098	-43.3596
  7099	-51.2288
  7100	-45.9562
  7101	-40.4175
  7102	-47.5842
  7103	-44.299
  7104	-40.7702
  7105	-40.202
  7106	-40.485
  7107	-38.3859
  7108	-39.2933
  7109	-40.2024
  7110	-30.1857
  7111	-37.5506
  7112	-43.7172
  7113	-34.7269
  7114	-37.5971
  7115	-42.0908
  7116	-42.3062
  7117	-40.665
  7118	-41.9951
  7119	-47.9033
  7120	-42.9248
  7121	-47.282
  7122	-48.9331
  7123	-41.1336
  7124	-42.684
  7125	-41.6388
  7126	-43.6438
  7127	-42.0872
  7128	-37.2029
  7129	-39.1774
  7130	-41.3266
  7131	-45.2489
  7132	-36.4505
  7133	-34.8632
  7134	-42.5677
  7135	-40.5618
  7136	-36.978
  7137	-37.9621
  7138	-35.5677
  7139	-40.2357
  7140	-34.1712
  7141	-28.986
  7142	-34.2426
  7143	-44.6054
  7144	-37.6383
  7145	-32.8681
  7146	-42.8365
  7147	-45.6651
  7148	-33.3199
  7149	-35.7197
  7150	-39.805
  7151	-29.7934
  7152	-29.7126
  7153	-37.1183
  7154	-36.1286
  7155	-27.1706
  7156	-38.2199
  7157	-34.6765
  7158	-34.1452
  7159	-38.1325
  7160	-44.3173
  7161	-48.0705
  7162	-51.2215
  7163	-52.5518
  7164	-60.3741
  7165	-51.6449
  7166	-55.6236
  7167	-55.3376
  7168	-46.344
  7169	-46.7988
  7170	-44.1031
  7171	-45.7412
  7172	-42.7504
  7173	-42.2376
  7174	-46.0372
  7175	-43.6608
  7176	-34.6431
  7177	-37.5363
  7178	-39.3934
  7179	-47.4855
  7180	-50.385
  7181	-47.5834
  7182	-51.2212
  7183	-57.4132
  7184	-51.2823
  7185	-43.4178
  7186	-47.3747
  7187	-48.6811
  7188	-43.3877
  7189	-34.0983
  7190	-39.0589
  7191	-43.3593
  7192	-35.5398
  7193	-28.8791
  7194	-35.4575
  7195	-31.3769
  7196	-32.8778
  7197	-30.3059
  7198	-28.5792
  7199	-37.0149
  7200	-38.1516
  7201	-32.9081
  7202	-28.6541
  7203	-35.3129
  7204	-39.5179
  7205	-29.4062
  7206	-30.9618
  7207	-43.8873
  7208	-34.1132
  7209	-32.713
  7210	-40.2813
  7211	-40.3113
  7212	-38.0171
  7213	-37.4861
  7214	-48.0734
  7215	-48.9891
  7216	-42.6904
  7217	-46.0483
  7218	-47.7115
  7219	-50.1055
  7220	-43.9939
  7221	-41.4029
  7222	-44.2967
  7223	-43.4695
  7224	-41.7207
  7225	-34.5164
  7226	-40.9101
  7227	-44.9719
  7228	-36.3023
  7229	-34.2351
  7230	-39.2838
  7231	-45.756
  7232	-46.9272
  7233	-46.2373
  7234	-55.1416
  7235	-48.1554
  7236	-47.8917
  7237	-50.1811
  7238	-41.431
  7239	-41.3088
  7240	-41.569
  7241	-43.3308
  7242	-44.1798
  7243	-46.8501
  7244	-46.5333
  7245	-50.4557
  7246	-43.8393
  7247	-50.1381
  7248	-45.0113
  7249	-44.4918
  7250	-45.7323
  7251	-47.4875
  7252	-47.6014
  7253	-49.0517
  7254	-44.5061
  7255	-44.5873
  7256	-41.5969
  7257	-43.0872
  7258	-39.6443
  7259	-40.2402
  7260	-39.2908
  7261	-34.0438
  7262	-37.8126
  7263	-41.2654
  7264	-43.6311
  7265	-34.5402
  7266	-31.9274
  7267	-36.7043
  7268	-35.832
  7269	-28.4251
  7270	-25.1805
  7271	-30.2905
  7272	-36.6355
  7273	-24.6479
  7274	-26.9532
  7275	-39.1613
  7276	-33.8742
  7277	-35.1911
  7278	-34.3807
  7279	-39.6681
  7280	-40.6915
  7281	-40.6686
  7282	-39.9767
  7283	-41.5737
  7284	-41.2001
  7285	-52.0451
  7286	-45.266
  7287	-48.4506
  7288	-54.6995
  7289	-47.4775
  7290	-47.5841
  7291	-52.1387
  7292	-48.6897
  7293	-41.583
  7294	-45.9176
  7295	-48.7039
  7296	-46.1355
  7297	-43.0947
  7298	-50.1331
  7299	-42.7478
  7300	-51.7605
  7301	-58.3134
  7302	-49.2118
  7303	-38.0789
  7304	-49.6055
  7305	-42.9866
  7306	-38.68
  7307	-47.663
  7308	-43.046
  7309	-39.3065
  7310	-45.8676
  7311	-46.8859
  7312	-42.45
  7313	-44.6713
  7314	-42.2912
  7315	-44.653
  7316	-40.5632
  7317	-52.2631
  7318	-42.9575
  7319	-43.7232
  7320	-47.4018
  7321	-40.4932
  7322	-44.4922
  7323	-54.6987
  7324	-48.8009
  7325	-46.1218
  7326	-50.0113
  7327	-53.3301
  7328	-50.9375
  7329	-47.5369
  7330	-56.3032
  7331	-55.5793
  7332	-60.5005
  7333	-62.3536
  7334	-60.0599
  7335	-51.9023
  7336	-53.6898
  7337	-39.6637
  7338	-38.4411
  7339	-43.067
  7340	-44.1928
  7341	-34.6394
  7342	-42.3307
  7343	-45.1034
  7344	-41.6222
  7345	-42.4205
  7346	-43.8198
  7347	-42.459
  7348	-44.3443
  7349	-44.1076
  7350	-39.0363
  7351	-38.0006
  7352	-39.076
  7353	-30.7632
  7354	-22.4438
  7355	-34.498
  7356	-36.1231
  7357	-31.136
  7358	-31.4527
  7359	-32.4909
  7360	-43.4413
  7361	-38.6858
  7362	-30.4604
  7363	-31.8774
  7364	-36.495
  7365	-32.5874
  7366	-28.1449
  7367	-31.489
  7368	-44.1066
  7369	-33.7646
  7370	-35.3735
  7371	-39.3438
  7372	-33.9841
  7373	-26.2851
  7374	-34.3549
  7375	-34.2542
  7376	-23.1718
  7377	-23.6638
  7378	-39.6174
  7379	-41.2858
  7380	-38.7122
  7381	-37.2037
  7382	-33.2975
  7383	-34.3444
  7384	-30.1032
  7385	-30.5818
  7386	-29.5872
  7387	-38.6512
  7388	-40.8998
  7389	-34.4129
  7390	-34.8484
  7391	-36.7858
  7392	-36.7244
  7393	-44.0962
  7394	-36.3428
  7395	-35.2651
  7396	-42.0852
  7397	-42.107
  7398	-42.7139
  7399	-38.6727
  7400	-46.1716
  7401	-45.1372
  7402	-37.2845
  7403	-43.6406
  7404	-47.7781
  7405	-42.6295
  7406	-48.7876
  7407	-45.8723
  7408	-46.0375
  7409	-47.2656
  7410	-50.6158
  7411	-50.7333
  7412	-48.2968
  7413	-54.0184
  7414	-44.8414
  7415	-48.1173
  7416	-47.2409
  7417	-50.084
  7418	-44.7835
  7419	-40.2461
  7420	-33.293
  7421	-36.2996
  7422	-35.6771
  7423	-34.9929
  7424	-29.5128
  7425	-40.2859
  7426	-31.2597
  7427	-21.5651
  7428	-26.0446
  7429	-24.4347
  7430	-21.3819
  7431	-19.0318
  7432	-19.6636
  7433	-21.1438
  7434	-17.9382
  7435	-20.064
  7436	-21.3522
  7437	-13.3334
  7438	-17.0222
  7439	-17.4772
  7440	-14.0513
  7441	-18.3825
  7442	-21.3662
  7443	-20.4297
  7444	-15.6544
  7445	-19.1421
  7446	-19.9174
  7447	-14.888
  7448	-14.9898
  7449	-18.3096
  7450	-12.373
  7451	-13.0361
  7452	-8.88191
  7453	-15.0401
  7454	-13.4283
  7455	-14.2115
  7456	-10.1508
  7457	-6.71292
  7458	-7.86132
  7459	-4.73211
  7460	-3.58431
  7461	-7.08565
  7462	0.953008
  7463	-3.20148
  7464	0.0195915
  7465	5.25586
  7466	-3.54222
  7467	4.66011
  7468	8.0562
  7469	2.71441
  7470	-0.809993
  7471	0.299452
  7472	3.47573
  7473	-0.391541
  7474	-0.664648
  7475	7.26406
  7476	3.71867
  7477	-2.27442
  7478	-3.16909
  7479	0.413004
  7480	-2.53939
  7481	-4.32078
  7482	3.34371
  7483	-0.711038
  7484	-3.51583
  7485	-3.15502
  7486	0.347986
  7487	-2.92966
  7488	-13.642
  7489	-14.9547
  7490	-10.5197
  7491	-19.9199
  7492	-19.7192
  7493	-14.9658
  7494	-13.6477
  7495	-15.9636
  7496	-24.3126
  7497	-23.9225
  7498	-21.8304
  7499	-27.9245
  7500	-27.2503
  7501	-29.9306
  7502	-38.0226
  7503	-30.6584
  7504	-26.8568
  7505	-34.6775
  7506	-43.4913
  7507	-35.6302
  7508	-38.2622
  7509	-45.0536
  7510	-45.7707
  7511	-43.366
  7512	-44.9503
  7513	-45.7783
  7514	-47.4894
  7515	-48.8385
  7516	-45.6686
  7517	-37.4182
  7518	-39.4509
  7519	-37.7669
  7520	-37.0484
  7521	-35.9848
  7522	-29.9724
  7523	-33.3711
  7524	-36.8967
  7525	-30.7145
  7526	-31.5736
  7527	-31.7514
  7528	-28.8391
  7529	-27.691
  7530	-28.3057
  7531	-36.1656
  7532	-36.4938
  7533	-33.8982
  7534	-35.8148
  7535	-32.6451
  7536	-41.6432
  7537	-43.8
  7538	-40.758
  7539	-42.793
  7540	-37.9758
  7541	-38.5593
  7542	-38.5826
  7543	-30.9369
  7544	-30.2722
  7545	-31.4814
  7546	-39.4847
  7547	-37.8808
  7548	-39.0853
  7549	-41.721
  7550	-43.7039
  7551	-43.5509
  7552	-39.4557
  7553	-39.3671
  7554	-42.4903
  7555	-44.3362
  7556	-42.2422
  7557	-39.2748
  7558	-45.1465
  7559	-45.9102
  7560	-40.3481
  7561	-40.6386
  7562	-38.0949
  7563	-37.387
  7564	-33.0887
  7565	-26.0034
  7566	-31.8663
  7567	-36.6146
  7568	-35.91
  7569	-34.7812
  7570	-31.2224
  7571	-29.2162
  7572	-29.6588
  7573	-35.9515
  7574	-37.1207
  7575	-32.7158
  7576	-43.6235
  7577	-45.9428
  7578	-35.7171
  7579	-35.2771
  7580	-40.359
  7581	-39.6148
  7582	-34.5531
  7583	-43.1184
  7584	-47.794
  7585	-50.7566
  7586	-58.1422
  7587	-56.8803
  7588	-50.888
  7589	-49.2181
  7590	-49.9162
  7591	-51.2786
  7592	-52.6486
  7593	-61.0641
  7594	-60.5732
  7595	-59.3223
  7596	-64.632
  7597	-63.5919
  7598	-61.0807
  7599	-55.6084
  7600	-49.1615
  7601	-51.6585
  7602	-47.6924
  7603	-43.9745
  7604	-43.557
  7605	-42.3036
  7606	-35.7895
  7607	-31.0146
  7608	-35.6488
  7609	-33.5282
  7610	-20.3862
  7611	-26.8003
  7612	-25.9101
  7613	-14.5806
  7614	-15.6091
  7615	-20.5716
  7616	-22.4119
  7617	-19.4394
  7618	-23.6285
  7619	-25.6172
  7620	-14.3198
  7621	-19.129
  7622	-19.2537
  7623	-17.6007
  7624	-17.2419
  7625	-12.2171
  7626	-15.3611
  7627	-17.3114
  7628	-16.1934
  7629	-18.183
  7630	-17.6324
  7631	-19.2928
  7632	-15.7564
  7633	-25.0087
  7634	-31.1966
  7635	-19.4319
  7636	-15.3779
  7637	-20.5168
  7638	-15.5118
  7639	-8.22679
  7640	-12.8101
  7641	-19.2515
  7642	-7.85474
  7643	-9.51563
  7644	-17.6575
  7645	-7.82491
  7646	-10.7503
  7647	-14.2663
  7648	-9.02754
  7649	-0.664017
  7650	-2.7042
  7651	-7.49079
  7652	-2.92832
  7653	-1.58774
  7654	-5.00121
  7655	-2.19691
  7656	-6.12275
  7657	-8.27496
  7658	-14.4582
  7659	-19.3585
  7660	-11.6365
  7661	-8.1976
  7662	-13.4089
  7663	-14.0449
  7664	-11.126
  7665	-11.9411
  7666	-25.491
  7667	-16.2079
  7668	-10.5575
  7669	-20.2343
  7670	-20.1378
  7671	-14.9444
  7672	-16.1516
  7673	-13.2082
  7674	-15.5782
  7675	-14.9263
  7676	-18.4817
  7677	-15.837
  7678	-16.3431
  7679	-19.8553
  7680	-12.7485
  7681	-16.8775
  7682	-19.4241
  7683	-16.301
  7684	-23.7667
  7685	-21.3676
  7686	-18.5072
  7687	-21.9623
  7688	-24.7318
  7689	-23.1317
  7690	-15.8722
  7691	-17.0788
  7692	-18.6688
  7693	-12.372
  7694	-17.9612
  7695	-20.0953
  7696	-14.494
  7697	-19.839
  7698	-25.1309
  7699	-22.9814
  7700	-20.4696
  7701	-28.1661
  7702	-27.8495
  7703	-20.2539
  7704	-19.7864
  7705	-23.6898
  7706	-17.8169
  7707	-14.6065
  7708	-13.2079
  7709	-14.904
  7710	-14.8693
  7711	-12.917
  7712	-9.8246
  7713	-3.96895
  7714	-2.7236
  7715	3.58132
  7716	3.97268
  7717	2.54272
  7718	7.79772
  7719	2.0417
  7720	-0.798599
  7721	9.4474
  7722	13.493
  7723	13.6716
  7724	8.83787
  7725	7.86221
  7726	1.86431
  7727	1.02925
  7728	0.401935
  7729	-3.53048
  7730	-2.80968
  7731	3.93503
  7732	3.99469
  7733	1.1482
  7734	2.25634
  7735	4.57107
  7736	4.95771
  7737	3.38974
  7738	8.08294
  7739	8.37396
  7740	1.94062
  7741	-2.28263
  7742	0.553275
  7743	-2.76117
  7744	-6.95899
  7745	-1.01195
  7746	4.23106
  7747	-2.77725
  7748	-1.75198
  7749	2.01702
  7750	-0.442927
  7751	-3.52727
  7752	-2.17301
  7753	-1.23961
  7754	-12.8571
  7755	-17.3373
  7756	-7.96179
  7757	-8.54927
  7758	-17.0317
  7759	-12.4849
  7760	-4.88695
  7761	-9.90691
  7762	-15.7854
  7763	-7.74422
  7764	-4.47735
  7765	-6.36299
  7766	-7.28914
  7767	-2.79058
  7768	-4.11872
  7769	-5.70022
  7770	-2.92279
  7771	-4.86773
  7772	-7.04191
  7773	-3.85459
  7774	-3.41937
  7775	-5.51373
  7776	-1.96287
  7777	-0.838642
  7778	1.95541
  7779	-1.47234
  7780	5.88502
  7781	7.42552
  7782	0.971413
  7783	6.08258
  7784	7.90643
  7785	0.381665
  7786	0.985809
  7787	7.89545
  7788	2.32896
  7789	-6.46564
  7790	-1.60977
  7791	-2.30628
  7792	-9.61558
  7793	-12.4642
  7794	-16.6322
  7795	-16.3946
  7796	-16.9825
  7797	-20.317
  7798	-23.8
  7799	-26.5628
  7800	-25.2482
  7801	-25.1398
  7802	-30.6862
  7803	-26.9992
  7804	-26.7504
  7805	-21.8632
  7806	-24.2471
  7807	-27.9295
  7808	-24.1748
  7809	-24.6911
  7810	-27.8179
  7811	-29.6015
  7812	-26.5049
  7813	-23.0708
  7814	-24.9701
  7815	-24.3729
  7816	-26.161
  7817	-32.0041
  7818	-24.4311
  7819	-25.0734
  7820	-24.4432
  7821	-17.3466
  7822	-12.1312
  7823	-14.8031
  7824	-18.5004
  7825	-13.8258
  7826	-15.9954
  7827	-22.0662
  7828	-16.7463
  7829	-16.9836
  7830	-15.5607
  7831	-18.1932
  7832	-21.0465
  7833	-20.7047
  7834	-24.7289
  7835	-25.3414
  7836	-28.9912
  7837	-24.6955
  7838	-25.3871
  7839	-37.2668
  7840	-32.9282
  7841	-29.5032
  7842	-39.947
  7843	-41.767
  7844	-26.3595
  7845	-22.4766
  7846	-33.3942
  7847	-28.373
  7848	-20.4234
  7849	-32.0992
  7850	-36.0247
  7851	-31.8216
  7852	-31.064
  7853	-31.0822
  7854	-28.1765
  7855	-25.292
  7856	-24.2924
  7857	-19.903
  7858	-21.2552
  7859	-24.0588
  7860	-18.8938
  7861	-18.1954
  7862	-19.0539
  7863	-14.5165
  7864	-21.3195
  7865	-24.3987
  7866	-22.3854
  7867	-25.989
  7868	-26.6542
  7869	-27.0685
  7870	-25.7228
  7871	-26.0313
  7872	-25.7915
  7873	-23.7158
  7874	-30.6249
  7875	-27.186
  7876	-22.1199
  7877	-34.3475
  7878	-34.7192
  7879	-22.1204
  7880	-23.3548
  7881	-33.291
  7882	-26.4346
  7883	-18.1112
  7884	-27.3611
  7885	-30.6136
  7886	-21.1987
  7887	-27.6452
  7888	-33.7044
  7889	-28.4936
  7890	-31.0345
  7891	-29.9759
  7892	-29.4746
  7893	-27.1321
  7894	-24.9942
  7895	-16.0403
  7896	-15.1408
  7897	-17.2352
  7898	-17.0093
  7899	-14.7539
  7900	-9.88006
  7901	-8.72444
  7902	-8.57142
  7903	1.83424
  7904	6.70841
  7905	3.34155
  7906	-0.449853
  7907	4.55932
  7908	8.33887
  7909	-0.385837
  7910	5.17886
  7911	11.6313
  7912	3.45992
  7913	0.703194
  7914	13.5226
  7915	7.86494
  7916	-3.1989
  7917	5.09701
  7918	13.2027
  7919	2.40061
  7920	-4.26132
  7921	1.04725
  7922	-4.01458
  7923	-10.103
  7924	-8.74718
  7925	-8.75333
  7926	-5.75203
  7927	-4.34307
  7928	-5.63311
  7929	-7.12468
  7930	-9.4968
  7931	-12.0192
  7932	-15.2032
  7933	-12.6969
  7934	-17.3547
  7935	-19.953
  7936	-23.5995
  7937	-25.6935
  7938	-32.2725
  7939	-32.6032
  7940	-27.4851
  7941	-32.525
  7942	-31.1129
  7943	-26.7222
  7944	-29.9665
  7945	-30.0726
  7946	-29.3587
  7947	-36.7077
  7948	-35.5193
  7949	-32.2519
  7950	-31.0308
  7951	-33.4615
  7952	-31.0924
  7953	-25.6593
  7954	-28.7599
  7955	-27.3791
  7956	-22.8829
  7957	-19.7248
  7958	-17.3969
  7959	-17.9466
  7960	-19.685
  7961	-14.5694
  7962	-14.3599
  7963	-18.5533
  7964	-15.72
  7965	-10.8365
  7966	-15.8041
  7967	-14.4829
  7968	-12.103
  7969	-16.9369
  7970	-21.3852
  7971	-19.1356
  7972	-14.6693
  7973	-19.3666
  7974	-23.8271
  7975	-12.1026
  7976	-10.4922
  7977	-16.2159
  7978	-13.8335
  7979	-13.7071
  7980	-16.8143
  7981	-20.5015
  7982	-20.6217
  7983	-20.7018
  7984	-17.5012
  7985	-17.2242
  7986	-15.4322
  7987	-19.3012
  7988	-17.3506
  7989	-12.494
  7990	-7.05464
  7991	-8.38307
  7992	-3.28743
  7993	5.77748
  7994	4.12406
  7995	3.10486
  7996	4.3317
  7997	0.139442
  7998	-0.493652
  7999	5.71359
  8000	5.57067
  8001	0.0475878
  8002	5.05936
  8003	7.5035
  8004	1.36462
  8005	-0.545073
  8006	0.182088
  8007	2.95991
  8008	-4.81873
  8009	-10.631
  8010	-5.08644
  8011	-5.85183
  8012	-13.9939
  8013	-8.85063
  8014	-1.55798
  8015	-1.34716
  8016	0.0825223
  8017	7.23412
  8018	6.57656
  8019	2.34062
  8020	-0.32691
  8021	-2.17295
  8022	-1.9041
  8023	-8.31847
  8024	-1.98876
  8025	1.56347
  8026	-0.490056
  8027	2.07196
  8028	4.04832
  8029	3.56417
  8030	-2.61801
  8031	-1.88563
  8032	-0.870608
  8033	-7.40428
  8034	-3.51811
  8035	-0.680356
  8036	-3.97115
  8037	-6.62487
  8038	-6.446
  8039	0.797571
  8040	-3.26936
  8041	-11.6309
  8042	-6.75376
  8043	-3.11167
  8044	-7.35527
  8045	-10.9979
  8046	-13.7425
  8047	-13.5584
  8048	-14.8
  8049	-12.9771
  8050	-16.0413
  8051	-17.8085
  8052	-18.2834
  8053	-18.2282
  8054	-18.3772
  8055	-23.6574
  8056	-21.0111
  8057	-15.5654
  8058	-18.8931
  8059	-14.9648
  8060	-12.0761
  8061	-15.356
  8062	-13.7323
  8063	-17.1553
  8064	-18.0751
  8065	-21.2859
  8066	-22.3503
  8067	-15.842
  8068	-15.7716
  8069	-18.138
  8070	-15.694
  8071	-15.9498
  8072	-20.187
  8073	-25.6385
  8074	-21.0824
  8075	-19.6479
  8076	-24.7032
  8077	-20.1994
  8078	-20.0294
  8079	-26.9575
  8080	-27.598
  8081	-27.2584
  8082	-31.3534
  8083	-32.142
  8084	-29.6178
  8085	-32.1557
  8086	-32.215
  8087	-31.4188
  8088	-36.8406
  8089	-44.7196
  8090	-44.8275
  8091	-42.2935
  8092	-39.5777
  8093	-40.9683
  8094	-33.1344
  8095	-30.2422
  8096	-31.8352
  8097	-35.9124
  8098	-38.1473
  8099	-35.2501
  8100	-40.1522
  8101	-46.4208
  8102	-34.3121
  8103	-29.347
  8104	-31.0968
  8105	-30.6574
  8106	-30.4279
  8107	-27.9389
  8108	-34.0226
  8109	-33.5331
  8110	-31.5195
  8111	-34.3026
  8112	-27.6535
  8113	-28.3305
  8114	-36.9032
  8115	-28.898
  8116	-22.5174
  8117	-22.7255
  8118	-18.8151
  8119	-13.8916
  8120	-12.0219
  8121	-16.0153
  8122	-17.2705
  8123	-16.6085
  8124	-23.9759
  8125	-22.6806
  8126	-21.1538
  8127	-24.2121
  8128	-19.6114
  8129	-22.8012
  8130	-25.799
  8131	-21.6676
  8132	-27.521
  8133	-33.3462
  8134	-19.8594
  8135	-16.5851
  8136	-29.6702
  8137	-26.0915
  8138	-16.3116
  8139	-30.9623
  8140	-39.619
  8141	-29.4079
  8142	-20.817
  8143	-33.3589
  8144	-28.9093
  8145	-23.0665
  8146	-30.7166
  8147	-27.9785
  8148	-27.1418
  8149	-37.6292
  8150	-30.5951
  8151	-26.3359
  8152	-27.7332
  8153	-22.9539
  8154	-20.6465
  8155	-19.6279
  8156	-22.8981
  8157	-22.9264
  8158	-17.5056
  8159	-18.7291
  8160	-13.7289
  8161	-14.6211
  8162	-20.3406
  8163	-8.07831
  8164	-13.8266
  8165	-19.0191
  8166	-9.25557
  8167	-15.2875
  8168	-19.0773
  8169	-7.00109
  8170	-5.33091
  8171	-17.1261
  8172	-21.1479
  8173	-10.8829
  8174	-16.1886
  8175	-25.809
  8176	-24.5603
  8177	-20.0529
  8178	-27.2434
  8179	-26.5643
  8180	-24.6497
  8181	-32.3449
  8182	-31.6001
  8183	-26.3505
  8184	-32.8124
  8185	-31.4375
  8186	-21.186
  8187	-29.3739
  8188	-25.1879
  8189	-20.9776
  8190	-21.2571
  8191	-26.2417
  8192	-22.6073
  8193	-20.6974
  8194	-27.3554
  8195	-18.4855
  8196	-8.78483
  8197	-22.6647
  8198	-15.9784
  8199	-11.2589
  8200	-21.5791
  8201	-12.6242
  8202	-12.3298
  8203	-14.1533
  8204	-11.5765
  8205	-9.35683
  8206	-4.85834
  8207	-8.90698
  8208	-12.9951
  8209	-3.51206
  8210	-15.5409
  8211	-17.454
  8212	-7.11299
  8213	-10.9633
  8214	-13.2352
  8215	-5.1689
  8216	-13.6565
  8217	-19.7982
  8218	-7.02745
  8219	-0.648767
  8220	-8.63142
  8221	-7.29637
  8222	-3.62079
  8223	-12.4972
  8224	-10.7705
  8225	-7.12456
  8226	-9.55697
  8227	-4.67292
  8228	4.08941
  8229	-2.17182
  8230	2.71145
  8231	7.72496
  8232	-1.89485
  8233	0.465787
  8234	2.21769
  8235	0.21162
  8236	2.24614
  8237	-1.76013
  8238	-0.0573544
  8239	0.587699
  8240	-8.34658
  8241	-2.25886
  8242	0.379944
  8243	-1.33875
  8244	9.78549
  8245	10.7002
  8246	4.57898
  8247	8.70891
  8248	9.83561
  8249	8.00588
  8250	9.42892
  8251	9.79504
  8252	11.0824
  8253	16.8843
  8254	13.6578
  8255	2.9925
  8256	3.70913
  8257	5.31992
  8258	-4.06785
  8259	-1.70625
  8260	7.00978
  8261	-5.02912
  8262	-9.40129
  8263	-2.0566
  8264	-11.426
  8265	-15.7106
  8266	-8.88058
  8267	-5.20863
  8268	-1.13967
  8269	-5.39423
  8270	-13.9194
  8271	-7.06493
  8272	-4.15124
  8273	-12.1611
  8274	-13.1905
  8275	-5.75628
  8276	-7.94928
  8277	-15.5319
  8278	-10.6201
  8279	-6.58644
  8280	-16.1956
  8281	-18.7855
  8282	-18.427
  8283	-21.7473
  8284	-24.4623
  8285	-22.4122
  8286	-21.2021
  8287	-25.2685
  8288	-26.2051
  8289	-21.6818
  8290	-24.0627
  8291	-22.9054
  8292	-16.7039
  8293	-19.5233
  8294	-23.5947
  8295	-24.7364
  8296	-24.5827
  8297	-24.6907
  8298	-26.1732
  8299	-25.3204
  8300	-24.405
  8301	-19.9441
  8302	-20.6011
  8303	-19.8725
  8304	-14.5508
  8305	-13.126
  8306	-14.532
  8307	-10.2751
  8308	-10.4204
  8309	-9.31105
  8310	-8.00746
  8311	-16.2976
  8312	-16.2222
  8313	-14.0389
  8314	-17.6252
  8315	-21.5196
  8316	-16.1192
  8317	-11.7606
  8318	-17.0678
  8319	-16.7564
  8320	-10.7513
  8321	-11.5694
  8322	-12.6793
  8323	-15.0471
  8324	-13.2374
  8325	-10.703
  8326	-12.5487
  8327	-14.9017
  8328	-13.6741
  8329	-17.4471
  8330	-21.6587
  8331	-17.6763
  8332	-19.7641
  8333	-27.2749
  8334	-27.3459
  8335	-20.59
  8336	-17.2861
  8337	-22.9013
  8338	-21.7601
  8339	-15.4969
  8340	-13.6221
  8341	-8.85143
  8342	-14.9337
  8343	-17.2615
  8344	-11.2988
  8345	-9.92293
  8346	-15.5961
  8347	-20.487
  8348	-20.2465
  8349	-19.9621
  8350	-17.2895
  8351	-11.4061
  8352	-13.7262
  8353	-17.9522
  8354	-10.4306
  8355	-10.3842
  8356	-20.4118
  8357	-25.0871
  8358	-24.9653
  8359	-16.0383
  8360	-15.009
  8361	-24.0024
  8362	-24.0258
  8363	-23.8847
  8364	-27.0751
  8365	-34.8941
  8366	-36.2801
  8367	-27.1792
  8368	-31.0261
  8369	-34.4259
  8370	-33.812
  8371	-32.4343
  8372	-37.9963
  8373	-41.5676
  8374	-39.7082
  8375	-40.7847
  8376	-40.3456
  8377	-36.4008
  8378	-33.7813
  8379	-30.7254
  8380	-36.1848
  8381	-35.5125
  8382	-31.8198
  8383	-33.3555
  8384	-36.0237
  8385	-28.9362
  8386	-18.593
  8387	-17.5201
  8388	-17.1021
  8389	-13.5075
  8390	-13.2148
  8391	-16.4875
  8392	-15.0957
  8393	-12.1308
  8394	-13.5616
  8395	-9.65511
  8396	-9.44596
  8397	-14.1017
  8398	-12.6473
  8399	-10.6112
  8400	-11.7813
  8401	-10.8263
  8402	-5.12005
  8403	-5.38295
  8404	-7.47407
  8405	-4.425
  8406	-9.22266
  8407	-16.1331
  8408	-19.7281
  8409	-17.5377
  8410	-23.9664
  8411	-26.4914
  8412	-18.8124
  8413	-20.247
  8414	-30.4556
  8415	-27.5452
  8416	-27.8122
  8417	-34.2248
  8418	-38.4733
  8419	-30.913
  8420	-32.062
  8421	-37.9643
  8422	-36.8368
  8423	-32.3843
  8424	-32.9528
  8425	-35.4037
  8426	-33.125
  8427	-32.5068
  8428	-27.6175
  8429	-26.355
  8430	-20.8067
  8431	-15.6475
  8432	-13.1882
  8433	-13.8079
  8434	-11.8741
  8435	-13.5073
  8436	-9.42581
  8437	-2.21449
  8438	-7.66531
  8439	-7.27528
  8440	0.413811
  8441	-7.22196
  8442	-18.0586
  8443	-16.3685
  8444	-11.4756
  8445	-12.7575
  8446	-13.8941
  8447	-6.92944
  8448	-4.36116
  8449	-10.1525
  8450	-20.7334
  8451	-20.81
  8452	-20.3461
  8453	-29.9124
  8454	-24.0248
  8455	-19.6912
  8456	-33.8145
  8457	-32.6781
  8458	-28.6438
  8459	-31.9609
  8460	-31.3422
  8461	-26.8134
  8462	-21.2639
  8463	-21.3294
  8464	-24.5103
  8465	-18.8889
  8466	-21.6234
  8467	-27.1104
  8468	-22.8166
  8469	-23.6476
  8470	-27.5617
  8471	-21.7082
  8472	-14.7679
  8473	-16.8135
  8474	-21.1979
  8475	-21.7922
  8476	-20.3771
  8477	-22.5249
  8478	-23.5677
  8479	-18.9278
  8480	-18.3352
  8481	-27.1281
  8482	-26.4409
  8483	-28.5773
  8484	-29.2705
  8485	-31.1689
  8486	-20.9693
  8487	-21.9295
  8488	-27.6788
  8489	-17.254
  8490	-15.3087
  8491	-27.4406
  8492	-34.326
  8493	-29.999
  8494	-28.8059
  8495	-36.0018
  8496	-38.1888
  8497	-32.9975
  8498	-37.9414
  8499	-46.501
  8500	-54.2055
  8501	-60.0539
  8502	-62.2687
  8503	-58.1515
  8504	-59.7666
  8505	-65.0326
  8506	-73.7916
  8507	-69.3661
  8508	-66.9456
  8509	-70.139
  8510	-76.1267
  8511	-80.6131
  8512	-74.9781
  8513	-75.4054
  8514	-82.5958
  8515	-79.0358
  8516	-77.3105
  8517	-76.6286
  8518	-74.482
  8519	-69.996
  8520	-68.0839
  8521	-65.7703
  8522	-56.1859
  8523	-50.4502
  8524	-52.055
  8525	-45.9776
  8526	-31.4999
  8527	-28.3455
  8528	-23.2269
  8529	-14.6432
  8530	-12.2319
  8531	-11.0179
  8532	-8.99744
  8533	-4.32618
  8534	-7.38958
  8535	-3.90695
  8536	8.52796
  8537	5.64691
  8538	5.89495
  8539	8.02546
  8540	10.5279
  8541	11.3291
  8542	11.8038
  8543	13.0206
  8544	8.42757
  8545	7.34065
  8546	6.69788
  8547	4.20959
  8548	-1.72961
  8549	-6.00864
  8550	0.257375
  8551	-3.29547
  8552	-7.38582
  8553	-1.41964
  8554	-9.05293
  8555	-9.71032
  8556	-4.33887
  8557	-5.75937
  8558	-4.58233
  8559	-7.0096
  8560	-5.83297
  8561	-5.55868
  8562	-8.71868
  8563	-10.3558
  8564	-14.2141
  8565	-16.0265
  8566	-16.853
  8567	-21.6722
  8568	-18.8224
  8569	-22.4832
  8570	-23.594
  8571	-19.8904
  8572	-22.0551
  8573	-20.9533
  8574	-20.4841
  8575	-25.0031
  8576	-23.9278
  8577	-29.7242
  8578	-26.802
  8579	-23.7144
  8580	-29.4715
  8581	-22.1373
  8582	-21.2927
  8583	-22.3139
  8584	-21.1343
  8585	-14.7219
  8586	-12.3228
  8587	-15.6994
  8588	-9.43124
  8589	-8.0611
  8590	-8.27814
  8591	-3.66704
  8592	-7.58566
  8593	-7.35129
  8594	-7.03757
  8595	-10.019
  8596	-8.24794
  8597	-6.27139
  8598	-5.85759
  8599	-4.90715
  8600	-1.76888
  8601	-6.52133
  8602	-10.7827
  8603	-4.74904
  8604	-10.204
  8605	-13.5055
  8606	-14.1807
  8607	-17.5135
  8608	-14.0862
  8609	-18.4724
  8610	-18.5371
  8611	-13.1836
  8612	-16.536
  8613	-17.7478
  8614	-15.0557
  8615	-13.6755
  8616	-16.3192
  8617	-20.387
  8618	-19.1631
  8619	-15.6632
  8620	-21.0595
  8621	-21.1358
  8622	-18.6421
  8623	-17.6969
  8624	-19.1882
  8625	-21.8846
  8626	-13.2812
  8627	-16.4391
  8628	-18.611
  8629	-10.2691
  8630	-14.2198
  8631	-17.5073
  8632	-20.166
  8633	-25.7367
  8634	-23.9457
  8635	-20.6339
  8636	-19.2297
  8637	-20.0249
  8638	-16.9939
  8639	-14.9752
  8640	-13.7582
  8641	-18.2296
  8642	-21.7382
  8643	-12.8137
  8644	-15.2242
  8645	-24.4122
  8646	-19.3614
  8647	-16.0578
  8648	-18.9465
  8649	-24.1322
  8650	-23.6882
  8651	-22.903
  8652	-25.9707
  8653	-26.2408
  8654	-29.5233
  8655	-25.1519
  8656	-23.4925
  8657	-28.6857
  8658	-30.3827
  8659	-27.9733
  8660	-27.9374
  8661	-24.2234
  8662	-29.6215
  8663	-29.7916
  8664	-21.284
  8665	-20.6075
  8666	-23.898
  8667	-21.2236
  8668	-19.7182
  8669	-13.008
  8670	-13.9236
  8671	-19.1818
  8672	-13.3221
  8673	-11.7262
  8674	-16.259
  8675	-20.3211
  8676	-20.6679
  8677	-23.0757
  8678	-25.1181
  8679	-28.0947
  8680	-29.1036
  8681	-33.4394
  8682	-33.973
  8683	-33.1359
  8684	-37.0419
  8685	-42.4035
  8686	-40.2732
  8687	-35.0856
  8688	-32.5784
  8689	-36.0433
  8690	-32.9639
  8691	-30.7177
  8692	-33.0639
  8693	-27.7599
  8694	-30.0642
  8695	-27.8866
  8696	-24.4552
  8697	-24.8738
  8698	-23.4624
  8699	-20.5462
  8700	-21.4081
  8701	-20.1115
  8702	-25.0926
  8703	-29.7563
  8704	-23.4398
  8705	-24.2425
  8706	-27.6412
  8707	-24.5774
  8708	-27.2213
  8709	-28.9098
  8710	-25.7003
  8711	-23.5075
  8712	-19.9767
  8713	-17.0403
  8714	-11.5821
  8715	-15.1279
  8716	-14.2264
  8717	-5.87398
  8718	-6.61383
  8719	-11.3544
  8720	-13.5526
  8721	-7.54188
  8722	-1.89108
  8723	-15.0206
  8724	-17.8055
  8725	-7.92327
  8726	-8.19572
  8727	-11.4314
  8728	-7.38464
  8729	-2.13941
  8730	0.756177
  8731	3.60645
  8732	1.89631
  8733	0.923094
  8734	3.08121
  8735	3.65056
  8736	7.21817
  8737	7.97634
  8738	6.41323
  8739	12.3672
  8740	13.7602
  8741	11.6283
  8742	17.8427
  8743	16.7155
  8744	14.8368
  8745	13.7103
  8746	11.2244
  8747	7.27138
  8748	7.34106
  8749	8.09564
  8750	7.10808
  8751	5.25138
  8752	3.83081
  8753	3.97191
  8754	3.05296
  8755	0.374045
  8756	-2.47194
  8757	2.23373
  8758	3.37779
  8759	-3.57671
  8760	-4.93143
  8761	1.33268
  8762	-6.25864
  8763	-10.3342
  8764	-5.57302
  8765	-2.5502
  8766	0.369846
  8767	-5.50246
  8768	-6.55338
  8769	-1.38051
  8770	-11.7465
  8771	-8.65681
  8772	-5.40561
  8773	-11.2757
  8774	-4.56659
  8775	1.58279
  8776	-2.07348
  8777	-4.48255
  8778	1.71056
  8779	-0.772777
  8780	-9.34554
  8781	-3.2499
  8782	-3.90897
  8783	-8.3245
  8784	-1.87897
  8785	-4.56775
  8786	-6.17147
  8787	-1.02189
  8788	1.89273
  8789	4.25664
  8790	8.85213
  8791	14.7369
  8792	16.8527
  8793	16.2899
  8794	10.9957
  8795	12.5142
  8796	18.7118
  8797	10.827
  8798	8.14257
  8799	16.8929
  8800	18.6104
  8801	17.0588
  8802	12.5286
  8803	19.2468
  8804	25.7166
  8805	22.3938
  8806	25.36
  8807	30.8988
  8808	21.2456
  8809	18.1202
  8810	17.2454
  8811	8.18838
  8812	7.31722
  8813	16.4039
  8814	13.7346
  8815	5.32144
  8816	19.0889
  8817	15.5872
  8818	9.88887
  8819	12.5709
  8820	5.24242
  8821	1.23543
  8822	-3.14466
  8823	-7.74549
  8824	-10.8926
  8825	-8.87529
  8826	-4.12407
  8827	-12.861
  8828	-8.06535
  8829	-1.1211
  8830	-3.30079
  8831	2.85094
  8832	8.01575
  8833	5.59622
  8834	8.14472
  8835	10.0145
  8836	6.74344
  8837	3.33983
  8838	7.24799
  8839	8.50003
  8840	0.588766
  8841	6.61694
  8842	14.118
  8843	9.78986
  8844	17.0945
  8845	22.6884
  8846	19.4166
  8847	17.8025
  8848	23.8892
  8849	18.0186
  8850	11.8613
  8851	24.6684
  8852	21.2814
  8853	17.0354
  8854	23.8484
  8855	22.7786
  8856	25.1778
  8857	26.5376
  8858	20.4633
  8859	18.7128
  8860	22.5334
  8861	22.1225
  8862	9.9047
  8863	13.0353
  8864	12.9054
  8865	0.903507
  8866	-0.191748
  8867	2.16331
  8868	-3.72742
  8869	-7.51493
  8870	-2.44284
  8871	-6.39742
  8872	-13.0238
  8873	-7.5794
  8874	-5.99188
  8875	-15.8203
  8876	-10.1513
  8877	0.497396
  8878	-4.78835
  8879	-8.104
  8880	-1.39162
  8881	-1.95925
  8882	-7.85627
  8883	-1.36534
  8884	-3.44591
  8885	-7.13945
  8886	1.78246
  8887	4.22847
  8888	4.21154
  8889	6.18108
  8890	5.13876
  8891	6.45232
  8892	16.6024
  8893	17.3449
  8894	10.2314
  8895	20.0988
  8896	23.1524
  8897	12.7257
  8898	12.3085
  8899	16.9246
  8900	15.1091
  8901	13.1198
  8902	17.17
  8903	12.1459
  8904	8.08544
  8905	11.2286
  8906	8.78586
  8907	-1.47984
  8908	0.0111562
  8909	8.79795
  8910	1.00475
  8911	-8.68579
  8912	-3.57086
  8913	-5.24523
  8914	-13.9968
  8915	-7.94427
  8916	-2.39881
  8917	-4.86548
  8918	1.62454
  8919	9.779
  8920	5.22714
  8921	-3.20736
  8922	-3.48476
  8923	2.08
  8924	4.3804
  8925	-1.25186
  8926	-0.559528
  8927	15.1848
  8928	11.778
  8929	3.14727
  8930	6.29828
  8931	10.8093
  8932	2.73202
  8933	0.809181
  8934	6.92732
  8935	5.85677
  8936	4.44727
  8937	5.32136
  8938	3.08071
  8939	3.6943
  8940	6.06645
  8941	2.67121
  8942	2.28462
  8943	6.16649
  8944	4.6884
  8945	3.25736
  8946	3.59912
  8947	4.85439
  8948	2.17435
  8949	1.17026
  8950	6.98076
  8951	4.16462
  8952	-4.04986
  8953	6.79804
  8954	16.3745
  8955	3.14457
  8956	2.11645
  8957	13.4021
  8958	9.8947
  8959	5.78924
  8960	10.5847
  8961	14.6392
  8962	11.9946
  8963	14.8062
  8964	16.2716
  8965	6.67206
  8966	0.662255
  8967	2.23861
  8968	0.74263
  8969	-2.81327
  8970	-5.43901
  8971	-0.128244
  8972	3.07351
  8973	-3.43903
  8974	-3.41373
  8975	1.72471
  8976	-6.989
  8977	-7.93534
  8978	6.87909
  8979	-2.61008
  8980	-9.68116
  8981	-0.232122
  8982	-5.12166
  8983	-12.6712
  8984	-3.32871
  8985	3.00098
  8986	-3.47748
  8987	-1.73125
  8988	10.1654
  8989	9.98655
  8990	4.84235
  8991	9.00773
  8992	10.5883
  8993	7.52566
  8994	2.37711
  8995	-1.62507
  8996	1.25357
  8997	-7.05941
  8998	-17.3266
  8999	-9.29174
  9000	-17.2872
  9001	-22.0052
  9002	-17.3655
  9003	-14.4427
  9004	-23.7296
  9005	-31.2756
  9006	-22.2526
  9007	-24.1044
  9008	-34.4644
  9009	-33.4202
  9010	-28.4135
  9011	-30.5835
  9012	-35.1618
  9013	-33.8987
  9014	-37.1793
  9015	-38.9992
  9016	-28.1487
  9017	-32.2035
  9018	-29.8366
  9019	-19.0307
  9020	-14.753
  9021	-21.1527
  9022	-17.9268
  9023	-11.5016
  9024	-12.8517
  9025	-9.89721
  9026	-6.33787
  9027	-6.61063
  9028	0.766802
  9029	-0.599918
  9030	-3.7828
  9031	2.6716
  9032	4.80804
  9033	-1.30044
  9034	3.31627
  9035	8.14155
  9036	1.71561
  9037	1.09825
  9038	6.07565
  9039	4.9159
  9040	-4.20208
  9041	-2.9952
  9042	4.70564
  9043	-1.45257
  9044	-9.35015
  9045	-0.247164
  9046	-1.84052
  9047	-5.14159
  9048	-3.64213
  9049	-4.89093
  9050	-6.37748
  9051	-5.48834
  9052	-9.95051
  9053	-13.9014
  9054	-10.6649
  9055	-9.42031
  9056	-16.8187
  9057	-11.567
  9058	-7.7218
  9059	-21.6699
  9060	-7.73732
  9061	-1.31522
  9062	-13.1535
  9063	-1.94663
  9064	8.37281
  9065	1.53388
  9066	0.989905
  9067	4.87303
  9068	3.86398
  9069	6.40162
  9070	7.2635
  9071	3.87031
  9072	9.68453
  9073	15.9539
  9074	11.4447
  9075	10.6461
  9076	17.8781
  9077	15.3982
  9078	15.6067
  9079	17.5181
  9080	16.1023
  9081	14.047
  9082	12.3086
  9083	11.4167
  9084	4.81141
  9085	5.03551
  9086	4.23841
  9087	3.55542
  9088	7.16408
  9089	4.34951
  9090	-2.34069
  9091	-4.24187
  9092	0.366254
  9093	1.38862
  9094	-3.47427
  9095	3.64996
  9096	2.9986
  9097	-3.92927
  9098	-2.01567
  9099	-1.90367
  9100	-2.42629
  9101	2.17999
  9102	5.51208
  9103	8.41807
  9104	12.9305
  9105	8.30841
  9106	7.15115
  9107	12.6642
  9108	12.7716
  9109	9.96474
  9110	11.9897
  9111	17.0995
  9112	15.2255
  9113	12.2763
  9114	10.1043
  9115	10.1085
  9116	12.1574
  9117	18.0572
  9118	17.2066
  9119	7.97306
  9120	11.6343
  9121	11.6372
  9122	2.13078
  9123	0.364923
  9124	5.63929
  9125	5.91949
  9126	3.05825
  9127	17.3598
  9128	11.1621
  9129	-4.02645
  9130	5.71405
  9131	4.2035
  9132	-6.88497
  9133	-1.26697
  9134	7.84539
  9135	6.95317
  9136	3.50755
  9137	0.77016
  9138	-4.73028
  9139	-2.2397
  9140	3.06597
  9141	3.71607
  9142	10.5704
  9143	13.2115
  9144	7.49268
  9145	7.19635
  9146	5.30242
  9147	-1.00294
  9148	9.69256
  9149	15.7578
  9150	11.2247
  9151	16.8689
  9152	22.3949
  9153	17.1172
  9154	10.6533
  9155	17.3662
  9156	18.2117
  9157	18.0074
  9158	25.9841
  9159	29.4496
  9160	24.9927
  9161	23.2309
  9162	23.1589
  9163	19.2311
  9164	18.4975
  9165	25.8907
  9166	19.9936
  9167	10.8595
  9168	12.5054
  9169	14.395
  9170	4.57216
  9171	6.41444
  9172	14.1397
  9173	12.0888
  9174	14.8543
  9175	11.8522
  9176	8.86567
  9177	11.6118
  9178	3.83547
  9179	0.185974
  9180	5.1908
  9181	-2.45542
  9182	-10.426
  9183	0.539059
  9184	1.61331
  9185	-13.9448
  9186	-10.606
  9187	-2.76225
  9188	-9.65303
  9189	-13.5551
  9190	-10.1606
  9191	-11.5451
  9192	-15.5088
  9193	-11.7424
  9194	-10.9697
  9195	-10.5722
  9196	-6.28192
  9197	-7.05681
  9198	-8.42322
  9199	-9.06868
  9200	-1.24969
  9201	-5.62367
  9202	-9.31217
  9203	-0.411151
  9204	-1.69489
  9205	-6.89333
  9206	-6.9272
  9207	-5.19386
  9208	-2.16135
  9209	4.0176
  9210	5.64736
  9211	7.16465
  9212	17.4165
  9213	15.8969
  9214	7.13877
  9215	12.9876
  9216	13.3226
  9217	5.19134
  9218	9.58951
  9219	8.85987
  9220	-0.907631
  9221	3.86903
  9222	4.37768
  9223	-7.09813
  9224	-4.08263
  9225	10.1707
  9226	8.75011
  9227	2.10045
  9228	4.95153
  9229	3.87319
  9230	0.946634
  9231	-4.54244
  9232	-6.02201
  9233	-8.15408
  9234	-11.9403
  9235	-10.6838
  9236	-5.39055
  9237	-10.8757
  9238	-11.9281
  9239	-3.66831
  9240	-0.789793
  9241	-6.82667
  9242	-7.33691
  9243	1.52694
  9244	0.675709
  9245	-8.0876
  9246	-8.57201
  9247	-3.34034
  9248	-8.82105
  9249	-10.1453
  9250	2.04944
  9251	2.13701
  9252	-13.3579
  9253	-9.43329
  9254	-5.14679
  9255	-5.15851
  9256	-0.720973
  9257	7.01931
  9258	-1.22096
  9259	-2.64679
  9260	11.5513
  9261	2.63192
  9262	-7.83793
  9263	0.808415
  9264	6.08898
  9265	1.34555
  9266	0.838478
  9267	3.50721
  9268	5.5002
  9269	6.2693
  9270	10.4697
  9271	9.78375
  9272	10.7962
  9273	12.5304
  9274	12.0627
  9275	8.07182
  9276	3.89989
  9277	2.03758
  9278	2.88136
  9279	3.02012
  9280	0.163028
  9281	-3.44594
  9282	2.38903
  9283	-5.63444
  9284	-14.4069
  9285	0.157861
  9286	-4.70482
  9287	-8.73986
  9288	-1.9912
  9289	-1.91513
  9290	-11.7545
  9291	-15.9512
  9292	-14.3813
  9293	-17.0095
  9294	-16.7866
  9295	-3.40558
  9296	-10.964
  9297	-9.68998
  9298	-0.750656
  9299	-6.64881
  9300	-7.55199
  9301	-3.1136
  9302	2.3931
  9303	-2.23463
  9304	-2.4091
  9305	-1.51409
  9306	-4.43274
  9307	-4.88342
  9308	-5.30582
  9309	-6.09072
  9310	-3.68873
  9311	-3.09396
  9312	-2.61054
  9313	-4.11296
  9314	1.64543
  9315	-1.97044
  9316	-5.46906
  9317	1.73536
  9318	-0.993417
  9319	-7.71361
  9320	-0.436767
  9321	-2.40322
  9322	-6.54695
  9323	-2.25786
  9324	-1.09683
  9325	-7.84179
  9326	-10.1792
  9327	1.29184
  9328	-0.402897
  9329	-11.2101
  9330	-3.9077
  9331	-4.23451
  9332	-8.18391
  9333	-5.4122
  9334	-10.0075
  9335	-11.0123
  9336	-13.821
  9337	-16.5775
  9338	-20.9162
  9339	-25.086
  9340	-24.7685
  9341	-23.7968
  9342	-23.2824
  9343	-23.6517
  9344	-29.3831
  9345	-23.6407
  9346	-12.4519
  9347	-16.2468
  9348	-20.2383
  9349	-9.47583
  9350	-14.0968
  9351	-21.8673
  9352	-15.1753
  9353	-19.3659
  9354	-18.1351
  9355	-14.9422
  9356	-16.14
  9357	-21.0613
  9358	-24.3118
  9359	-17.909
  9360	-18.9354
  9361	-28.0596
  9362	-25.1235
  9363	-23.2746
  9364	-26.6033
  9365	-23.6163
  9366	-28.2296
  9367	-30.648
  9368	-29.7197
  9369	-35.4512
  9370	-37.8591
  9371	-27.7615
  9372	-28.3843
  9373	-30.9409
  9374	-31.8686
  9375	-26.8869
  9376	-33.8616
  9377	-34.4288
  9378	-25.0681
  9379	-30.7962
  9380	-34.7777
  9381	-20.4383
  9382	-21.5835
  9383	-29.5728
  9384	-23.7596
  9385	-17.9508
  9386	-21.5956
  9387	-24.2439
  9388	-24.4501
  9389	-16.174
  9390	-12.1452
  9391	-19.5518
  9392	-18.2074
  9393	-15.4751
  9394	-13.7588
  9395	-12.9597
  9396	-10.9054
  9397	-8.80154
  9398	-14.159
  9399	-13.0718
  9400	-8.95731
  9401	-22.4618
  9402	-25.489
  9403	-11.5089
  9404	-19.2117
  9405	-24.9019
  9406	-14.8974
  9407	-10.3372
  9408	-14.2754
  9409	-14.7149
  9410	-9.09046
  9411	-9.36415
  9412	-21.2226
  9413	-16.6864
  9414	-20.205
  9415	-23.6705
  9416	-20.5393
  9417	-18.2558
  9418	-19.5381
  9419	-14.9555
  9420	-15.3775
  9421	-19.0402
  9422	-23.0877
  9423	-24.7672
  9424	-16.046
  9425	-17.8125
  9426	-16.3996
  9427	-13.4901
  9428	-15.3582
  9429	-17.0942
  9430	-18.5014
  9431	-21.2651
  9432	-17.5885
  9433	-21.4521
  9434	-16.5625
  9435	-10.1486
  9436	-13.1524
  9437	-15.5373
  9438	-4.08935
  9439	-7.43309
  9440	-12.3353
  9441	-9.53499
  9442	-0.177166
  9443	0.216734
  9444	-4.46225
  9445	-3.92934
  9446	-2.47991
  9447	-7.91206
  9448	-5.60176
  9449	0.488652
  9450	-0.00068579
  9451	0.734865
  9452	4.15824
  9453	6.33223
  9454	5.94942
  9455	3.39901
  9456	2.22747
  9457	10.6826
  9458	3.34273
  9459	0.903562
  9460	9.75076
  9461	0.507315
  9462	1.54114
  9463	-0.578441
  9464	-7.78559
  9465	-8.92983
  9466	-11.221
  9467	-7.95771
  9468	-12.8839
  9469	-17.1672
  9470	-15.2621
  9471	-18.2642
  9472	-18.5171
  9473	-16.2817
  9474	-14.2379
  9475	-20.9422
  9476	-22.3017
  9477	-15.4969
  9478	-14.0043
  9479	-19.5461
  9480	-16.9458
  9481	-9.9728
  9482	-9.15404
  9483	-20.75
  9484	-17.7282
  9485	-11.1022
  9486	-14.665
  9487	-15.5585
  9488	-14.0257
  9489	-13.5805
  9490	-11.4985
  9491	-12.554
  9492	-11.6783
  9493	-12.7234
  9494	-10.9759
  9495	-3.49185
  9496	-4.30665
  9497	1.58313
  9498	-2.27405
  9499	-5.43523
  9500	1.1586
  9501	-2.11257
  9502	-0.345321
  9503	8.51875
  9504	9.60086
  9505	9.0861
  9506	10.1776
  9507	10.464
  9508	7.32717
  9509	8.61483
  9510	10.1744
  9511	7.87142
  9512	3.8714
  9513	1.56038
  9514	5.81272
  9515	-3.7864
  9516	-14.5225
  9517	-7.49043
  9518	-7.49587
  9519	-14.1771
  9520	-11.4887
  9521	-8.28117
  9522	-12.9042
  9523	-23.7628
  9524	-23.208
  9525	-18.5603
  9526	-23.9609
  9527	-22.2346
  9528	-16.9881
  9529	-18.3991
  9530	-21.9719
  9531	-17.6468
  9532	-15.4718
  9533	-18.4813
  9534	-18.7772
  9535	-10.997
  9536	-17.0102
  9537	-21.6277
  9538	-18.2618
  9539	-17.7406
  9540	-20.3073
  9541	-20.8766
  9542	-19.4244
  9543	-22.1542
  9544	-20.9148
  9545	-14.8978
  9546	-13.6275
  9547	-15.5455
  9548	-11.8527
  9549	-10.723
  9550	-13.7561
  9551	-9.94278
  9552	-1.72445
  9553	-5.84589
  9554	-11.6684
  9555	-3.52667
  9556	-6.73078
  9557	-11.1073
  9558	-9.95143
  9559	-8.18991
  9560	-12.6457
  9561	-13.5786
  9562	-7.60632
  9563	-4.62583
  9564	-7.01965
  9565	2.50112
  9566	5.45189
  9567	1.736
  9568	3.82448
  9569	4.82325
  9570	0.848078
  9571	-9.68436
  9572	-12.5816
  9573	-10.8469
  9574	-18.9251
  9575	-19.0458
  9576	-12.3919
  9577	-14.4781
  9578	-16.7764
  9579	-22.3583
  9580	-21.4688
  9581	-19.3907
  9582	-20.7506
  9583	-22.1808
  9584	-19.3858
  9585	-18.524
  9586	-23.1357
  9587	-25.5878
  9588	-27.8159
  9589	-32.7575
  9590	-34.9165
  9591	-28.4338
  9592	-24.5943
  9593	-26.6128
  9594	-24.1776
  9595	-13.1388
  9596	-18.008
  9597	-22.1557
  9598	-18.8731
  9599	-15.3802
  9600	-17.8745
  9601	-21.262
  9602	-23.9228
  9603	-21.9411
  9604	-24.1229
  9605	-21.8953
  9606	-21.8238
  9607	-23.5059
  9608	-19.9119
  9609	-20.1352
  9610	-15.2791
  9611	-16.9373
  9612	-21.549
  9613	-19.0005
  9614	-16.4004
  9615	-27.5751
  9616	-17.3633
  9617	-15.854
  9618	-19.3222
  9619	-20.4919
  9620	-21.8999
  9621	-30.8893
  9622	-26.7994
  9623	-25.7571
  9624	-26.6482
  9625	-30.0779
  9626	-30.1301
  9627	-26.567
  9628	-27.3801
  9629	-23.8644
  9630	-22.6943
  9631	-21.1571
  9632	-13.5067
  9633	-13.9907
  9634	-20.42
  9635	-8.63252
  9636	-10.7397
  9637	-13.5907
  9638	-14.1577
  9639	-18.3235
  9640	-18.9476
  9641	-17.7984
  9642	-17.4682
  9643	-10.8534
  9644	-16.0262
  9645	-22.5875
  9646	-9.77879
  9647	-11.513
  9648	-15.7521
  9649	-8.80297
  9650	-8.09693
  9651	-9.71112
  9652	-4.87289
  9653	-9.58754
  9654	-7.18559
  9655	-8.94562
  9656	-7.21337
  9657	-9.33467
  9658	-12.873
  9659	-11.6461
  9660	-8.77237
  9661	-11.9914
  9662	-16.3267
  9663	-16.4562
  9664	-19.5182
  9665	-17.2353
  9666	-19.09
  9667	-22.8389
  9668	-21.0075
  9669	-15.8637
  9670	-16.9201
  9671	-18.8743
  9672	-24.8763
  9673	-18.203
  9674	-7.08165
  9675	-15.1211
  9676	-18.6498
  9677	-9.14828
  9678	-5.08322
  9679	-7.75564
  9680	-12.6733
  9681	-4.60944
  9682	-2.5312
  9683	-11.9941
  9684	1.36378
  9685	5.42317
  9686	-3.86349
  9687	-1.40884
  9688	10.4955
  9689	3.93032
  9690	-3.76619
  9691	1.18841
  9692	12.0247
  9693	5.53822
  9694	-2.15193
  9695	7.41434
  9696	16.6892
  9697	5.13282
  9698	-3.52641
  9699	4.44116
  9700	0.788694
  9701	0.786057
  9702	2.93878
  9703	-0.47184
  9704	-9.84317
  9705	-11.4846
  9706	-2.69689
  9707	-11.3741
  9708	-26.1936
  9709	-13.0576
  9710	-11.1986
  9711	-22.0462
  9712	-14.5314
  9713	-10.3006
  9714	-13.0967
  9715	-13.7321
  9716	-12.0163
  9717	-15.2438
  9718	-16.6181
  9719	-15.919
  9720	-13.8517
  9721	-21.5785
  9722	-29.0886
  9723	-26.8099
  9724	-23.8428
  9725	-24.5962
  9726	-22.4118
  9727	-20.9476
  9728	-22.3898
  9729	-17.4346
  9730	-20.0276
  9731	-19.0463
  9732	-21.3966
  9733	-22.5026
  9734	-18.6173
  9735	-20.0228
  9736	-23.9267
  9737	-17.331
  9738	-16.2167
  9739	-14.4606
  9740	-22.2186
  9741	-21.2237
  9742	-14.3206
  9743	-24.5797
  9744	-26.366
  9745	-15.2588
  9746	-17.2184
  9747	-17.4591
  9748	-13.6368
  9749	-11.1308
  9750	-7.52798
  9751	-11.8695
  9752	-8.16412
  9753	-2.85177
  9754	-4.86544
  9755	-4.16978
  9756	-0.530904
  9757	-4.60573
  9758	-8.52805
  9759	-1.04025
  9760	-2.45301
  9761	-8.75961
  9762	-10.4188
  9763	-5.25072
  9764	-5.69859
  9765	-13.6954
  9766	-18.0442
  9767	-15.1367
  9768	-20.3873
  9769	-19.4054
  9770	-18.9583
  9771	-20.4942
  9772	-19.5447
  9773	-19.5499
  9774	-18.1339
  9775	-13.7914
  9776	-12.1207
  9777	-4.94727
  9778	-3.2093
  9779	-5.88419
  9780	4.47092
  9781	2.78702
  9782	-0.687942
  9783	-1.46261
  9784	-1.75298
  9785	1.93816
  9786	1.22744
  9787	0.645559
  9788	7.61345
  9789	7.7504
  9790	9.27248
  9791	10.7801
  9792	7.64838
  9793	6.16331
  9794	4.34877
  9795	-2.49124
  9796	-2.09214
  9797	-1.08872
  9798	-8.18104
  9799	-8.01555
  9800	-8.66503
  9801	-14.598
  9802	-10.4218
  9803	-7.81267
  9804	-9.1265
  9805	-14.5953
  9806	-9.9145
  9807	4.2723
  9808	-9.7845
  9809	-20.4847
  9810	-14.8773
  9811	-20.1895
  9812	-22.5153
  9813	-18.6882
  9814	-18.4811
  9815	-17.6858
  9816	-16.0556
  9817	-11.6795
  9818	-16.5221
  9819	-25.711
  9820	-22.8933
  9821	-21.1539
  9822	-22.6599
  9823	-20.3307
  9824	-24.661
  9825	-18.2521
  9826	-19.2527
  9827	-24.3871
  9828	-20.203
  9829	-19.3
  9830	-20.8548
  9831	-21.5274
  9832	-20.4696
  9833	-18.8357
  9834	-18.5965
  9835	-23.6049
  9836	-19.4743
  9837	-18.3926
  9838	-18.2937
  9839	-9.19675
  9840	-7.07444
  9841	-7.20465
  9842	-0.950696
  9843	-5.48601
  9844	-11.3487
  9845	-8.8259
  9846	-6.57846
  9847	-9.76066
  9848	-9.43604
  9849	-12.7061
  9850	-13.8436
  9851	-11.5457
  9852	-15.2263
  9853	-16.7049
  9854	-17.9667
  9855	-12.9148
  9856	-11.7387
  9857	-11.2726
  9858	-4.18029
  9859	-6.41986
  9860	-7.38213
  9861	-6.10264
  9862	-13.0527
  9863	-12.6613
  9864	-3.81937
  9865	1.75603
  9866	0.465938
  9867	0.877481
  9868	7.26699
  9869	8.06986
  9870	1.89721
  9871	6.15195
  9872	5.75525
  9873	-1.45319
  9874	8.6759
  9875	10.4343
  9876	6.26986
  9877	9.43436
  9878	12.4908
  9879	7.0338
  9880	9.0946
  9881	10.4538
  9882	4.46087
  9883	10.5595
  9884	10.5284
  9885	1.10402
  9886	-2.89679
  9887	-0.191049
  9888	-1.7793
  9889	-4.24886
  9890	-3.67071
  9891	-2.20319
  9892	-6.58171
  9893	-4.93342
  9894	-2.65257
  9895	-6.63003
  9896	-8.59298
  9897	-3.69265
  9898	-7.64124
  9899	-4.20113
  9900	-0.899244
  9901	-5.66368
  9902	-5.93621
  9903	-7.92364
  9904	-12.8223
  9905	-8.78361
  9906	-7.77574
  9907	-13.9004
  9908	-7.94408
  9909	-5.00489
  9910	-12.7868
  9911	-12.3375
  9912	-7.48155
  9913	-11.7855
  9914	-16.792
  9915	-13.1057
  9916	-5.67067
  9917	-12.324
  9918	-18.1929
  9919	-10.8632
  9920	-15.9013
  9921	-20.5797
  9922	-22.4362
  9923	-27.1166
  9924	-29.4545
  9925	-24.7209
  9926	-26.2807
  9927	-29.8428
  9928	-26.0109
  9929	-19.7132
  9930	-22.2641
  9931	-27.1152
  9932	-25.255
  9933	-27.2608
  9934	-26.6029
  9935	-24.7447
  9936	-25.6467
  9937	-24.8039
  9938	-14.0636
  9939	-14.8834
  9940	-12.931
  9941	-7.09852
  9942	-13.6359
  9943	-15.8541
  9944	-10.7002
  9945	-20.0122
  9946	-25.0136
  9947	-24.4552
  9948	-15.9595
  9949	-24.2489
  9950	-30.9592
  9951	-25.5179
  9952	-21.4361
  9953	-25.7318
  9954	-25.3591
  9955	-23.3882
  9956	-19.4712
  9957	-18.8167
  9958	-12.4897
  9959	-9.13739
  9960	-7.77089
  9961	-3.59565
  9962	-1.49589
  9963	3.05904
  9964	-1.75685
  9965	0.853253
  9966	10.518
  9967	6.80577
  9968	-0.368321
  9969	0.931801
  9970	5.91973
  9971	3.93621
  9972	-4.23104
  9973	-0.588362
  9974	1.70777
  9975	-4.27277
  9976	-1.23203
  9977	-4.14041
  9978	-5.4464
  9979	-5.39775
  9980	-5.60362
  9981	-7.03893
  9982	-7.70047
  9983	-13.3576
  9984	-7.95712
  9985	-6.08005
  9986	-3.97252
  9987	-12.4783
  9988	-6.97215
  9989	0.318188
  9990	-2.58098
  9991	-6.86012
  9992	-6.34754
  9993	-6.08519
  9994	-6.18745
  9995	-9.6152
  9996	-3.24072
  9997	-6.17507
  9998	-11.6992
  9999	-4.83689
 10000	-3.81444
 10001	-2.89252
 10002	-11.3737
 10003	-8.1144
 10004	8.49645
 10005	7.07105
 10006	-3.28696
 10007	-2.11295
 10008	-1.95958
 10009	-3.78329
 10010	-6.83431
 10011	-10.7311
 10012	-10.9487
 10013	-7.42625
 10014	-6.81532
 10015	-10.7333
 10016	-16.0994
 10017	-20.7036
 10018	-14.8688
 10019	-14.332
 10020	-21.0614
 10021	-22.3054
 10022	-19.0888
 10023	-19.3201
 10024	-24.3173
 10025	-37.6677
 10026	-35.9881
 10027	-35.3759
 10028	-35.9704
 10029	-31.058
 10030	-37.4557
 10031	-35.719
 10032	-31.3529
 10033	-37.4199
 10034	-46.9539
 10035	-43.2661
 10036	-33.9865
 10037	-28.3236
 10038	-35.9425
 10039	-31.3579
 10040	-23.6678
 10041	-18.0955
 10042	-18.5147
 10043	-18.4836
 10044	-16.3528
 10045	-10.634
 10046	-15.1211
 10047	-15.9532
 10048	-9.00887
 10049	-10.2627
 10050	-12.8547
 10051	-9.25945
 10052	-14.3438
 10053	-14.9202
 10054	-9.71951
 10055	-7.24791
 10056	-10.6028
 10057	-12.7006
 10058	-9.91186
 10059	-7.97924
 10060	-11.1597
 10061	-11.3521
 10062	-11.9421
 10063	-14.8477
 10064	-5.63878
 10065	-9.14711
 10066	-13.0947
 10067	-7.91026
 10068	0.454939
 10069	0.818683
 10070	-5.3456
 10071	-8.15388
 10072	-0.183833
 10073	-3.14211
 10074	-10.3694
 10075	-8.42092
 10076	-4.52964
 10077	-4.72205
 10078	-2.62873
 10079	1.97522
 10080	-3.18563
 10081	-9.22535
 10082	-2.99612
 10083	4.66958
 10084	-1.91905
 10085	-8.58786
 10086	0.430106
 10087	4.57428
 10088	-4.63245
 10089	1.29498
 10090	0.897812
 10091	-0.299954
 10092	3.42457
 10093	9.6958
 10094	4.51189
 10095	3.02735
 10096	10.6828
 10097	13.3677
 10098	5.35293
 10099	6.52057
 10100	12.619
 10101	12.2312
 10102	8.90142
 10103	10.842
 10104	13.3213
 10105	12.5782
 10106	11.6358
 10107	16.4173
 10108	15.5359
 10109	14.445
 10110	13.3192
 10111	23.032
 10112	22.3976
 10113	14.4293
 10114	22.3159
 10115	25.6067
 10116	16.8133
 10117	11.6202
 10118	17.8698
 10119	22.2462
 10120	13.9256
 10121	13.0466
 10122	20.1307
 10123	18.3971
 10124	13.7846
 10125	14.9595
 10126	15.5976
 10127	7.68659
 10128	8.69115
 10129	12.8521
 10130	8.69987
 10131	7.47758
 10132	8.54139
 10133	9.64259
 10134	9.41864
 10135	7.29453
 10136	10.4235
 10137	12.0463
 10138	5.95035
 10139	5.22168
 10140	8.94796
 10141	10.1277
 10142	2.73703
 10143	9.52915
 10144	11.8247
 10145	-5.97563
 10146	-1.75606
 10147	6.53231
 10148	-1.73713
 10149	-9.23877
 10150	-2.17673
 10151	5.60601
 10152	-2.72611
 10153	-11.7638
 10154	-6.14037
 10155	-12.7113
 10156	-10.2433
 10157	-8.26645
 10158	-13.8346
 10159	-14.9377
 10160	-12.9579
 10161	-12.939
 10162	-18.5214
 10163	-20.7982
 10164	-18.4426
 10165	-21.35
 10166	-17.5847
 10167	-20.4501
 10168	-23.7973
 10169	-21.1758
 10170	-22.4365
 10171	-22.1619
 10172	-25.9645
 10173	-25.0187
 10174	-21.0447
 10175	-17.8688
 10176	-13.3115
 10177	-18.2069
 10178	-16.6702
 10179	-4.05026
 10180	-8.56429
 10181	-10.6855
 10182	1.0218
 10183	5.09509
 10184	2.18675
 10185	-1.47559
 10186	6.63862
 10187	6.84001
 10188	5.7448
 10189	6.25327
 10190	6.44716
 10191	11.1797
 10192	11.521
 10193	7.99646
 10194	13.3759
 10195	12.9584
 10196	11.5886
 10197	10.9466
 10198	9.39471
 10199	15.4913
 10200	5.97107
 10201	4.08872
 10202	5.64779
 10203	1.91503
 10204	2.15573
 10205	-4.4003
 10206	-6.97641
 10207	-5.57535
 10208	-10.1079
 10209	-10.0383
 10210	-15.2615
 10211	-11.5558
 10212	-14.1835
 10213	-20.6196
 10214	-19.5847
 10215	-21.8482
 10216	-22.8428
 10217	-19.5915
 10218	-20.8631
 10219	-24.7544
 10220	-20.4635
 10221	-10.3746
 10222	-20.9742
 10223	-21.7072
 10224	0.102994
 10225	-4.73052
 10226	-12.9674
 10227	-7.482
 10228	-4.39382
 10229	-3.03051
 10230	-6.73027
 10231	-3.50617
 10232	0.763955
 10233	-9.3627
 10234	-4.04865
 10235	-2.21109
 10236	-13.8982
 10237	-17.7666
 10238	-17.7165
 10239	-9.23467
 10240	-14.7764
 10241	-14.6091
 10242	-10.8269
 10243	-7.17442
 10244	-6.38546
 10245	-16.9338
 10246	-20.8654
 10247	-15.966
 10248	-23.4668
 10249	-23.1997
 10250	-27.8398
 10251	-26.9638
 10252	-20.7003
 10253	-28.8822
 10254	-29.3058
 10255	-30.2489
 10256	-30.493
 10257	-28.9184
 10258	-38.2552
 10259	-37.3589
 10260	-35.3555
 10261	-39.8896
 10262	-39.035
 10263	-40.6538
 10264	-42.2949
 10265	-42.4168
 10266	-44.5513
 10267	-43.2855
 10268	-44.5822
 10269	-38.8092
 10270	-38.6666
 10271	-39.6757
 10272	-39.4318
 10273	-42.3008
 10274	-41.7829
 10275	-40.8913
 10276	-43.8438
 10277	-39.5378
 10278	-44.1779
 10279	-40.9171
 10280	-37.8898
 10281	-43.7445
 10282	-40.6184
 10283	-46.1153
 10284	-43.475
 10285	-46.0907
 10286	-55.7957
 10287	-44.2173
 10288	-48.7885
 10289	-52.7729
 10290	-57.3345
 10291	-55.1472
 10292	-50.7611
 10293	-59.5889
 10294	-57.1264
 10295	-47.8676
 10296	-55.3386
 10297	-44.2965
 10298	-44.9821
 10299	-48.7109
 10300	-45.3079
 10301	-44.6193
 10302	-47.5953
 10303	-47.9921
 10304	-42.0697
 10305	-46.8738
 10306	-47.2233
 10307	-38.9596
 10308	-41.103
 10309	-45.0771
 10310	-36.8111
 10311	-36.5082
 10312	-38.4656
 10313	-40.9616
 10314	-37.399
 10315	-41.9166
 10316	-44.0822
 10317	-40.3237
 10318	-44.9552
 10319	-41.0287
 10320	-46.8435
 10321	-51.9135
 10322	-40.7529
 10323	-44.7034
 10324	-41.6088
 10325	-35.7052
 10326	-41.1553
 10327	-42.5916
 10328	-44.4508
 10329	-41.8208
 10330	-41.0478
 10331	-44.7532
 10332	-34.9899
 10333	-45.7116
 10334	-38.2324
 10335	-31.4002
 10336	-32.9229
 10337	-31.3157
 10338	-27.266
 10339	-25.2486
 10340	-25.6652
 10341	-35.0793
 10342	-33.3806
 10343	-30.0299
 10344	-25.1564
 10345	-31.7158
 10346	-35.4799
 10347	-27.4554
 10348	-28.8216
 10349	-30.9558
 10350	-31.4712
 10351	-26.6688
 10352	-25.1312
 10353	-27.8388
 10354	-20.8675
 10355	-15.5273
 10356	-20.6023
 10357	-12.2221
 10358	-18.9547
 10359	-25.0949
 10360	-20.7607
 10361	-21.3635
 10362	-18.0934
 10363	-21.0096
 10364	-19.0989
 10365	-19.7562
 10366	-20.4784
 10367	-15.4718
 10368	-14.757
 10369	-11.9694
 10370	-5.69891
 10371	-11.2215
 10372	-6.43266
 10373	-5.75026
 10374	-6.54768
 10375	-4.56711
 10376	-10.104
 10377	-18.3951
 10378	-19.953
 10379	-16.0346
 10380	-18.9299
 10381	-26.4518
 10382	-22.1574
 10383	-21.7525
 10384	-17.0457
 10385	-13.8676
 10386	-22.2049
 10387	-16.8788
 10388	-12.4906
 10389	-19.8976
 10390	-21.2536
 10391	-23.0961
 10392	-11.8227
 10393	-17.3044
 10394	-29.0708
 10395	-20.7357
 10396	-23.95
 10397	-24.4038
 10398	-20.361
 10399	-20.2936
 10400	-24.5528
 10401	-26.9696
 10402	-24.6065
 10403	-24.4922
 10404	-32.7063
 10405	-33.2383
 10406	-32.9879
 10407	-36.9557
 10408	-42.2834
 10409	-39.0405
 10410	-33.3035
 10411	-34.5406
 10412	-35.3581
 10413	-37.7648
 10414	-42.9721
 10415	-48.9706
 10416	-44.4845
 10417	-41.8172
 10418	-48.0188
 10419	-52.7647
 10420	-46.6408
 10421	-47.3262
 10422	-49.0156
 10423	-49.5069
 10424	-48.0642
 10425	-47.6476
 10426	-54.0675
 10427	-46.8975
 10428	-44.8272
 10429	-47.9265
 10430	-52.6147
 10431	-49.9797
 10432	-50.8586
 10433	-51.115
 10434	-58.0129
 10435	-43.1601
 10436	-48.7953
 10437	-53.2307
 10438	-54.2329
 10439	-51.2416
 10440	-48.7027
 10441	-47.981
 10442	-46.8137
 10443	-39.305
 10444	-41.4488
 10445	-44.826
 10446	-43.7088
 10447	-41.3904
 10448	-38.2739
 10449	-45.0015
 10450	-45.1716
 10451	-48.452
 10452	-40.8815
 10453	-43.5236
 10454	-47.4635
 10455	-44.0261
 10456	-41.8108
 10457	-49.1658
 10458	-49.1532
 10459	-41.8659
 10460	-39.1814
 10461	-48.5061
 10462	-46.0184
 10463	-42.6135
 10464	-45.8225
 10465	-40.5356
 10466	-46.2398
 10467	-43.1147
 10468	-41.7008
 10469	-41.5183
 10470	-42.4553
 10471	-42.5524
 10472	-40.5956
 10473	-40.7068
 10474	-45.5265
 10475	-40.8983
 10476	-43.7052
 10477	-38.858
 10478	-34.8173
 10479	-40.7088
 10480	-40.7216
 10481	-39.987
 10482	-46.5978
 10483	-46.5956
 10484	-38.4283
 10485	-40.0212
 10486	-41.7245
 10487	-40.9713
 10488	-36.3815
 10489	-42.2183
 10490	-40.8773
 10491	-41.0154
 10492	-41.9711
 10493	-42.2488
 10494	-41.6431
 10495	-42.4368
 10496	-37.4392
 10497	-38.2246
 10498	-45.0171
 10499	-41.3218
 10500	-36.9961
 10501	-42.6525
 10502	-39.2349
 10503	-32.7607
 10504	-38.3569
 10505	-34.5305
 10506	-32.1211
 10507	-31.7227
 10508	-38.6704
 10509	-35.6325
 10510	-30.9684
 10511	-36.1502
 10512	-37.1957
 10513	-28.3378
 10514	-33.7418
 10515	-36.1177
 10516	-25.4001
 10517	-29.3697
 10518	-31.8331
 10519	-30.2299
 10520	-29.9775
 10521	-37.6461
 10522	-36.9814
 10523	-35.607
 10524	-41.4973
 10525	-46.0534
 10526	-39.0245
 10527	-46.9964
 10528	-46.2305
 10529	-39.7416
 10530	-38.8925
 10531	-41.8249
 10532	-38.0854
 10533	-38.83
 10534	-44.111
 10535	-38.7327
 10536	-37.1945
 10537	-39.248
 10538	-35.3286
 10539	-29.4266
 10540	-31.5375
 10541	-32.9511
 10542	-32.537
 10543	-31.0464
 10544	-31.8167
 10545	-26.7097
 10546	-25.2868
 10547	-26.8334
 10548	-18.0719
 10549	-15.8665
 10550	-20.393
 10551	-20.1268
 10552	-20.0488
 10553	-22.5357
 10554	-18.1392
 10555	-20.0529
 10556	-19.1611
 10557	-14.9376
 10558	-12.4895
 10559	-20.1799
 10560	-17.6334
 10561	-16.0324
 10562	-20.1267
 10563	-22.7623
 10564	-18.2397
 10565	-26.0391
 10566	-26.3165
 10567	-16.4196
 10568	-19.0284
 10569	-30.5564
 10570	-28.2126
 10571	-27.1027
 10572	-23.1487
 10573	-15.4738
 10574	-21.1621
 10575	-29.5042
 10576	-19.3596
 10577	-14.5235
 10578	-24.2007
 10579	-25.9968
 10580	-11.4291
 10581	-10.2833
 10582	-20.9138
 10583	-10.1505
 10584	-1.31278
 10585	-5.24717
 10586	-3.29329
 10587	-1.74292
 10588	-4.88482
 10589	-7.73448
 10590	-6.14325
 10591	-0.157975
 10592	0.482468
 10593	-8.70401
 10594	-11.4907
 10595	-4.22713
 10596	-9.02266
 10597	-16.6572
 10598	-16.9179
 10599	-14.3649
 10600	-20.7875
 10601	-26.5492
 10602	-27.8773
 10603	-22.9261
 10604	-28.1308
 10605	-29.7926
 10606	-25.4099
 10607	-25.2565
 10608	-27.7077
 10609	-21.726
 10610	-12.3227
 10611	-14.4305
 10612	-17.2487
 10613	-13.252
 10614	-16.7383
 10615	-19.4614
 10616	-9.49809
 10617	-11.1843
 10618	-16.6709
 10619	-16.3648
 10620	-11.451
 10621	-12.0635
 10622	-15.1045
 10623	-14.0782
 10624	-9.71115
 10625	-8.7203
 10626	-12.2458
 10627	-11.3842
 10628	-4.08574
 10629	-2.89128
 10630	-11.927
 10631	-12.1314
 10632	-10.4044
 10633	-10.6809
 10634	-15.0691
 10635	-6.84768
 10636	-10.5853
 10637	-12.4132
 10638	-7.67878
 10639	-5.86373
 10640	-11.2898
 10641	-2.58682
 10642	-0.366651
 10643	-2.97308
 10644	-0.520111
 10645	1.31211
 10646	-2.01261
 10647	5.39611
 10648	2.83208
 10649	-6.18671
 10650	-3.15175
 10651	3.53758
 10652	6.10179
 10653	2.18923
 10654	2.32306
 10655	5.89837
 10656	2.47255
 10657	5.03336
 10658	7.90023
 10659	-2.57747
 10660	-0.477078
 10661	8.60635
 10662	4.9141
 10663	2.02796
 10664	4.76413
 10665	11.8368
 10666	10.5693
 10667	4.34486
 10668	0.939152
 10669	8.5418
 10670	15.0659
 10671	8.99968
 10672	8.24406
 10673	20.9863
 10674	13.8313
 10675	10.6347
 10676	21.2641
 10677	22.0983
 10678	10.836
 10679	21.2948
 10680	27.5701
 10681	19.6879
 10682	15.1049
 10683	16.1604
 10684	19.9212
 10685	18.6791
 10686	11.4874
 10687	12.9612
 10688	26.4332
 10689	22.8759
 10690	12.8012
 10691	13.8434
 10692	18.0712
 10693	12.0464
 10694	5.31593
 10695	10.4492
 10696	12.6224
 10697	13.0509
 10698	14.1991
 10699	16.9857
 10700	13.9657
 10701	12.2859
 10702	19.6001
 10703	11.2442
 10704	10.3612
 10705	17.0504
 10706	11.7513
 10707	10.4297
 10708	10.6141
 10709	9.23885
 10710	6.13092
 10711	12.1352
 10712	16.5221
 10713	15.7985
 10714	20.3945
 10715	20.5266
 10716	26.7868
 10717	24.2343
 10718	18.042
 10719	27.9796
 10720	28.7324
 10721	21.8948
 10722	18.4443
 10723	24.3941
 10724	28.0939
 10725	18.0719
 10726	22.032
 10727	25.5221
 10728	18.1921
 10729	18.9632
 10730	24.8295
 10731	13.9746
 10732	11.6379
 10733	17.5336
 10734	11.7738
 10735	7.58729
 10736	11.1585
 10737	15.8108
 10738	20.6926
 10739	12.259
 10740	14.1714
 10741	15.9308
 10742	16.0379
 10743	8.45124
 10744	5.17528
 10745	6.20813
 10746	6.57721
 10747	0.502418
 10748	1.86807
 10749	0.730123
 10750	-3.24358
 10751	-0.919828
 10752	3.18864
 10753	-3.60646
 10754	-8.32192
 10755	-0.546249
 10756	0.522418
 10757	-4.20673
 10758	-6.49305
 10759	-6.41424
 10760	-6.01805
 10761	-7.55819
 10762	-13.8682
 10763	-13.7597
 10764	-8.10355
 10765	-7.02415
 10766	-5.94873
 10767	-4.62588
 10768	-5.5966
 10769	-1.27787
 10770	0.832478
 10771	2.09405
 10772	6.73917
 10773	7.74305
 10774	12.1446
 10775	10.8087
 10776	14.2686
 10777	16.3477
 10778	13.2208
 10779	10.5597
 10780	15.5772
 10781	9.51193
 10782	5.2516
 10783	13.8766
 10784	10.6999
 10785	2.62964
 10786	7.16307
 10787	3.23228
 10788	-4.04249
 10789	-3.25006
 10790	-0.725349
 10791	-2.39033
 10792	-5.61724
 10793	-2.63282
 10794	-6.55628
 10795	-12.2817
 10796	-8.86384
 10797	-7.03543
 10798	-19.395
 10799	-11.9535
 10800	-9.53711
 10801	-14.91
 10802	-9.16352
 10803	-6.87141
 10804	-9.87409
 10805	-4.24051
 10806	-7.03416
 10807	-9.11997
 10808	-7.15616
 10809	-10.0458
 10810	-8.31152
 10811	-11.0319
 10812	-13.2734
 10813	-9.6594
 10814	-12.2771
 10815	-7.19469
 10816	-5.03671
 10817	-9.40401
 10818	-1.71834
 10819	1.34454
 10820	-8.27994
 10821	-5.94375
 10822	-4.58769
 10823	-7.48498
 10824	-5.24654
 10825	-3.0802
 10826	-4.15101
 10827	-2.07394
 10828	-4.89773
 10829	-8.914
 10830	-13.9147
 10831	-12.7361
 10832	-17.2551
 10833	-19.9782
 10834	-25.9187
 10835	-26.0923
 10836	-33.6748
 10837	-38.1227
 10838	-40.3597
 10839	-44.0942
 10840	-38.9017
 10841	-41.8929
 10842	-43.8452
 10843	-37.799
 10844	-40.0968
 10845	-44.4242
 10846	-36.8064
 10847	-37.6353
 10848	-42.2481
 10849	-42.2127
 10850	-34.6262
 10851	-33.2852
 10852	-37.2402
 10853	-33.8825
 10854	-28.189
 10855	-30.4147
 10856	-35.0064
 10857	-29.1854
 10858	-30.4807
 10859	-29.4786
 10860	-22.8528
 10861	-25.3329
 10862	-29.9982
 10863	-24.4536
 10864	-30.3832
 10865	-28.3632
 10866	-33.7368
 10867	-34.0704
 10868	-36.8854
 10869	-42.2143
 10870	-40.4605
 10871	-43.4504
 10872	-44.092
 10873	-36.6558
 10874	-42.3323
 10875	-47.7298
 10876	-42.9274
 10877	-40.162
 10878	-46.534
 10879	-49.7244
 10880	-40.432
 10881	-45.7355
 10882	-48.8937
 10883	-43.655
 10884	-36.7238
 10885	-37.5161
 10886	-34.7833
 10887	-30.8514
 10888	-33.5186
 10889	-40.339
 10890	-35.4654
 10891	-43.203
 10892	-43.0997
 10893	-41.6802
 10894	-47.2584
 10895	-44.4021
 10896	-42.4885
 10897	-43.5554
 10898	-40.1569
 10899	-41.5403
 10900	-42.2817
 10901	-41.8303
 10902	-41.6594
 10903	-37.6974
 10904	-42.9638
 10905	-33.5539
 10906	-31.9013
 10907	-36.886
 10908	-31.3437
 10909	-27.7712
 10910	-26.1608
 10911	-28.0019
 10912	-24.2159
 10913	-22.3308
 10914	-21.762
 10915	-25.414
 10916	-28.0805
 10917	-29.3263
 10918	-29.0635
 10919	-36.8173
 10920	-28.082
 10921	-26.8942
 10922	-34.3652
 10923	-33.2998
 10924	-24.7705
 10925	-35.1394
 10926	-39.8094
 10927	-33.1608
 10928	-32.0312
 10929	-47.9506
 10930	-46.4215
 10931	-29.4979
 10932	-42.937
 10933	-45.003
 10934	-38.6279
 10935	-41.4832
 10936	-48.7363
 10937	-41.5381
 10938	-39.5083
 10939	-45.4369
 10940	-38.8836
 10941	-27.0683
 10942	-34.5978
 10943	-33.6227
 10944	-27.0018
 10945	-26.2471
 10946	-25.7525
 10947	-25.7675
 10948	-25.3376
 10949	-30.6431
 10950	-17.8224
 10951	-19.2698
 10952	-29.1962
 10953	-21.7696
 10954	-15.6698
 10955	-23.431
 10956	-19.0138
 10957	-16.9427
 10958	-20.6003
 10959	-18.1233
 10960	-14.1441
 10961	-19.4552
 10962	-28.505
 10963	-22.8725
 10964	-22.7587
 10965	-30.5725
 10966	-31.3011
 10967	-31.3039
 10968	-26.4388
 10969	-23.4534
 10970	-27.4304
 10971	-29.9899
 10972	-29.5583
 10973	-29.3713
 10974	-37.9836
 10975	-36.4694
 10976	-35.908
 10977	-40.475
 10978	-34.3946
 10979	-39.6144
 10980	-38.1501
 10981	-39.8279
 10982	-39.5305
 10983	-34.7602
 10984	-44.0044
 10985	-43.5592
 10986	-36.2471
 10987	-42.5556
 10988	-41.7642
 10989	-38.456
 10990	-41.1785
 10991	-33.6489
 10992	-36.1948
 10993	-38.0492
 10994	-36.2512
 10995	-29.0211
 10996	-33.248
 10997	-37.0614
 10998	-36.2538
 10999	-31.8348
 11000	-40.7467
 11001	-29.0633
 11002	-24.2316
 11003	-33.3763
 11004	-36.4684
 11005	-25.6359
 11006	-29.049
 11007	-43.1719
 11008	-31.6843
 11009	-29.0177
 11010	-35.0195
 11011	-34.3633
 11012	-32.4903
 11013	-29.6385
 11014	-33.9258
 11015	-31.2996
 11016	-24.8067
 11017	-33.8934
 11018	-25.7755
 11019	-22.8313
 11020	-26.6168
 11021	-19.32
 11022	-23.1711
 11023	-26.7701
 11024	-27.871
 11025	-28.6902
 11026	-29.9887
 11027	-27.0236
 11028	-18.247
 11029	-27.9719
 11030	-32.7602
 11031	-15.9602
 11032	-23.3234
 11033	-32.979
 11034	-29.0156
 11035	-20.7046
 11036	-31.105
 11037	-33.1035
 11038	-22.5403
 11039	-30.3602
 11040	-40.6444
 11041	-34.6057
 11042	-43.1149
 11043	-40.8311
 11044	-42.8052
 11045	-40.4398
 11046	-33.2859
 11047	-40.697
 11048	-38.1023
 11049	-38.2495
 11050	-39.7955
 11051	-35.9314
 11052	-42.2938
 11053	-34.8677
 11054	-27.4578
 11055	-31.1638
 11056	-29.1524
 11057	-26.7949
 11058	-23.2564
 11059	-22.8985
 11060	-22.9228
 11061	-19.494
 11062	-20.213
 11063	-7.63726
 11064	0.00137346
 11065	-8.36831
 11066	-4.865
 11067	-1.79435
 11068	-0.400642
 11069	-2.25523
 11070	-1.84714
 11071	-4.64777
 11072	-9.42961
 11073	-0.599953
 11074	-10.3843
 11075	-21.923
 11076	-2.90092
 11077	-5.27361
 11078	-13.9446
 11079	-11.3038
 11080	-6.56612
 11081	-12.7734
 11082	-18.3136
 11083	-14.569
 11084	-22.0368
 11085	-35.1613
 11086	-24.4526
 11087	-24.0825
 11088	-28.8609
 11089	-37.7313
 11090	-38.0617
 11091	-34.3181
 11092	-35.5993
 11093	-38.0789
 11094	-40.8662
 11095	-42.772
 11096	-33.3762
 11097	-44.6366
 11098	-46.4433
 11099	-40.7238
 11100	-38.774
 11101	-40.3414
 11102	-41.1624
 11103	-34.4257
 11104	-38.0015
 11105	-39.4433
 11106	-30.1492
 11107	-37.8276
 11108	-39.5033
 11109	-30.0808
 11110	-39.3038
 11111	-34.4693
 11112	-30.6113
 11113	-25.0924
 11114	-22.5514
 11115	-33.3456
 11116	-28.4375
 11117	-25.9225
 11118	-28.1738
 11119	-28.6173
 11120	-29.436
 11121	-29.2045
 11122	-37.4149
 11123	-33.3873
 11124	-24.0561
 11125	-36.0856
 11126	-37.7026
 11127	-37.9201
 11128	-37.0062
 11129	-39.1314
 11130	-45.2043
 11131	-38.408
 11132	-43.8614
 11133	-47.1474
 11134	-49.0558
 11135	-57.7029
 11136	-50.7133
 11137	-43.5183
 11138	-44.3931
 11139	-43.3418
 11140	-43.4878
 11141	-38.8992
 11142	-42.0713
 11143	-40.6084
 11144	-35.6068
 11145	-46.8088
 11146	-42.2724
 11147	-39.9593
 11148	-42.1488
 11149	-37.6251
 11150	-41.5002
 11151	-38.0381
 11152	-42.2098
 11153	-52.5644
 11154	-45.3777
 11155	-51.0359
 11156	-46.7124
 11157	-46.3102
 11158	-51.1177
 11159	-45.3967
 11160	-46.872
 11161	-40.289
 11162	-45.0443
 11163	-47.4287
 11164	-35.9767
 11165	-43.5382
 11166	-44.2158
 11167	-36.7051
 11168	-35.3502
 11169	-28.2179
 11170	-37.4582
 11171	-35.5601
 11172	-31.8552
 11173	-37.1102
 11174	-36.5327
 11175	-39.704
 11176	-45.0312
 11177	-45.2815
 11178	-52.4272
 11179	-49.7804
 11180	-55.562
 11181	-55.4679
 11182	-53.5445
 11183	-58.8419
 11184	-53.4525
 11185	-52.2578
 11186	-49.0009
 11187	-44.8539
 11188	-46.6698
 11189	-43.2002
 11190	-45.6403
 11191	-41.8097
 11192	-37.8007
 11193	-45.0088
 11194	-40.3946
 11195	-50.867
 11196	-46.7903
 11197	-45.4458
 11198	-55.6838
 11199	-51.9055
 11200	-54.3495
 11201	-55.162
 11202	-50.8423
 11203	-56.6092
 11204	-50.4461
 11205	-45.8844
 11206	-50.1524
 11207	-46.5732
 11208	-47.9345
 11209	-37.0753
 11210	-41.2482
 11211	-42.2938
 11212	-30.3142
 11213	-27.1693
 11214	-26.0525
 11215	-16.9158
 11216	-10.4484
 11217	-7.35627
 11218	-9.81215
 11219	-6.62619
 11220	-6.64039
 11221	-12.1111
 11222	-21.1491
 11223	-18.7427
 11224	-17.7237
 11225	-28.325
 11226	-32.3678
 11227	-28.7821
 11228	-34.348
 11229	-43.3331
 11230	-45.6452
 11231	-44.4074
 11232	-49.37
 11233	-51.3126
 11234	-41.065
 11235	-47.3278
 11236	-50.7229
 11237	-43.1558
 11238	-49.4578
 11239	-52.7638
 11240	-46.6824
 11241	-42.9755
 11242	-42.1447
 11243	-46.5828
 11244	-36.8655
 11245	-30.2991
 11246	-30.5466
 11247	-19.6343
 11248	-21.3754
 11249	-22.2928
 11250	-17.2793
 11251	-15.393
 11252	-20.5749
 11253	-20.5162
 11254	-19.0137
 11255	-15.1699
 11256	-20.8569
 11257	-25.9964
 11258	-26.528
 11259	-23.7652
 11260	-31.3841
 11261	-40.5928
 11262	-37.8252
 11263	-42.1855
 11264	-40.5538
 11265	-39.4732
 11266	-37.2242
 11267	-44.3392
 11268	-47.2337
 11269	-42.7345
 11270	-45.7936
 11271	-53.4891
 11272	-39.4555
 11273	-45.9575
 11274	-44.9642
 11275	-38.3291
 11276	-41.4061
 11277	-41.5967
 11278	-39.3036
 11279	-45.7346
 11280	-48.3807
 11281	-54.6722
 11282	-49.4694
 11283	-48.601
 11284	-48.7788
 11285	-45.0539
 11286	-52.0773
 11287	-51.1149
 11288	-45.9472
 11289	-45.8217
 11290	-49.7256
 11291	-44.9899
 11292	-46.4866
 11293	-44.5772
 11294	-42.0921
 11295	-40.8903
 11296	-38.2189
 11297	-32.1436
 11298	-38.0805
 11299	-43.5564
 11300	-38.8064
 11301	-35.5738
 11302	-38.3052
 11303	-43.105
 11304	-36.1025
 11305	-40.6334
 11306	-49.5348
 11307	-45.5498
 11308	-40.7247
 11309	-49.892
 11310	-49.1633
 11311	-55.3994
 11312	-49.6816
 11313	-49.8051
 11314	-52.2565
 11315	-46.6109
 11316	-48.9337
 11317	-51.623
 11318	-50.4206
 11319	-46.36
 11320	-38.143
 11321	-42.1901
 11322	-44.5976
 11323	-35.7577
 11324	-41.3565
 11325	-38.683
 11326	-36.0331
 11327	-29.6699
 11328	-33.9276
 11329	-35.2327
 11330	-40.2252
 11331	-45.0931
 11332	-42.4055
 11333	-40.9478
 11334	-47.1193
 11335	-46.3815
 11336	-47.8629
 11337	-44.2013
 11338	-44.1868
 11339	-46.7106
 11340	-41.2571
 11341	-45.7533
 11342	-38.6068
 11343	-43.3005
 11344	-41.0197
 11345	-31.8299
 11346	-35.5882
 11347	-40.8618
 11348	-39.3668
 11349	-44.0359
 11350	-40.7428
 11351	-50.4504
 11352	-50.0297
 11353	-50.6795
 11354	-54.371
 11355	-53.9289
 11356	-55.1497
 11357	-49.3662
 11358	-49.5626
 11359	-47.9411
 11360	-43.3437
 11361	-45.6388
 11362	-46.1343
 11363	-37.4143
 11364	-39.8215
 11365	-37.7029
 11366	-46.0621
 11367	-41.2938
 11368	-42.8584
 11369	-47.5591
 11370	-48.645
 11371	-46.9194
 11372	-46.7061
 11373	-49.2442
 11374	-51.5775
 11375	-43.971
 11376	-46.3386
 11377	-45.2363
 11378	-47.8306
 11379	-53.7674
 11380	-44.9835
 11381	-48.7829
 11382	-46.1873
 11383	-44.6339
 11384	-44.6969
 11385	-38.8399
 11386	-38.0495
 11387	-45.2363
 11388	-37.1517
 11389	-34.6033
 11390	-41.2068
 11391	-47.2706
 11392	-36.0286
 11393	-36.7293
 11394	-41.6354
 11395	-40.1312
 11396	-36.6095
 11397	-37.3451
 11398	-41.5551
 11399	-40.6847
 11400	-35.3255
 11401	-40.7472
 11402	-44.4201
 11403	-43.2108
 11404	-43.7632
 11405	-40.2634
 11406	-47.1875
 11407	-41.1658
 11408	-47.1884
 11409	-56.3261
 11410	-51.4721
 11411	-51.6323
 11412	-53.9633
 11413	-48.1802
 11414	-47.6052
 11415	-41.444
 11416	-41.782
 11417	-38.9314
 11418	-35.6433
 11419	-38.9643
 11420	-37.397
 11421	-38.1402
 11422	-39.8604
 11423	-42.2253
 11424	-39.2566
 11425	-36.7808
 11426	-42.6609
 11427	-44.3781
 11428	-42.3891
 11429	-41.4172
 11430	-40.5196
 11431	-43.1024
 11432	-39.6366
 11433	-39.2698
 11434	-42.1142
 11435	-41.2586
 11436	-40.7532
 11437	-30.9953
 11438	-34.3396
 11439	-41.6173
 11440	-31.7824
 11441	-31.9943
 11442	-37.3225
 11443	-31.2192
 11444	-34.1864
 11445	-38.0487
 11446	-39.1671
 11447	-41.7017
 11448	-42.3006
 11449	-41.2479
 11450	-39.8225
 11451	-41.8421
 11452	-43.4607
 11453	-38.8351
 11454	-43.4369
 11455	-42.4256
 11456	-35.24
 11457	-43.3384
 11458	-46.7631
 11459	-39.7314
 11460	-40.2062
 11461	-43.8177
 11462	-33.6631
 11463	-38.2885
 11464	-34.8207
 11465	-26.6035
 11466	-28.0652
 11467	-32.317
 11468	-35.3675
 11469	-33.7277
 11470	-28.694
 11471	-39.0853
 11472	-38.2627
 11473	-31.1496
 11474	-32.3737
 11475	-35.976
 11476	-38.9859
 11477	-33.2779
 11478	-33.2624
 11479	-43.3847
 11480	-41.2606
 11481	-34.6329
 11482	-40.3127
 11483	-38.1901
 11484	-32.638
 11485	-29.0873
 11486	-32.4979
 11487	-37.2001
 11488	-35.2595
 11489	-34.7517
 11490	-41.1994
 11491	-35.9986
 11492	-30.2178
 11493	-36.1647
 11494	-47.0056
 11495	-45.0391
 11496	-42.5127
 11497	-45.7584
 11498	-47.7241
 11499	-42.3313
 11500	-44.5129
 11501	-43.5994
 11502	-42.2061
 11503	-48.6956
 11504	-43.0245
 11505	-41.1966
 11506	-47.0931
 11507	-43.9322
 11508	-46.1032
 11509	-52.2008
 11510	-45.7362
 11511	-48.7253
 11512	-54.3683
 11513	-52.3003
 11514	-45.2296
 11515	-47.34
 11516	-53.3738
 11517	-40.852
 11518	-36.4552
 11519	-44.5647
 11520	-38.0287
 11521	-31.7018
 11522	-37.7521
 11523	-37.6993
 11524	-35.4594
 11525	-38.6931
 11526	-37.447
 11527	-37.3063
 11528	-44.5142
 11529	-42.0562
 11530	-43.5987
 11531	-46.1694
 11532	-44.3092
 11533	-44.5965
 11534	-45.339
 11535	-44.2435
 11536	-42.3238
 11537	-41.866
 11538	-50.272
 11539	-50.1647
 11540	-44.7903
 11541	-50.5868
 11542	-49.4254
 11543	-47.9014
 11544	-46.7917
 11545	-42.9506
 11546	-46.8911
 11547	-48.9653
 11548	-44.1716
 11549	-41.1996
 11550	-42.5874
 11551	-39.2739
 11552	-37.9518
 11553	-36.0744
 11554	-35.2308
 11555	-31.3407
 11556	-32.4209
 11557	-35.1458
 11558	-32.7624
 11559	-26.9912
 11560	-30.8643
 11561	-23.5955
 11562	-15.5457
 11563	-22.7076
 11564	-22.7065
 11565	-20.2063
 11566	-16.676
 11567	-16.0003
 11568	-23.0109
 11569	-15.7016
 11570	-12.6221
 11571	-17.2556
 11572	-10.8288
 11573	-9.7202
 11574	-10.6305
 11575	-10.5997
 11576	-11.2353
 11577	-10.9
 11578	-13.3054
 11579	-15.4008
 11580	-15.5893
 11581	-17.1476
 11582	-22.6142
 11583	-25.8725
 11584	-20.099
 11585	-21.8172
 11586	-20.1286
 11587	-20.2887
 11588	-26.4465
 11589	-24.9875
 11590	-25.8551
 11591	-34.2007
 11592	-38.8638
 11593	-39.8262
 11594	-40.9725
 11595	-49.2153
 11596	-54.0047
 11597	-47.9745
 11598	-48.7036
 11599	-50.7493
 11600	-50.4027
 11601	-53.9312
 11602	-55.5209
 11603	-50.5217
 11604	-52.2367
 11605	-51.7338
 11606	-43.5689
 11607	-44.0728
 11608	-45.2057
 11609	-43.7042
 11610	-42.7834
 11611	-42.2189
 11612	-38.733
 11613	-35.4736
 11614	-32.3372
 11615	-31.9948
 11616	-26.9804
 11617	-28.5005
 11618	-25.5283
 11619	-21.8989
 11620	-26.55
 11621	-30.6374
 11622	-28.9198
 11623	-33.1812
 11624	-35.3985
 11625	-32.378
 11626	-35.1341
 11627	-42.3151
 11628	-43.5351
 11629	-40.3083
 11630	-46.6867
 11631	-49.2841
 11632	-51.615
 11633	-47.4228
 11634	-45.2157
 11635	-47.6002
 11636	-49.1444
 11637	-46.1481
 11638	-46.008
 11639	-45.2956
 11640	-42.3352
 11641	-41.3911
 11642	-41.901
 11643	-35.1595
 11644	-31.2921
 11645	-37.2653
 11646	-37.7784
 11647	-26.8206
 11648	-20.4685
 11649	-29.4775
 11650	-28.1796
 11651	-20.8804
 11652	-20.5638
 11653	-25.5634
 11654	-25.0431
 11655	-17.4565
 11656	-16.5049
 11657	-23.4572
 11658	-17.7153
 11659	-18.031
 11660	-26.0908
 11661	-18.9838
 11662	-15.1968
 11663	-23.1212
 11664	-23.4158
 11665	-20.3385
 11666	-20.9131
 11667	-24.9649
 11668	-30.4338
 11669	-26.0399
 11670	-25.625
 11671	-24.4623
 11672	-26.6158
 11673	-29.1634
 11674	-28.9457
 11675	-28.943
 11676	-34.7308
 11677	-42.68
 11678	-41.0275
 11679	-43.2389
 11680	-41.532
 11681	-48.223
 11682	-51.5974
 11683	-44.3189
 11684	-44.327
 11685	-53.747
 11686	-52.5073
 11687	-51.2707
 11688	-46.0162
 11689	-48.6915
 11690	-48.4412
 11691	-45.4176
 11692	-45.2305
 11693	-33.5749
 11694	-26.5676
 11695	-38.47
 11696	-37.6032
 11697	-25.8893
 11698	-28.1816
 11699	-29.9429
 11700	-37.4087
 11701	-37.6717
 11702	-33.5616
 11703	-34.2699
 11704	-39.1109
 11705	-35.7835
 11706	-33.1617
 11707	-31.0681
 11708	-44.1801
 11709	-44.6036
 11710	-40.2626
 11711	-46.5625
 11712	-50.0719
 11713	-45.3603
 11714	-54.9455
 11715	-54.0984
 11716	-44.0461
 11717	-46.1083
 11718	-43.2872
 11719	-38.8211
 11720	-36.4102
 11721	-37.8815
 11722	-37.3842
 11723	-37.9502
 11724	-35.2119
 11725	-28.1598
 11726	-24.0872
 11727	-36.1974
 11728	-34.251
 11729	-16.3021
 11730	-19.2995
 11731	-27.0291
 11732	-22.0343
 11733	-21.0171
 11734	-21.4562
 11735	-15.8058
 11736	-19.758
 11737	-18.5658
 11738	-15.8291
 11739	-15.6969
 11740	-16.8016
 11741	-9.82538
 11742	-12.9032
 11743	-14.9733
 11744	-12.1729
 11745	-10.5331
 11746	-21.0816
 11747	-20.499
 11748	-7.23177
 11749	-16.5681
 11750	-26.2734
 11751	-19.8739
 11752	-17.7208
 11753	-21.9517
 11754	-17.5089
 11755	-20.1759
 11756	-18.4704
 11757	-17.3942
 11758	-20.8668
 11759	-25.4063
 11760	-25.2535
 11761	-31.2908
 11762	-36.5436
 11763	-36.4205
 11764	-29.2951
 11765	-30.8157
 11766	-32.5075
 11767	-31.6028
 11768	-36.1251
 11769	-39.6306
 11770	-41.7624
 11771	-45.7946
 11772	-48.533
 11773	-46.8337
 11774	-49.9263
 11775	-54.8792
 11776	-56.1476
 11777	-50.374
 11778	-48.1594
 11779	-48.2432
 11780	-51.6801
 11781	-48.0195
 11782	-46.1478
 11783	-41.3326
 11784	-39.8606
 11785	-37.5601
 11786	-32.2056
 11787	-34.9999
 11788	-36.5941
 11789	-35.0583
 11790	-37.3848
 11791	-39.5072
 11792	-42.3514
 11793	-41.9427
 11794	-49.6968
 11795	-54.6993
 11796	-45.0453
 11797	-48.2241
 11798	-56.5521
 11799	-60.559
 11800	-55.3691
 11801	-52.5272
 11802	-54.8586
 11803	-56.2936
 11804	-44.313
 11805	-43.5247
 11806	-45.0071
 11807	-40.4749
 11808	-37.0588
 11809	-39.5124
 11810	-32.9647
 11811	-30.9504
 11812	-36.0089
 11813	-39.8747
 11814	-36.127
 11815	-34.8561
 11816	-40.6402
 11817	-42.0011
 11818	-38.2453
 11819	-37.0227
 11820	-41.9145
 11821	-43.2785
 11822	-45.2013
 11823	-40.8266
 11824	-45.9252
 11825	-46.1463
 11826	-41.5039
 11827	-40.6722
 11828	-40.1366
 11829	-40.0846
 11830	-47.8758
 11831	-43.7101
 11832	-35.8523
 11833	-36.2079
 11834	-39.7578
 11835	-42.0982
 11836	-39.8722
 11837	-37.612
 11838	-40.5281
 11839	-47.3448
 11840	-42.4126
 11841	-43.3918
 11842	-45.7834
 11843	-52.7554
 11844	-47.0708
 11845	-38.9334
 11846	-41.4291
 11847	-53.3143
 11848	-48.3098
 11849	-46.5097
 11850	-46.3397
 11851	-43.5828
 11852	-38.8046
 11853	-44.4267
 11854	-41.6835
 11855	-39.4931
 11856	-37.7691
 11857	-38.7248
 11858	-36.0349
 11859	-30.3195
 11860	-27.0434
 11861	-27.2191
 11862	-27.2985
 11863	-20.0549
 11864	-10.3258
 11865	-14.5445
 11866	-20.3959
 11867	-6.36247
 11868	-3.21541
 11869	-7.79905
 11870	-5.34915
 11871	0.262882
 11872	-9.93446
 11873	-10.2568
 11874	-4.80156
 11875	-5.41068
 11876	-12.1022
 11877	-9.2909
 11878	-6.70057
 11879	-13.6728
 11880	-12.3202
 11881	-3.13972
 11882	-7.63445
 11883	-17.291
 11884	-15.0885
 11885	-16.799
 11886	-18.7991
 11887	-18.8093
 11888	-24.0478
 11889	-18.5668
 11890	-13.8808
 11891	-23.2663
 11892	-24.6508
 11893	-15.424
 11894	-15.5072
 11895	-24.1566
 11896	-20.8789
 11897	-19.3633
 11898	-25.4004
 11899	-20.3927
 11900	-16.1885
 11901	-20.0146
 11902	-26.6365
 11903	-22.0256
 11904	-19.9134
 11905	-18.9671
 11906	-18.5633
 11907	-21.9825
 11908	-20.3231
 11909	-19.6732
 11910	-26.7982
 11911	-25.8915
 11912	-23.0438
 11913	-31.9733
 11914	-37.3186
 11915	-28.7058
 11916	-24.8526
 11917	-29.8164
 11918	-24.7214
 11919	-17.4445
 11920	-14.7213
 11921	-19.5744
 11922	-16.7712
 11923	-18.5958
 11924	-21.1229
 11925	-14.6776
 11926	-21.2345
 11927	-25.6557
 11928	-19.2844
 11929	-17.6207
 11930	-24.7795
 11931	-20.9641
 11932	-22.929
 11933	-28.3948
 11934	-26.0486
 11935	-20.1438
 11936	-22.0191
 11937	-21.3249
 11938	-16.7878
 11939	-15.2993
 11940	-24.9084
 11941	-24.4436
 11942	-19.0236
 11943	-24.8001
 11944	-21.8219
 11945	-16.3965
 11946	-18.5251
 11947	-18.243
 11948	-13.8776
 11949	-18.6049
 11950	-20.9442
 11951	-22.396
 11952	-23.4482
 11953	-21.6969
 11954	-17.6858
 11955	-23.0463
 11956	-26.1793
 11957	-29.8164
 11958	-27.623
 11959	-33.3184
 11960	-29.2224
 11961	-26.333
 11962	-35.1084
 11963	-32.3672
 11964	-27.1777
 11965	-32.4035
 11966	-32.6856
 11967	-27.6779
 11968	-31.4924
 11969	-32.7883
 11970	-37.9086
 11971	-36.7865
 11972	-30.4719
 11973	-25.851
 11974	-29.097
 11975	-34.819
 11976	-34.3756
 11977	-30.4516
 11978	-40.9435
 11979	-38.4239
 11980	-35.1413
 11981	-43.1916
 11982	-42.1489
 11983	-46.1182
 11984	-49.9991
 11985	-41.4584
 11986	-35.2675
 11987	-44.411
 11988	-41.4844
 11989	-37.2287
 11990	-37.4373
 11991	-34.3602
 11992	-28.7015
 11993	-32.6604
 11994	-34.3457
 11995	-36.7838
 11996	-36.842
 11997	-39.1279
 11998	-37.6057
 11999	-37.253
 12000	-43.2765
 12001	-46.0233
 12002	-48.6618
 12003	-50.4624
 12004	-43.2703
 12005	-44.5136
 12006	-50.9605
 12007	-43.3701
 12008	-43.0458
 12009	-41.9504
 12010	-44.6966
 12011	-43.7598
 12012	-34.8259
 12013	-34.2805
 12014	-42.1284
 12015	-41.1074
 12016	-35.0812
 12017	-31.0152
 12018	-32.1341
 12019	-35.4139
 12020	-31.6173
 12021	-28.3384
 12022	-25.4817
 12023	-26.2937
 12024	-23.7717
 12025	-19.6892
 12026	-19.9281
 12027	-30.3363
 12028	-28.7595
 12029	-23.5716
 12030	-22.6212
 12031	-20.2304
 12032	-18.6615
 12033	-28.0762
 12034	-29.7898
 12035	-31.3593
 12036	-35.4923
 12037	-39.9061
 12038	-43.6744
 12039	-42.0517
 12040	-45.8279
 12041	-47.3133
 12042	-43.3538
 12043	-40.8117
 12044	-41.1559
 12045	-36.7202
 12046	-41.7875
 12047	-37.6579
 12048	-39.1603
 12049	-35.0811
 12050	-34.3417
 12051	-38.1483
 12052	-37.8576
 12053	-35.4034
 12054	-42.1741
 12055	-41.0084
 12056	-36.9549
 12057	-34.9405
 12058	-33.9232
 12059	-33.082
 12060	-31.416
 12061	-31.5066
 12062	-25.9244
 12063	-27.9573
 12064	-34.0694
 12065	-34.8082
 12066	-32.0734
 12067	-41.0041
 12068	-40.3689
 12069	-35.0986
 12070	-38.6557
 12071	-44.9141
 12072	-41.3158
 12073	-45.0581
 12074	-45.7542
 12075	-42.1016
 12076	-41.6438
 12077	-40.8207
 12078	-46.6961
 12079	-40.7401
 12080	-41.7674
 12081	-43.9042
 12082	-46.7153
 12083	-45.4564
 12084	-44.3557
 12085	-40.1662
 12086	-45.8504
 12087	-38.7683
 12088	-40.7856
 12089	-40.9956
 12090	-44.3707
 12091	-42.453
 12092	-44.0251
 12093	-46.078
 12094	-43.4877
 12095	-42.7641
 12096	-46.5537
 12097	-40.9498
 12098	-37.5155
 12099	-42.3956
 12100	-38.4735
 12101	-35.6222
 12102	-37.1836
 12103	-45.5735
 12104	-39.4314
 12105	-43.7743
 12106	-41.605
 12107	-40.6159
 12108	-40.7305
 12109	-37.5998
 12110	-31.7875
 12111	-36.8034
 12112	-37.82
 12113	-34.6325
 12114	-32.1904
 12115	-39.0894
 12116	-38.2648
 12117	-31.6525
 12118	-37.2985
 12119	-35.1666
 12120	-36.8267
 12121	-36.5747
 12122	-33.6264
 12123	-31.4925
 12124	-34.0837
 12125	-35.1377
 12126	-36.8695
 12127	-34.5005
 12128	-40.099
 12129	-34.9936
 12130	-32.7377
 12131	-36.5092
 12132	-31.6181
 12133	-33.4593
 12134	-43.7317
 12135	-44.7746
 12136	-42.0063
 12137	-48.8958
 12138	-43.7201
 12139	-41.1733
 12140	-43.2124
 12141	-48.3404
 12142	-43.2219
 12143	-47.1579
 12144	-47.3265
 12145	-42.8424
 12146	-37.5155
 12147	-43.9095
 12148	-45.7802
 12149	-46.1387
 12150	-49.2228
 12151	-46.3067
 12152	-42.2116
 12153	-43.5518
 12154	-31.6552
 12155	-29.7413
 12156	-37.4095
 12157	-29.7738
 12158	-28.4189
 12159	-31.2475
 12160	-30.8344
 12161	-37.0934
 12162	-41.574
 12163	-36.2956
 12164	-27.6617
 12165	-31.5328
 12166	-38.1639
 12167	-29.7072
 12168	-27.9772
 12169	-35.5917
 12170	-30.1442
 12171	-24.9372
 12172	-27.2381
 12173	-33.0802
 12174	-37.1081
 12175	-38.139
 12176	-28.2158
 12177	-31.577
 12178	-39.7143
 12179	-42.463
 12180	-45.9382
 12181	-53.4748
 12182	-50.9641
 12183	-43.5626
 12184	-43.7999
 12185	-49.1582
 12186	-44.7024
 12187	-41.4042
 12188	-49.7047
 12189	-48.339
 12190	-41.6364
 12191	-47.7761
 12192	-47.6442
 12193	-47.3031
 12194	-46.8898
 12195	-44.4104
 12196	-49.755
 12197	-51.4598
 12198	-50.9569
 12199	-47.2709
 12200	-46.6564
 12201	-53.0791
 12202	-45.4017
 12203	-45.2006
 12204	-51.6643
 12205	-47.1875
 12206	-44.3225
 12207	-42.2868
 12208	-38.0624
 12209	-34.0279
 12210	-38.4579
 12211	-41.2219
 12212	-35.6169
 12213	-37.8875
 12214	-41.6251
 12215	-36.9868
 12216	-40.2585
 12217	-44.0622
 12218	-45.9804
 12219	-41.7205
 12220	-42.1322
 12221	-43.9263
 12222	-45.1798
 12223	-45.1239
 12224	-39.9956
 12225	-43.2306
 12226	-48.8961
 12227	-43.52
 12228	-46.1732
 12229	-51.1126
 12230	-45.6083
 12231	-45.9872
 12232	-45.2511
 12233	-41.3638
 12234	-38.4005
 12235	-40.8347
 12236	-41.4867
 12237	-33.3597
 12238	-31.2794
 12239	-34.5671
 12240	-35.6333
 12241	-36.8003
 12242	-30.9226
 12243	-25.4933
 12244	-27.4666
 12245	-25.001
 12246	-25.7943
 12247	-25.9721
 12248	-24.0324
 12249	-20.1907
 12250	-20.3438
 12251	-16.0209
 12252	-13.0007
 12253	-17.8988
 12254	-29.4801
 12255	-22.1493
 12256	-16.6059
 12257	-24.3929
 12258	-33.3833
 12259	-30.4834
 12260	-25.2085
 12261	-30.7325
 12262	-36.1234
 12263	-38.5216
 12264	-37.1392
 12265	-36.4525
 12266	-37.045
 12267	-36.655
 12268	-33.5919
 12269	-37.0054
 12270	-34.8967
 12271	-38.3042
 12272	-41.9884
 12273	-40.941
 12274	-40.3711
 12275	-42.1748
 12276	-45.5333
 12277	-39.5552
 12278	-39.3858
 12279	-43.3667
 12280	-39.0315
 12281	-35.5326
 12282	-40.5473
 12283	-36.5999
 12284	-37.4483
 12285	-34.744
 12286	-34.74
 12287	-38.6458
 12288	-41.1729
 12289	-35.7118
 12290	-37.6
 12291	-45.3096
 12292	-49.526
 12293	-44.2731
 12294	-46.5433
 12295	-52.2332
 12296	-45.8771
 12297	-41.7665
 12298	-43.0721
 12299	-42.0707
 12300	-38.2339
 12301	-45.9015
 12302	-45.0266
 12303	-47.9041
 12304	-46.5569
 12305	-49.1784
 12306	-52.1315
 12307	-49.6523
 12308	-48.0693
 12309	-58.2232
 12310	-52.729
 12311	-47.9934
 12312	-45.985
 12313	-43.2327
 12314	-40.8295
 12315	-40.5393
 12316	-43.0029
 12317	-44.5327
 12318	-40.5911
 12319	-41.6368
 12320	-39.6537
 12321	-38.503
 12322	-41.5349
 12323	-37.9606
 12324	-39.2923
 12325	-40.2895
 12326	-32.6669
 12327	-40.3138
 12328	-43.134
 12329	-34.583
 12330	-36.4154
 12331	-43.4186
 12332	-45.9068
 12333	-42.2636
 12334	-36.9867
 12335	-48.0075
 12336	-47.7522
 12337	-44.1934
 12338	-49.4104
 12339	-52.2251
 12340	-46.2279
 12341	-45.9309
 12342	-42.4042
 12343	-39.4708
 12344	-39.9959
 12345	-36.4653
 12346	-35.7911
 12347	-36.2442
 12348	-42.9379
 12349	-41.9853
 12350	-26.9613
 12351	-28.5205
 12352	-37.0362
 12353	-32.567
 12354	-34.7569
 12355	-38.8723
 12356	-38.6347
 12357	-41.9163
 12358	-37.0228
 12359	-37.7716
 12360	-35.8531
 12361	-37.342
 12362	-40.2544
 12363	-38.5831
 12364	-42.249
 12365	-49.2923
 12366	-41.9364
 12367	-44.2034
 12368	-46.5561
 12369	-47.617
 12370	-47.2376
 12371	-42.3493
 12372	-33.6331
 12373	-30.7298
 12374	-35.0611
 12375	-35.6973
 12376	-37.7995
 12377	-41.8305
 12378	-45.337
 12379	-39.5898
 12380	-41.2799
 12381	-42.5299
 12382	-43.5102
 12383	-40.2585
 12384	-39.8774
 12385	-40.4011
 12386	-44.9886
 12387	-40.0663
 12388	-39.0535
 12389	-42.4625
 12390	-35.8302
 12391	-35.0554
 12392	-43.812
 12393	-41.6555
 12394	-40.0492
 12395	-41.547
 12396	-39.3864
 12397	-38.254
 12398	-33.3796
 12399	-39.6657
 12400	-43.2587
 12401	-38.5419
 12402	-38.1198
 12403	-32.1497
 12404	-32.1184
 12405	-33.9285
 12406	-33.2712
 12407	-34.0368
 12408	-34.82
 12409	-31.1056
 12410	-32.712
 12411	-26.446
 12412	-33.5123
 12413	-37.3398
 12414	-36.6927
 12415	-28.6758
 12416	-31.8013
 12417	-36.8536
 12418	-39.1501
 12419	-36.2859
 12420	-40.9333
 12421	-42.5402
 12422	-44.3502
 12423	-44.0101
 12424	-49.5592
 12425	-48.4286
 12426	-47.0915
 12427	-46.1858
 12428	-33.4259
 12429	-40.256
 12430	-41.5245
 12431	-38.0871
 12432	-37.8334
 12433	-36.8708
 12434	-41.5941
 12435	-42.8667
 12436	-35.1924
 12437	-41.3117
 12438	-35.9609
 12439	-37.1111
 12440	-42.5708
 12441	-35.1314
 12442	-43.344
 12443	-43.5263
 12444	-37.9569
 12445	-36.3945
 12446	-35.4566
 12447	-36.2668
 12448	-38.9541
 12449	-38.1002
 12450	-38.4926
 12451	-37.258
 12452	-50.522
 12453	-47.0336
 12454	-43.5343
 12455	-46.8688
 12456	-43.8592
 12457	-41.9272
 12458	-39.6744
 12459	-38.8747
 12460	-37.3071
 12461	-44.4561
 12462	-44.5549
 12463	-38.212
 12464	-43.2369
 12465	-52.1444
 12466	-44.617
 12467	-46.5084
 12468	-44.4458
 12469	-46.252
 12470	-43.4357
 12471	-38.1607
 12472	-38.0326
 12473	-37.3693
 12474	-41.6189
 12475	-42.7996
 12476	-34.7921
 12477	-46.1945
 12478	-48.2881
 12479	-42.6742
 12480	-42.9423
 12481	-44.1241
 12482	-49.0117
 12483	-47.1647
 12484	-51.8676
 12485	-54.2101
 12486	-49.3291
 12487	-58.3971
 12488	-51.227
 12489	-46.5375
 12490	-47.7207
 12491	-42.9648
 12492	-45.8356
 12493	-47.8894
 12494	-44.7138
 12495	-46.6686
 12496	-43.2645
 12497	-48.6669
 12498	-46.1598
 12499	-43.8877
 12500	-47.0743
 12501	-46.0236
 12502	-49.0048
 12503	-46.3164
 12504	-46.8655
 12505	-50.7188
 12506	-50.585
 12507	-54.0659
 12508	-52.1239
 12509	-57.829
 12510	-63.0635
 12511	-58.2996
 12512	-63.2631
 12513	-63.3848
 12514	-68.2381
 12515	-64.8035
 12516	-52.7636
 12517	-53.5416
 12518	-55.7015
 12519	-51.4315
 12520	-48.9037
 12521	-38.3605
 12522	-47.2019
 12523	-40.56
 12524	-30.4116
 12525	-35.7241
 12526	-38.4782
 12527	-35.8349
 12528	-40.0982
 12529	-37.608
 12530	-35.5731
 12531	-35.6299
 12532	-40.3626
 12533	-34.639
 12534	-29.2134
 12535	-40.423
 12536	-42.413
 12537	-37.2697
 12538	-38.7293
 12539	-45.0782
 12540	-42.3746
 12541	-38.6734
 12542	-37.7339
 12543	-37.2552
 12544	-38.1233
 12545	-38.1243
 12546	-30.4783
 12547	-35.2248
 12548	-33.3325
 12549	-30.0985
 12550	-34.1424
 12551	-33.3019
 12552	-34.8304
 12553	-30.9418
 12554	-33.8934
 12555	-39.1843
 12556	-28.2574
 12557	-31.8641
 12558	-42.8756
 12559	-32.7453
 12560	-30.5224
 12561	-36.3914
 12562	-40.6898
 12563	-36.0927
 12564	-40.1141
 12565	-44.2433
 12566	-35.9293
 12567	-36.3005
 12568	-43.9618
 12569	-39.3951
 12570	-38.5558
 12571	-41.2845
 12572	-36.6175
 12573	-27.1689
 12574	-31.0601
 12575	-39.5155
 12576	-38.7511
 12577	-33.8122
 12578	-31.2804
 12579	-41.0407
 12580	-45.6338
 12581	-36.2927
 12582	-45.9047
 12583	-47.0396
 12584	-40.477
 12585	-41.9836
 12586	-43.3933
 12587	-42.7827
 12588	-36.553
 12589	-42.0855
 12590	-47.411
 12591	-36.4815
 12592	-46.2609
 12593	-49.8055
 12594	-46.1058
 12595	-52.9518
 12596	-52.6361
 12597	-43.7081
 12598	-35.9978
 12599	-39.7928
 12600	-39.8812
 12601	-30.1128
 12602	-36.2667
 12603	-36.9098
 12604	-33.3604
 12605	-40.133
 12606	-39.2039
 12607	-38.2235
 12608	-40.915
 12609	-37.819
 12610	-34.2589
 12611	-37.017
 12612	-49.4314
 12613	-46.0231
 12614	-45.0148
 12615	-51.915
 12616	-43.2621
 12617	-46.9939
 12618	-49.8633
 12619	-42.5563
 12620	-40.9063
 12621	-43.5629
 12622	-43.668
 12623	-34.9114
 12624	-30.0128
 12625	-36.9787
 12626	-36.1928
 12627	-39.2125
 12628	-38.6571
 12629	-41.6191
 12630	-50.0504
 12631	-44.8672
 12632	-47.1339
 12633	-54.0585
 12634	-49.6355
 12635	-48.341
 12636	-48.1272
 12637	-52.6431
 12638	-53.9617
 12639	-50.5402
 12640	-46.1592
 12641	-41.7209
 12642	-45.6784
 12643	-46.5712
 12644	-44.6695
 12645	-48.1992
 12646	-44.6588
 12647	-44.2841
 12648	-43.0379
 12649	-47.2406
 12650	-52.3562
 12651	-46.4952
 12652	-49.395
 12653	-51.1085
 12654	-42.6845
 12655	-45.5709
 12656	-41.8971
 12657	-41.1405
 12658	-36.9634
 12659	-39.4228
 12660	-47.8764
 12661	-42.9914
 12662	-43.6609
 12663	-48.5478
 12664	-44.6869
 12665	-44.0638
 12666	-41.7832
 12667	-42.2072
 12668	-38.4441
 12669	-36.6848
 12670	-39.8385
 12671	-35.0538
 12672	-33.5865
 12673	-34.3968
 12674	-32.9981
 12675	-34.4827
 12676	-30.1221
 12677	-27.4727
 12678	-30.5534
 12679	-30.2861
 12680	-35.3683
 12681	-34.2617
 12682	-34.5086
 12683	-33.4706
 12684	-27.8849
 12685	-28.1413
 12686	-31.0896
 12687	-32.943
 12688	-28.8929
 12689	-26.4451
 12690	-32.9799
 12691	-31.9327
 12692	-31.3498
 12693	-39.5844
 12694	-37.8522
 12695	-40.232
 12696	-38.5504
 12697	-36.6177
 12698	-35.8804
 12699	-34.5747
 12700	-36.6243
 12701	-32.4779
 12702	-36.1823
 12703	-39.7995
 12704	-37.1269
 12705	-39.826
 12706	-42.0713
 12707	-41.7732
 12708	-44.3821
 12709	-42.2144
 12710	-45.1128
 12711	-43.5088
 12712	-44.6795
 12713	-43.2059
 12714	-44.8448
 12715	-48.77
 12716	-47.8683
 12717	-43.697
 12718	-47.9449
 12719	-46.895
 12720	-47.137
 12721	-45.1124
 12722	-42.7978
 12723	-48.8682
 12724	-46.1547
 12725	-46.6477
 12726	-43.244
 12727	-41.57
 12728	-48.7985
 12729	-36.9325
 12730	-25.8422
 12731	-28.3551
 12732	-26.1392
 12733	-18.8737
 12734	-16.0689
 12735	-24.286
 12736	-24.5199
 12737	-20.8056
 12738	-26.0244
 12739	-23.1351
 12740	-24.0927
 12741	-23.9179
 12742	-22.6131
 12743	-21.9092
 12744	-28.057
 12745	-35.0258
 12746	-35.3326
 12747	-36.6115
 12748	-41.1929
 12749	-40.0031
 12750	-42.2543
 12751	-39.3
 12752	-37.1268
 12753	-44.0223
 12754	-43.363
 12755	-43.4392
 12756	-49.4366
 12757	-50.9657
 12758	-50.1986
 12759	-43.2369
 12760	-42.915
 12761	-44.2222
 12762	-35.7619
 12763	-34.31
 12764	-30.1996
 12765	-31.5234
 12766	-38.2546
 12767	-33.9387
 12768	-32.5705
 12769	-33.6979
 12770	-39.2059
 12771	-40.8832
 12772	-39.7703
 12773	-40.1959
 12774	-38.0491
 12775	-43.1845
 12776	-39.8501
 12777	-35.2299
 12778	-40.0567
 12779	-44.1806
 12780	-39.3555
 12781	-40.7921
 12782	-53.1103
 12783	-53.8817
 12784	-44.7545
 12785	-49.9979
 12786	-45.5173
 12787	-43.8836
 12788	-52.9724
 12789	-50.7372
 12790	-42.9278
 12791	-46.1245
 12792	-46.1274
 12793	-39.8961
 12794	-33.8287
 12795	-33.9629
 12796	-33.5738
 12797	-32.8139
 12798	-32.4318
 12799	-29.3622
 12800	-26.7596
 12801	-29.6141
 12802	-26.3697
 12803	-24.0609
 12804	-21.5027
 12805	-22.8479
 12806	-28.3049
 12807	-25.6895
 12808	-22.6483
 12809	-26.0688
 12810	-27.0709
 12811	-23.4965
 12812	-17.6146
 12813	-21.8623
 12814	-26.0187
 12815	-21.3799
 12816	-11.247
 12817	-15.9019
 12818	-23.7639
 12819	-20.2574
 12820	-22.0913
 12821	-25.5964
 12822	-19.8095
 12823	-20.2125
 12824	-21.2021
 12825	-23.9217
 12826	-19.852
 12827	-11.7808
 12828	-12.3454
 12829	-13.5229
 12830	-4.01386
 12831	-2.91278
 12832	-6.74032
 12833	-13.6532
 12834	-5.28922
 12835	5.78673
 12836	-2.89459
 12837	-3.74414
 12838	0.284635
 12839	-4.96135
 12840	-10.2431
 12841	-8.17075
 12842	-16.7004
 12843	-23.1312
 12844	-20.0933
 12845	-15.6388
 12846	-25.8938
 12847	-24.2965
 12848	-17.5421
 12849	-22.3801
 12850	-33.1271
 12851	-31.7918
 12852	-24.014
 12853	-25.4228
 12854	-27.3556
 12855	-38.9547
 12856	-45.5466
 12857	-38.2404
 12858	-37.9062
 12859	-46.6907
 12860	-46.1186
 12861	-44.5452
 12862	-43.2811
 12863	-45.0399
 12864	-37.3011
 12865	-33.7986
 12866	-36.6738
 12867	-29.9875
 12868	-31.2232
 12869	-37.6777
 12870	-31.752
 12871	-20.1144
 12872	-18.0838
 12873	-18.1464
 12874	-16.0594
 12875	-14.2375
 12876	-17.3603
 12877	-16.2783
 12878	-9.33569
 12879	-7.47056
 12880	-6.55363
 12881	-0.205328
 12882	1.47575
 12883	1.21396
 12884	1.05102
 12885	-1.61725
 12886	-5.8595
 12887	-3.42545
 12888	-1.83557
 12889	0.586563
 12890	1.57109
 12891	-1.17252
 12892	-0.58408
 12893	-4.21459
 12894	-13.0927
 12895	-6.64105
 12896	-2.61562
 12897	-11.8771
 12898	-12.1822
 12899	-3.68603
 12900	-6.04364
 12901	-11.3577
 12902	-13.444
 12903	-13.6138
 12904	-15.6728
 12905	-14.2322
 12906	-17.097
 12907	-20.3503
 12908	-18.4612
 12909	-18.9284
 12910	-25.8397
 12911	-30.3601
 12912	-34.9481
 12913	-30.35
 12914	-32.3746
 12915	-38.3163
 12916	-43.1203
 12917	-36.1927
 12918	-26.7491
 12919	-28.9721
 12920	-32.3409
 12921	-23.2428
 12922	-19.3405
 12923	-30.0617
 12924	-29.1475
 12925	-14.8218
 12926	-11.4934
 12927	-15.9455
 12928	-6.32165
 12929	-2.97899
 12930	-11.4965
 12931	-8.67603
 12932	-1.23387
 12933	-6.15627
 12934	-10.0794
 12935	-0.648772
 12936	6.13076
 12937	-2.57988
 12938	-3.52782
 12939	3.56634
 12940	2.3535
 12941	-4.4093
 12942	-3.06319
 12943	5.48751
 12944	6.42179
 12945	2.85263
 12946	0.324126
 12947	1.69149
 12948	1.1512
 12949	-5.18189
 12950	-7.12695
 12951	-0.41576
 12952	-5.29413
 12953	-8.54402
 12954	-5.34686
 12955	-13.816
 12956	-17.892
 12957	-13.1914
 12958	-21.2202
 12959	-35.0717
 12960	-27.7279
 12961	-19.6097
 12962	-27.1317
 12963	-28.988
 12964	-23.4164
 12965	-26.0437
 12966	-30.4318
 12967	-31.5514
 12968	-25.9048
 12969	-32.3816
 12970	-33.2191
 12971	-33.0983
 12972	-35.3372
 12973	-25.0864
 12974	-22.8662
 12975	-23.0666
 12976	-19.1895
 12977	-18.7823
 12978	-13.3013
 12979	-14.2835
 12980	-12.5432
 12981	-10.8967
 12982	-11.8909
 12983	-8.44746
 12984	-17.9519
 12985	-21.5871
 12986	-11.5095
 12987	-15.1624
 12988	-20.8192
 12989	-18.5943
 12990	-16.5157
 12991	-25.875
 12992	-30.474
 12993	-30.645
 12994	-35.4552
 12995	-36.907
 12996	-35.775
 12997	-40.1245
 12998	-35.9212
 12999	-34.9178
 13000	-38.3532
 13001	-45.8435
 13002	-44.9754
 13003	-43.0743
 13004	-46.5788
 13005	-43.3805
 13006	-40.2238
 13007	-44.9118
 13008	-38.3233
 13009	-39.8723
 13010	-42.1743
 13011	-36.6536
 13012	-32.2371
 13013	-36.0206
 13014	-43.3543
 13015	-38.4729
 13016	-39.564
 13017	-45.3253
 13018	-39.9098
 13019	-38.6415
 13020	-35.237
 13021	-28.9731
 13022	-29.2565
 13023	-30.4768
 13024	-31.7378
 13025	-34.4154
 13026	-41.6146
 13027	-39.5333
 13028	-35.4118
 13029	-43.9523
 13030	-44.8237
 13031	-39.7309
 13032	-43.822
 13033	-43.6619
 13034	-41.7627
 13035	-39.3728
 13036	-44.4172
 13037	-44.1066
 13038	-41.5592
 13039	-43.2358
 13040	-38.5411
 13041	-38.9073
 13042	-35.3968
 13043	-22.4288
 13044	-24.1793
 13045	-25.9803
 13046	-25.2866
 13047	-21.7679
 13048	-15.6969
 13049	-20.1915
 13050	-21.4453
 13051	-19.3105
 13052	-17.9878
 13053	-16.5058
 13054	-21.3635
 13055	-20.2751
 13056	-12.2915
 13057	-18.1764
 13058	-23.7458
 13059	-19.32
 13060	-15.2424
 13061	-17.7868
 13062	-19.5121
 13063	-16.8825
 13064	-15.8463
 13065	-14.9154
 13066	-9.68042
 13067	-4.13568
 13068	-7.58464
 13069	-7.09284
 13070	-2.72971
 13071	-4.63386
 13072	-11.243
 13073	-8.56302
 13074	-7.21671
 13075	-8.72449
 13076	-19.6724
 13077	-18.584
 13078	-10.0356
 13079	-12.3873
 13080	-14.8959
 13081	-14.7008
 13082	-19.9729
 13083	-17.981
 13084	-13.0965
 13085	-14.3339
 13086	-17.0066
 13087	-15.1813
 13088	-6.99029
 13089	-6.54115
 13090	-9.94901
 13091	-3.41236
 13092	1.16159
 13093	-4.05871
 13094	-4.90593
 13095	-1.99068
 13096	-2.53214
 13097	-4.31558
 13098	-6.72093
 13099	-11.8715
 13100	-16.6742
 13101	-21.2817
 13102	-22.1796
 13103	-19.8363
 13104	-26.5274
 13105	-22.5899
 13106	-24.6801
 13107	-24.5972
 13108	-22.6636
 13109	-21.6917
 13110	-16.0866
 13111	-23.7587
 13112	-29.0437
 13113	-21.8357
 13114	-26.465
 13115	-23.3741
 13116	-24.1931
 13117	-28.4128
 13118	-22.1295
 13119	-22.5527
 13120	-23.0445
 13121	-19.0817
 13122	-16.6568
 13123	-11.0601
 13124	-12.2174
 13125	-15.666
 13126	-9.57887
 13127	-6.93026
 13128	-9.74691
 13129	-15.9877
 13130	-17.3243
 13131	-14.0196
 13132	-15.2844
 13133	-17.0334
 13134	-9.39485
 13135	-5.63832
 13136	-14.946
 13137	-12.2745
 13138	-2.81746
 13139	-3.77224
 13140	-1.12982
 13141	-4.14955
 13142	-7.79959
 13143	-3.39945
 13144	-10.8045
 13145	-12.1012
 13146	-16.9438
 13147	-19.5004
 13148	-17.2818
 13149	-28.058
 13150	-29.6053
 13151	-29.3649
 13152	-26.9352
 13153	-29.9372
 13154	-39.8899
 13155	-35.8094
 13156	-25.5432
 13157	-35.0985
 13158	-32.0671
 13159	-27.514
 13160	-32.2283
 13161	-35.2297
 13162	-34.9084
 13163	-38.5833
 13164	-35.0456
 13165	-30.5435
 13166	-26.9033
 13167	-26.4444
 13168	-16.6079
 13169	-10.5957
 13170	-12.3682
 13171	-14.6277
 13172	-9.16034
 13173	-5.88275
 13174	-11.6874
 13175	-7.47195
 13176	-4.58528
 13177	-5.99663
 13178	-6.18394
 13179	-13.243
 13180	-12.2019
 13181	-9.02494
 13182	-13.3587
 13183	-9.59373
 13184	-14.6886
 13185	-19.1251
 13186	-12.0785
 13187	-19.4931
 13188	-25.8773
 13189	-31.123
 13190	-35.2146
 13191	-33.9862
 13192	-38.0934
 13193	-41.3178
 13194	-37.8364
 13195	-45.3578
 13196	-45.7702
 13197	-50.8545
 13198	-47.9978
 13199	-43.5117
 13200	-44.4735
 13201	-41.9116
 13202	-37.7719
 13203	-39.9425
 13204	-38.3985
 13205	-31.8261
 13206	-31.9691
 13207	-33.4572
 13208	-31.9726
 13209	-36.0278
 13210	-40.7234
 13211	-34.1946
 13212	-35.6395
 13213	-40.325
 13214	-46.7015
 13215	-39.6289
 13216	-40.2045
 13217	-46.6805
 13218	-34.7311
 13219	-28.5099
 13220	-35.3196
 13221	-40.2005
 13222	-44.0339
 13223	-36.6921
 13224	-35.8596
 13225	-47.4799
 13226	-44.2853
 13227	-49.9319
 13228	-49.9521
 13229	-51.42
 13230	-50.6673
 13231	-41.9607
 13232	-41.292
 13233	-45.6512
 13234	-41.496
 13235	-43.3806
 13236	-38.5213
 13237	-35.0332
 13238	-34.4805
 13239	-31.0044
 13240	-23.9845
 13241	-19.7078
 13242	-25.6317
 13243	-18.5908
 13244	-17.7411
 13245	-20.0712
 13246	-19.6659
 13247	-17.6137
 13248	-17.4105
 13249	-16.2403
 13250	-14.2364
 13251	-17.4645
 13252	-25.1716
 13253	-17.5588
 13254	-18.4974
 13255	-21.1624
 13256	-16.668
 13257	-22.4859
 13258	-19.5408
 13259	-14.3937
 13260	-19.2453
 13261	-15.3132
 13262	-13.0269
 13263	-15.086
 13264	-16.2862
 13265	-18.996
 13266	-19.7525
 13267	-24.2556
 13268	-21.4129
 13269	-20.8548
 13270	-32.39
 13271	-30.3253
 13272	-22.7531
 13273	-27.316
 13274	-31.1144
 13275	-29.3513
 13276	-23.9152
 13277	-23.0099
 13278	-19.0066
 13279	-19.9526
 13280	-22.1921
 13281	-16.2119
 13282	-14.4664
 13283	-20.8535
 13284	-27.234
 13285	-20.1216
 13286	-12.4132
 13287	-18.8472
 13288	-16.9169
 13289	-12.5972
 13290	-14.5326
 13291	-17.7018
 13292	-23.0218
 13293	-20.7632
 13294	-18.825
 13295	-24.3317
 13296	-23.1254
 13297	-28.2929
 13298	-25.0021
 13299	-26.0291
 13300	-31.5648
 13301	-33.4928
 13302	-29.2508
 13303	-28.5266
 13304	-32.2667
 13305	-41.4198
 13306	-39.5902
 13307	-35.6196
 13308	-39.6876
 13309	-41.422
 13310	-37.2631
 13311	-35.044
 13312	-38.6869
 13313	-36.7351
 13314	-42.2237
 13315	-41.5641
 13316	-38.5776
 13317	-42.8864
 13318	-47.9885
 13319	-49.3492
 13320	-45.5732
 13321	-44.3641
 13322	-50.8721
 13323	-44.3753
 13324	-43.6115
 13325	-45.0151
 13326	-33.1493
 13327	-38.3879
 13328	-36.522
 13329	-36.0358
 13330	-43.6265
 13331	-43.5962
 13332	-40.1229
 13333	-34.165
 13334	-29.9758
 13335	-35.2648
 13336	-29.7105
 13337	-28.2523
 13338	-31.4559
 13339	-29.8543
 13340	-30.2879
 13341	-32.4412
 13342	-32.3905
 13343	-32.5797
 13344	-31.206
 13345	-27.0407
 13346	-27.9734
 13347	-31.4197
 13348	-37.488
 13349	-33.3591
 13350	-30.9078
 13351	-34.8892
 13352	-36.3552
 13353	-29.6281
 13354	-32.6625
 13355	-35.9557
 13356	-30.5066
 13357	-27.9638
 13358	-23.4841
 13359	-23.6329
 13360	-27.862
 13361	-27.4614
 13362	-28.9977
 13363	-28.9505
 13364	-28.9466
 13365	-33.7954
 13366	-27.4043
 13367	-31.4052
 13368	-34.1978
 13369	-31.1856
 13370	-32.3877
 13371	-32.0323
 13372	-31.6079
 13373	-36.0466
 13374	-36.8882
 13375	-38.0157
 13376	-39.2921
 13377	-39.6071
 13378	-42.397
 13379	-36.8309
 13380	-37.3718
 13381	-38.0505
 13382	-38.392
 13383	-37.8244
 13384	-37.8735
 13385	-36.7175
 13386	-39.2664
 13387	-39.5707
 13388	-41.1682
 13389	-42.3191
 13390	-44.6342
 13391	-45.7438
 13392	-43.3819
 13393	-44.0372
 13394	-49.1081
 13395	-47.7745
 13396	-44.9563
 13397	-52.5405
 13398	-51.223
 13399	-46.8819
 13400	-42.9008
 13401	-45.1774
 13402	-45.2619
 13403	-38.1977
 13404	-32.6241
 13405	-39.9293
 13406	-34.9967
 13407	-33.126
 13408	-33.8968
 13409	-27.8992
 13410	-18.2645
 13411	-15.2641
 13412	-18.3502
 13413	-14.7584
 13414	-18.393
 13415	-30.1308
 13416	-33.5481
 13417	-24.8449
 13418	-27.8211
 13419	-35.2461
 13420	-39.5922
 13421	-35.9958
 13422	-34.1213
 13423	-34.0135
 13424	-37.3534
 13425	-30.6603
 13426	-33.4669
 13427	-32.4341
 13428	-35.8066
 13429	-34.507
 13430	-29.9268
 13431	-30.1408
 13432	-33.5392
 13433	-32.5605
 13434	-29.5044
 13435	-24.4166
 13436	-18.1484
 13437	-17.5581
 13438	-15.1883
 13439	-15.0042
 13440	-9.28904
 13441	-7.10232
 13442	-7.71676
 13443	-7.20983
 13444	-5.17465
 13445	-9.76359
 13446	-7.60608
 13447	-6.41322
 13448	-11.5219
 13449	-12.3768
 13450	-14.7559
 13451	-24.0417
 13452	-25.7102
 13453	-18.6649
 13454	-21.0882
 13455	-17.7184
 13456	-15.667
 13457	-16.026
 13458	-20.796
 13459	-21.4592
 13460	-15.9112
 13461	-17.0483
 13462	-20.5648
 13463	-17.0856
 13464	-18.5657
 13465	-9.91422
 13466	-11.4926
 13467	-14.0592
 13468	-8.02965
 13469	-10.8077
 13470	-16.7333
 13471	-16.1563
 13472	-10.1809
 13473	-9.63296
 13474	-16.7662
 13475	-18.7209
 13476	-16.1482
 13477	-17.7585
 13478	-19.4307
 13479	-20.7948
 13480	-19.5258
 13481	-22.6207
 13482	-23.5385
 13483	-25.1221
 13484	-22.7075
 13485	-22.7389
 13486	-21.4235
 13487	-17.8257
 13488	-18.6234
 13489	-17.4988
 13490	-13.1682
 13491	-12.8602
 13492	-19.471
 13493	-25.1184
 13494	-23.639
 13495	-18.2926
 13496	-23.5896
 13497	-29.0176
 13498	-29.2344
 13499	-24.8564
 13500	-22.689
 13501	-25.5673
 13502	-30.6879
 13503	-26.3324
 13504	-22.9605
 13505	-25.188
 13506	-29.8118
 13507	-33.2113
 13508	-30.0011
 13509	-20.6791
 13510	-20.8555
 13511	-30.5228
 13512	-27.5825
 13513	-16.1896
 13514	-13.1235
 13515	-24.6849
 13516	-25.2596
 13517	-13.4823
 13518	-9.24132
 13519	-14.0849
 13520	-12.5196
 13521	-10.3384
 13522	-1.46458
 13523	-1.20696
 13524	-7.43858
 13525	-2.57616
 13526	1.07608
 13527	1.47387
 13528	-0.91848
 13529	-3.80507
 13530	2.30101
 13531	5.47774
 13532	3.61762
 13533	-0.822084
 13534	-3.89683
 13535	-1.3671
 13536	-8.93231
 13537	-18.0221
 13538	-12.666
 13539	-14.8302
 13540	-21.4654
 13541	-21.0844
 13542	-23.0488
 13543	-26.1588
 13544	-27.6499
 13545	-31.5963
 13546	-42.0616
 13547	-35.3478
 13548	-32.1197
 13549	-37.3471
 13550	-35.048
 13551	-40.5203
 13552	-42.829
 13553	-36.5951
 13554	-34.1785
 13555	-38.5309
 13556	-41.1906
 13557	-25.6719
 13558	-30.0556
 13559	-46.7566
 13560	-38.263
 13561	-36.0551
 13562	-38.9767
 13563	-39.8446
 13564	-44.9948
 13565	-44.5467
 13566	-36.0029
 13567	-39.7275
 13568	-43.2887
 13569	-44.7542
 13570	-41.6882
 13571	-49.3502
 13572	-51.9759
 13573	-51.5988
 13574	-53.692
 13575	-55.6221
 13576	-50.0434
 13577	-60.9002
 13578	-61.9586
 13579	-50.7954
 13580	-49.7578
 13581	-58.0619
 13582	-55.2959
 13583	-48.8316
 13584	-53.579
 13585	-54.1282
 13586	-53.6465
 13587	-45.8434
 13588	-45.4557
 13589	-45.4043
 13590	-47.5881
 13591	-45.9241
 13592	-39.0916
 13593	-42.4198
 13594	-44.6538
 13595	-36.6419
 13596	-44.7774
 13597	-38.9113
 13598	-32.8152
 13599	-43.6194
 13600	-41.8371
 13601	-35.4105
 13602	-42.6702
 13603	-50.7204
 13604	-48.4546
 13605	-38.623
 13606	-44.7398
 13607	-48.4575
 13608	-36.6124
 13609	-39.9532
 13610	-40.5899
 13611	-34.1749
 13612	-43.754
 13613	-45.8997
 13614	-45.1409
 13615	-50.4976
 13616	-50.9115
 13617	-51.0083
 13618	-53.9419
 13619	-50.8368
 13620	-51.5091
 13621	-57.7211
 13622	-52.1693
 13623	-41.2422
 13624	-48.0372
 13625	-52.1878
 13626	-47.856
 13627	-42.3158
 13628	-50.9678
 13629	-48.6582
 13630	-37.3325
 13631	-50.9839
 13632	-47.0436
 13633	-38.6834
 13634	-46.2934
 13635	-42.4539
 13636	-38.7599
 13637	-43.8165
 13638	-41.4246
 13639	-45.3368
 13640	-42.2008
 13641	-46.588
 13642	-47.166
 13643	-44.6698
 13644	-42.7232
 13645	-43.4949
 13646	-40.363
 13647	-48.5877
 13648	-41.1825
 13649	-41.1874
 13650	-45.7635
 13651	-39.1617
 13652	-38.3073
 13653	-38.3929
 13654	-34.2664
 13655	-33.5042
 13656	-35.8322
 13657	-35.7368
 13658	-35.0547
 13659	-37.5088
 13660	-36.5612
 13661	-29.9554
 13662	-27.513
 13663	-35.4809
 13664	-38.162
 13665	-27.2966
 13666	-33.9819
 13667	-39.1667
 13668	-38.1382
 13669	-39.8304
 13670	-37.6689
 13671	-40.8899
 13672	-39.0471
 13673	-30.8187
 13674	-32.7645
 13675	-32.6123
 13676	-39.0761
 13677	-40.3204
 13678	-43.8628
 13679	-48.1959
 13680	-47.1212
 13681	-47.87
 13682	-50.9577
 13683	-41.2336
 13684	-50.2686
 13685	-47.4401
 13686	-42.4487
 13687	-43.4192
 13688	-46.3898
 13689	-41.2068
 13690	-35.6895
 13691	-36.0975
 13692	-38.3775
 13693	-33.5944
 13694	-33.4955
 13695	-38.5756
 13696	-41.5674
 13697	-36.7863
 13698	-35.6827
 13699	-41.6568
 13700	-41.8418
 13701	-38.6057
 13702	-33.9026
 13703	-32.5807
 13704	-27.194
 13705	-18.5468
 13706	-17.225
 13707	-14.2664
 13708	-13.59
 13709	-13.9091
 13710	-9.01341
 13711	-13.9405
 13712	-19.2453
 13713	-20.8676
 13714	-19.8049
 13715	-16.8545
 13716	-19.7663
 13717	-13.2082
 13718	-9.28516
 13719	-10.0431
 13720	-11.67
 13721	-14.71
 13722	-17.8565
 13723	-12.8057
 13724	-12.3675
 13725	-22.577
 13726	-19.012
 13727	-8.35474
 13728	-15.2441
 13729	-19.1745
 13730	-16.8124
 13731	-24.9071
 13732	-27.6124
 13733	-29.0505
 13734	-27.5309
 13735	-31.9648
 13736	-31.1117
 13737	-28.7213
 13738	-28.3482
 13739	-35.2203
 13740	-33.9631
 13741	-37.7964
 13742	-32.0692
 13743	-38.5264
 13744	-43.6971
 13745	-40.6974
 13746	-38.7737
 13747	-43.3788
 13748	-40.9543
 13749	-38.3115
 13750	-37.7454
 13751	-40.0195
 13752	-41.9332
 13753	-37.6837
 13754	-38.7192
 13755	-37.2968
 13756	-35.6164
 13757	-33.7206
 13758	-36.6916
 13759	-30.5188
 13760	-34.5045
 13761	-38.1223
 13762	-36.8733
 13763	-36.5078
 13764	-37.3264
 13765	-34.0405
 13766	-35.8567
 13767	-33.0841
 13768	-31.0506
 13769	-27.2879
 13770	-29.0518
 13771	-30.6552
 13772	-20.9909
 13773	-21.0086
 13774	-19.6565
 13775	-18.1198
 13776	-23.3483
 13777	-21.7069
 13778	-12.6552
 13779	-14.0021
 13780	-14.976
 13781	-10.218
 13782	-1.12003
 13783	-3.48014
 13784	-7.98032
 13785	-2.42351
 13786	-2.38422
 13787	-1.68299
 13788	1.30242
 13789	2.07602
 13790	3.20289
 13791	4.62294
 13792	-0.242475
 13793	-1.68296
 13794	5.68407
 13795	3.62742
 13796	-3.84174
 13797	6.21317
 13798	1.07896
 13799	-6.02871
 13800	-0.93338
 13801	0.202477
 13802	-6.77907
 13803	-6.75639
 13804	-5.53255
 13805	-11.1317
 13806	-16.8482
 13807	-18.1676
 13808	-22.4985
 13809	-27.8675
 13810	-23.8742
 13811	-21.7209
 13812	-24.7547
 13813	-23.7559
 13814	-20.1335
 13815	-28.6302
 13816	-30.7648
 13817	-28.473
 13818	-27.2325
 13819	-31.473
 13820	-33.5898
 13821	-35.2698
 13822	-32.3044
 13823	-33.3819
 13824	-41.0725
 13825	-40.7157
 13826	-34.3574
 13827	-30.2749
 13828	-27.4668
 13829	-24.5168
 13830	-21.738
 13831	-16.0555
 13832	-15.7172
 13833	-17.5338
 13834	-19.0926
 13835	-12.1204
 13836	-13.2692
 13837	-17.349
 13838	-12.8244
 13839	-7.65913
 13840	-7.33308
 13841	-6.72838
 13842	-3.31938
 13843	-2.25825
 13844	-6.32651
 13845	-0.995401
 13846	1.61841
 13847	-12.3794
 13848	-4.88644
 13849	3.51471
 13850	-7.65302
 13851	-12.4892
 13852	-7.67449
 13853	-16.4013
 13854	-20.3578
 13855	-12.2299
 13856	-14.8231
 13857	-24.57
 13858	-16.7666
 13859	-14.1916
 13860	-26.581
 13861	-21.916
 13862	-22.4408
 13863	-24.1177
 13864	-18.8065
 13865	-21.7224
 13866	-21.793
 13867	-19.1994
 13868	-24.8662
 13869	-25.2577
 13870	-24.7462
 13871	-18.1494
 13872	-16.6273
 13873	-16.3274
 13874	-3.82452
 13875	-3.08516
 13876	-9.66519
 13877	-4.26287
 13878	-5.92022
 13879	-8.09322
 13880	-3.2485
 13881	4.45807
 13882	2.87486
 13883	1.83241
 13884	6.55042
 13885	5.03638
 13886	8.8448
 13887	8.39376
 13888	7.15123
 13889	15.1359
 13890	17.9521
 13891	14.6856
 13892	15.2815
 13893	20.3491
 13894	15.2905
 13895	12.7099
 13896	21.0463
 13897	18.1496
 13898	16.735
 13899	22.4931
 13900	12.9922
 13901	6.82739
 13902	14.7325
 13903	13.8028
 13904	7.47593
 13905	7.96472
 13906	11.0833
 13907	5.21127
 13908	-1.6702
 13909	-0.933505
 13910	3.07398
 13911	0.230167
 13912	-3.73535
 13913	2.04306
 13914	0.873267
 13915	-3.3931
 13916	2.78146
 13917	-2.1425
 13918	-6.08678
 13919	-4.51737
 13920	-7.82202
 13921	-6.62515
 13922	-7.84787
 13923	-8.98598
 13924	-2.30652
 13925	-2.53138
 13926	-4.58518
 13927	2.9335
 13928	5.51253
 13929	7.92188
 13930	12.0519
 13931	12.6447
 13932	15.9575
 13933	16.0018
 13934	20.8162
 13935	16.7677
 13936	14.7483
 13937	17.6196
 13938	16.9429
 13939	18.286
 13940	12.4288
 13941	6.61485
 13942	8.19111
 13943	5.45961
 13944	3.65174
 13945	0.275732
 13946	3.69456
 13947	-6.50008
 13948	-7.95703
 13949	-2.46381
 13950	-12.0999
 13951	-7.96827
 13952	-3.67871
 13953	-12.5197
 13954	-11.0199
 13955	-13.6709
 13956	-15.8991
 13957	-10.223
 13958	-17.4145
 13959	-17.2846
 13960	-16.4745
 13961	-15.3601
 13962	-14.3882
 13963	-18.6233
 13964	-17.4882
 13965	-18.4457
 13966	-28.7096
 13967	-29.3667
 13968	-25.7912
 13969	-31.4955
 13970	-36.249
 13971	-36.0725
 13972	-40.8601
 13973	-48.1634
 13974	-38.8486
 13975	-36.9177
 13976	-35.5456
 13977	-35.8477
 13978	-31.4764
 13979	-26.8705
 13980	-29.7348
 13981	-31.2284
 13982	-25.8556
 13983	-25.8408
 13984	-24.5993
 13985	-28.9162
 13986	-26.1422
 13987	-17.7713
 13988	-20.001
 13989	-14.3784
 13990	-11.0665
 13991	-13.8767
 13992	-12.2531
 13993	-8.69801
 13994	-13.7794
 13995	-17.1607
 13996	-16.0781
 13997	-8.74849
 13998	-13.2827
 13999	-9.84826
 14000	-12.207
 14001	-14.9021
 14002	-17.2312
 14003	-15.7771
 14004	-17.1328
 14005	-21.9032
 14006	-14.8575
 14007	-9.07533
 14008	-18.5854
 14009	-15.158
 14010	-14.0832
 14011	-17.1689
 14012	-11.5629
 14013	-11.8847
 14014	-11.5241
 14015	-13.3791
 14016	-13.066
 14017	-10.7062
 14018	-11.3093
 14019	-11.0273
 14020	-11.6468
 14021	-9.37387
 14022	-0.388257
 14023	-1.1948
 14024	1.0819
 14025	9.92653
 14026	5.80712
 14027	2.50872
 14028	2.05713
 14029	7.87367
 14030	2.88417
 14031	0.246315
 14032	8.8038
 14033	2.15088
 14034	-2.40056
 14035	4.16623
 14036	-4.73722
 14037	-9.01658
 14038	-7.75962
 14039	-1.94982
 14040	-7.74969
 14041	-15.8296
 14042	-12.9078
 14043	-12.7707
 14044	-18.8367
 14045	-22.1408
 14046	-19.0997
 14047	-11.4955
 14048	-13.7501
 14049	-14.1596
 14050	-5.53813
 14051	-6.35698
 14052	-5.16118
 14053	-9.02619
 14054	-10.9062
 14055	-15.4353
 14056	-16.5617
 14057	-6.78377
 14058	-10.9765
 14059	-14.5948
 14060	-11.4038
 14061	-13.2413
 14062	-15.6709
 14063	-13.5865
 14064	-8.71797
 14065	-5.95891
 14066	-12.5646
 14067	-0.601669
 14068	-2.99715
 14069	-11.415
 14070	-4.91859
 14071	-6.53949
 14072	-12.157
 14073	-7.27124
 14074	-12.3611
 14075	-2.46638
 14076	0.248909
 14077	-7.47699
 14078	-8.06543
 14079	-6.548
 14080	-4.30655
 14081	-6.82779
 14082	1.29694
 14083	10.6238
 14084	3.64253
 14085	-0.88195
 14086	-0.103511
 14087	3.68818
 14088	-4.57556
 14089	-10.8602
 14090	1.35081
 14091	-1.63369
 14092	-5.86072
 14093	-2.09891
 14094	-1.84526
 14095	-9.15702
 14096	-11.2771
 14097	-5.84873
 14098	-6.01858
 14099	-9.04924
 14100	-5.40219
 14101	-7.98111
 14102	-9.67894
 14103	-8.31621
 14104	-10.9753
 14105	-9.85617
 14106	-11.8347
 14107	-10.7123
 14108	-6.41396
 14109	-6.11389
 14110	-5.31816
 14111	-11.7679
 14112	-12.1503
 14113	-11.0832
 14114	-18.899
 14115	-17.2115
 14116	-19.313
 14117	-21.8857
 14118	-20.7178
 14119	-18.8382
 14120	-21.724
 14121	-28.9552
 14122	-29.8352
 14123	-35.0675
 14124	-45.2069
 14125	-45.5793
 14126	-45.359
 14127	-45.1563
 14128	-44.9013
 14129	-53.0167
 14130	-50.8616
 14131	-47.5499
 14132	-43.3584
 14133	-45.8486
 14134	-40.5122
 14135	-36.163
 14136	-42.6291
 14137	-41.5614
 14138	-33.2655
 14139	-36.5945
 14140	-34.5579
 14141	-37.3644
 14142	-38.3391
 14143	-32.9992
 14144	-34.3684
 14145	-38.1831
 14146	-45.5599
 14147	-40.4611
 14148	-40.4521
 14149	-48.6337
 14150	-41.0692
 14151	-41.7629
 14152	-48.4306
 14153	-41.4932
 14154	-41.2724
 14155	-45.7143
 14156	-46.2216
 14157	-41.2837
 14158	-44.5588
 14159	-50.3148
 14160	-40.4459
 14161	-46.8374
 14162	-52.1731
 14163	-44.5187
 14164	-47.7828
 14165	-48.4578
 14166	-44.9155
 14167	-54.884
 14168	-51.5683
 14169	-44.7641
 14170	-44.9364
 14171	-50.5653
 14172	-47.9387
 14173	-45.5639
 14174	-55.3322
 14175	-49.2138
 14176	-39.0669
 14177	-51.8713
 14178	-46.3365
 14179	-38.9674
 14180	-47.7303
 14181	-48.7936
 14182	-39.8234
 14183	-42.9739
 14184	-47.7757
 14185	-38.0281
 14186	-38.3501
 14187	-36.8288
 14188	-36.4623
 14189	-42.3442
 14190	-43.6297
 14191	-40.0415
 14192	-42.1145
 14193	-41.7169
 14194	-41.4123
 14195	-35.9264
 14196	-43.6717
 14197	-43.25
 14198	-39.746
 14199	-45.3688
 14200	-38.3405
 14201	-32.8562
 14202	-40.8786
 14203	-36.2664
 14204	-31.2792
 14205	-41.2475
 14206	-42.3243
 14207	-38.709
 14208	-40.4115
 14209	-43.8314
 14210	-42.1881
 14211	-43.807
 14212	-43.4027
 14213	-38.0765
 14214	-44.3164
 14215	-47.8668
 14216	-40.0819
 14217	-41.3056
 14218	-50.5886
 14219	-40.9987
 14220	-40.0114
 14221	-50.482
 14222	-44.3187
 14223	-35.3729
 14224	-46.4521
 14225	-41.4383
 14226	-41.1646
 14227	-42.432
 14228	-44.4252
 14229	-40.7476
 14230	-41.9289
 14231	-43.5815
 14232	-42.9923
 14233	-39.0307
 14234	-44.6405
 14235	-40.5686
 14236	-44.1206
 14237	-44.9226
 14238	-38.3676
 14239	-43.7329
 14240	-44.7393
 14241	-37.8029
 14242	-43.602
 14243	-43.7415
 14244	-44.4034
 14245	-47.7754
 14246	-44.7823
 14247	-43.7291
 14248	-45.9779
 14249	-46.841
 14250	-42.9343
 14251	-43.6428
 14252	-50.7519
 14253	-47.3492
 14254	-42.6512
 14255	-41.3018
 14256	-43.9641
 14257	-43.9779
 14258	-43.6
 14259	-38.691
 14260	-37.0201
 14261	-38.217
 14262	-33.4101
 14263	-28.5565
 14264	-37.4094
 14265	-40.4445
 14266	-44.2413
 14267	-41.2043
 14268	-40.1697
 14269	-47.8553
 14270	-45.8625
 14271	-46.4136
 14272	-45.755
 14273	-45.2917
 14274	-48.6744
 14275	-46.0376
 14276	-43.6423
 14277	-48.715
 14278	-41.6737
 14279	-45.5397
 14280	-43.6294
 14281	-43.3927
 14282	-41.4798
 14283	-41.4956
 14284	-37.3023
 14285	-38.1472
 14286	-35.8748
 14287	-48.4218
 14288	-55.7428
 14289	-49.9922
 14290	-47.8969
 14291	-51.5473
 14292	-48.7789
 14293	-41.5923
 14294	-43.802
 14295	-46.3542
 14296	-38.5399
 14297	-29.4001
 14298	-26.2984
 14299	-25.1759
 14300	-22.4492
 14301	-22.2332
 14302	-21.3898
 14303	-15.3836
 14304	-20.3488
 14305	-22.5163
 14306	-21.9665
 14307	-25.4356
 14308	-24.4854
 14309	-34.6887
 14310	-31.8399
 14311	-26.479
 14312	-30.712
 14313	-39.4984
 14314	-41.5841
 14315	-39.5455
 14316	-39.4185
 14317	-49.3712
 14318	-46.8479
 14319	-47.4466
 14320	-48.3745
 14321	-50.6257
 14322	-47.3886
 14323	-51.7859
 14324	-52.6401
 14325	-50.1195
 14326	-50.1859
 14327	-51.8032
 14328	-47.8653
 14329	-46.2487
 14330	-48.4024
 14331	-55.3513
 14332	-46.95
 14333	-43.104
 14334	-51.6621
 14335	-50.7636
 14336	-43.0535
 14337	-39.8311
 14338	-46.115
 14339	-41.9565
 14340	-37.9817
 14341	-42.489
 14342	-52.3537
 14343	-51.2337
 14344	-53.7974
 14345	-49.1546
 14346	-47.8941
 14347	-47.8178
 14348	-46.0741
 14349	-40.3528
 14350	-41.3139
 14351	-41.319
 14352	-39.235
 14353	-30.1558
 14354	-27.1504
 14355	-30.3944
 14356	-31.0339
 14357	-26.9
 14358	-20.6659
 14359	-21.3719
 14360	-20.2602
 14361	-25.5125
 14362	-23.6108
 14363	-26.7682
 14364	-35.8219
 14365	-38.4262
 14366	-35.4098
 14367	-37.7695
 14368	-42.9112
 14369	-39.1166
 14370	-39.4871
 14371	-44.455
 14372	-41.2511
 14373	-39.945
 14374	-49.1243
 14375	-44.6099
 14376	-42.7711
 14377	-45.8498
 14378	-50.062
 14379	-45.3494
 14380	-51.5285
 14381	-51.1095
 14382	-52.5098
 14383	-54.6396
 14384	-52.0354
 14385	-46.9608
 14386	-49.5192
 14387	-50.4371
 14388	-45.5696
 14389	-43.0166
 14390	-44.64
 14391	-40.2317
 14392	-45.7363
 14393	-46.9799
 14394	-46.8256
 14395	-49.5146
 14396	-40.973
 14397	-43.6704
 14398	-42.2235
 14399	-42.5352
 14400	-44.5771
 14401	-48.1017
 14402	-46.7806
 14403	-46.2712
 14404	-39.9171
 14405	-42.075
 14406	-37.3829
 14407	-36.9346
 14408	-37.9473
 14409	-35.7371
 14410	-40.9985
 14411	-42.0823
 14412	-37.4878
 14413	-31.5613
 14414	-35.1546
 14415	-31.0404
 14416	-24.6375
 14417	-18.2704
 14418	-28.4171
 14419	-26.7179
 14420	-20.9841
 14421	-19.7679
 14422	-28.926
 14423	-31.104
 14424	-37.3294
 14425	-37.9622
 14426	-36.9488
 14427	-41.4393
 14428	-42.6313
 14429	-39.0092
 14430	-41.3484
 14431	-43.1857
 14432	-38.1841
 14433	-37.3303
 14434	-39.5034
 14435	-47.0964
 14436	-38.1594
 14437	-48.2845
 14438	-48.9221
 14439	-49.2591
 14440	-43.0295
 14441	-48.0276
 14442	-47.6663
 14443	-46.4803
 14444	-44.2971
 14445	-44.8025
 14446	-47.0457
 14447	-49.2364
 14448	-49.5286
 14449	-49.2448
 14450	-47.7693
 14451	-46.1403
 14452	-45.5269
 14453	-39.7113
 14454	-41.9295
 14455	-36.162
 14456	-39.5769
 14457	-38.1853
 14458	-37.0499
 14459	-38.7834
 14460	-43.6621
 14461	-38.7264
 14462	-44.5451
 14463	-46.1697
 14464	-45.5998
 14465	-48.2412
 14466	-50.8242
 14467	-51.9203
 14468	-48.3597
 14469	-42.8354
 14470	-44.552
 14471	-43.4025
 14472	-41.0702
 14473	-39.7472
 14474	-35.0754
 14475	-35.3714
 14476	-24.26
 14477	-23.6039
 14478	-25.0852
 14479	-23.2186
 14480	-18.7287
 14481	-21.5329
 14482	-18.7395
 14483	-17.7551
 14484	-20.195
 14485	-19.9658
 14486	-18.1389
 14487	-18.3929
 14488	-14.4525
 14489	-13.9536
 14490	-10.5647
 14491	-12.1904
 14492	-10.2279
 14493	-4.00118
 14494	-6.77515
 14495	-8.68412
 14496	-2.63095
 14497	0.548664
 14498	-1.45278
 14499	5.24
 14500	5.75807
 14501	2.31669
 14502	5.28151
 14503	7.16384
 14504	4.5682
 14505	3.23784
 14506	8.33055
 14507	7.71823
 14508	3.61022
 14509	4.87459
 14510	2.54973
 14511	-0.276116
 14512	-1.88039
 14513	1.98822
 14514	-0.0747579
 14515	-2.52269
 14516	-1.55286
 14517	-5.30924
 14518	-5.12592
 14519	-10.0869
 14520	-15.854
 14521	-17.9327
 14522	-13.9979
 14523	-16.7666
 14524	-15.513
 14525	-15.9184
 14526	-20.2918
 14527	-21.3701
 14528	-18.2416
 14529	-21.8444
 14530	-29.23
 14531	-28.5
 14532	-30.5148
 14533	-32.2216
 14534	-36.3502
 14535	-37.1422
 14536	-34.6499
 14537	-35.4259
 14538	-37.5969
 14539	-38.9823
 14540	-39.5624
 14541	-31.6809
 14542	-34.464
 14543	-33.9835
 14544	-28.2734
 14545	-26.9938
 14546	-23.504
 14547	-22.3982
 14548	-26.185
 14549	-22.9451
 14550	-16.1619
 14551	-14.7505
 14552	-17.1441
 14553	-20.3056
 14554	-10.1294
 14555	-14.0444
 14556	-20.451
 14557	-14.8785
 14558	-14.47
 14559	-14.8196
 14560	-10.2514
 14561	-11.1763
 14562	-16.3993
 14563	-8.47623
 14564	-2.24279
 14565	-8.06127
 14566	-7.59035
 14567	-5.40206
 14568	-5.1292
 14569	-7.18669
 14570	-18.5551
 14571	-11.1493
 14572	-12.0143
 14573	-17.0669
 14574	-15.5094
 14575	-16.9073
 14576	-16.6303
 14577	-14.063
 14578	-19.017
 14579	-16.3471
 14580	-18.6789
 14581	-17.6747
 14582	-22.1832
 14583	-26.3349
 14584	-24.4586
 14585	-20.803
 14586	-27.5689
 14587	-34.8221
 14588	-36.1642
 14589	-38.2336
 14590	-37.4956
 14591	-40.641
 14592	-46.9697
 14593	-38.1143
 14594	-35.7202
 14595	-40.9107
 14596	-37.764
 14597	-38.3195
 14598	-34.8708
 14599	-31.9658
 14600	-42.382
 14601	-40.8973
 14602	-36.7757
 14603	-34.3275
 14604	-31.6087
 14605	-40.7563
 14606	-35.1357
 14607	-33.3397
 14608	-35.8434
 14609	-34.9432
 14610	-42.3486
 14611	-37.873
 14612	-32.8507
 14613	-43.0882
 14614	-47.6641
 14615	-42.1119
 14616	-43.6709
 14617	-49.5654
 14618	-45.754
 14619	-43.9733
 14620	-42.6691
 14621	-34.3827
 14622	-33.562
 14623	-37.5629
 14624	-35.3134
 14625	-29.5387
 14626	-33.9379
 14627	-39.1055
 14628	-36.6081
 14629	-35.4813
 14630	-37.3318
 14631	-41.2142
 14632	-43.5846
 14633	-36.5472
 14634	-31.5142
 14635	-38.6631
 14636	-41.5125
 14637	-37.863
 14638	-37.8462
 14639	-36.2824
 14640	-45.8552
 14641	-45.2211
 14642	-39.6473
 14643	-48.8722
 14644	-46.449
 14645	-46.9165
 14646	-44.3698
 14647	-47.9411
 14648	-50.4141
 14649	-44.8756
 14650	-49.3823
 14651	-48.5312
 14652	-44.3611
 14653	-46.8475
 14654	-41.738
 14655	-45.2221
 14656	-40.5747
 14657	-38.005
 14658	-43.2635
 14659	-41.6857
 14660	-37.6393
 14661	-36.7499
 14662	-43.1195
 14663	-38.1866
 14664	-33.9527
 14665	-35.8596
 14666	-34.3669
 14667	-35.3494
 14668	-37.9612
 14669	-34.0917
 14670	-35.6972
 14671	-34.9462
 14672	-32.0066
 14673	-32.9772
 14674	-33.0732
 14675	-32.5913
 14676	-33.4055
 14677	-40.1483
 14678	-35.4188
 14679	-30.2541
 14680	-42.2292
 14681	-42.7859
 14682	-32.8464
 14683	-40.007
 14684	-38.8687
 14685	-35.6561
 14686	-32.7073
 14687	-35.5874
 14688	-40.3083
 14689	-34.8904
 14690	-32.3699
 14691	-25.0279
 14692	-25.8138
 14693	-30.1147
 14694	-30.841
 14695	-30.3265
 14696	-24.0956
 14697	-24.1718
 14698	-22.1146
 14699	-11.5192
 14700	-13.7028
 14701	-12.5969
 14702	-6.55307
 14703	-4.73884
 14704	-3.31955
 14705	-1.56104
 14706	7.54821
 14707	1.83346
 14708	-5.31303
 14709	-2.27174
 14710	-3.0721
 14711	-9.99787
 14712	-16.8887
 14713	-19.7527
 14714	-16.0912
 14715	-23.0368
 14716	-27.0804
 14717	-19.8763
 14718	-24.0144
 14719	-28.9695
 14720	-30.9654
 14721	-27.0239
 14722	-30.5038
 14723	-34.0308
 14724	-32.6483
 14725	-38.9579
 14726	-46.9655
 14727	-44.2844
 14728	-53.764
 14729	-52.9494
 14730	-54.2293
 14731	-50.1683
 14732	-59.4159
 14733	-53.8006
 14734	-44.4772
 14735	-50.5725
 14736	-51.6589
 14737	-44.4645
 14738	-48.6641
 14739	-44.68
 14740	-44.0682
 14741	-41.7311
 14742	-39.687
 14743	-39.6294
 14744	-39.7454
 14745	-44.3208
 14746	-37.604
 14747	-36.9262
 14748	-43.8599
 14749	-38.2805
 14750	-36.8975
 14751	-44.6695
 14752	-42.1356
 14753	-38.901
 14754	-43.3409
 14755	-47.0765
 14756	-44.4882
 14757	-51.1306
 14758	-52.549
 14759	-41.9865
 14760	-43.4521
 14761	-44.0665
 14762	-44.2866
 14763	-45.9612
 14764	-43.4474
 14765	-45.4044
 14766	-38.1325
 14767	-42.0387
 14768	-45.3886
 14769	-37.4484
 14770	-38.0139
 14771	-39.7162
 14772	-40.2778
 14773	-45.2783
 14774	-38.1492
 14775	-43.0907
 14776	-44.9661
 14777	-36.4401
 14778	-37.0613
 14779	-36.7524
 14780	-39.4626
 14781	-37.3692
 14782	-38.8607
 14783	-42.9752
 14784	-37.9014
 14785	-41.0668
 14786	-43.9144
 14787	-39.5509
 14788	-40.9905
 14789	-41.0773
 14790	-46.2183
 14791	-42.3201
 14792	-43.1321
 14793	-49.1193
 14794	-44.3452
 14795	-40.928
 14796	-40.6507
 14797	-45.6592
 14798	-43.9639
 14799	-44.8183
 14800	-48.7738
 14801	-47.1668
 14802	-42.365
 14803	-43.3454
 14804	-44.2492
 14805	-50.6625
 14806	-40.2624
 14807	-36.8262
 14808	-42.0627
 14809	-36.0956
 14810	-35.3961
 14811	-41.9849
 14812	-41.8856
 14813	-42.801
 14814	-42.6582
 14815	-46.3367
 14816	-38.2166
 14817	-38.8682
 14818	-49.8641
 14819	-41.9686
 14820	-37.8225
 14821	-44.1946
 14822	-46.7563
 14823	-45.6594
 14824	-47.0312
 14825	-45.8913
 14826	-43.8535
 14827	-42.5315
 14828	-46.4417
 14829	-43.7625
 14830	-45.4811
 14831	-45.5121
 14832	-48.6729
 14833	-46.0265
 14834	-43.7086
 14835	-50.3702
 14836	-50.7038
 14837	-41.1195
 14838	-38.6048
 14839	-41.3123
 14840	-42.281
 14841	-36.5175
 14842	-41.0528
 14843	-40.9971
 14844	-31.3565
 14845	-37.5701
 14846	-37.3107
 14847	-29.553
 14848	-37.2137
 14849	-42.2177
 14850	-41.4982
 14851	-41.5288
 14852	-40.3224
 14853	-36.9569
 14854	-31.4546
 14855	-32.5447
 14856	-32.1927
 14857	-26.7203
 14858	-29.3323
 14859	-31.725
 14860	-37.2986
 14861	-43.0378
 14862	-36.4977
 14863	-38.6701
 14864	-50.7001
 14865	-47.9723
 14866	-39.9727
 14867	-49.8129
 14868	-57.1773
 14869	-47.782
 14870	-48.2679
 14871	-55.0409
 14872	-54.9243
 14873	-49.9891
 14874	-40.4775
 14875	-39.1515
 14876	-36.3659
 14877	-39.3242
 14878	-39.2099
 14879	-34.4838
 14880	-38.0192
 14881	-36.2603
 14882	-36.1464
 14883	-44.1587
 14884	-37.0238
 14885	-41.885
 14886	-47.8958
 14887	-38.9572
 14888	-41.7916
 14889	-47.3566
 14890	-43.5442
 14891	-42.127
 14892	-38.8592
 14893	-41.829
 14894	-36.7177
 14895	-35.4571
 14896	-42.5134
 14897	-33.1654
 14898	-34.6525
 14899	-43.7813
 14900	-44.6119
 14901	-43.0552
 14902	-40.8487
 14903	-43.799
 14904	-47.8035
 14905	-41.7643
 14906	-45.6938
 14907	-50.7982
 14908	-47.6613
 14909	-47.5202
 14910	-49.7518
 14911	-47.2828
 14912	-48.7858
 14913	-46.522
 14914	-47.4854
 14915	-48.0811
 14916	-42.7645
 14917	-40.7625
 14918	-41.1998
 14919	-37.1632
 14920	-35.3268
 14921	-37.3394
 14922	-37.0821
 14923	-39.1363
 14924	-38.4866
 14925	-42.3662
 14926	-43.624
 14927	-44.3951
 14928	-46.3135
 14929	-42.791
 14930	-41.8808
 14931	-47.9739
 14932	-45.1752
 14933	-48.2484
 14934	-48.3516
 14935	-46.585
 14936	-47.1247
 14937	-44.1693
 14938	-43.3239
 14939	-43.2859
 14940	-42.7964
 14941	-37.7258
 14942	-38.4125
 14943	-40.2088
 14944	-41.4548
 14945	-41.1504
 14946	-40.0206
 14947	-35.2909
 14948	-37.9751
 14949	-36.9289
 14950	-37.8413
 14951	-36.4548
 14952	-42.072
 14953	-44.9793
 14954	-37.4962
 14955	-39.114
 14956	-39.9578
 14957	-40.0265
 14958	-41.6269
 14959	-38.6515
 14960	-39.1483
 14961	-39.6503
 14962	-34.0478
 14963	-39.5047
 14964	-35.7443
 14965	-33.5224
 14966	-37.8375
 14967	-38.6547
 14968	-29.1989
 14969	-37.8458
 14970	-43.9246
 14971	-39.4013
 14972	-35.0521
 14973	-44.5236
 14974	-43.679
 14975	-38.3957
 14976	-45.3203
 14977	-46.1518
 14978	-40.0072
 14979	-40.6909
 14980	-43.1552
 14981	-39.963
 14982	-41.0677
 14983	-40.9308
 14984	-44.2356
 14985	-44.023
 14986	-41.7892
 14987	-39.0599
 14988	-48.9925
 14989	-42.0782
 14990	-40.6609
 14991	-42.5259
 14992	-43.8777
 14993	-35.9923
 14994	-36.159
 14995	-45.2021
 14996	-41.7989
 14997	-35.092
 14998	-45.8338
 14999	-45.8679
 15000	-42.4897
 15001	-50.3027
 15002	-52.0467
 15003	-53.2932
 15004	-46.3783
 15005	-44.635
 15006	-47.4782
 15007	-48.9472
 15008	-44.1495
 15009	-46.8361
 15010	-47.4713
 15011	-46.5676
 15012	-41.3477
 15013	-47.4183
 15014	-46.0737
 15015	-37.668
 15016	-41.5909
 15017	-47.2561
 15018	-40.6331
 15019	-35.7608
 15020	-41.5842
 15021	-37.7389
 15022	-30.95
 15023	-25.2424
 15024	-30.3417
 15025	-31.8798
 15026	-32.3412
 15027	-29.184
 15028	-38.0239
 15029	-32.3075
 15030	-35.0982
 15031	-34.4806
 15032	-34.0982
 15033	-37.3665
 15034	-40.2287
 15035	-33.1211
 15036	-43.072
 15037	-45.177
 15038	-47.0521
 15039	-47.6885
 15040	-49.5132
 15041	-52.1723
 15042	-49.6832
 15043	-52.2748
 15044	-59.1818
 15045	-54.613
 15046	-48.9187
 15047	-54.4688
 15048	-49.1534
 15049	-46.9372
 15050	-40.3958
 15051	-45.8815
 15052	-42.0912
 15053	-33.5828
 15054	-31.5323
 15055	-40.5491
 15056	-36.9923
 15057	-36.7446
 15058	-39.1734
 15059	-40.2321
 15060	-38.8342
 15061	-44.2829
 15062	-43.7919
 15063	-42.5695
 15064	-39.4873
 15065	-45.1693
 15066	-44.7577
 15067	-38.5317
 15068	-48.1782
 15069	-48.0612
 15070	-47.7113
 15071	-44.0563
 15072	-43.2008
 15073	-43.5621
 15074	-43.7704
 15075	-33.6586
 15076	-36.7226
 15077	-34.214
 15078	-29.7305
 15079	-25.0423
 15080	-29.4879
 15081	-32.0051
 15082	-27.9801
 15083	-24.6813
 15084	-36.9467
 15085	-36.8391
 15086	-32.0578
 15087	-44.0361
 15088	-41.249
 15089	-37.6666
 15090	-38.3168
 15091	-44.1938
 15092	-45.4325
 15093	-41.4419
 15094	-39.2047
 15095	-46.5848
 15096	-36.1886
 15097	-32.5387
 15098	-34.4678
 15099	-33.0785
 15100	-30.3261
 15101	-28.315
 15102	-32.5119
 15103	-33.8318
 15104	-28.9331
 15105	-32.5052
 15106	-34.6099
 15107	-22.8663
 15108	-22.9825
 15109	-27.2382
 15110	-28.2116
 15111	-24.7435
 15112	-28.0285
 15113	-28.2143
 15114	-29.1732
 15115	-23.4741
 15116	-23.0486
 15117	-27.6634
 15118	-20.5485
 15119	-20.56
 15120	-24.9881
 15121	-25.011
 15122	-32.6596
 15123	-36.2469
 15124	-36.4737
 15125	-40.2835
 15126	-30.3484
 15127	-35.172
 15128	-39.4977
 15129	-37.2778
 15130	-28.9373
 15131	-30.0193
 15132	-41.1348
 15133	-42.5782
 15134	-32.298
 15135	-42.2095
 15136	-45.8517
 15137	-39.6348
 15138	-37.0111
 15139	-33.2493
 15140	-33.9495
 15141	-36.2267
 15142	-34.4764
 15143	-30.805
 15144	-27.9832
 15145	-30.7878
 15146	-39.8047
 15147	-38.8725
 15148	-36.6002
 15149	-39.3667
 15150	-45.3777
 15151	-39.8557
 15152	-44.2191
 15153	-44.5629
 15154	-43.6222
 15155	-42.4804
 15156	-40.4511
 15157	-44.1612
 15158	-38.8793
 15159	-43.4845
 15160	-48.0678
 15161	-39.9663
 15162	-40.8547
 15163	-41.1906
 15164	-39.3639
 15165	-43.9486
 15166	-34.8319
 15167	-34.2032
 15168	-40.0631
 15169	-41.5356
 15170	-37.6795
 15171	-37.4149
 15172	-42.9953
 15173	-48.2849
 15174	-43.4986
 15175	-45.6765
 15176	-49.1558
 15177	-47.1015
 15178	-52.2637
 15179	-52.1244
 15180	-50.6312
 15181	-49.7746
 15182	-48.2733
 15183	-48.4573
 15184	-50.7186
 15185	-44.1985
 15186	-45.647
 15187	-48.427
 15188	-45.2068
 15189	-47.5807
 15190	-49.8223
 15191	-51.6058
 15192	-51.1469
 15193	-45.9847
 15194	-45.3421
 15195	-44.6832
 15196	-42.3504
 15197	-46.5699
 15198	-37.6649
 15199	-34.5322
 15200	-41.2266
 15201	-39.4012
 15202	-33.836
 15203	-40.7422
 15204	-40.0554
 15205	-36.5799
 15206	-34.4521
 15207	-36.5864
 15208	-39.0378
 15209	-42.9353
 15210	-44.3061
 15211	-35.8696
 15212	-33.2055
 15213	-39.7252
 15214	-32.2518
 15215	-21.9466
 15216	-36.8115
 15217	-45.618
 15218	-38.2628
 15219	-34.0249
 15220	-38.3543
 15221	-39.9583
 15222	-38.6715
 15223	-34.049
 15224	-39.2746
 15225	-41.4684
 15226	-45.2379
 15227	-43.8962
 15228	-40.8615
 15229	-45.9714
 15230	-42.9211
 15231	-39.1567
 15232	-41.8635
 15233	-42.3133
 15234	-41.0529
 15235	-42.6212
 15236	-37.0377
 15237	-33.8597
 15238	-37.9323
 15239	-37.3749
 15240	-29.4324
 15241	-28.7301
 15242	-31.4898
 15243	-26.5421
 15244	-20.2779
 15245	-23.7225
 15246	-24.4975
 15247	-20.5075
 15248	-19.5177
 15249	-18.0521
 15250	-19.261
 15251	-13.1651
 15252	-14.0491
 15253	-18.8241
 15254	-17.0597
 15255	-15.5668
 15256	-24.9166
 15257	-31.4352
 15258	-32.6083
 15259	-30.5972
 15260	-36.2888
 15261	-42.707
 15262	-39.7553
 15263	-40.7167
 15264	-46.5505
 15265	-46.1721
 15266	-44.924
 15267	-44.2426
 15268	-38.7161
 15269	-44.0514
 15270	-48.6015
 15271	-45.0734
 15272	-39.6298
 15273	-45.7751
 15274	-47.8687
 15275	-42.6755
 15276	-36.7596
 15277	-40.2427
 15278	-43.8915
 15279	-38.4785
 15280	-31.8306
 15281	-35.5988
 15282	-40.8329
 15283	-34.3368
 15284	-20.6361
 15285	-25.4122
 15286	-34.3443
 15287	-32.3131
 15288	-32.5485
 15289	-42.8696
 15290	-50.1298
 15291	-50.7064
 15292	-51.1906
 15293	-60.3424
 15294	-61.8076
 15295	-61.9717
 15296	-65.2779
 15297	-58.6335
 15298	-49.7009
 15299	-53.9305
 15300	-55.6257
 15301	-51.3984
 15302	-50.8617
 15303	-59.3397
 15304	-55.5764
 15305	-48.1594
 15306	-47.7991
 15307	-48.3555
 15308	-40.6761
 15309	-39.1855
 15310	-39.0414
 15311	-43.7835
 15312	-46.5981
 15313	-43.5998
 15314	-39.5071
 15315	-45.9344
 15316	-44.1685
 15317	-38.7676
 15318	-44.1383
 15319	-43.6931
 15320	-37.0807
 15321	-42.67
 15322	-43.3658
 15323	-40.2791
 15324	-40.0864
 15325	-43.6882
 15326	-43.2198
 15327	-39.9879
 15328	-44.7925
 15329	-44.1393
 15330	-47.8258
 15331	-48.1324
 15332	-40.861
 15333	-41.6017
 15334	-48.9737
 15335	-38.3893
 15336	-32.09
 15337	-40.9309
 15338	-43.9763
 15339	-36.3439
 15340	-46.6534
 15341	-49.7739
 15342	-40.5545
 15343	-41.1018
 15344	-43.7108
 15345	-35.0795
 15346	-33.8913
 15347	-39.7006
 15348	-40.9801
 15349	-40.5607
 15350	-50.0857
 15351	-50.6562
 15352	-49.8777
 15353	-54.9183
 15354	-49.9548
 15355	-49.0938
 15356	-51.9356
 15357	-48.7036
 15358	-44.4227
 15359	-48.1189
 15360	-48.8566
 15361	-46.5264
 15362	-48.6199
 15363	-50.5071
 15364	-39.2733
 15365	-43.7873
 15366	-42.8851
 15367	-31.9533
 15368	-28.846
 15369	-30.4565
 15370	-30.4775
 15371	-28.6615
 15372	-22.5984
 15373	-24.8254
 15374	-25.9551
 15375	-20.8225
 15376	-21.695
 15377	-25.9964
 15378	-29.2496
 15379	-25.5084
 15380	-28.0318
 15381	-35.2307
 15382	-38.8414
 15383	-38.1925
 15384	-42.4857
 15385	-43.3235
 15386	-35.4892
 15387	-40.4137
 15388	-45.968
 15389	-33.1242
 15390	-32.0436
 15391	-40.0589
 15392	-35.278
 15393	-27.5323
 15394	-30.8381
 15395	-37.4342
 15396	-32.6675
 15397	-31.208
 15398	-29.6821
 15399	-18.8185
 15400	-23.1949
 15401	-30.5197
 15402	-23.2493
 15403	-23.0946
 15404	-27.5025
 15405	-25.092
 15406	-22.5419
 15407	-19.9149
 15408	-12.7864
 15409	-17.167
 15410	-21.3219
 15411	-15.5102
 15412	-10.1291
 15413	-22.0374
 15414	-31.2263
 15415	-25.1798
 15416	-19.6255
 15417	-29.7384
 15418	-37.7285
 15419	-32.059
 15420	-34.8439
 15421	-37.5934
 15422	-37.3331
 15423	-33.6623
 15424	-38.3052
 15425	-35.1897
 15426	-29.4324
 15427	-34.0652
 15428	-34.6656
 15429	-23.9341
 15430	-21.4202
 15431	-26.8826
 15432	-24.9769
 15433	-18.7225
 15434	-14.3885
 15435	-15.3291
 15436	-12.2107
 15437	-9.61682
 15438	-9.86423
 15439	-15.5884
 15440	-15.3775
 15441	-14.7545
 15442	-15.9802
 15443	-21.6564
 15444	-16.0835
 15445	-21.4253
 15446	-31.4621
 15447	-34.9419
 15448	-33.9571
 15449	-37.6204
 15450	-45.3954
 15451	-45.97
 15452	-44.2163
 15453	-46.2521
 15454	-45.937
 15455	-41.1572
 15456	-43.2002
 15457	-38.7451
 15458	-39.9783
 15459	-44.1127
 15460	-38.3277
 15461	-34.3364
 15462	-42.1354
 15463	-39.0102
 15464	-36.7791
 15465	-42.4405
 15466	-41.7274
 15467	-39.3869
 15468	-37.8064
 15469	-42.1141
 15470	-37.8539
 15471	-39.3964
 15472	-38.4424
 15473	-32.858
 15474	-29.6952
 15475	-39.5674
 15476	-33.396
 15477	-29.955
 15478	-40.081
 15479	-46.523
 15480	-39.869
 15481	-47.1847
 15482	-52.1298
 15483	-50.6171
 15484	-45.7869
 15485	-48.0172
 15486	-48.3552
 15487	-42.631
 15488	-52.4286
 15489	-49.9567
 15490	-48.979
 15491	-51.4618
 15492	-44.9273
 15493	-38.1465
 15494	-45.7178
 15495	-41.0168
 15496	-43.3307
 15497	-48.7446
 15498	-50.838
 15499	-47.8739
 15500	-49.9925
 15501	-48.6619
 15502	-43.8524
 15503	-46.1868
 15504	-46.9327
 15505	-41.1301
 15506	-39.5299
 15507	-42.5628
 15508	-34.2222
 15509	-33.746
 15510	-34.4391
 15511	-32.1323
 15512	-29.5632
 15513	-31.8629
 15514	-26.956
 15515	-29.267
 15516	-33.9871
 15517	-26.3714
 15518	-20.7989
 15519	-26.8935
 15520	-29.9526
 15521	-21.316
 15522	-16.3114
 15523	-22.815
 15524	-26.0809
 15525	-17.7009
 15526	-21.4536
 15527	-19.9552
 15528	-17.1744
 15529	-18.3476
 15530	-20.3084
 15531	-20.278
 15532	-22.9915
 15533	-24.8827
 15534	-29.0331
 15535	-31.5865
 15536	-28.456
 15537	-16.992
 15538	-18.8166
 15539	-31.1331
 15540	-24.844
 15541	-19.492
 15542	-30.5725
 15543	-29.5348
 15544	-25.2957
 15545	-25.9401
 15546	-26.4002
 15547	-21.9095
 15548	-18.6506
 15549	-25.1726
 15550	-21.1007
 15551	-16.0533
 15552	-22.6861
 15553	-26.2707
 15554	-25.1489
 15555	-24.1628
 15556	-27.5002
 15557	-30.1303
 15558	-31.655
 15559	-30.4055
 15560	-33.4539
 15561	-40.4787
 15562	-39.389
 15563	-44.4283
 15564	-48.6748
 15565	-44.0695
 15566	-40.9145
 15567	-47.1087
 15568	-41.4394
 15569	-36.1632
 15570	-43.5753
 15571	-53.0133
 15572	-47.2328
 15573	-40.0172
 15574	-45.0893
 15575	-43.9764
 15576	-41.8035
 15577	-42.2489
 15578	-39.5928
 15579	-45.0337
 15580	-44.0901
 15581	-44.689
 15582	-44.7282
 15583	-43.7358
 15584	-43.7759
 15585	-42.4238
 15586	-42.8958
 15587	-41.4965
 15588	-39.8307
 15589	-38.8909
 15590	-31.8901
 15591	-32.8319
 15592	-37.2971
 15593	-41.1512
 15594	-41.5143
 15595	-44.5454
 15596	-51.8055
 15597	-54.3822
 15598	-59.7477
 15599	-60.601
 15600	-54.1876
 15601	-50.027
 15602	-51.1691
 15603	-48.5546
 15604	-47.744
 15605	-44.526
 15606	-48.3325
 15607	-42.9135
 15608	-39.6323
 15609	-37.0471
 15610	-30.5625
 15611	-33.2674
 15612	-38.3903
 15613	-34.1771
 15614	-40.4982
 15615	-43.8307
 15616	-38.2356
 15617	-34.502
 15618	-37.5343
 15619	-38.735
 15620	-31.9782
 15621	-32.6783
 15622	-37.6239
 15623	-35.5207
 15624	-36.5117
 15625	-32.7862
 15626	-27.5782
 15627	-31.4793
 15628	-32.0087
 15629	-26.2522
 15630	-24.813
 15631	-27.7193
 15632	-26.259
 15633	-22.0273
 15634	-17.1541
 15635	-16.3218
 15636	-16.3667
 15637	-12.9204
 15638	-15.1659
 15639	-16.9167
 15640	-15.8185
 15641	-19.7552
 15642	-23.0852
 15643	-21.2697
 15644	-25.0824
 15645	-22.5437
 15646	-21.3315
 15647	-24.3058
 15648	-18.3391
 15649	-23.2999
 15650	-25.0638
 15651	-27.2022
 15652	-33.6296
 15653	-35.0904
 15654	-30.7606
 15655	-28.8288
 15656	-31.4775
 15657	-30.4607
 15658	-26.2508
 15659	-31.1311
 15660	-27.9375
 15661	-21.2218
 15662	-21.0796
 15663	-23.1966
 15664	-15.766
 15665	-11.2113
 15666	-20.8114
 15667	-16.3376
 15668	-15.5994
 15669	-22.6317
 15670	-25.4411
 15671	-21.9033
 15672	-19.862
 15673	-20.2058
 15674	-13.5012
 15675	-7.90651
 15676	-12.3889
 15677	-14.0847
 15678	-7.43741
 15679	-13.1017
 15680	-18.0494
 15681	-11.0481
 15682	-13.1679
 15683	-18.5582
 15684	-17.028
 15685	-11.4409
 15686	-13.1852
 15687	-16.3465
 15688	-14.5694
 15689	-13.9031
 15690	-8.17982
 15691	-5.83427
 15692	-7.21676
 15693	-5.43597
 15694	-6.08805
 15695	-8.79982
 15696	-16.3107
 15697	-11.9761
 15698	-9.33318
 15699	-20.2921
 15700	-18.8298
 15701	-16.2015
 15702	-20.1114
 15703	-20.7403
 15704	-20.4553
 15705	-16.7574
 15706	-22.6564
 15707	-28.1621
 15708	-28.9613
 15709	-27.2055
 15710	-29.1503
 15711	-30.2231
 15712	-32.8386
 15713	-37.2295
 15714	-36.7859
 15715	-29.256
 15716	-28.7656
 15717	-28.0364
 15718	-26.8153
 15719	-24.3629
 15720	-26.9578
 15721	-26.5429
 15722	-17.2451
 15723	-20.3093
 15724	-34.6677
 15725	-28.4916
 15726	-20.9616
 15727	-26.0754
 15728	-27.4537
 15729	-18.6276
 15730	-18.2064
 15731	-26.1703
 15732	-27.4944
 15733	-20.2276
 15734	-26.6371
 15735	-23.9433
 15736	-16.6294
 15737	-25.5228
 15738	-24.4126
 15739	-13.2891
 15740	-15.3109
 15741	-21.494
 15742	-18.7375
 15743	-12.0505
 15744	-15.1077
 15745	-19.1307
 15746	-13.4132
 15747	-1.86954
 15748	1.21938
 15749	-6.54953
 15750	-3.28593
 15751	1.04965
 15752	-1.28166
 15753	-5.95125
 15754	-7.51766
 15755	0.0140689
 15756	-6.56919
 15757	-6.17165
 15758	3.57021
 15759	-2.90333
 15760	-12.8966
 15761	-3.42697
 15762	-4.80225
 15763	-11.7382
 15764	-13.5059
 15765	-14.2877
 15766	-13.16
 15767	-13.4502
 15768	-20.5898
 15769	-25.5285
 15770	-21.0351
 15771	-12.9649
 15772	-19.0601
 15773	-27.5259
 15774	-19.0509
 15775	-20.4157
 15776	-22.9419
 15777	-23.3925
 15778	-25.9974
 15779	-23.3816
 15780	-15.1971
 15781	-22.1024
 15782	-17.2676
 15783	-12.4635
 15784	-19.7232
 15785	-20.0805
 15786	-17.9488
 15787	-21.4477
 15788	-20.1732
 15789	-17.1472
 15790	-9.66944
 15791	-11.8286
 15792	-15.0397
 15793	-5.6894
 15794	-5.8306
 15795	-10.8385
 15796	-5.30778
 15797	-5.50319
 15798	-1.38724
 15799	5.42048
 15800	-2.26351
 15801	-0.236181
 15802	8.16079
 15803	6.03795
 15804	-1.01011
 15805	1.44203
 15806	6.98797
 15807	4.33154
 15808	-0.435128
 15809	-5.13823
 15810	-1.7354
 15811	-4.56297
 15812	-10.5639
 15813	-5.95831
 15814	-11.1035
 15815	-13.994
 15816	-14.0572
 15817	-15.1322
 15818	-5.48385
 15819	-15.0465
 15820	-15.1124
 15821	-2.28768
 15822	-8.48557
 15823	-8.72381
 15824	-1.12515
 15825	-3.00549
 15826	-2.0322
 15827	-7.23117
 15828	1.15856
 15829	3.92582
 15830	-1.5242
 15831	6.44564
 15832	10.836
 15833	5.65162
 15834	6.51346
 15835	9.4911
 15836	12.2096
 15837	16.2405
 15838	15.441
 15839	13.1199
 15840	11.0342
 15841	9.228
 15842	8.08187
 15843	12.1137
 15844	11.31
 15845	10.5854
 15846	16.7114
 15847	16.4509
 15848	11.4768
 15849	12.0673
 15850	8.61767
 15851	11.6069
 15852	10.1792
 15853	12.7541
 15854	19.1385
 15855	14.1698
 15856	11.6892
 15857	9.11449
 15858	5.15808
 15859	7.28549
 15860	4.34543
 15861	2.77226
 15862	0.437291
 15863	-0.726365
 15864	-4.44304
 15865	-11.3853
 15866	-12.8641
 15867	-11.5007
 15868	-11.8268
 15869	-11.0431
 15870	-7.1907
 15871	-6.02137
 15872	-8.26629
 15873	-5.97589
 15874	-6.2803
 15875	-1.5454
 15876	-0.443413
 15877	-6.74352
 15878	-2.75481
 15879	-0.603846
 15880	-7.04135
 15881	-5.42552
 15882	-2.84966
 15883	1.92286
 15884	3.95295
 15885	3.19593
 15886	3.97246
 15887	4.66569
 15888	10.4625
 15889	8.35577
 15890	5.94816
 15891	9.716
 15892	4.31725
 15893	4.653
 15894	7.34482
 15895	0.781126
 15896	0.661954
 15897	7.97374
 15898	8.82725
 15899	4.69716
 15900	8.48078
 15901	11.6791
 15902	7.0833
 15903	6.1646
 15904	6.11778
 15905	5.51039
 15906	4.75468
 15907	1.85591
 15908	4.67314
 15909	1.83465
 15910	2.42027
 15911	4.9191
 15912	1.30051
 15913	4.97263
 15914	8.96019
 15915	8.05652
 15916	6.66084
 15917	7.78635
 15918	11.1052
 15919	4.31922
 15920	-1.09966
 15921	6.39679
 15922	5.81459
 15923	3.82146
 15924	2.79174
 15925	2.93618
 15926	4.09327
 15927	-0.830812
 15928	1.9135
 15929	4.67739
 15930	3.62548
 15931	5.39294
 15932	4.43863
 15933	0.722688
 15934	0.136274
 15935	0.809365
 15936	-5.86214
 15937	-6.94338
 15938	-8.82663
 15939	-15.6814
 15940	-16.2348
 15941	-16.1637
 15942	-17.1898
 15943	-17.1893
 15944	-20.6165
 15945	-10.7125
 15946	-10.2967
 15947	-16.981
 15948	-10.7304
 15949	-7.49966
 15950	-6.24641
 15951	-11.3793
 15952	-8.46609
 15953	-0.89142
 15954	-5.11958
 15955	-4.89549
 15956	-0.00129329
 15957	-0.684373
 15958	1.1227
 15959	-3.62576
 15960	-5.00322
 15961	-4.38142
 15962	-5.77204
 15963	-4.5761
 15964	-10.125
 15965	-13.0518
 15966	-6.76581
 15967	-14.1698
 15968	-19.9915
 15969	-17.493
 15970	-14.5551
 15971	-15.3608
 15972	-22.2287
 15973	-19.6997
 15974	-12.9254
 15975	-12.1619
 15976	-16.1179
 15977	-17.6225
 15978	-7.58234
 15979	-6.42012
 15980	-5.72006
 15981	-2.50973
 15982	-4.01246
 15983	-1.62507
 15984	-0.212501
 15985	1.36669
 15986	4.46199
 15987	-4.40235
 15988	-1.82992
 15989	5.17233
 15990	-3.96476
 15991	-8.53394
 15992	-6.75809
 15993	1.14944
 15994	-1.25132
 15995	-3.49065
 15996	1.58167
 15997	-2.40842
 15998	1.77042
 15999	-0.177872
 16000	-10.1829
 16001	-7.2577
 16002	-2.70461
 16003	-1.48773
 16004	-3.56014
 16005	-4.24661
 16006	4.48557
 16007	6.70592
 16008	5.31771
 16009	5.54391
 16010	9.91292
 16011	11.0991
 16012	8.59121
 16013	9.38372
 16014	8.56687
 16015	4.84749
 16016	3.56943
 16017	5.98624
 16018	3.90448
 16019	-0.955161
 16020	2.68189
 16021	6.00816
 16022	1.93775
 16023	5.76571
 16024	2.36767
 16025	4.95695
 16026	8.72075
 16027	0.119357
 16028	-1.18367
 16029	0.667623
 16030	-2.45709
 16031	-7.97977
 16032	-12.5538
 16033	-6.16808
 16034	-11.3957
 16035	-13.5045
 16036	-8.63808
 16037	-8.03303
 16038	-11.3236
 16039	-12.1964
 16040	-12.8858
 16041	-12.6071
 16042	-15.5364
 16043	-11.962
 16044	-10.2806
 16045	-12.0111
 16046	-11.7045
 16047	-12.3144
 16048	-9.29831
 16049	-13.6477
 16050	-12.489
 16051	-10.0235
 16052	-11.1229
 16053	-7.6789
 16054	-10.59
 16055	-14.8087
 16056	-14.9356
 16057	-16.7319
 16058	-12.3004
 16059	-20.9198
 16060	-26.1032
 16061	-11.3199
 16062	-17.3954
 16063	-27.7744
 16064	-22.5147
 16065	-16.338
 16066	-16.5505
 16067	-19.4248
 16068	-13.7647
 16069	-8.83829
 16070	-15.6533
 16071	-14.581
 16072	-17.9545
 16073	-19.6385
 16074	-10.8239
 16075	-13.5033
 16076	-18.5304
 16077	-15.0806
 16078	-12.3902
 16079	-16.3424
 16080	-23.3802
 16081	-19.7733
 16082	-17.2884
 16083	-23.2262
 16084	-21.2905
 16085	-16.497
 16086	-20.6324
 16087	-29.5454
 16088	-33.6915
 16089	-35.2313
 16090	-38.7274
 16091	-43.6735
 16092	-44.6598
 16093	-38.7927
 16094	-34.3829
 16095	-33.9074
 16096	-28.5912
 16097	-29.3747
 16098	-23.3547
 16099	-15.1162
 16100	-19.2253
 16101	-21.3698
 16102	-13.0252
 16103	-3.8914
 16104	-6.78284
 16105	-9.39247
 16106	-0.287608
 16107	-0.97313
 16108	-3.48688
 16109	2.77629
 16110	0.956984
 16111	3.77908
 16112	5.99964
 16113	4.69288
 16114	-0.814121
 16115	-1.50089
 16116	5.83774
 16117	1.13566
 16118	-6.18625
 16119	-3.33201
 16120	-6.27677
 16121	-7.31894
 16122	-11.8255
 16123	-16.4234
 16124	-11.6549
 16125	-8.52439
 16126	-6.24976
 16127	-10.4513
 16128	-4.30026
 16129	-4.51051
 16130	-8.15283
 16131	-4.94192
 16132	-13.1247
 16133	-18.5284
 16134	-9.66605
 16135	-13.1965
 16136	-20.2869
 16137	-18.0533
 16138	-7.22764
 16139	-8.83743
 16140	-14.3478
 16141	-9.75957
 16142	-6.82448
 16143	-11.4522
 16144	-14.1297
 16145	-18.3574
 16146	-17.8064
 16147	-23.9472
 16148	-27.8752
 16149	-27.1704
 16150	-32.959
 16151	-25.7441
 16152	-23.5946
 16153	-28.0987
 16154	-23.576
 16155	-23.5796
 16156	-18.2138
 16157	-15.2348
 16158	-21.0256
 16159	-18.0654
 16160	-18.5148
 16161	-18.3831
 16162	-21.0603
 16163	-21.8204
 16164	-12.8981
 16165	-9.64801
 16166	-10.2528
 16167	-7.02288
 16168	-6.13883
 16169	-3.56559
 16170	-4.96045
 16171	-4.6373
 16172	-0.119312
 16173	2.67933
 16174	1.31036
 16175	4.88516
 16176	2.56105
 16177	-3.23966
 16178	-1.64192
 16179	-4.07352
 16180	-15.5293
 16181	-13.8391
 16182	-1.70776
 16183	-8.71135
 16184	-17.7174
 16185	-12.2055
 16186	-8.03831
 16187	-17.5964
 16188	-24.4697
 16189	-14.764
 16190	-15.2162
 16191	-18.9161
 16192	-5.8681
 16193	-9.31944
 16194	-14.8426
 16195	-15.7567
 16196	-11.3038
 16197	-9.83568
 16198	-13.1833
 16199	-9.95967
 16200	-5.21201
 16201	-12.6176
 16202	-17.5802
 16203	-15.0115
 16204	-22.8717
 16205	-21.7111
 16206	-18.311
 16207	-19.0309
 16208	-16.1503
 16209	-9.28618
 16210	-6.00004
 16211	-5.85277
 16212	-15.5239
 16213	-11.9354
 16214	-12.8428
 16215	-21.2979
 16216	-20.6005
 16217	-17.5233
 16218	-20.8735
 16219	-21.325
 16220	-24.5297
 16221	-26.5128
 16222	-28.2689
 16223	-31.691
 16224	-28.7349
 16225	-32.7525
 16226	-28.7247
 16227	-17.2692
 16228	-18.9254
 16229	-19.2213
 16230	-9.96574
 16231	-15.3532
 16232	-16.034
 16233	-10.3172
 16234	-3.35672
 16235	0.315171
 16236	-7.85565
 16237	-9.61934
 16238	-5.8344
 16239	-15.1578
 16240	-13.5616
 16241	-12.585
 16242	-12.6469
 16243	-5.58923
 16244	-7.6469
 16245	-12.0314
 16246	-11.32
 16247	-12.4233
 16248	-14.2286
 16249	-18.0284
 16250	-19.5127
 16251	-16.6045
 16252	-15.7547
 16253	-11.1794
 16254	-8.72124
 16255	-16.1916
 16256	-15.7501
 16257	-10.2102
 16258	-21.2903
 16259	-20.4038
 16260	-11.4822
 16261	-26.374
 16262	-31.514
 16263	-26.4828
 16264	-34.6798
 16265	-44.4819
 16266	-44.5
 16267	-36.5931
 16268	-46.7438
 16269	-54.9509
 16270	-44.026
 16271	-45.642
 16272	-46.9194
 16273	-32.8988
 16274	-32.9259
 16275	-43.9601
 16276	-37.1556
 16277	-26.4823
 16278	-21.4189
 16279	-29.8686
 16280	-23.9504
 16281	-13.9628
 16282	-11.71
 16283	-14.3902
 16284	-9.14929
 16285	-4.60226
 16286	-6.276
 16287	1.81048
 16288	10.2707
 16289	9.15906
 16290	4.74659
 16291	5.27952
 16292	11.5771
 16293	-4.7726
 16294	-13.8086
 16295	0.708588
 16296	-3.359
 16297	-10.6147
 16298	-3.76328
 16299	-5.37107
 16300	-12.5948
 16301	-14.1008
 16302	-11.056
 16303	-5.19176
 16304	-8.05322
 16305	-2.06742
 16306	8.49643
 16307	-4.42749
 16308	-7.93629
 16309	-1.16991
 16310	-1.59939
 16311	-6.82729
 16312	-4.97311
 16313	6.87723
 16314	6.75537
 16315	6.20888
 16316	7.77257
 16317	5.48615
 16318	0.0213813
 16319	-9.9152
 16320	-4.84689
 16321	0.269264
 16322	-2.10703
 16323	-8.18041
 16324	-7.06273
 16325	-5.5612
 16326	-12.4312
 16327	-9.18804
 16328	-2.66158
 16329	-11.0547
 16330	-11.4862
 16331	-5.56623
 16332	-11.3116
 16333	-18.4722
 16334	-29.0245
 16335	-28.0528
 16336	-34.9776
 16337	-47.6259
 16338	-48.032
 16339	-44.0233
 16340	-50.1914
 16341	-47.5386
 16342	-49.6772
 16343	-55.3443
 16344	-52.4478
 16345	-43.329
 16346	-38.5868
 16347	-41.37
 16348	-39.8627
 16349	-40.0305
 16350	-32.2001
 16351	-28.3459
 16352	-33.7748
 16353	-30.9459
 16354	-25.6395
 16355	-27.0773
 16356	-25.048
 16357	-23.2123
 16358	-14.2563
 16359	-17.8439
 16360	-12.4962
 16361	-5.42617
 16362	-12.5796
 16363	-9.13162
 16364	1.4999
 16365	-2.04705
 16366	0.468137
 16367	-2.02333
 16368	0.0690462
 16369	-2.16718
 16370	-3.18838
 16371	-2.99033
 16372	-4.32245
 16373	-0.241837
 16374	-7.28572
 16375	-12.6081
 16376	-4.20507
 16377	-4.57186
 16378	-19.581
 16379	-11.1784
 16380	-12.2349
 16381	-11.7394
 16382	-13.0718
 16383	-8.6479
 16384	-11.9325
 16385	-18.325
 16386	-6.10096
 16387	-12.1063
 16388	-24.8205
 16389	-13.4747
 16390	-19.1616
 16391	-25.5846
 16392	-20.0105
 16393	-20.1698
 16394	-26.611
 16395	-27.2827
 16396	-23.0322
 16397	-33.0314
 16398	-34.0295
 16399	-27.781
 16400	-26.4199
 16401	-29.3212
 16402	-25.1439
 16403	-32.9647
 16404	-26.2079
 16405	-22.517
 16406	-30.1669
 16407	-25.3069
 16408	-13.8845
 16409	-18.9803
 16410	-20.5269
 16411	-9.87444
 16412	-14.7685
 16413	-26.1803
 16414	-20.1989
 16415	-19.5726
 16416	-22.5935
 16417	-23.9798
 16418	-25.3398
 16419	-31.8801
 16420	-37.6607
 16421	-31.6012
 16422	-35.1452
 16423	-37.2532
 16424	-27.4545
 16425	-30.0656
 16426	-30.2011
 16427	-21.5268
 16428	-23.5521
 16429	-24.7042
 16430	-21.8696
 16431	-24.5931
 16432	-33.1304
 16433	-28.0134
 16434	-20.3948
 16435	-26.1387
 16436	-29.405
 16437	-20.7292
 16438	-19.0543
 16439	-22.3809
 16440	-12.9188
 16441	-12.6046
 16442	-21.2381
 16443	-16.4663
 16444	-11.4582
 16445	-24.9838
 16446	-24.309
 16447	-17.4946
 16448	-22.315
 16449	-21.1084
 16450	-13.5268
 16451	-16.095
 16452	-11.6277
 16453	-6.55766
 16454	-7.23752
 16455	-10.0983
 16456	-11.4732
 16457	-8.50251
 16458	-9.17848
 16459	5.44305
 16460	1.84376
 16461	-4.30693
 16462	7.8585
 16463	9.31872
 16464	-0.536394
 16465	0.995176
 16466	2.70212
 16467	-5.64913
 16468	-3.00949
 16469	3.9706
 16470	-8.78635
 16471	-17.0034
 16472	-12.064
 16473	-17.0221
 16474	-29.8299
 16475	-29.8821
 16476	-21.3591
 16477	-20.8059
 16478	-21.1542
 16479	-27.89
 16480	-35.2038
 16481	-34.7492
 16482	-33.1145
 16483	-40.4473
 16484	-35.6651
 16485	-27.1332
 16486	-36.9482
 16487	-40.009
 16488	-31.1777
 16489	-35.7193
 16490	-45.7016
 16491	-41.1661
 16492	-42.2904
 16493	-54.2679
 16494	-45.8993
 16495	-38.8761
 16496	-47.263
 16497	-44.4057
 16498	-40.5498
 16499	-46.9739
 16500	-44.2232
 16501	-34.0468
 16502	-42.8856
 16503	-41.117
 16504	-30.7666
 16505	-38.8041
 16506	-44.2949
 16507	-38.527
 16508	-37.1557
 16509	-41.6854
 16510	-41.5947
 16511	-38.1925
 16512	-45.2167
 16513	-44.4781
 16514	-35.8265
 16515	-41.5003
 16516	-44.3688
 16517	-38.6828
 16518	-44.2711
 16519	-46.5781
 16520	-41.8125
 16521	-42.0466
 16522	-48.1089
 16523	-46.4646
 16524	-39.3165
 16525	-33.7963
 16526	-21.8835
 16527	-23.3348
 16528	-29.6889
 16529	-19.9553
 16530	-21.2156
 16531	-28.8626
 16532	-17.9179
 16533	-11.7293
 16534	-19.8201
 16535	-25.7577
 16536	-10.7796
 16537	-11.0173
 16538	-25.7205
 16539	-12.635
 16540	-7.754
 16541	-14.8849
 16542	-12.3792
 16543	-5.87777
 16544	-3.43714
 16545	-9.73433
 16546	-8.59333
 16547	-2.62077
 16548	-9.74338
 16549	-0.907508
 16550	5.46719
 16551	5.06292
 16552	8.23118
 16553	4.89977
 16554	2.34777
 16555	1.99917
 16556	4.16118
 16557	5.12318
 16558	-0.209969
 16559	0.462423
 16560	3.06986
 16561	0.667596
 16562	-2.97051
 16563	-11.956
 16564	-7.80878
 16565	-5.33156
 16566	-6.48901
 16567	-11.696
 16568	-10.6173
 16569	-4.50932
 16570	-14.1728
 16571	-19.8728
 16572	-12.943
 16573	-22.9182
 16574	-21.2193
 16575	-6.46577
 16576	-11.0514
 16577	-16.959
 16578	-16.6027
 16579	-5.58489
 16580	-8.46129
 16581	-12.3845
 16582	-14.7954
 16583	-19.9991
 16584	-10.291
 16585	-9.82112
 16586	-24.1986
 16587	-23.8388
 16588	-17.2639
 16589	-19.1757
 16590	-23.1357
 16591	-22.7671
 16592	-18.823
 16593	-21.1217
 16594	-9.65047
 16595	-7.00841
 16596	-16.1305
 16597	-9.64076
 16598	-7.12938
 16599	-11.5714
 16600	-10.1354
 16601	-6.38097
 16602	-5.63881
 16603	-4.59716
 16604	-0.0465856
 16605	-8.54611
 16606	-15.4426
 16607	-1.52447
 16608	-6.82473
 16609	-15.576
 16610	-4.28375
 16611	1.85275
 16612	-15.3529
 16613	-14.8549
 16614	-2.27754
 16615	-9.95328
 16616	-16.2167
 16617	-2.66802
 16618	-12.5363
 16619	-20.458
 16620	-6.20379
 16621	-11.1234
 16622	-16.9944
 16623	-18.4326
 16624	-17.3492
 16625	-17.1017
 16626	-23.5142
 16627	-25.036
 16628	-27.3379
 16629	-29.7077
 16630	-19.2073
 16631	-29.3916
 16632	-35.7706
 16633	-29.5601
 16634	-31.3906
 16635	-37.1031
 16636	-41.1423
 16637	-40.7938
 16638	-42.3076
 16639	-43.7073
 16640	-45.9794
 16641	-50.5999
 16642	-51.9795
 16643	-50.0427
 16644	-56.5197
 16645	-54.5515
 16646	-54.2217
 16647	-53.997
 16648	-45.4885
 16649	-39.7603
 16650	-47.9566
 16651	-47.7639
 16652	-38.9885
 16653	-44.9124
 16654	-48.9215
 16655	-37.6719
 16656	-41.3214
 16657	-48.5162
 16658	-35.0252
 16659	-38.4337
 16660	-48.1081
 16661	-39.9887
 16662	-32.7373
 16663	-42.6554
 16664	-46.8864
 16665	-37.7709
 16666	-34.5305
 16667	-40.4203
 16668	-34.3408
 16669	-29.8659
 16670	-35.1673
 16671	-32.2583
 16672	-27.6775
 16673	-25.688
 16674	-31.7646
 16675	-32.8907
 16676	-27.0717
 16677	-22.5182
 16678	-30.0142
 16679	-34.0533
 16680	-31.8568
 16681	-30.6958
 16682	-40.7837
 16683	-42.581
 16684	-36.7391
 16685	-40.3427
 16686	-52.2299
 16687	-45.6947
 16688	-38.6687
 16689	-48.7511
 16690	-44.5221
 16691	-42.7473
 16692	-47.5589
 16693	-42.3905
 16694	-41.4673
 16695	-44.7818
 16696	-47.2514
 16697	-44.9008
 16698	-46.8339
 16699	-52.3567
 16700	-46.6736
 16701	-46.3942
 16702	-47.7173
 16703	-39.6062
 16704	-41.931
 16705	-40.6342
 16706	-31.2061
 16707	-34.2256
 16708	-38.8865
 16709	-25.7983
 16710	-29.7265
 16711	-44.4116
 16712	-42.1078
 16713	-33.7918
 16714	-42.6081
 16715	-41.1937
 16716	-28.5165
 16717	-30.6191
 16718	-38.3507
 16719	-27.5198
 16720	-23.6858
 16721	-32.3979
 16722	-28.2284
 16723	-21.0495
 16724	-31.3632
 16725	-32.1103
 16726	-23.3938
 16727	-26.7899
 16728	-29.0411
 16729	-25.025
 16730	-24.7229
 16731	-20.0842
 16732	-18.4149
 16733	-24.386
 16734	-23.7637
 16735	-16.3951
 16736	-17.3028
 16737	-32.4748
 16738	-26.2461
 16739	-11.7995
 16740	-20.8015
 16741	-24.0238
 16742	-15.9901
 16743	-20.3739
 16744	-20.1115
 16745	-14.745
 16746	-18.6811
 16747	-17.9536
 16748	-13.3795
 16749	-17.8491
 16750	-21.0279
 16751	-9.17475
 16752	-5.88481
 16753	-11.7516
 16754	-12.6432
 16755	-4.11654
 16756	-7.20199
 16757	-11.36
 16758	-8.39661
 16759	-17.2748
 16760	-14.1833
 16761	-8.19804
 16762	-15.0689
 16763	-20.6109
 16764	-12.9062
 16765	-9.86237
 16766	-16.5491
 16767	-21.3997
 16768	-16.6433
 16769	-14.2834
 16770	-20.9997
 16771	-15.1964
 16772	-14.2863
 16773	-24.2705
 16774	-21.696
 16775	-17.4164
 16776	-21.557
 16777	-22.8532
 16778	-25.2222
 16779	-25.9112
 16780	-27.9081
 16781	-33.5325
 16782	-32.6392
 16783	-33.7857
 16784	-41.6995
 16785	-49.3902
 16786	-50.1622
 16787	-45.232
 16788	-48.0234
 16789	-55.1449
 16790	-44.0836
 16791	-46.471
 16792	-46.448
 16793	-39.44
 16794	-38.5398
 16795	-31.1046
 16796	-22.2717
 16797	-19.7374
 16798	-19.1931
 16799	-19.7265
 16800	-15.9941
 16801	-9.52787
 16802	-15.9286
 16803	-14.004
 16804	-3.3834
 16805	-1.7737
 16806	-3.62288
 16807	-3.02201
 16808	-7.94267
 16809	-5.44495
 16810	-7.99745
 16811	-14.8765
 16812	-7.78502
 16813	-8.89946
 16814	-23.3859
 16815	-15.942
 16816	-14.4401
 16817	-25.4921
 16818	-22.6035
 16819	-14.7899
 16820	-23.3829
 16821	-35.4113
 16822	-27.1977
 16823	-22.8808
 16824	-38.194
 16825	-36.287
 16826	-32.0098
 16827	-44.56
 16828	-38.7106
 16829	-30.935
 16830	-39.1408
 16831	-37.0622
 16832	-29.9204
 16833	-32.7319
 16834	-46.7356
 16835	-34.773
 16836	-22.6253
 16837	-30.9661
 16838	-38.5656
 16839	-28.8425
 16840	-31.5953
 16841	-29.2575
 16842	-24.8684
 16843	-32.2885
 16844	-29.2468
 16845	-17.4293
 16846	-19.5203
 16847	-23.9683
 16848	-18.6135
 16849	-13.9296
 16850	-12.4309
 16851	-24.0638
 16852	-22.1334
 16853	-22.268
 16854	-23.0781
 16855	-18.9811
 16856	-19.6273
 16857	-19.639
 16858	-14.1644
 16859	-15.5765
 16860	-12.1121
 16861	-6.28316
 16862	-12.9091
 16863	-12.3013
 16864	-5.63686
 16865	-12.8952
 16866	-17.448
 16867	-10.1621
 16868	-13.6809
 16869	-19.0384
 16870	-27.6473
 16871	-26.1149
 16872	-30.4531
 16873	-30.8999
 16874	-27.2548
 16875	-34.8867
 16876	-39.1711
 16877	-30.125
 16878	-35.9366
 16879	-42.9763
 16880	-37.5557
 16881	-41.4965
 16882	-41.3653
 16883	-40.5696
 16884	-39.8534
 16885	-41.666
 16886	-37.4091
 16887	-43.8863
 16888	-42.0867
 16889	-44.7809
 16890	-35.6703
 16891	-40.5623
 16892	-48.4217
 16893	-40.7255
 16894	-42.2215
 16895	-56.4718
 16896	-47.1302
 16897	-47.2726
 16898	-53.5397
 16899	-48.1967
 16900	-40.6867
 16901	-41.5579
 16902	-45.4414
 16903	-33.7103
 16904	-35.6856
 16905	-48.536
 16906	-38.0156
 16907	-32.3214
 16908	-42.567
 16909	-36.0779
 16910	-33.3952
 16911	-35.6265
 16912	-30.7267
 16913	-23.1267
 16914	-20.2322
 16915	-22.2894
 16916	-14.1937
 16917	-12.8767
 16918	-17.4828
 16919	-15.7104
 16920	-12.9508
 16921	-24.9307
 16922	-26.4069
 16923	-24.6453
 16924	-31.2105
 16925	-37.3329
 16926	-28.816
 16927	-32.2599
 16928	-39.459
 16929	-35.0733
 16930	-33.6996
 16931	-41.1372
 16932	-44.3411
 16933	-43.0087
 16934	-45.4367
 16935	-46.4686
 16936	-46.3141
 16937	-41.274
 16938	-42.7584
 16939	-40.0412
 16940	-42.5952
 16941	-33.4984
 16942	-30.4295
 16943	-33.8108
 16944	-27.34
 16945	-19.1968
 16946	-23.8093
 16947	-18.5476
 16948	-15.145
 16949	-19.9248
 16950	-19.9153
 16951	-9.11774
 16952	-9.82285
 16953	-19.8239
 16954	-13.7128
 16955	-5.37303
 16956	-16.743
 16957	-19.1065
 16958	-14.4893
 16959	-19.2282
 16960	-23.196
 16961	-18.7589
 16962	-17.3075
 16963	-26.2082
 16964	-25.5144
 16965	-23.2833
 16966	-28.3102
 16967	-32.9209
 16968	-38.0106
 16969	-41.3417
 16970	-40.3414
 16971	-47.7215
 16972	-53.8438
 16973	-53.6221
 16974	-51.3092
 16975	-60.8661
 16976	-62.4589
 16977	-56.3518
 16978	-64.8825
 16979	-70.675
 16980	-64.8956
 16981	-60.8803
 16982	-61.0325
 16983	-59.5053
 16984	-54.0387
 16985	-49.8203
 16986	-50.1064
 16987	-44.1067
 16988	-42.6354
 16989	-43.4479
 16990	-34.9982
 16991	-36.2289
 16992	-41.6336
 16993	-39.145
 16994	-31.4854
 16995	-29.8146
 16996	-33.1272
 16997	-29.5312
 16998	-22.0238
 16999	-20.7266
 17000	-20.048
 17001	-24.0274
 17002	-23.4565
 17003	-21.8922
 17004	-25.0229
 17005	-29.218
 17006	-27.0152
 17007	-22.1213
 17008	-23.0597
 17009	-24.6905
 17010	-24.8234
 17011	-29.3254
 17012	-23.8597
 17013	-23.361
 17014	-24.9561
 17015	-23.5309
 17016	-34.6692
 17017	-34.6712
 17018	-28.7426
 17019	-27.049
 17020	-35.1486
 17021	-42.236
 17022	-33.4358
 17023	-33.3127
 17024	-46.1605
 17025	-40.6148
 17026	-38.5154
 17027	-37.0905
 17028	-39.6005
 17029	-45.6324
 17030	-44.5119
 17031	-45.224
 17032	-45.0049
 17033	-44.0557
 17034	-49.2956
 17035	-43.2606
 17036	-41.0333
 17037	-45.8914
 17038	-43.2561
 17039	-45.7913
 17040	-48.4773
 17041	-53.6107
 17042	-56.1123
 17043	-62.2692
 17044	-60.2739
 17045	-62.0767
 17046	-69.4714
 17047	-71.2348
 17048	-61.9927
 17049	-61.8717
 17050	-61.0293
 17051	-57.4759
 17052	-51.0655
 17053	-53.3334
 17054	-48.3584
 17055	-39.9135
 17056	-49.2692
 17057	-47.8622
 17058	-39.8249
 17059	-44.0567
 17060	-40.0006
 17061	-42.4665
 17062	-37.6633
 17063	-27.0613
 17064	-26.6061
 17065	-25.1463
 17066	-21.4896
 17067	-13.7685
 17068	-10.9508
 17069	-17.9657
 17070	-18.2718
 17071	-17.4565
 17072	-20.3048
 17073	-26.5365
 17074	-32.0978
 17075	-36.9727
 17076	-37.7744
 17077	-38.3581
 17078	-41.2026
 17079	-38.1113
 17080	-40.1103
 17081	-41.5921
 17082	-38.6524
 17083	-46.9827
 17084	-48.9131
 17085	-46.0283
 17086	-44.3548
 17087	-46.8172
 17088	-50.9048
 17089	-47.6961
 17090	-40.0484
 17091	-46.2795
 17092	-40.2764
 17093	-37.9813
 17094	-49.1766
 17095	-42.3273
 17096	-35.1291
 17097	-42.7013
 17098	-49.772
 17099	-38.7404
 17100	-40.2337
 17101	-45.5293
 17102	-40.0419
 17103	-36.9369
 17104	-42.0252
 17105	-40.4591
 17106	-44.0259
 17107	-51.1467
 17108	-52.334
 17109	-52.1149
 17110	-60.6639
 17111	-59.5386
 17112	-52.0244
 17113	-52.7263
 17114	-51.3754
 17115	-41.0971
 17116	-43.8078
 17117	-47.2803
 17118	-42.2268
 17119	-44.0335
 17120	-48.4235
 17121	-46.6278
 17122	-40.444
 17123	-41.5561
 17124	-44.9593
 17125	-34.974
 17126	-35.8875
 17127	-41.0997
 17128	-39.2726
 17129	-40.4854
 17130	-46.4787
 17131	-43.2368
 17132	-39.2059
 17133	-39.026
 17134	-41.9111
 17135	-31.6166
 17136	-27.2362
 17137	-30.124
 17138	-35.7771
 17139	-35.4669
 17140	-29.6403
 17141	-35.3354
 17142	-48.1854
 17143	-36.7836
 17144	-34.0107
 17145	-46.0407
 17146	-47.9956
 17147	-40.8252
 17148	-44.4188
 17149	-49.5966
 17150	-45.2573
 17151	-44.8061
 17152	-53.3463
 17153	-50.1907
 17154	-47.6974
 17155	-45.6279
 17156	-43.9779
 17157	-43.0361
 17158	-39.2624
 17159	-34.6394
 17160	-39.6699
 17161	-44.4707
 17162	-37.1665
 17163	-36.3563
 17164	-42.9522
 17165	-38.7886
 17166	-35.3074
 17167	-37.4404
 17168	-34.0521
 17169	-28.4298
 17170	-26.1086
 17171	-30.3642
 17172	-24.9195
 17173	-18.0754
 17174	-28.0837
 17175	-35.0963
 17176	-36.229
 17177	-38.0611
 17178	-41.8876
 17179	-48.4367
 17180	-47.529
 17181	-44.4229
 17182	-48.9296
 17183	-50.619
 17184	-53.0307
 17185	-51.9648
 17186	-48.6619
 17187	-53.3717
 17188	-51.1869
 17189	-53.0093
 17190	-56.7302
 17191	-53.191
 17192	-50.3063
 17193	-54.5296
 17194	-53.8017
 17195	-49.8614
 17196	-41.1399
 17197	-44.6668
 17198	-47.3122
 17199	-42.854
 17200	-39.4091
 17201	-40.602
 17202	-33.735
 17203	-28.3249
 17204	-28.7071
 17205	-28.3303
 17206	-24.1332
 17207	-27.7935
 17208	-27.6503
 17209	-28.7177
 17210	-29.9028
 17211	-29.3991
 17212	-32.8789
 17213	-34.152
 17214	-38.2042
 17215	-42.2819
 17216	-46.5885
 17217	-49.1117
 17218	-45.5361
 17219	-48.9639
 17220	-55.2702
 17221	-46.9449
 17222	-50.7116
 17223	-57.588
 17224	-61.1204
 17225	-58.2457
 17226	-59.8505
 17227	-60.5179
 17228	-60.6713
 17229	-58.4449
 17230	-61.2233
 17231	-61.1641
 17232	-59.5034
 17233	-56.865
 17234	-50.2754
 17235	-47.4068
 17236	-48.125
 17237	-43.6601
 17238	-38.181
 17239	-38.0373
 17240	-30.7665
 17241	-31.1747
 17242	-34.6765
 17243	-39.538
 17244	-38.3068
 17245	-47.223
 17246	-52.6763
 17247	-53.5417
 17248	-53.2098
 17249	-54.6942
 17250	-46.7794
 17251	-42.1812
 17252	-47.6374
 17253	-45.268
 17254	-42.2811
 17255	-40.6801
 17256	-40.4461
 17257	-40.0663
 17258	-37.4964
 17259	-34.9691
 17260	-41.5952
 17261	-39.4092
 17262	-43.7844
 17263	-42.2435
 17264	-41.7498
 17265	-48.3029
 17266	-44.3537
 17267	-42.3954
 17268	-49.5736
 17269	-50.866
 17270	-45.9249
 17271	-46.4552
 17272	-52.2191
 17273	-52.7851
 17274	-46.3212
 17275	-54.3747
 17276	-52.2107
 17277	-51.7804
 17278	-54.2224
 17279	-53.7617
 17280	-50.5327
 17281	-50.6077
 17282	-45.5304
 17283	-44.7203
 17284	-43.2256
 17285	-44.3533
 17286	-44.1437
 17287	-44.4313
 17288	-36.6822
 17289	-36.6946
 17290	-41.11
 17291	-36.4974
 17292	-33.9826
 17293	-38.8056
 17294	-43.3152
 17295	-38.4769
 17296	-41.6751
 17297	-43.9095
 17298	-38.6793
 17299	-33.7671
 17300	-43.5167
 17301	-38.8793
 17302	-34.2031
 17303	-37.3271
 17304	-37.0021
 17305	-33.7848
 17306	-33.8738
 17307	-34.9492
 17308	-36.5216
 17309	-31.9265
 17310	-38.6515
 17311	-43.2873
 17312	-40.4761
 17313	-42.7898
 17314	-42.1996
 17315	-44.8226
 17316	-41.0269
 17317	-37.1663
 17318	-41.6527
 17319	-48.9145
 17320	-49.1052
 17321	-52.2427
 17322	-54.828
 17323	-49.5705
 17324	-45.0767
 17325	-46.7329
 17326	-45.1024
 17327	-39.2228
 17328	-38.3658
 17329	-40.0384
 17330	-38.5343
 17331	-33.4149
 17332	-37.8584
 17333	-39.7017
 17334	-35.694
 17335	-29.0926
 17336	-31.4583
 17337	-32.6375
 17338	-30.1345
 17339	-22.2274
 17340	-28.8746
 17341	-29.9973
 17342	-21.7953
 17343	-20.9906
 17344	-28.5085
 17345	-30.2164
 17346	-19.9074
 17347	-19.7977
 17348	-29.4085
 17349	-26.6959
 17350	-21.9564
 17351	-29.0538
 17352	-32.0147
 17353	-33.2417
 17354	-32.6022
 17355	-40.1785
 17356	-38.9057
 17357	-41.3459
 17358	-37.039
 17359	-38.3582
 17360	-41.2266
 17361	-35.3281
 17362	-32.5224
 17363	-40.3274
 17364	-43.3407
 17365	-41.7696
 17366	-43.3171
 17367	-49.1427
 17368	-49.2781
 17369	-44.7401
 17370	-48.2736
 17371	-45.9749
 17372	-46.9145
 17373	-44.4221
 17374	-43.0564
 17375	-42.3468
 17376	-48.1591
 17377	-48.3057
 17378	-53.0999
 17379	-49.7434
 17380	-47.6503
 17381	-45.8314
 17382	-47.366
 17383	-45.9004
 17384	-39.6357
 17385	-41.0145
 17386	-42.6086
 17387	-41.156
 17388	-42.5267
 17389	-45.763
 17390	-42.1293
 17391	-43.3346
 17392	-40.5086
 17393	-41.8581
 17394	-39.3374
 17395	-44.3865
 17396	-37.5676
 17397	-41.1596
 17398	-45.5223
 17399	-45.4882
 17400	-45.5051
 17401	-47.6652
 17402	-46.3806
 17403	-46.1716
 17404	-46.1973
 17405	-42.9371
 17406	-37.2067
 17407	-35.0225
 17408	-42.3806
 17409	-39.8901
 17410	-42.4055
 17411	-34.1547
 17412	-33.858
 17413	-34.4178
 17414	-36.1867
 17415	-29.5086
 17416	-24.4161
 17417	-25.9947
 17418	-33.0718
 17419	-23.1387
 17420	-18.6138
 17421	-23.2501
 17422	-30.6359
 17423	-28.5971
 17424	-20.6775
 17425	-24.791
 17426	-24.629
 17427	-21.7809
 17428	-22.2563
 17429	-16.9807
 17430	-9.84923
 17431	-8.01209
 17432	-13.7573
 17433	-16.4278
 17434	-3.63531
 17435	-7.88913
 17436	-19.9109
 17437	-12.9503
 17438	-6.31496
 17439	-15.6397
 17440	-18.5056
 17441	-13.6301
 17442	-14.5772
 17443	-14.5591
 17444	-15.6471
 17445	-21.0903
 17446	-26.5997
 17447	-31.3658
 17448	-33.6996
 17449	-33.7229
 17450	-43.9327
 17451	-43.6466
 17452	-43.3217
 17453	-42.4652
 17454	-42.1886
 17455	-43.3435
 17456	-43.2155
 17457	-45.2982
 17458	-51.4872
 17459	-50.9486
 17460	-49.3105
 17461	-41.8053
 17462	-45.9141
 17463	-48.9444
 17464	-39.9753
 17465	-40.1371
 17466	-38.7221
 17467	-39.6121
 17468	-38.1438
 17469	-36.0162
 17470	-39.6415
 17471	-41.814
 17472	-39.0479
 17473	-34.0448
 17474	-30.3591
 17475	-34.4132
 17476	-34.343
 17477	-36.7232
 17478	-34.4863
 17479	-35.554
 17480	-42.4962
 17481	-42.554
 17482	-42.4849
 17483	-40.3907
 17484	-34.6434
 17485	-35.9032
 17486	-39.5423
 17487	-40.2718
 17488	-44.2142
 17489	-45.9818
 17490	-52.6131
 17491	-43.6022
 17492	-43.0073
 17493	-46.4831
 17494	-48.4087
 17495	-44.1951
 17496	-34.1942
 17497	-32.342
 17498	-40.2764
 17499	-37.0822
 17500	-30.8169
 17501	-31.6485
 17502	-39.8592
 17503	-39.7788
 17504	-32.006
 17505	-36.5901
 17506	-37.2388
 17507	-35.8318
 17508	-31.9132
 17509	-32.3844
 17510	-29.3146
 17511	-31.8801
 17512	-43.6029
 17513	-40.5364
 17514	-35.973
 17515	-41.4652
 17516	-43.4794
 17517	-48.0494
 17518	-47.9498
 17519	-48.9112
 17520	-52.3078
 17521	-46.0912
 17522	-42.5004
 17523	-37.6145
 17524	-43.5323
 17525	-49.8818
 17526	-38.7183
 17527	-38.5537
 17528	-45.0149
 17529	-42.3813
 17530	-46.1904
 17531	-41.9428
 17532	-40.2291
 17533	-44.8714
 17534	-43.0767
 17535	-38.6766
 17536	-35.9324
 17537	-39.7018
 17538	-39.3377
 17539	-27.101
 17540	-25.1265
 17541	-24.6638
 17542	-23.1924
 17543	-20.2407
 17544	-14.8156
 17545	-6.78909
 17546	-6.06481
 17547	-10.7291
 17548	5.27246
 17549	9.48637
 17550	-0.201402
 17551	11.1106
 17552	21.5357
 17553	12.7233
 17554	8.51758
 17555	18.8848
 17556	26.8942
 17557	21.0287
 17558	23.7696
 17559	33.9982
 17560	25.2315
 17561	24.9114
 17562	25.4861
 17563	23.4829
 17564	23.0227
 17565	19.0858
 17566	15.4709
 17567	14.0197
 17568	17.102
 17569	7.58046
 17570	12.8105
 17571	9.99321
 17572	-0.754901
 17573	5.1314
 17574	5.98781
 17575	-4.57046
 17576	-5.0075
 17577	-0.0395083
 17578	-0.270859
 17579	-13.1834
 17580	-9.82956
 17581	0.255223
 17582	-14.3966
 17583	-11.6893
 17584	2.08075
 17585	-0.556833
 17586	-2.26166
 17587	2.5309
 17588	-0.861179
 17589	-3.79584
 17590	-4.69876
 17591	-9.40565
 17592	-8.51083
 17593	-8.26602
 17594	-11.3012
 17595	-7.94287
 17596	-5.04798
 17597	-11.879
 17598	-9.88568
 17599	-2.75715
 17600	-4.6262
 17601	-14.4238
 17602	-8.578
 17603	-4.65628
 17604	-16.6911
 17605	-22.3056
 17606	-11.7013
 17607	-24.7693
 17608	-28.5884
 17609	-16.4749
 17610	-19.5327
 17611	-24.3028
 17612	-17.4931
 17613	-14.3599
 17614	-19.4286
 17615	-22.4235
 17616	-17.1639
 17617	-13.8508
 17618	-18.9468
 17619	-19.9586
 17620	-20.7436
 17621	-19.6671
 17622	-23.2258
 17623	-31.4651
 17624	-30.9951
 17625	-25.3051
 17626	-34.4318
 17627	-35.0331
 17628	-30.8638
 17629	-26.7969
 17630	-26.8725
 17631	-28.4878
 17632	-30.3116
 17633	-32.2409
 17634	-30.4514
 17635	-34.2174
 17636	-39.2311
 17637	-42.5307
 17638	-41.9225
 17639	-43.4365
 17640	-37.9696
 17641	-38.4453
 17642	-45.3561
 17643	-39.1048
 17644	-27.932
 17645	-44.8369
 17646	-47.6357
 17647	-28.574
 17648	-29.9132
 17649	-42.3061
 17650	-45.3885
 17651	-37.5671
 17652	-43.4144
 17653	-41.856
 17654	-33.8912
 17655	-35.9671
 17656	-39.6022
 17657	-34.4764
 17658	-40.5069
 17659	-41.6811
 17660	-40.9966
 17661	-43.5252
 17662	-45.3703
 17663	-41.9095
 17664	-46.9128
 17665	-44.9039
 17666	-39.3813
 17667	-39.5503
 17668	-42.0621
 17669	-42.3283
 17670	-38.6955
 17671	-40.4643
 17672	-39.1208
 17673	-34.9761
 17674	-34.4408
 17675	-32.9005
 17676	-27.9038
 17677	-34.5722
 17678	-31.9729
 17679	-27.7304
 17680	-33.6413
 17681	-47.2018
 17682	-41.2165
 17683	-36.3148
 17684	-38.238
 17685	-42.2445
 17686	-38.3367
 17687	-36.2039
 17688	-49.5368
 17689	-52.1523
 17690	-55.1313
 17691	-52.2738
 17692	-48.6863
 17693	-51.3572
 17694	-47.7058
 17695	-39.2254
 17696	-44.0452
 17697	-37.4468
 17698	-41.8275
 17699	-43.1531
 17700	-36.8003
 17701	-34.6605
 17702	-35.9547
 17703	-38.466
 17704	-34.7601
 17705	-32.4612
 17706	-38.0744
 17707	-43.1295
 17708	-35.6085
 17709	-35.4313
 17710	-36.2437
 17711	-42.9331
 17712	-37.7347
 17713	-39.8843
 17714	-41.4381
 17715	-44.9863
 17716	-39.5962
 17717	-42.4318
 17718	-42.2462
 17719	-45.0858
 17720	-40.1915
 17721	-43.1404
 17722	-49.3766
 17723	-46.1256
 17724	-39.3851
 17725	-39.6528
 17726	-42.2152
 17727	-30.9312
 17728	-33.0849
 17729	-34.7935
 17730	-38.1671
 17731	-43.5728
 17732	-42.4827
 17733	-42.5691
 17734	-51.8219
 17735	-48.9895
 17736	-44.6641
 17737	-41.134
 17738	-52.4537
 17739	-55.7655
 17740	-45.4601
 17741	-53.7811
 17742	-59.6666
 17743	-67.1067
 17744	-67.0361
 17745	-64.1231
 17746	-61.6222
 17747	-67.5069
 17748	-64.8087
 17749	-61.3208
 17750	-55.1643
 17751	-59.9411
 17752	-60.0913
 17753	-52.299
 17754	-52.1193
 17755	-52.6864
 17756	-42.2467
 17757	-39.3599
 17758	-43.6269
 17759	-42.4674
 17760	-35.8938
 17761	-33.8679
 17762	-40.2835
 17763	-30.4519
 17764	-32.998
 17765	-37.6032
 17766	-40.6329
 17767	-34.5907
 17768	-39.9641
 17769	-42.7872
 17770	-36.4864
 17771	-33.3658
 17772	-33.9618
 17773	-32.3237
 17774	-36.693
 17775	-36.1743
 17776	-36.49
 17777	-34.7058
 17778	-32.361
 17779	-36.1075
 17780	-29.2472
 17781	-28.0858
 17782	-27.3468
 17783	-33.8375
 17784	-42.0362
 17785	-33.7181
 17786	-33.1716
 17787	-47.2025
 17788	-45.0287
 17789	-41.0538
 17790	-50.7374
 17791	-52.8154
 17792	-51.7089
 17793	-48.058
 17794	-52.6712
 17795	-54.114
 17796	-53.0096
 17797	-54.2301
 17798	-47.2246
 17799	-41.2399
 17800	-46.4916
 17801	-45.2336
 17802	-44.4333
 17803	-42.9392
 17804	-39.2207
 17805	-47.4896
 17806	-50.304
 17807	-42.8391
 17808	-35.8015
 17809	-47.1569
 17810	-40.1764
 17811	-31.4279
 17812	-37.0013
 17813	-39.3226
 17814	-39.363
 17815	-34.7385
 17816	-36.6976
 17817	-36.5342
 17818	-28.9993
 17819	-36.0887
 17820	-31.4686
 17821	-18.7989
 17822	-23.0702
 17823	-27.661
 17824	-25.9587
 17825	-17.6251
 17826	-14.8513
 17827	-19.9723
 17828	-17.6135
 17829	-19.431
 17830	-17.6087
 17831	-17.011
 17832	-20.6426
 17833	-22.2122
 17834	-18.4247
 17835	-20.2566
 17836	-15.9384
 17837	-20.7895
 17838	-23.6473
 17839	-17.7966
 17840	-13.7312
 17841	-24.7922
 17842	-34.0692
 17843	-28.4726
 17844	-28.531
 17845	-36.9149
 17846	-42.0776
 17847	-38.938
 17848	-39.1685
 17849	-42.8421
 17850	-45.5451
 17851	-43.7792
 17852	-44.7276
 17853	-40.1569
 17854	-47.6016
 17855	-45.5768
 17856	-41.891
 17857	-40.4746
 17858	-41.4671
 17859	-42.2368
 17860	-38.6252
 17861	-33.448
 17862	-35.0696
 17863	-34.0992
 17864	-26.5411
 17865	-19.7172
 17866	-23.5763
 17867	-32.8536
 17868	-24.8245
 17869	-21.8242
 17870	-28.1391
 17871	-25.3954
 17872	-20.8499
 17873	-26.7129
 17874	-24.7495
 17875	-18.1757
 17876	-14.4458
 17877	-20.6354
 17878	-19.6033
 17879	-9.73752
 17880	-12.9567
 17881	-16.2921
 17882	-9.73966
 17883	-11.2771
 17884	-18.6256
 17885	-15.7571
 17886	-18.8509
 17887	-17.4126
 17888	-18.1627
 17889	-15.0751
 17890	-16.9625
 17891	-16.1495
 17892	-18.5042
 17893	-20.7201
 17894	-12.0868
 17895	-8.96169
 17896	-13.3477
 17897	-15.5051
 17898	-11.3551
 17899	-14.37
 17900	-17.9925
 17901	-18.671
 17902	-15.9755
 17903	-17.736
 17904	-14.1866
 17905	-18.8852
 17906	-21.6865
 17907	-19.9027
 17908	-19.7518
 17909	-22.3881
 17910	-23.5953
 17911	-29.2604
 17912	-32.6508
 17913	-33.6742
 17914	-35.7035
 17915	-45.5747
 17916	-47.0491
 17917	-45.0375
 17918	-48.155
 17919	-51.957
 17920	-47.8676
 17921	-43.4352
 17922	-47.7493
 17923	-51.093
 17924	-49.6712
 17925	-47.3931
 17926	-52.1159
 17927	-54.2151
 17928	-48.397
 17929	-46.2648
 17930	-44.0302
 17931	-41.9898
 17932	-42.8334
 17933	-43.8276
 17934	-44.3391
 17935	-47.4535
 17936	-48.7143
 17937	-53.0177
 17938	-47.0267
 17939	-47.1453
 17940	-47.9696
 17941	-45.0049
 17942	-43.1938
 17943	-46.7048
 17944	-46.3042
 17945	-46.3499
 17946	-46.2933
 17947	-49.9979
 17948	-49.2096
 17949	-44.213
 17950	-52.895
 17951	-52.3005
 17952	-49.4894
 17953	-47.7221
 17954	-53.7657
 17955	-51.7162
 17956	-51.3314
 17957	-50.3904
 17958	-57.3597
 17959	-57.0667
 17960	-57.4984
 17961	-54.9161
 17962	-58.2919
 17963	-53.0185
 17964	-53.9462
 17965	-48.7114
 17966	-49.1847
 17967	-49.3677
 17968	-47.7598
 17969	-45.7191
 17970	-43.4796
 17971	-44.3563
 17972	-44.8448
 17973	-42.5728
 17974	-43.7499
 17975	-43.4656
 17976	-46.3686
 17977	-47.9599
 17978	-48.0153
 17979	-51.9319
 17980	-53.6682
 17981	-47.5143
 17982	-45.4993
 17983	-47.3917
 17984	-49.3807
 17985	-44.9962
 17986	-49.8871
 17987	-42.9629
 17988	-40.4649
 17989	-46.1361
 17990	-48.1436
 17991	-42.6055
 17992	-44.7524
 17993	-45.6676
 17994	-52.223
 17995	-44.4044
 17996	-39.6494
 17997	-39.3977
 17998	-36.4164
 17999	-32.9218
 18000	-34.7766
 18001	-39.3637
 18002	-38.1022
 18003	-35.4667
 18004	-40.4664
 18005	-46.0492
 18006	-44.254
 18007	-48.2507
 18008	-43.9467
 18009	-46.67
 18010	-44.2345
 18011	-50.115
 18012	-47.0953
 18013	-44.0436
 18014	-47.6466
 18015	-51.2851
 18016	-48.9068
 18017	-54.4217
 18018	-50.8906
 18019	-48.3307
 18020	-48.0805
 18021	-53.058
 18022	-50.2613
 18023	-43.8514
 18024	-51.6733
 18025	-49.8466
 18026	-45.7489
 18027	-47.7135
 18028	-42.5916
 18029	-41.7898
 18030	-41.3358
 18031	-40.6063
 18032	-46.8264
 18033	-42.7913
 18034	-41.8547
 18035	-42.7559
 18036	-46.0742
 18037	-43.9268
 18038	-40.1131
 18039	-43.6302
 18040	-41.4394
 18041	-41.4997
 18042	-39.2847
 18043	-41.6588
 18044	-40.9968
 18045	-37.3518
 18046	-37.6854
 18047	-45.7501
 18048	-41.3544
 18049	-37.9936
 18050	-39.2896
 18051	-39.0955
 18052	-37.2335
 18053	-40.0528
 18054	-38.9427
 18055	-32.1651
 18056	-32.6907
 18057	-28.4739
 18058	-17.2271
 18059	-21.0468
 18060	-26.8871
 18061	-22.9098
 18062	-26.0157
 18063	-24.8938
 18064	-31.6119
 18065	-31.8304
 18066	-26.5569
 18067	-26.3275
 18068	-39.4446
 18069	-39.9615
 18070	-38.922
 18071	-42.0754
 18072	-44.5038
 18073	-43.1481
 18074	-50.9777
 18075	-46.9308
 18076	-45.7698
 18077	-48.4225
 18078	-53.3952
 18079	-52.7739
 18080	-47.6705
 18081	-48.8105
 18082	-49.7689
 18083	-44.4232
 18084	-40.632
 18085	-37.7743
 18086	-40.9055
 18087	-32.6736
 18088	-27.3897
 18089	-33.6743
 18090	-29.26
 18091	-20.6925
 18092	-28.1126
 18093	-29.2229
 18094	-20.7391
 18095	-21.1747
 18096	-29.5952
 18097	-30.5615
 18098	-22.4041
 18099	-26.4045
 18100	-42.2633
 18101	-34.992
 18102	-30.7711
 18103	-43.889
 18104	-48.4055
 18105	-43.438
 18106	-48.8353
 18107	-56.1107
 18108	-53.8795
 18109	-55.6452
 18110	-51.1818
 18111	-52.8542
 18112	-55.1705
 18113	-50.7729
 18114	-41.7776
 18115	-44.5313
 18116	-42.7568
 18117	-38.2406
 18118	-36.3746
 18119	-38.7023
 18120	-29.7672
 18121	-31.6107
 18122	-42.8176
 18123	-35.7162
 18124	-27.861
 18125	-38.9759
 18126	-41.1106
 18127	-30.7305
 18128	-34.534
 18129	-41.1246
 18130	-37.7565
 18131	-37.9492
 18132	-45.9231
 18133	-42.515
 18134	-44.5772
 18135	-48.1159
 18136	-42.2825
 18137	-41.4118
 18138	-44.0249
 18139	-41.2691
 18140	-41.0335
 18141	-44.659
 18142	-39.4666
 18143	-37.9506
 18144	-43.6965
 18145	-42.5018
 18146	-39.0491
 18147	-48.0953
 18148	-43.9691
 18149	-42.7578
 18150	-47.523
 18151	-43.4957
 18152	-37.5476
 18153	-46.7774
 18154	-48.619
 18155	-43.1116
 18156	-45.69
 18157	-50.2838
 18158	-43.0412
 18159	-40.4972
 18160	-45.802
 18161	-41.7534
 18162	-44.5621
 18163	-47.2635
 18164	-45.3396
 18165	-43.8691
 18166	-52.0205
 18167	-48.3337
 18168	-43.4249
 18169	-46.1968
 18170	-47.992
 18171	-33.5702
 18172	-40.4354
 18173	-40.8014
 18174	-33.1323
 18175	-38.1812
 18176	-45.5958
 18177	-38.5108
 18178	-36.9996
 18179	-44.6289
 18180	-40.0609
 18181	-35.1591
 18182	-42.8093
 18183	-38.3789
 18184	-35.5338
 18185	-51.2199
 18186	-55.5712
 18187	-49.9636
 18188	-50.5021
 18189	-54.055
 18190	-50.7846
 18191	-50.6512
 18192	-54.6796
 18193	-50.8335
 18194	-52.0788
 18195	-55.7733
 18196	-49.5266
 18197	-49.5113
 18198	-59.7357
 18199	-53.0846
 18200	-43.938
 18201	-52.3776
 18202	-58.997
 18203	-43.4498
 18204	-43.0797
 18205	-49
 18206	-43.7529
 18207	-41.3535
 18208	-43.0032
 18209	-39.7987
 18210	-42.4759
 18211	-44.1245
 18212	-40.9577
 18213	-42.6244
 18214	-46.16
 18215	-45.6884
 18216	-42.9796
 18217	-50.1865
 18218	-51.3359
 18219	-47.4418
 18220	-43.7304
 18221	-39.7935
 18222	-43.2678
 18223	-47.7956
 18224	-41.638
 18225	-45.2469
 18226	-50.467
 18227	-48.4149
 18228	-43.3424
 18229	-44.5166
 18230	-50.5908
 18231	-44.911
 18232	-40.5555
 18233	-48.1569
 18234	-49.6991
 18235	-43.6062
 18236	-40.4444
 18237	-40.7735
 18238	-39.8358
 18239	-38.8167
 18240	-36.3078
 18241	-34.3877
 18242	-42.2253
 18243	-43.6692
 18244	-35.0653
 18245	-39.444
 18246	-44.5785
 18247	-38.8162
 18248	-34.4141
 18249	-37.965
 18250	-41.8287
 18251	-46.6074
 18252	-44.675
 18253	-42.9708
 18254	-48.6716
 18255	-54.6747
 18256	-46.3481
 18257	-44.1421
 18258	-54.3624
 18259	-54.7317
 18260	-48.5957
 18261	-51.9746
 18262	-52.8569
 18263	-53.5641
 18264	-48.8682
 18265	-48.2558
 18266	-48.3432
 18267	-45.1402
 18268	-42.9849
 18269	-40.984
 18270	-40.4361
 18271	-43.9817
 18272	-43.8059
 18273	-37.8108
 18274	-38.1369
 18275	-49.4719
 18276	-45.2759
 18277	-39.6858
 18278	-44.0177
 18279	-47.555
 18280	-43.3101
 18281	-42.2147
 18282	-44.947
 18283	-48.9603
 18284	-43.6629
 18285	-37.672
 18286	-40.934
 18287	-47.5516
 18288	-46.4833
 18289	-37.9405
 18290	-39.3481
 18291	-44.1014
 18292	-45.518
 18293	-43.1726
 18294	-40.8984
 18295	-49.174
 18296	-52.9242
 18297	-43.9321
 18298	-47.5939
 18299	-44.5772
 18300	-43.9361
 18301	-45.6434
 18302	-42.5552
 18303	-40.7441
 18304	-38.9673
 18305	-40.3307
 18306	-39.58
 18307	-36.9401
 18308	-38.1117
 18309	-35.1593
 18310	-35.2449
 18311	-38.4216
 18312	-35.3013
 18313	-45.1926
 18314	-48.2076
 18315	-42.5997
 18316	-46.2665
 18317	-47.4528
 18318	-48.575
 18319	-50.3626
 18320	-50.2112
 18321	-46.3306
 18322	-44.5156
 18323	-44.9257
 18324	-41.4896
 18325	-38.6166
 18326	-41.8147
 18327	-39.9039
 18328	-35.8673
 18329	-30.7814
 18330	-31.0081
 18331	-30.0845
 18332	-23.8204
 18333	-22.2943
 18334	-24.7703
 18335	-23.0033
 18336	-26.5761
 18337	-28.6987
 18338	-34.8795
 18339	-31.5364
 18340	-28.0787
 18341	-32.1673
 18342	-31.8054
 18343	-34.2806
 18344	-33.198
 18345	-36.8049
 18346	-49.2568
 18347	-45.0008
 18348	-40.1279
 18349	-45.0193
 18350	-44.6676
 18351	-45.8242
 18352	-44.5354
 18353	-46.0467
 18354	-51.1289
 18355	-48.1785
 18356	-48.055
 18357	-44.4037
 18358	-45.7141
 18359	-48.6316
 18360	-49.0811
 18361	-39.0968
 18362	-41.2467
 18363	-46.0221
 18364	-45.029
 18365	-38.8066
 18366	-43.5722
 18367	-41.0865
 18368	-40.1701
 18369	-35.6917
 18370	-37.3006
 18371	-43.5485
 18372	-42.2872
 18373	-44.0131
 18374	-44.4227
 18375	-44.5257
 18376	-46.7982
 18377	-43.7146
 18378	-45.2764
 18379	-49.3346
 18380	-44.0583
 18381	-46.6962
 18382	-39.7223
 18383	-38.9197
 18384	-42.8718
 18385	-39.2737
 18386	-39.716
 18387	-36.2242
 18388	-35.8319
 18389	-37.5168
 18390	-37.121
 18391	-36.6638
 18392	-33.369
 18393	-28.4066
 18394	-28.9085
 18395	-27.8841
 18396	-31.4498
 18397	-33.6753
 18398	-38.6378
 18399	-37.6592
 18400	-38.6321
 18401	-36.2595
 18402	-33.6019
 18403	-41.0097
 18404	-44.6108
 18405	-38.0198
 18406	-44.819
 18407	-42.6509
 18408	-41.8926
 18409	-40.4187
 18410	-40.3473
 18411	-46.8691
 18412	-37.6119
 18413	-41.7948
 18414	-46.502
 18415	-40.564
 18416	-44.5493
 18417	-45.3748
 18418	-40.5769
 18419	-46.2421
 18420	-40.2473
 18421	-40.9696
 18422	-39.6403
 18423	-44.4083
 18424	-39.0186
 18425	-38.5025
 18426	-40.8499
 18427	-36.4305
 18428	-31.8203
 18429	-41.16
 18430	-42.1487
 18431	-44.7381
 18432	-43.2662
 18433	-44.4343
 18434	-42.6865
 18435	-43.9648
 18436	-44.9598
 18437	-41.5899
 18438	-45.5153
 18439	-45.6246
 18440	-40.2483
 18441	-45.0127
 18442	-41.1512
 18443	-39.7538
 18444	-43.9347
 18445	-39.8133
 18446	-42.2149
 18447	-44.3697
 18448	-43.8625
 18449	-36.6956
 18450	-38.4278
 18451	-48.2528
 18452	-39.2306
 18453	-39.7666
 18454	-51.8131
 18455	-49.6648
 18456	-47.3678
 18457	-51.7269
 18458	-51.2968
 18459	-45.5587
 18460	-42.2629
 18461	-53.0915
 18462	-43.0208
 18463	-39.3908
 18464	-47.4928
 18465	-41.9306
 18466	-38.5284
 18467	-44.5027
 18468	-44.9074
 18469	-45.8665
 18470	-47.827
 18471	-48.304
 18472	-45.8741
 18473	-48.5631
 18474	-51.933
 18475	-46.8885
 18476	-51.9942
 18477	-53.363
 18478	-52.2494
 18479	-49.411
 18480	-49.0669
 18481	-43.8086
 18482	-43.2583
 18483	-47.1861
 18484	-46.1112
 18485	-40.6213
 18486	-50.3539
 18487	-44.5667
 18488	-43.9491
 18489	-48.2742
 18490	-44.6774
 18491	-47.0013
 18492	-45.8272
 18493	-43.3385
 18494	-48.3842
 18495	-48.8448
 18496	-47.1709
 18497	-40.6714
 18498	-47.5111
 18499	-56.5522
 18500	-45.4237
 18501	-51.748
 18502	-57.2273
 18503	-50.7435
 18504	-53.794
 18505	-52.8184
 18506	-49.0938
 18507	-54.4188
 18508	-51.3415
 18509	-43.4289
 18510	-42.6678
 18511	-48.8782
 18512	-47.8736
 18513	-36.1938
 18514	-43.7242
 18515	-43.5275
 18516	-39.6073
 18517	-37.3484
 18518	-42.8532
 18519	-43.0447
 18520	-47.8762
 18521	-50.8766
 18522	-46.4376
 18523	-48.3977
 18524	-55.9105
 18525	-52.5499
 18526	-59.3634
 18527	-58.9604
 18528	-57.172
 18529	-60.6797
 18530	-62.9295
 18531	-62.9611
 18532	-57.6629
 18533	-56.5342
 18534	-58.4429
 18535	-43.1461
 18536	-43.0275
 18537	-50.6638
 18538	-39.7633
 18539	-42.1208
 18540	-44.8912
 18541	-41.91
 18542	-45.4626
 18543	-40.8018
 18544	-43.6281
 18545	-38.8508
 18546	-38.6456
 18547	-36.6658
 18548	-33.9536
 18549	-37.1364
 18550	-38.3379
 18551	-41.514
 18552	-43.4889
 18553	-41.58
 18554	-49.2412
 18555	-52.2356
 18556	-55.8485
 18557	-55.4767
 18558	-58.1229
 18559	-61.8253
 18560	-55.3506
 18561	-58.1985
 18562	-57.3496
 18563	-50.7878
 18564	-46.693
 18565	-47.6536
 18566	-42.5669
 18567	-42.116
 18568	-41.9989
 18569	-42.2155
 18570	-33.0124
 18571	-36.0931
 18572	-34.9282
 18573	-28.5535
 18574	-28.3661
 18575	-29.2902
 18576	-26.3437
 18577	-25.1628
 18578	-25.8016
 18579	-28.3144
 18580	-28.3564
 18581	-34.0871
 18582	-28.8648
 18583	-23.5611
 18584	-33.4424
 18585	-33.3001
 18586	-34.6527
 18587	-39.5869
 18588	-37.8259
 18589	-42.4251
 18590	-41.5758
 18591	-47.1538
 18592	-47.8338
 18593	-44.5518
 18594	-54.1694
 18595	-55.0006
 18596	-47.9252
 18597	-56.6382
 18598	-62.1003
 18599	-55.5698
 18600	-52.5216
 18601	-54.8816
 18602	-52.6301
 18603	-50.1301
 18604	-53.0011
 18605	-52.2445
 18606	-50.2851
 18607	-52.9257
 18608	-52.9671
 18609	-48.0332
 18610	-51.8935
 18611	-55.139
 18612	-45.6026
 18613	-42.7465
 18614	-46.5229
 18615	-45.7444
 18616	-48.7978
 18617	-48.8569
 18618	-43.8972
 18619	-50.0225
 18620	-46.0674
 18621	-45.124
 18622	-47.5944
 18623	-43.1177
 18624	-43.1121
 18625	-39.0835
 18626	-44.5635
 18627	-42.5824
 18628	-41.7875
 18629	-44.9608
 18630	-40.5049
 18631	-37.6141
 18632	-44.4892
 18633	-44.2044
 18634	-48.1949
 18635	-49.2781
 18636	-44.7307
 18637	-42.8919
 18638	-46.5864
 18639	-41.4981
 18640	-41.5021
 18641	-50.5112
 18642	-49.3813
 18643	-43.285
 18644	-38.2896
 18645	-36.0862
 18646	-35.5195
 18647	-30.3321
 18648	-29.2323
 18649	-28.273
 18650	-21.8829
 18651	-28.7158
 18652	-32.9636
 18653	-28.3441
 18654	-25.0703
 18655	-22.7831
 18656	-30.2449
 18657	-31.4247
 18658	-27.2591
 18659	-30.3642
 18660	-33.2241
 18661	-33.7513
 18662	-34.5174
 18663	-36.7682
 18664	-46.9357
 18665	-47.6154
 18666	-46.6402
 18667	-51.5298
 18668	-44.6734
 18669	-42.9903
 18670	-44.8289
 18671	-46.116
 18672	-42.4255
 18673	-40.8322
 18674	-43.6389
 18675	-41.3303
 18676	-38.924
 18677	-35.8083
 18678	-36.9224
 18679	-40.7863
 18680	-34.8433
 18681	-36.467
 18682	-45.185
 18683	-42.4838
 18684	-42.639
 18685	-42.9637
 18686	-42.2817
 18687	-33.8335
 18688	-31.5377
 18689	-40.4792
 18690	-41.9279
 18691	-35.8435
 18692	-43.9064
 18693	-41.973
 18694	-41.6734
 18695	-44.2442
 18696	-49.3705
 18697	-44.3573
 18698	-38.3981
 18699	-48.2653
 18700	-50.3013
 18701	-40.5917
 18702	-41.5895
 18703	-39.4452
 18704	-44.4207
 18705	-46.3524
 18706	-40.8321
 18707	-45.1405
 18708	-47.4815
 18709	-44.765
 18710	-42.037
 18711	-48.7198
 18712	-46.4646
 18713	-37.389
 18714	-50.7628
 18715	-48.6473
 18716	-35.864
 18717	-41.0313
 18718	-47.1681
 18719	-48.1232
 18720	-42.0683
 18721	-45.322
 18722	-47.5809
 18723	-43.3652
 18724	-46.7609
 18725	-43.3628
 18726	-42.666
 18727	-47.7336
 18728	-48.8584
 18729	-46.5907
 18730	-41.9828
 18731	-40.1571
 18732	-44.6055
 18733	-40.4652
 18734	-37.6605
 18735	-36.2272
 18736	-41.6633
 18737	-49.6823
 18738	-44.031
 18739	-42.997
 18740	-46.8819
 18741	-44.3205
 18742	-50.2859
 18743	-50.9352
 18744	-45.9662
 18745	-46.9784
 18746	-46.2342
 18747	-44.3197
 18748	-37.0001
 18749	-39.8866
 18750	-47.1675
 18751	-39.5721
 18752	-40.2427
 18753	-48.7857
 18754	-49.2404
 18755	-45.9996
 18756	-45.8148
 18757	-49.75
 18758	-47.8224
 18759	-47.9386
 18760	-41.8838
 18761	-43.9169
 18762	-43.4874
 18763	-40.185
 18764	-38.4763
 18765	-36.5828
 18766	-34.2062
 18767	-41.3566
 18768	-42.0986
 18769	-40.2397
 18770	-34.7129
 18771	-38.3373
 18772	-41.2415
 18773	-42.0538
 18774	-46.6191
 18775	-53.6486
 18776	-50.6411
 18777	-55.8161
 18778	-61.3263
 18779	-53.52
 18780	-51.922
 18781	-53.6939
 18782	-51.7802
 18783	-44.4789
 18784	-41.706
 18785	-47.3037
 18786	-41.9729
 18787	-34.9998
 18788	-38.9499
 18789	-41.5643
 18790	-38.8324
 18791	-38.0004
 18792	-40.0217
 18793	-44.2792
 18794	-41.2889
 18795	-42.7306
 18796	-45.5711
 18797	-45.3813
 18798	-43.9992
 18799	-50.1867
 18800	-53.4335
 18801	-50.1748
 18802	-46.5714
 18803	-51.3613
 18804	-56.7993
 18805	-55.0131
 18806	-51.159
 18807	-48.4204
 18808	-47.6819
 18809	-42.8165
 18810	-44.8982
 18811	-40.8193
 18812	-38.801
 18813	-43.3704
 18814	-43.861
 18815	-42.0414
 18816	-41.9
 18817	-41.426
 18818	-47.4018
 18819	-42.9734
 18820	-43.9161
 18821	-48.8084
 18822	-51.9424
 18823	-48.6992
 18824	-51.2934
 18825	-50.0805
 18826	-49.0674
 18827	-48.2256
 18828	-51.0754
 18829	-55.8544
 18830	-52.0405
 18831	-52.4842
 18832	-53.6959
 18833	-52.2175
 18834	-53.3957
 18835	-54.5821
 18836	-57.115
 18837	-55.2001
 18838	-49.1403
 18839	-51.2373
 18840	-49.125
 18841	-42.6208
 18842	-40.3186
 18843	-41.6827
 18844	-45.3427
 18845	-47.8462
 18846	-46.8586
 18847	-47.9582
 18848	-51.6147
 18849	-50.4465
 18850	-50.81
 18851	-50.0781
 18852	-50.4092
 18853	-50.0314
 18854	-48.4305
 18855	-47.2387
 18856	-51.9306
 18857	-50.3213
 18858	-46.0996
 18859	-48.8931
 18860	-50.2765
 18861	-49.9224
 18862	-51.5533
 18863	-47.0383
 18864	-48.0863
 18865	-46.1223
 18866	-47.2556
 18867	-45.3818
 18868	-44.3853
 18869	-50.7677
 18870	-41.9529
 18871	-41.4569
 18872	-44.8177
 18873	-37.6729
 18874	-37.4314
 18875	-38.2381
 18876	-36.4233
 18877	-36.1063
 18878	-36.2731
 18879	-34.3099
 18880	-35.9886
 18881	-42.5658
 18882	-37.7967
 18883	-32.9463
 18884	-35.9553
 18885	-39.4438
 18886	-34.9223
 18887	-36.522
 18888	-44.7522
 18889	-43.6456
 18890	-45.2153
 18891	-52.1094
 18892	-49.2119
 18893	-49.8531
 18894	-51.7322
 18895	-45.6745
 18896	-42.8274
 18897	-44.0582
 18898	-44.1738
 18899	-47.1447
 18900	-43.2061
 18901	-44.6431
 18902	-46.4043
 18903	-37.0613
 18904	-40.5516
 18905	-41.214
 18906	-41.8253
 18907	-42.7081
 18908	-45.045
 18909	-46.8565
 18910	-40.7062
 18911	-43.871
 18912	-44.0321
 18913	-36.9147
 18914	-45.1591
 18915	-49.2798
 18916	-48.7303
 18917	-51.166
 18918	-56.879
 18919	-57.678
 18920	-55.5869
 18921	-56.2207
 18922	-54.8288
 18923	-59.0785
 18924	-58.5951
 18925	-59.4892
 18926	-56.3714
 18927	-53.3139
 18928	-47.8755
 18929	-48.0181
 18930	-49.8954
 18931	-50.0791
 18932	-48.9891
 18933	-54.8222
 18934	-53.0985
 18935	-50.4533
 18936	-51.5826
 18937	-51.3806
 18938	-47.4934
 18939	-48.0784
 18940	-50.1147
 18941	-50.8189
 18942	-52.7881
 18943	-47.0816
 18944	-51.9579
 18945	-45.0396
 18946	-41.3374
 18947	-42.5263
 18948	-45.9263
 18949	-40.4207
 18950	-35.7603
 18951	-41.9673
 18952	-44.1474
 18953	-32.844
 18954	-34.9484
 18955	-43.095
 18956	-41.8993
 18957	-38.4479
 18958	-39.4459
 18959	-43.0835
 18960	-40.0735
 18961	-42.3705
 18962	-44.0917
 18963	-48.0355
 18964	-40.7939
 18965	-47.7081
 18966	-43.6486
 18967	-41.2386
 18968	-44.7865
 18969	-43.9918
 18970	-40.3197
 18971	-44.4761
 18972	-48.1354
 18973	-53.6553
 18974	-49.2238
 18975	-48.3806
 18976	-50.0374
 18977	-46.0302
 18978	-42.2217
 18979	-39.1644
 18980	-45.6914
 18981	-47.833
 18982	-48.946
 18983	-47.5175
 18984	-59.6595
 18985	-53.4057
 18986	-47.8572
 18987	-50.0946
 18988	-52.5696
 18989	-45.0608
 18990	-47.2028
 18991	-46.8577
 18992	-44.1687
 18993	-41.3182
 18994	-47.7274
 18995	-48.3914
 18996	-38.2128
 18997	-45.0565
 18998	-50.3131
 18999	-44.0181
 19000	-44.1726
 19001	-51.5212
 19002	-50.9011
 19003	-50.0318
 19004	-46.8988
 19005	-54.3778
 19006	-50.7423
 19007	-47.1191
 19008	-46.6728
 19009	-44.3704
 19010	-41.188
 19011	-34.0076
 19012	-35.0665
 19013	-40.7583
 19014	-35.1033
 19015	-32.2317
 19016	-37.2374
 19017	-36.3364
 19018	-35.3506
 19019	-29.8818
 19020	-31.0515
 19021	-33.8067
 19022	-39.9477
 19023	-34.5233
 19024	-30.0119
 19025	-33.1121
 19026	-38.086
 19027	-34.3432
 19028	-31.9041
 19029	-38.761
 19030	-46.3141
 19031	-41.3298
 19032	-39.5742
 19033	-43.2858
 19034	-47.8844
 19035	-48.3362
 19036	-41.0154
 19037	-45.033
 19038	-51.8187
 19039	-51.9831
 19040	-50.6887
 19041	-49.2805
 19042	-53.3849
 19043	-55.2894
 19044	-49.4054
 19045	-51.4413
 19046	-46.7884
 19047	-43.1446
 19048	-45.7308
 19049	-34.9443
 19050	-32.8548
 19051	-35.9941
 19052	-37.5186
 19053	-35.1236
 19054	-32.1057
 19055	-29.809
 19056	-34.3718
 19057	-30.8379
 19058	-30.3915
 19059	-31.744
 19060	-34.9487
 19061	-36.6798
 19062	-34.1351
 19063	-36.3576
 19064	-36.5564
 19065	-34.4644
 19066	-36.4813
 19067	-38.7336
 19068	-35.3837
 19069	-42.08
 19070	-47.4037
 19071	-46.6681
 19072	-46.8146
 19073	-43.1283
 19074	-41.9836
 19075	-47.9357
 19076	-42.8637
 19077	-45.1294
 19078	-45.519
 19079	-43.2991
 19080	-44.4352
 19081	-40.2926
 19082	-40.731
 19083	-40.9397
 19084	-36.1202
 19085	-34.3032
 19086	-32.5331
 19087	-36.1495
 19088	-43.6169
 19089	-40.1721
 19090	-40.0634
 19091	-44.5097
 19092	-37.7296
 19093	-38.2655
 19094	-43.1185
 19095	-41.6322
 19096	-42.4189
 19097	-40.6533
 19098	-41.3229
 19099	-36.7883
 19100	-36.0114
 19101	-38.14
 19102	-32.0166
 19103	-25.8913
 19104	-26.7086
 19105	-27.2486
 19106	-23.4892
 19107	-24.1556
 19108	-17.9045
 19109	-18.1682
 19110	-25.1168
 19111	-19.1515
 19112	-19.1583
 19113	-26.8156
 19114	-31.3132
 19115	-35.4634
 19116	-31.9859
 19117	-38.4922
 19118	-39.3891
 19119	-38.1051
 19120	-40.6094
 19121	-41.6812
 19122	-39.4425
 19123	-43.5182
 19124	-40.9499
 19125	-46.4954
 19126	-47.9056
 19127	-49.6177
 19128	-46.3256
 19129	-45.2648
 19130	-47.0512
 19131	-44.1483
 19132	-43.6423
 19133	-37.883
 19134	-36.9957
 19135	-38.4717
 19136	-42.541
 19137	-36.3617
 19138	-38.0271
 19139	-41.7647
 19140	-40.0958
 19141	-32.4727
 19142	-39.1569
 19143	-41.8793
 19144	-38.2639
 19145	-39.7894
 19146	-43.849
 19147	-48.1322
 19148	-46.8953
 19149	-40.8303
 19150	-45.6075
 19151	-46.5566
 19152	-41.7503
 19153	-43.7852
 19154	-45.5416
 19155	-49.9777
 19156	-40.699
 19157	-44.0129
 19158	-43.8839
 19159	-43.4708
 19160	-42.3783
 19161	-40.8504
 19162	-43.7104
 19163	-42.538
 19164	-36.8786
 19165	-32.9964
 19166	-29.619
 19167	-38.2349
 19168	-39.3516
 19169	-34.0244
 19170	-39.1534
 19171	-43.9177
 19172	-45.6599
 19173	-40.4079
 19174	-48.2534
 19175	-50.9146
 19176	-39.801
 19177	-38.28
 19178	-46.5078
 19179	-39.2708
 19180	-43.1528
 19181	-41.4281
 19182	-42.9848
 19183	-43.3324
 19184	-45.4585
 19185	-47.6996
 19186	-43.8725
 19187	-41.8362
 19188	-41.6439
 19189	-41.4578
 19190	-41.4572
 19191	-35.377
 19192	-41.3804
 19193	-43.6954
 19194	-41.136
 19195	-45.62
 19196	-43.8245
 19197	-49.0864
 19198	-46.3112
 19199	-49.3977
 19200	-53.385
 19201	-47.9436
 19202	-52.3574
 19203	-52.8193
 19204	-46.7293
 19205	-52.7559
 19206	-54.6525
 19207	-59.2849
 19208	-54.8915
 19209	-50.4734
 19210	-54.2568
 19211	-51.7661
 19212	-38.8869
 19213	-37.5605
 19214	-46.5478
 19215	-47.8434
 19216	-44.0391
 19217	-52.985
 19218	-49.8699
 19219	-41.0106
 19220	-46.7364
 19221	-42.8792
 19222	-35.7934
 19223	-42.0952
 19224	-43.9122
 19225	-40.4689
 19226	-39.4657
 19227	-47.1659
 19228	-46.2632
 19229	-41.0704
 19230	-42.7165
 19231	-42.046
 19232	-53.0338
 19233	-47.4186
 19234	-38.3165
 19235	-49.2331
 19236	-49.86
 19237	-45.2314
 19238	-48.6266
 19239	-57.2533
 19240	-55.2077
 19241	-47.5881
 19242	-58.5743
 19243	-53.5035
 19244	-40.6106
 19245	-43.3458
 19246	-41.2984
 19247	-34.071
 19248	-31.2752
 19249	-34.2803
 19250	-37.093
 19251	-32.2039
 19252	-33.9872
 19253	-34.0139
 19254	-34.8923
 19255	-33.8332
 19256	-27.792
 19257	-30.3835
 19258	-32.2645
 19259	-28.1626
 19260	-31.7327
 19261	-34.9997
 19262	-32.1844
 19263	-30.6948
 19264	-44.16
 19265	-48.5019
 19266	-32.5685
 19267	-40.3531
 19268	-47.4574
 19269	-37.5799
 19270	-37.6563
 19271	-46.7944
 19272	-44.3753
 19273	-40.9483
 19274	-48.3717
 19275	-49.0369
 19276	-39.3083
 19277	-45.6253
 19278	-42.8689
 19279	-37.2786
 19280	-31.4843
 19281	-30.6753
 19282	-36.1609
 19283	-39.289
 19284	-34.3947
 19285	-35.5915
 19286	-42.5421
 19287	-49.5374
 19288	-37.0694
 19289	-44.6281
 19290	-46.8643
 19291	-37.8177
 19292	-46.3516
 19293	-47.3626
 19294	-40.5032
 19295	-46.257
 19296	-55.3671
 19297	-48.1192
 19298	-45.3628
 19299	-53.5253
 19300	-53.5059
 19301	-40.6113
 19302	-44.7792
 19303	-44.7236
 19304	-39.9651
 19305	-38.2356
 19306	-36.1648
 19307	-40.2938
 19308	-44.9411
 19309	-44.5226
 19310	-40.154
 19311	-44.3766
 19312	-46.2726
 19313	-38.362
 19314	-36.3597
 19315	-39.6745
 19316	-34.5177
 19317	-43.984
 19318	-46.9985
 19319	-45.61
 19320	-44.9059
 19321	-58.0151
 19322	-55.0611
 19323	-43.4838
 19324	-51.7477
 19325	-51.9221
 19326	-45.1632
 19327	-47.6672
 19328	-46.9372
 19329	-44.0198
 19330	-44.3119
 19331	-39.7378
 19332	-37.075
 19333	-39.4359
 19334	-47.2457
 19335	-39.785
 19336	-42.32
 19337	-43.1114
 19338	-41.1775
 19339	-42.7473
 19340	-46.2139
 19341	-39.4463
 19342	-44.4945
 19343	-46.2936
 19344	-43.3825
 19345	-42.9005
 19346	-45.751
 19347	-42.5989
 19348	-40.7104
 19349	-48.082
 19350	-48.6095
 19351	-42.1533
 19352	-52.1038
 19353	-48.4646
 19354	-40.4491
 19355	-42.6409
 19356	-39.8869
 19357	-39.1721
 19358	-37.1925
 19359	-40.7612
 19360	-39.8096
 19361	-44.279
 19362	-40.9428
 19363	-29.8376
 19364	-30.2346
 19365	-34.9821
 19366	-34.0192
 19367	-33.2429
 19368	-33.5869
 19369	-32.1275
 19370	-35.05
 19371	-39.2063
 19372	-34.6348
 19373	-32.1385
 19374	-41.7116
 19375	-39.3235
 19376	-34.7564
 19377	-35.1078
 19378	-39.381
 19379	-31.2661
 19380	-30.0942
 19381	-33.6442
 19382	-37.1575
 19383	-37.6387
 19384	-39.7126
 19385	-37.5495
 19386	-37.7461
 19387	-38.0991
 19388	-34.4844
 19389	-33.9885
 19390	-35.1837
 19391	-33.5586
 19392	-40.1172
 19393	-43.5542
 19394	-33.0393
 19395	-31.9369
 19396	-37.7673
 19397	-38.8563
 19398	-32.5869
 19399	-37.3978
 19400	-38.6022
 19401	-30.2067
 19402	-30.1924
 19403	-38.3348
 19404	-37.4597
 19405	-30.4363
 19406	-30.2307
 19407	-30.4402
 19408	-24.7198
 19409	-23.6561
 19410	-25.0204
 19411	-19.6956
 19412	-14.9091
 19413	-16.8997
 19414	-17.779
 19415	-13.4021
 19416	-15.05
 19417	-15.5674
 19418	-11.5922
 19419	-11.3353
 19420	-12.5541
 19421	-12.4993
 19422	-13.2988
 19423	-9.76178
 19424	-5.29365
 19425	-7.47168
 19426	-3.62437
 19427	-3.58699
 19428	-10.6214
 19429	-9.79641
 19430	-7.75481
 19431	-10.0562
 19432	-7.96752
 19433	-8.97598
 19434	-4.61721
 19435	-5.27173
 19436	-0.501272
 19437	-4.65996
 19438	-3.70659
 19439	-1.4276
 19440	-6.65061
 19441	-7.61785
 19442	-2.19355
 19443	5.25083
 19444	1.28291
 19445	-2.93893
 19446	6.44111
 19447	6.33489
 19448	-2.02338
 19449	2.72063
 19450	5.67015
 19451	4.75889
 19452	-0.135819
 19453	-3.53726
 19454	-0.213499
 19455	-2.06742
 19456	-9.93193
 19457	-9.28995
 19458	-6.52941
 19459	-3.95698
 19460	-8.64083
 19461	-6.19915
 19462	-3.61847
 19463	-10.4244
 19464	-14.1029
 19465	-11.0474
 19466	-6.57527
 19467	-13.251
 19468	-14.6318
 19469	-5.29624
 19470	-10.1306
 19471	-17.3654
 19472	-11.539
 19473	-8.30232
 19474	-10.0151
 19475	-16.9033
 19476	-17.0526
 19477	-18.9349
 19478	-18.3662
 19479	-22.0899
 19480	-25.2622
 19481	-23.7939
 19482	-26.4808
 19483	-25.4003
 19484	-22.134
 19485	-27.4804
 19486	-36.1787
 19487	-34.928
 19488	-34.3208
 19489	-45.1249
 19490	-45.9938
 19491	-37.8755
 19492	-45.0272
 19493	-45.4226
 19494	-47.4973
 19495	-45.6417
 19496	-48.2675
 19497	-47.0462
 19498	-45.9028
 19499	-45.9347
 19500	-43.0034
 19501	-39.3793
 19502	-44.9509
 19503	-40.2021
 19504	-38.2342
 19505	-41.5878
 19506	-43.9431
 19507	-46.2942
 19508	-47.0146
 19509	-46.285
 19510	-44.7048
 19511	-50.5891
 19512	-43.4323
 19513	-41.0269
 19514	-44.3174
 19515	-47.4983
 19516	-38.3381
 19517	-37.6631
 19518	-47.368
 19519	-43.6111
 19520	-41.7593
 19521	-45.2108
 19522	-43.3442
 19523	-32.7775
 19524	-36.7212
 19525	-40.6509
 19526	-38.7399
 19527	-33.3387
 19528	-35.4145
 19529	-36.2418
 19530	-41.3283
 19531	-35.6701
 19532	-35.99
 19533	-37.2262
 19534	-40.6441
 19535	-36.7879
 19536	-38.3627
 19537	-42.669
 19538	-38.948
 19539	-43.5987
 19540	-40.1368
 19541	-36.7141
 19542	-36.9721
 19543	-41.5101
 19544	-44.3264
 19545	-41.9814
 19546	-43.0769
 19547	-49.0461
 19548	-40.8917
 19549	-44.4383
 19550	-46.9112
 19551	-45.7349
 19552	-44.1861
 19553	-50.0727
 19554	-45.1192
 19555	-44.9504
 19556	-51.9663
 19557	-51.4836
 19558	-46.7476
 19559	-45.1226
 19560	-49.1758
 19561	-48.4186
 19562	-45.7669
 19563	-41.7878
 19564	-37.2445
 19565	-36.818
 19566	-35.66
 19567	-32.3087
 19568	-32.7007
 19569	-28.3251
 19570	-23.3373
 19571	-22.1765
 19572	-21.2832
 19573	-12.7903
 19574	-12.2939
 19575	-17.7067
 19576	-8.02906
 19577	-3.11923
 19578	-1.97193
 19579	-2.5302
 19580	-3.53004
 19581	-4.98303
 19582	-0.81977
 19583	-0.67688
 19584	-5.61302
 19585	-10.6978
 19586	-2.32026
 19587	-2.34855
 19588	-9.53098
 19589	-14.2204
 19590	-14.4354
 19591	-18.8436
 19592	-20.5501
 19593	-24.3914
 19594	-23.7605
 19595	-17.0919
 19596	-19.9728
 19597	-21.517
 19598	-18.4609
 19599	-17.986
 19600	-20.1368
 19601	-16.907
 19602	-18.0017
 19603	-24.268
 19604	-22.4536
 19605	-14.6202
 19606	-22.4822
 19607	-23.3108
 19608	-13.7681
 19609	-16.4157
 19610	-25.6771
 19611	-18.6514
 19612	-7.88262
 19613	-16.2898
 19614	-19.4388
 19615	-17.3424
 19616	-19.7584
 19617	-23.8059
 19618	-23.6932
 19619	-25.2923
 19620	-29.8559
 19621	-27.7591
 19622	-26.315
 19623	-34.7669
 19624	-35.7321
 19625	-35.8482
 19626	-37.7681
 19627	-39.5368
 19628	-41.8336
 19629	-44.034
 19630	-36.4077
 19631	-33.085
 19632	-39.2885
 19633	-39.4331
 19634	-36.1548
 19635	-34.9802
 19636	-38.6592
 19637	-40.0615
 19638	-39.3188
 19639	-42.8548
 19640	-40.0113
 19641	-36.626
 19642	-42.6181
 19643	-42.3604
 19644	-39.5566
 19645	-35.3538
 19646	-40.0541
 19647	-46.7209
 19648	-44.4843
 19649	-32.8939
 19650	-33.9182
 19651	-40.406
 19652	-37.8234
 19653	-33.9261
 19654	-34.5404
 19655	-33.2313
 19656	-38.6943
 19657	-35.4064
 19658	-27.2598
 19659	-21.7408
 19660	-23.9492
 19661	-28.9517
 19662	-19.687
 19663	-9.17889
 19664	-14.2893
 19665	-16.496
 19666	-6.82327
 19667	-10.0818
 19668	-9.95126
 19669	0.701955
 19670	-8.51729
 19671	-11.4743
 19672	-6.49772
 19673	-4.90634
 19674	-10.2848
 19675	-9.30149
 19676	-4.02512
 19677	-3.39776
 19678	-7.7604
 19679	-2.11633
 19680	-5.88074
 19681	-7.7594
 19682	-11.5988
 19683	-16.1999
 19684	-19.0016
 19685	-14.9326
 19686	-19.4862
 19687	-26.7449
 19688	-19.127
 19689	-17.2332
 19690	-22.4523
 19691	-19.0558
 19692	-14.6499
 19693	-13.6434
 19694	-14.3968
 19695	-15.4291
 19696	-11.9785
 19697	-14.3249
 19698	-14.9628
 19699	-17.1809
 19700	-14.0725
 19701	-10.5299
 19702	-16.1363
 19703	-10.9033
 19704	-1.51129
 19705	-12.1621
 19706	-21.2436
 19707	-12.9174
 19708	-9.54908
 19709	-14.5451
 19710	-13.5855
 19711	-6.1653
 19712	-9.80815
 19713	-5.27893
 19714	-1.52871
 19715	-4.84803
 19716	-1.43822
 19717	6.86542
 19718	-1.48463
 19719	-3.18114
 19720	6.1101
 19721	8.46463
 19722	-1.52523
 19723	2.33143
 19724	6.72577
 19725	1.39204
 19726	4.25753
 19727	3.92791
 19728	3.12995
 19729	3.63571
 19730	5.10489
 19731	-0.249377
 19732	-0.706524
 19733	2.33171
 19734	-0.932308
 19735	-6.57334
 19736	-4.33068
 19737	-7.98032
 19738	-10.0785
 19739	-8.41679
 19740	-9.24135
 19741	-11.3675
 19742	-6.98215
 19743	-9.64206
 19744	-11.1707
 19745	-11.2262
 19746	-12.4785
 19747	-13.0755
 19748	-11.7285
 19749	-13.8867
 19750	-18.1203
 19751	-16.719
 19752	-14.8272
 19753	-16.8156
 19754	-21.3327
 19755	-23.6858
 19756	-21.2368
 19757	-23.1122
 19758	-24.9432
 19759	-28.6012
 19760	-31.1859
 19761	-17.6549
 19762	-16.5666
 19763	-33.9036
 19764	-33.4158
 19765	-28.416
 19766	-33.1499
 19767	-33.6969
 19768	-32.9347
 19769	-35.0257
 19770	-39.5506
 19771	-36.5548
 19772	-30.2879
 19773	-37.4642
 19774	-36.7758
 19775	-31.6781
 19776	-34.7375
 19777	-39.6026
 19778	-42.0408
 19779	-39.1275
 19780	-40.4086
 19781	-43.7709
 19782	-43.5189
 19783	-41.195
 19784	-38.7244
 19785	-40.0271
 19786	-40.0085
 19787	-40.406
 19788	-39.1536
 19789	-33.7767
 19790	-39.3508
 19791	-41.4005
 19792	-39.9011
 19793	-34.1932
 19794	-33.9364
 19795	-41.841
 19796	-43.5854
 19797	-35.8243
 19798	-36.0743
 19799	-35.6138
 19800	-34.3601
 19801	-35.5471
 19802	-36.1132
 19803	-29.99
 19804	-24.9955
 19805	-24.2767
 19806	-23.7671
 19807	-23.1764
 19808	-23.1973
 19809	-23.8332
 19810	-24.5886
 19811	-19.4416
 19812	-12.6306
 19813	-19.3486
 19814	-22.9865
 19815	-13.9143
 19816	-8.32279
 19817	-17.1294
 19818	-22.289
 19819	-22.3695
 19820	-28.8561
 19821	-41.453
 19822	-45.7946
 19823	-42.7351
 19824	-47.741
 19825	-51.3565
 19826	-47.1536
 19827	-51.4479
 19828	-56.0268
 19829	-44.584
 19830	-44.8963
 19831	-46.6237
 19832	-46.2588
 19833	-42.8605
 19834	-49.1511
 19835	-44.8905
 19836	-40.3015
 19837	-41.0582
 19838	-40.0467
 19839	-32.7702
 19840	-37.0459
 19841	-40.8745
 19842	-32.3909
 19843	-27.4201
 19844	-33.8467
 19845	-36.7995
 19846	-35.1479
 19847	-35.1122
 19848	-31.366
 19849	-31.2399
 19850	-35.7256
 19851	-39.4879
 19852	-34.328
 19853	-34.3877
 19854	-39.6681
 19855	-40.3694
 19856	-31.6014
 19857	-35.2955
 19858	-39.7476
 19859	-32.2526
 19860	-37.6516
 19861	-38.7717
 19862	-27.3876
 19863	-18.3001
 19864	-20.0226
 19865	-23.8045
 19866	-18.2421
 19867	-15.674
 19868	-22.195
 19869	-21.5517
 19870	-25.207
 19871	-23.7414
 19872	-25.1656
 19873	-27.7168
 19874	-36.5302
 19875	-44.4327
 19876	-42.0268
 19877	-45.1442
 19878	-54.6321
 19879	-62.0354
 19880	-59.4254
 19881	-57.0727
 19882	-56.8596
 19883	-58.0158
 19884	-55.1911
 19885	-56.3267
 19886	-47.7804
 19887	-43.9931
 19888	-40.3664
 19889	-43.7656
 19890	-41.0902
 19891	-39.1875
 19892	-37.3685
 19893	-42.3589
 19894	-44.7425
 19895	-46.9699
 19896	-44.2635
 19897	-42.4459
 19898	-46.6455
 19899	-42.7692
 19900	-39.5681
 19901	-40.8887
 19902	-49.0989
 19903	-51.2147
 19904	-52.1042
 19905	-50.5311
 19906	-45.4676
 19907	-41.3702
 19908	-47.4338
 19909	-40.9348
 19910	-36.531
 19911	-34.0868
 19912	-36.8091
 19913	-38.8495
 19914	-38.4793
 19915	-39.4279
 19916	-41.685
 19917	-46.5792
 19918	-47.8343
 19919	-40.5505
 19920	-37.8375
 19921	-45.3259
 19922	-46.2019
 19923	-44.7106
 19924	-40.5625
 19925	-49.7789
 19926	-50.7375
 19927	-52.6957
 19928	-51.989
 19929	-53.9191
 19930	-53.8731
 19931	-50.2936
 19932	-45.4022
 19933	-48.6422
 19934	-47.9847
 19935	-44.521
 19936	-43.5865
 19937	-43.1794
 19938	-47.1929
 19939	-41.1402
 19940	-35.8562
 19941	-32.7681
 19942	-39.5852
 19943	-38.8398
 19944	-36.995
 19945	-39.071
 19946	-42.4125
 19947	-38.9911
 19948	-40.2819
 19949	-38.4413
 19950	-33.2603
 19951	-28.7553
 19952	-25.8238
 19953	-23.6855
 19954	-20.958
 19955	-23.6064
 19956	-22.9568
 19957	-26.2552
 19958	-29.1177
 19959	-37.0533
 19960	-35.0273
 19961	-44.0637
 19962	-50.8308
 19963	-51.9839
 19964	-41.9008
 19965	-52.4153
 19966	-51.4564
 19967	-43.517
 19968	-46.2334
 19969	-50.9676
 19970	-45.7239
 19971	-42.4783
 19972	-41.9556
 19973	-44.8355
 19974	-42.2732
 19975	-38.106
 19976	-32.724
 19977	-31.0286
 19978	-38.5105
 19979	-36.0968
 19980	-36.0799
 19981	-36.1409
 19982	-34.9953
 19983	-30.545
 19984	-31.3025
 19985	-26.628
 19986	-24.7274
 19987	-27.2448
 19988	-29.395
 19989	-27.5727
 19990	-32.8972
 19991	-41.7271
 19992	-43.2023
 19993	-48.3468
 19994	-52.9366
 19995	-51.0852
 19996	-51.6353
 19997	-54.7621
 19998	-51.2038
 19999	-43.9956
 20000	-45.7222
 20001	-46.2405
 20002	-36.9437
 20003	-36.2058
 20004	-35.7709
 20005	-36.7818
 20006	-39.2258
 20007	-37.0783
 20008	-32.0294
 20009	-33.8182
 20010	-45.1047
 20011	-38.2522
 20012	-29.4169
 20013	-31.6044
 20014	-32.6763
 20015	-28.9925
 20016	-30.0782
 20017	-27.0137
 20018	-31.8063
 20019	-36.574
 20020	-27.1646
 20021	-22.0762
 20022	-31.155
 20023	-31.8344
 20024	-22.0208
 20025	-22.5624
 20026	-32.8479
 20027	-39.1237
 20028	-45.8742
 20029	-48.8795
 20030	-45.3709
 20031	-46.0463
 20032	-49.7764
 20033	-47.6556
 20034	-46.2021
 20035	-53.7553
 20036	-54.1886
 20037	-50.7558
 20038	-59.9803
 20039	-56.6914
 20040	-47.9237
 20041	-53.3452
 20042	-48.8726
 20043	-43.0553
 20044	-44.3994
 20045	-40.3497
 20046	-41.5296
 20047	-38.1078
 20048	-38.2536
 20049	-35.7936
 20050	-32.4046
 20051	-36.7538
 20052	-31.8064
 20053	-30.9601
 20054	-43.904
 20055	-33.3736
 20056	-32.0499
 20057	-34.9914
 20058	-32.1021
 20059	-35.6106
 20060	-41.4527
 20061	-42.4039
 20062	-37.3038
 20063	-41.8548
 20064	-42.2946
 20065	-29.5557
 20066	-31.1922
 20067	-29.9809
 20068	-20.9065
 20069	-22.7557
 20070	-22.5754
 20071	-21.9672
 20072	-23.4084
 20073	-29.7802
 20074	-23.4568
 20075	-15.1657
 20076	-25.8258
 20077	-24.7793
 20078	-12.2218
 20079	-20.5351
 20080	-25.0534
 20081	-19.4172
 20082	-17.1705
 20083	-25.2677
 20084	-30.0939
 20085	-30.1477
 20086	-40.5122
 20087	-37.9275
 20088	-29.5999
 20089	-34.6135
 20090	-36.6458
 20091	-35.5835
 20092	-35.8416
 20093	-37.3497
 20094	-39.3804
 20095	-38.9582
 20096	-47.3161
 20097	-47.3146
 20098	-45.2278
 20099	-53.0023
 20100	-45.2634
 20101	-47.2311
 20102	-48.5281
 20103	-43.6874
 20104	-41.2295
 20105	-40.741
 20106	-35.0631
 20107	-39.3216
 20108	-44.5905
 20109	-45.3523
 20110	-29.7528
 20111	-34.5546
 20112	-42.2517
 20113	-34.5536
 20114	-32.4338
 20115	-34.8409
 20116	-35.4739
 20117	-33.9266
 20118	-38.0577
 20119	-38.5981
 20120	-35.0967
 20121	-38.9377
 20122	-41.4267
 20123	-37.2456
 20124	-44.0639
 20125	-39.4951
 20126	-36.3461
 20127	-38.6273
 20128	-34.3872
 20129	-35.2001
 20130	-39.5804
 20131	-45.8208
 20132	-36.2109
 20133	-38.4048
 20134	-53.7326
 20135	-40.9356
 20136	-28.3075
 20137	-39.2665
 20138	-31.9615
 20139	-26.1189
 20140	-35.2234
 20141	-45.2539
 20142	-34.6623
 20143	-34.4335
 20144	-44.2542
 20145	-34.5302
 20146	-32.0438
 20147	-43.8587
 20148	-38.2238
 20149	-32.3356
 20150	-38.8221
 20151	-43.5877
 20152	-41.3348
 20153	-38.1794
 20154	-39.7376
 20155	-39.964
 20156	-47.9348
 20157	-43.752
 20158	-38.5901
 20159	-45.2773
 20160	-42.6078
 20161	-33.2346
 20162	-37.6499
 20163	-44.2045
 20164	-41.0809
 20165	-39.9079
 20166	-48.3864
 20167	-45.2001
 20168	-45.2803
 20169	-51.8276
 20170	-42.8011
 20171	-42.6079
 20172	-49.2106
 20173	-50.6679
 20174	-44.726
 20175	-52.6523
 20176	-54.0562
 20177	-48.5347
 20178	-47.3431
 20179	-48.3063
 20180	-41.2677
 20181	-42.8291
 20182	-41.7779
 20183	-41.2813
 20184	-49.9147
 20185	-52.5323
 20186	-43.1761
 20187	-43.3632
 20188	-52.2212
 20189	-47.1965
 20190	-44.1444
 20191	-41.9448
 20192	-42.8828
 20193	-33.8605
 20194	-37.9428
 20195	-32.8251
 20196	-31.4623
 20197	-33.8207
 20198	-30.5526
 20199	-24.1182
 20200	-34.513
 20201	-42.1913
 20202	-33.8862
 20203	-28.5207
 20204	-33.3041
 20205	-35.2545
 20206	-29.4104
 20207	-30.4187
 20208	-27.8224
 20209	-25.6823
 20210	-26.5343
 20211	-22.2454
 20212	-15.8648
 20213	-30.052
 20214	-32.8722
 20215	-23.2144
 20216	-17.3287
 20217	-25.2513
 20218	-26.6766
 20219	-24.5891
 20220	-25.0323
 20221	-24.1365
 20222	-26.029
 20223	-26.2794
 20224	-22.1077
 20225	-20.6261
 20226	-25.2003
 20227	-18.1936
 20228	-19.9323
 20229	-23.0938
 20230	-21.8687
 20231	-13.9975
 20232	-23.2654
 20233	-21.6289
 20234	-7.52572
 20235	-10.0611
 20236	-18.0339
 20237	-11.1891
 20238	-12.8566
 20239	-18.8274
 20240	-10.1986
 20241	-6.58615
 20242	-6.40721
 20243	-11.7811
 20244	-5.42938
 20245	-1.5383
 20246	-8.07114
 20247	-4.64528
 20248	4.70495
 20249	1.14349
 20250	0.33473
 20251	-2.58994
 20252	0.957134
 20253	2.46144
 20254	1.47671
 20255	1.46681
 20256	8.14305
 20257	4.85773
 20258	0.748745
 20259	9.52186
 20260	8.41191
 20261	0.529407
 20262	6.00357
 20263	12.7403
 20264	-0.478932
 20265	-3.87632
 20266	8.20025
 20267	5.82753
 20268	-8.17444
 20269	-2.46847
 20270	3.6534
 20271	-2.33864
 20272	-5.17123
 20273	2.70282
 20274	-0.835516
 20275	-6.30579
 20276	-5.57712
 20277	0.699395
 20278	-0.700646
 20279	-7.75646
 20280	-2.36865
 20281	-2.93526
 20282	-11.317
 20283	-16.1301
 20284	-9.28695
 20285	-12.9907
 20286	-16.2254
 20287	-14.79
 20288	-9.88411
 20289	-13.6761
 20290	-14.0852
 20291	-6.87999
 20292	-7.75817
 20293	-18.4911
 20294	-14.0281
 20295	-9.42434
 20296	-14.3631
 20297	-16.0946
 20298	-11.4692
 20299	-11.8554
 20300	-16.3701
 20301	-12.5743
 20302	-11.9962
 20303	-11.8691
 20304	-8.60972
 20305	-3.9749
 20306	-9.09702
 20307	-9.24996
 20308	-5.50852
 20309	-9.50622
 20310	-14.9502
 20311	-16.7302
 20312	-15.2526
 20313	-17.2893
 20314	-22.7863
 20315	-25.6447
 20316	-21.0045
 20317	-19.2116
 20318	-22.7541
 20319	-23.5849
 20320	-21.1787
 20321	-19.3357
 20322	-18.8432
 20323	-19.2264
 20324	-11.5117
 20325	-15.3241
 20326	-16.4272
 20327	-10.9267
 20328	-13.1147
 20329	-16.771
 20330	-14.8647
 20331	-12.3705
 20332	-13.9815
 20333	-14.081
 20334	-11.8822
 20335	-12.3617
 20336	-13.5084
 20337	-14.1288
 20338	-15.6464
 20339	-12.1913
 20340	-13.8321
 20341	-16.9987
 20342	-11.9593
 20343	-5.77073
 20344	-13.2975
 20345	-20.7632
 20346	-15.7881
 20347	-19.0673
 20348	-27.6996
 20349	-25.2311
 20350	-24.245
 20351	-28.5322
 20352	-30.7211
 20353	-30.6354
 20354	-33.5002
 20355	-36.3283
 20356	-35.4354
 20357	-36.4546
 20358	-38.9928
 20359	-40.2219
 20360	-44.7476
 20361	-41.5052
 20362	-31.9561
 20363	-39.5789
 20364	-46.3121
 20365	-38.1813
 20366	-39.452
 20367	-43.5313
 20368	-38.8594
 20369	-38.7845
 20370	-44.1692
 20371	-44.4359
 20372	-36.4995
 20373	-39.7983
 20374	-46.7531
 20375	-40.6806
 20376	-37.0023
 20377	-35.7935
 20378	-39.7207
 20379	-42.3234
 20380	-36.0297
 20381	-35.7005
 20382	-46.7268
 20383	-46.9738
 20384	-44.9141
 20385	-50.4593
 20386	-49.3713
 20387	-47.8157
 20388	-53.3814
 20389	-55.1231
 20390	-49.2231
 20391	-46.9886
 20392	-51.6405
 20393	-49.3331
 20394	-46.3354
 20395	-47.3079
 20396	-46.6728
 20397	-43.9109
 20398	-47.2763
 20399	-46.1274
 20400	-38.6379
 20401	-43.5653
 20402	-44.0902
 20403	-38.1859
 20404	-41.9283
 20405	-43.5813
 20406	-42.6159
 20407	-45.4294
 20408	-47.231
 20409	-41.4468
 20410	-42.3826
 20411	-44.4903
 20412	-40.5121
 20413	-40.2751
 20414	-45.2857
 20415	-42.0988
 20416	-37.636
 20417	-43.4132
 20418	-44.6058
 20419	-40.1186
 20420	-41.6127
 20421	-41.1912
 20422	-42.4218
 20423	-39.3337
 20424	-35.5582
 20425	-37.8097
 20426	-35.6594
 20427	-30.6053
 20428	-29.6757
 20429	-34.1323
 20430	-27.3451
 20431	-24.007
 20432	-27.3662
 20433	-20.9419
 20434	-12.2695
 20435	-10.0997
 20436	-14.4176
 20437	-7.84229
 20438	-4.26736
 20439	-8.01508
 20440	-4.5201
 20441	-1.5543
 20442	-7.9994
 20443	-7.43961
 20444	-0.0310161
 20445	-4.58357
 20446	-5.33123
 20447	-0.20963
 20448	-2.35243
 20449	-4.58793
 20450	0.342347
 20451	0.19673
 20452	0.249252
 20453	3.64393
 20454	3.182
 20455	-4.23749
 20456	-7.77594
 20457	-7.17933
 20458	-9.35866
 20459	-5.35452
 20460	-1.67299
 20461	-4.74897
 20462	0.568751
 20463	6.66775
 20464	4.26708
 20465	-0.100546
 20466	-0.921728
 20467	0.864571
 20468	-1.23746
 20469	-4.15796
 20470	-1.5463
 20471	0.717651
 20472	-0.781953
 20473	-5.07504
 20474	-4.59286
 20475	-7.12044
 20476	-5.97089
 20477	-5.961
 20478	-5.15501
 20479	-8.67567
 20480	-15.2748
 20481	-9.46586
 20482	-8.16761
 20483	-16.2789
 20484	-14.8243
 20485	-11.6491
 20486	-13.5264
 20487	-17.3142
 20488	-12.6876
 20489	-12.6682
 20490	-16.1673
 20491	-16.1411
 20492	-23.894
 20493	-26.7735
 20494	-26.0504
 20495	-29.607
 20496	-33.9158
 20497	-36.0877
 20498	-31.9988
 20499	-31.8594
 20500	-31.9757
 20501	-29.3512
 20502	-32.6892
 20503	-31.6304
 20504	-29.5936
 20505	-29.1935
 20506	-31.1607
 20507	-29.3289
 20508	-27.5887
 20509	-33.807
 20510	-39.013
 20511	-38.2344
 20512	-39.7229
 20513	-40.2489
 20514	-32.2212
 20515	-37.6044
 20516	-45.0962
 20517	-38.3076
 20518	-37.1219
 20519	-41.3827
 20520	-38.0109
 20521	-36.0016
 20522	-36.4451
 20523	-38.237
 20524	-34.0449
 20525	-35.8911
 20526	-36.0945
 20527	-35.9951
 20528	-36.1939
 20529	-36.1625
 20530	-36.8607
 20531	-33.3238
 20532	-33.6924
 20533	-37.6273
 20534	-40.2439
 20535	-37.9169
 20536	-39.1975
 20537	-42.1524
 20538	-40.126
 20539	-43.2017
 20540	-44.0251
 20541	-38.1179
 20542	-41.7094
 20543	-37.4993
 20544	-35.9823
 20545	-33.2743
 20546	-28.7532
 20547	-28.7212
 20548	-28.9716
 20549	-18.6363
 20550	-16.6616
 20551	-21.5117
 20552	-17.9781
 20553	-11.4453
 20554	-6.68426
 20555	-5.04601
 20556	-7.10097
 20557	-4.79664
 20558	-1.17096
 20559	-5.99553
 20560	-14.8378
 20561	-14.5798
 20562	-12.6162
 20563	-20.8408
 20564	-26.5024
 20565	-25.03
 20566	-27.5446
 20567	-32.5262
 20568	-34.0965
 20569	-37.5082
 20570	-37.2423
 20571	-33.8503
 20572	-33.4128
 20573	-37.8132
 20574	-37.0947
 20575	-30.0508
 20576	-33.9592
 20577	-40.9522
 20578	-31.3413
 20579	-27.3693
 20580	-32.9008
 20581	-31.7838
 20582	-25.6459
 20583	-31.076
 20584	-30.7719
 20585	-23.6782
 20586	-24.0599
 20587	-27.1103
 20588	-28.0856
 20589	-27.1732
 20590	-27.5011
 20591	-28.9058
 20592	-27.4354
 20593	-29.8226
 20594	-28.9924
 20595	-30.4462
 20596	-36.8196
 20597	-34.8539
 20598	-35.1442
 20599	-37.2932
 20600	-38.4276
 20601	-38.5659
 20602	-36.5694
 20603	-42.0045
 20604	-41.2063
 20605	-35.01
 20606	-41.3324
 20607	-49.3386
 20608	-45.6102
 20609	-46.1479
 20610	-50.7379
 20611	-51.7835
 20612	-52.0529
 20613	-51.3876
 20614	-49.3296
 20615	-48.737
 20616	-42.2875
 20617	-39.7834
 20618	-34.2938
 20619	-33.6241
 20620	-29.7898
 20621	-30.1267
 20622	-32.48
 20623	-32.757
 20624	-36.9333
 20625	-43.3373
 20626	-42.0319
 20627	-44.1133
 20628	-52.7886
 20629	-48.6035
 20630	-45.0259
 20631	-51.145
 20632	-52.7699
 20633	-43.8634
 20634	-52.6904
 20635	-51.31
 20636	-45.8397
 20637	-41.5412
 20638	-47.4414
 20639	-45.4806
 20640	-35.5802
 20641	-37.643
 20642	-39.0718
 20643	-33.1806
 20644	-41.3924
 20645	-41.5231
 20646	-34.9999
 20647	-38.4916
 20648	-42.7496
 20649	-39.5516
 20650	-35.3208
 20651	-41.0599
 20652	-39.6042
 20653	-38.139
 20654	-43.6402
 20655	-42.5788
 20656	-44.3916
 20657	-51.7392
 20658	-48.8795
 20659	-49.7017
 20660	-51.9246
 20661	-54.5408
 20662	-48.7698
 20663	-45.4931
 20664	-41.7821
 20665	-37.1646
 20666	-37.6284
 20667	-37.9603
 20668	-29.6501
 20669	-26.7572
 20670	-34.6432
 20671	-38.2465
 20672	-31.5616
 20673	-26.7668
 20674	-28.9553
 20675	-27.4477
 20676	-25.6506
 20677	-23.6482
 20678	-26.2797
 20679	-24.9582
 20680	-29.158
 20681	-35.8465
 20682	-38.0749
 20683	-36.2173
 20684	-46.0668
 20685	-51.4696
 20686	-46.846
 20687	-46.1766
 20688	-49.0961
 20689	-60.4312
 20690	-54.6688
 20691	-47.8069
 20692	-50.5069
 20693	-46.8807
 20694	-43.6571
 20695	-44.7112
 20696	-39.8811
 20697	-41.7133
 20698	-40.7694
 20699	-40.8441
 20700	-32.6571
 20701	-29.5899
 20702	-31.9647
 20703	-30.6257
 20704	-28.5891
 20705	-23.6387
 20706	-22.6646
 20707	-26.0584
 20708	-26.9632
 20709	-29.4826
 20710	-24.5457
 20711	-25.4546
 20712	-28.8097
 20713	-24.7834
 20714	-25.6942
 20715	-23.98
 20716	-19.6915
 20717	-21.2338
 20718	-23.454
 20719	-22.945
 20720	-24.1597
 20721	-33.36
 20722	-39.8618
 20723	-25.2447
 20724	-25.2533
 20725	-34.6059
 20726	-34.9114
 20727	-34.7417
 20728	-40.4144
 20729	-43.4495
 20730	-40.9555
 20731	-42.2936
 20732	-48.4335
 20733	-40.4318
 20734	-39.9708
 20735	-45.5288
 20736	-42.174
 20737	-42.0881
 20738	-46.4214
 20739	-49.2298
 20740	-47.8732
 20741	-48.9689
 20742	-48.4583
 20743	-46.4729
 20744	-49.0349
 20745	-44.7805
 20746	-42.8153
 20747	-44.9574
 20748	-42.8053
 20749	-42.4662
 20750	-42.2483
 20751	-40.243
 20752	-44.8107
 20753	-44.3338
 20754	-46.44
 20755	-42.1637
 20756	-46.1942
 20757	-48.8366
 20758	-44.427
 20759	-47.7302
 20760	-46.0646
 20761	-39.044
 20762	-43.3352
 20763	-39.888
 20764	-38.1558
 20765	-44.0772
 20766	-49.3818
 20767	-43.2074
 20768	-37.8844
 20769	-51.6641
 20770	-46.8337
 20771	-41.9557
 20772	-46.4671
 20773	-48.4956
 20774	-37.1759
 20775	-41.7913
 20776	-47.1665
 20777	-33.61
 20778	-24.5986
 20779	-32.9538
 20780	-32.7107
 20781	-27.5892
 20782	-28.8822
 20783	-31.7963
 20784	-41.1355
 20785	-41.0083
 20786	-34.4579
 20787	-36.9057
 20788	-43.363
 20789	-45.0159
 20790	-38.7758
 20791	-38.3689
 20792	-48.854
 20793	-41.5062
 20794	-41.6233
 20795	-42.106
 20796	-44.6489
 20797	-47.9854
 20798	-48.0105
 20799	-46.3852
 20800	-43.2373
 20801	-43.4052
 20802	-43.7923
 20803	-38.9791
 20804	-35.5552
 20805	-33.3102
 20806	-38.9104
 20807	-41.7165
 20808	-38.359
 20809	-38.4132
 20810	-39.4213
 20811	-37.7693
 20812	-40.1647
 20813	-42.7781
 20814	-38.7445
 20815	-38.2973
 20816	-42.1106
 20817	-42.2157
 20818	-35.9746
 20819	-42.1188
 20820	-51.3298
 20821	-39.1106
 20822	-44.0327
 20823	-48.2092
 20824	-42.7693
 20825	-44.8722
 20826	-49.443
 20827	-47.4523
 20828	-49.9155
 20829	-51.5978
 20830	-51.8947
 20831	-48.6377
 20832	-55.2557
 20833	-46.6197
 20834	-46.7265
 20835	-50.3674
 20836	-44.1281
 20837	-39.2536
 20838	-41.6007
 20839	-41.9281
 20840	-41.8356
 20841	-40.4868
 20842	-39.6064
 20843	-33.9085
 20844	-41.616
 20845	-42.458
 20846	-36.3266
 20847	-41.3265
 20848	-49.0401
 20849	-46.2279
 20850	-45.1024
 20851	-51.6661
 20852	-53.2503
 20853	-47.9735
 20854	-41.6626
 20855	-41.6944
 20856	-39.0303
 20857	-40.9817
 20858	-31.2761
 20859	-27.3199
 20860	-36.3409
 20861	-37.7558
 20862	-31.0492
 20863	-32.12
 20864	-37.376
 20865	-40.7612
 20866	-38.9236
 20867	-43.4976
 20868	-38.5157
 20869	-39.0714
 20870	-47.0458
 20871	-39.8238
 20872	-43.4374
 20873	-49.2059
 20874	-49.231
 20875	-50.5489
 20876	-50.9063
 20877	-49.5178
 20878	-46.2834
 20879	-44.7335
 20880	-39.2105
 20881	-28.9763
 20882	-32.3719
 20883	-39.4352
 20884	-33.7103
 20885	-36.183
 20886	-40.5967
 20887	-41.0635
 20888	-43.1067
 20889	-42.9602
 20890	-43.9794
 20891	-42.532
 20892	-44.6302
 20893	-48.3244
 20894	-44.7116
 20895	-52.4092
 20896	-54.1271
 20897	-49.7446
 20898	-52.1372
 20899	-53.9821
 20900	-50.8918
 20901	-46.6163
 20902	-47.9131
 20903	-40.8789
 20904	-40.8345
 20905	-45.3658
 20906	-41.5312
 20907	-46.1901
 20908	-51.7248
 20909	-49.7543
 20910	-51.5181
 20911	-52.2249
 20912	-51.2625
 20913	-46.8417
 20914	-50.3722
 20915	-50.9947
 20916	-40.9946
 20917	-41.7948
 20918	-46.0201
 20919	-39.8972
 20920	-40.6415
 20921	-42.0643
 20922	-40.4529
 20923	-41.5762
 20924	-35.0177
 20925	-30.0615
 20926	-34.9677
 20927	-30.1742
 20928	-23.7382
 20929	-23.3684
 20930	-31.9927
 20931	-34.629
 20932	-35.1841
 20933	-38.7442
 20934	-36.7425
 20935	-37.7839
 20936	-44.2364
 20937	-40.0065
 20938	-37.8348
 20939	-44.9646
 20940	-46.6751
 20941	-39.6802
 20942	-45.8792
 20943	-48.9843
 20944	-47.9938
 20945	-53.1104
 20946	-50.8421
 20947	-51.1277
 20948	-55.8781
 20949	-59.0368
 20950	-51.9933
 20951	-43.7227
 20952	-49.91
 20953	-44.7599
 20954	-37.6996
 20955	-43.6664
 20956	-38.6731
 20957	-34.0376
 20958	-37.4621
 20959	-31.9892
 20960	-34.1194
 20961	-39.6671
 20962	-39.2432
 20963	-34.805
 20964	-36.8844
 20965	-42.9236
 20966	-36.0452
 20967	-34.3287
 20968	-37.2608
 20969	-36.9245
 20970	-39.1414
 20971	-42.371
 20972	-46.2197
 20973	-46.1058
 20974	-47.5509
 20975	-47.7863
 20976	-41.1739
 20977	-44.8225
 20978	-37.9867
 20979	-33.4213
 20980	-36.5686
 20981	-34.7533
 20982	-35.6705
 20983	-38.5797
 20984	-41.3284
 20985	-43.8025
 20986	-42.6992
 20987	-44.924
 20988	-40.5937
 20989	-37.0003
 20990	-39.9971
 20991	-33.5693
 20992	-32.8208
 20993	-36.0964
 20994	-34.0256
 20995	-32.0496
 20996	-35.1184
 20997	-40.7533
 20998	-39.8661
 20999	-42.4057
 21000	-43.125
 21001	-41.9451
 21002	-46.3566
 21003	-48.7138
 21004	-41.3023
 21005	-40.5788
 21006	-39.2383
 21007	-36.7878
 21008	-30.9366
 21009	-37.0912
 21010	-37.1368
 21011	-27.0585
 21012	-29.5003
 21013	-35.2231
 21014	-27.5894
 21015	-19.6472
 21016	-19.5782
 21017	-18.9661
 21018	-9.56879
 21019	-4.21622
 21020	-8.09188
 21021	-0.44414
 21022	4.57274
 21023	-1.42594
 21024	4.66349
 21025	10.6389
 21026	7.45109
 21027	9.09367
 21028	7.39919
 21029	12.9858
 21030	12.7648
 21031	7.67123
 21032	6.01614
 21033	10.9846
 21034	6.33606
 21035	-1.50575
 21036	-1.67777
 21037	-3.04394
 21038	-15.2565
 21039	-22.2613
 21040	-20.3594
 21041	-25.9507
 21042	-33.3826
 21043	-33.5161
 21044	-31.3969
 21045	-41.3013
 21046	-41.368
 21047	-41.7722
 21048	-47.0887
 21049	-51.1047
 21050	-47.2658
 21051	-49.4276
 21052	-51.1391
 21053	-52.0417
 21054	-47.3955
 21055	-46.3676
 21056	-48.5188
 21057	-44.6119
 21058	-40.0139
 21059	-38.4647
 21060	-40.6465
 21061	-39.1348
 21062	-37.3857
 21063	-42.1015
 21064	-45.3398
 21065	-37.8721
 21066	-45.2466
 21067	-44.3916
 21068	-45.1978
 21069	-42.8737
 21070	-44.6388
 21071	-42.7595
 21072	-43.5582
 21073	-47.1625
 21074	-50.3019
 21075	-42.7097
 21076	-46.2449
 21077	-48.0273
 21078	-44.8303
 21079	-43.8099
 21080	-41.9489
 21081	-45.657
 21082	-41.3171
 21083	-39.5945
 21084	-39.8736
 21085	-49.5814
 21086	-47.4766
 21087	-39.0671
 21088	-36.572
 21089	-46.5751
 21090	-38.8941
 21091	-33.966
 21092	-28.4362
 21093	-32.874
 21094	-33.2825
 21095	-29.1069
 21096	-25.5599
 21097	-25.5114
 21098	-30.6999
 21099	-27.609
 21100	-17.942
 21101	-17.8757
 21102	-21.6022
 21103	-16.3349
 21104	-17.7906
 21105	-22.5095
 21106	-26.6126
 21107	-23.183
 21108	-27.7214
 21109	-29.3215
 21110	-28.9718
 21111	-30.0106
 21112	-34.6651
 21113	-34.7648
 21114	-36.5907
 21115	-33.5418
 21116	-36.2539
 21117	-41.095
 21118	-43.0972
 21119	-42.4262
 21120	-41.4684
 21121	-46.4091
 21122	-46.1427
 21123	-44.5594
 21124	-43.6233
 21125	-41.0508
 21126	-37.6879
 21127	-42.1132
 21128	-39.4278
 21129	-41.107
 21130	-42.0589
 21131	-38.3866
 21132	-30.3171
 21133	-36.7831
 21134	-37.8384
 21135	-33.7889
 21136	-34.0966
 21137	-38.6733
 21138	-45.4567
 21139	-46.9338
 21140	-44.3679
 21141	-38.4183
 21142	-46.5185
 21143	-49.7553
 21144	-39.312
 21145	-39.9305
 21146	-48.186
 21147	-42.6749
 21148	-37.5768
 21149	-43.5987
 21150	-49.4817
 21151	-41.0968
 21152	-36.575
 21153	-35.927
 21154	-35.8368
 21155	-41.6362
 21156	-34.8979
 21157	-23.7228
 21158	-28.8397
 21159	-39.0771
 21160	-31.3457
 21161	-23.8886
 21162	-27.3853
 21163	-37.5732
 21164	-40.1835
 21165	-39.7975
 21166	-42.2554
 21167	-43.0153
 21168	-40.843
 21169	-33.482
 21170	-24.2658
 21171	-24.9814
 21172	-30.1336
 21173	-31.6928
 21174	-30.3136
 21175	-36.3935
 21176	-46.0582
 21177	-46.7698
 21178	-40.5844
 21179	-40.2014
 21180	-43.0976
 21181	-41.371
 21182	-39.9954
 21183	-39.5579
 21184	-43.5579
 21185	-48.3358
 21186	-47.6357
 21187	-45.7478
 21188	-47.4024
 21189	-43.9668
 21190	-38.9602
 21191	-36.8726
 21192	-36.5287
 21193	-37.0165
 21194	-32.0769
 21195	-33.4164
 21196	-39.2919
 21197	-43.4332
 21198	-50.9691
 21199	-52.4822
 21200	-42.1844
 21201	-41.8578
 21202	-42.592
 21203	-46.6714
 21204	-42.8129
 21205	-38.8412
 21206	-40.7194
 21207	-36.9731
 21208	-35.7748
 21209	-47.0875
 21210	-44.2198
 21211	-40.6578
 21212	-38.8813
 21213	-39.5959
 21214	-39.2374
 21215	-42.6046
 21216	-41.8742
 21217	-36.9938
 21218	-38.8407
 21219	-47.0916
 21220	-45.0283
 21221	-39.5362
 21222	-38.1922
 21223	-39.2641
 21224	-39.3687
 21225	-36.2401
 21226	-38.8521
 21227	-43.9575
 21228	-47.0537
 21229	-43.3957
 21230	-39.5957
 21231	-40.2554
 21232	-35.6641
 21233	-31.4921
 21234	-24.2876
 21235	-18.4976
 21236	-24.1816
 21237	-25.3347
 21238	-16.493
 21239	-16.4942
 21240	-20.8707
 21241	-20.717
 21242	-9.79949
 21243	-2.37091
 21244	-6.70513
 21245	-6.79119
 21246	-1.96902
 21247	-2.37507
 21248	0.141981
 21249	-8.54675
 21250	-14.4305
 21251	-5.80858
 21252	-4.28274
 21253	-14.1354
 21254	-18.7397
 21255	-15.6472
 21256	-19.0642
 21257	-21.675
 21258	-25.196
 21259	-33.2316
 21260	-30.4872
 21261	-24.2647
 21262	-34.8549
 21263	-43.3042
 21264	-35.1096
 21265	-26.5453
 21266	-33.9758
 21267	-39.0789
 21268	-28.2356
 21269	-30.3346
 21270	-32.6166
 21271	-36.6515
 21272	-42.5697
 21273	-32.1115
 21274	-36.1636
 21275	-45.362
 21276	-41.3947
 21277	-34.08
 21278	-31.8093
 21279	-44.0104
 21280	-49.0875
 21281	-40.0974
 21282	-45.6449
 21283	-47.8479
 21284	-46.7134
 21285	-49.2886
 21286	-48.9373
 21287	-46.3715
 21288	-45.9982
 21289	-46.5282
 21290	-44.1761
 21291	-46.5658
 21292	-47.3973
 21293	-44.3098
 21294	-43.8513
 21295	-48.9913
 21296	-51.9297
 21297	-46.8658
 21298	-44.1165
 21299	-46.7657
 21300	-39.9673
 21301	-44.1409
 21302	-39.981
 21303	-39.4053
 21304	-49.188
 21305	-41.7559
 21306	-48.3265
 21307	-58.4208
 21308	-49.2554
 21309	-39.1531
 21310	-41.46
 21311	-48.8758
 21312	-45.069
 21313	-33.0291
 21314	-44.1896
 21315	-41.7539
 21316	-38.8941
 21317	-48.2473
 21318	-41.7077
 21319	-32.1317
 21320	-37.4348
 21321	-29.7603
 21322	-26.831
 21323	-37.0916
 21324	-42.0505
 21325	-27.0625
 21326	-24.1318
 21327	-42.0419
 21328	-40.8988
 21329	-34.0093
 21330	-38.091
 21331	-39.1552
 21332	-40.0085
 21333	-49.6515
 21334	-48.6559
 21335	-45.9728
 21336	-54.4509
 21337	-49.2453
 21338	-39.2003
 21339	-55.0869
 21340	-56.6613
 21341	-42.3229
 21342	-44.9752
 21343	-42.6762
 21344	-39.769
 21345	-34.2508
 21346	-36.5185
 21347	-32.7634
 21348	-27.6203
 21349	-40.196
 21350	-39.207
 21351	-28.4369
 21352	-42.0881
 21353	-45.9362
 21354	-42.2359
 21355	-43.2914
 21356	-46.3112
 21357	-48.8854
 21358	-47.3029
 21359	-53.9102
 21360	-55.7891
 21361	-58.9795
 21362	-57.0301
 21363	-52.3715
 21364	-54.7243
 21365	-60.7408
 21366	-53.1142
 21367	-47.05
 21368	-45.2445
 21369	-41.9133
 21370	-44.492
 21371	-51.8005
 21372	-40.5394
 21373	-34.5457
 21374	-45.2289
 21375	-40.9185
 21376	-34.6105
 21377	-45.5183
 21378	-48.037
 21379	-46.9336
 21380	-46.8027
 21381	-49.896
 21382	-51.8798
 21383	-55.0656
 21384	-60.3523
 21385	-50.6819
 21386	-50
 21387	-66.5689
 21388	-62.0852
 21389	-48.8555
 21390	-54.0253
 21391	-49.1534
 21392	-41.2711
 21393	-38.8982
 21394	-40.6461
 21395	-40.8871
 21396	-40.6055
 21397	-45.4999
 21398	-46.755
 21399	-37.597
 21400	-45.4922
 21401	-43.4121
 21402	-40.0145
 21403	-45.7269
 21404	-41.012
 21405	-40.899
 21406	-49.2026
 21407	-48.205
 21408	-49.2195
 21409	-53.2822
 21410	-50.9329
 21411	-47.088
 21412	-51.3529
 21413	-53.2882
 21414	-53.4763
 21415	-52.3788
 21416	-47.6909
 21417	-44.6409
 21418	-43.2023
 21419	-51.0959
 21420	-49.6524
 21421	-42.8515
 21422	-41.0904
 21423	-42.1011
 21424	-45.3262
 21425	-48.8099
 21426	-38.9728
 21427	-44.6403
 21428	-49.6293
 21429	-42.3381
 21430	-43.622
 21431	-48.316
 21432	-48.0823
 21433	-40.5834
 21434	-40.2296
 21435	-45.0401
 21436	-42.8148
 21437	-42.8916
 21438	-46.0658
 21439	-40.8817
 21440	-49.5844
 21441	-48.5762
 21442	-42.625
 21443	-44.48
 21444	-47.8353
 21445	-40.0906
 21446	-38.762
 21447	-40.6262
 21448	-41.9732
 21449	-38.3016
 21450	-43.3555
 21451	-45.4533
 21452	-45.9189
 21453	-43.8626
 21454	-41.3585
 21455	-39.5128
 21456	-39.5098
 21457	-43.118
 21458	-34.6744
 21459	-37.8514
 21460	-40.9696
 21461	-40.4918
 21462	-40.6202
 21463	-42.6531
 21464	-40.2585
 21465	-37.6978
 21466	-34.1065
 21467	-44.1709
 21468	-41.6512
 21469	-39.4753
 21470	-49.0276
 21471	-46.3265
 21472	-45.7752
 21473	-49.7678
 21474	-50.3021
 21475	-49.624
 21476	-50.3744
 21477	-46.9981
 21478	-48.9031
 21479	-45.2001
 21480	-53.1715
 21481	-52.4177
 21482	-61.4348
 21483	-63.3722
 21484	-66.4289
 21485	-61.4644
 21486	-57.5677
 21487	-53.8103
 21488	-53.4586
 21489	-51.0968
 21490	-47.2845
 21491	-46.8075
 21492	-49.3781
 21493	-49.6017
 21494	-52.842
 21495	-54.6819
 21496	-48.962
 21497	-51.8999
 21498	-47.8903
 21499	-45.2515
 21500	-48.7802
 21501	-49.3237
 21502	-45.385
 21503	-42.8984
 21504	-45.8492
 21505	-51.805
 21506	-45.6599
 21507	-49.5057
 21508	-46.7087
 21509	-39.9341
 21510	-45.5776
 21511	-42.3048
 21512	-36.9127
 21513	-45.1689
 21514	-48.4237
 21515	-47.4993
 21516	-43.2996
 21517	-45.3485
 21518	-43.9517
 21519	-34.0517
 21520	-37.3488
 21521	-38.8971
 21522	-31.9349
 21523	-29.9769
 21524	-35.9845
 21525	-35.3827
 21526	-32.3044
 21527	-37.4145
 21528	-39.0116
 21529	-36.0237
 21530	-31.6517
 21531	-36.3818
 21532	-41.0846
 21533	-36.4089
 21534	-34.957
 21535	-38.7783
 21536	-41.1034
 21537	-46.2288
 21538	-46.2642
 21539	-47.1889
 21540	-49.1595
 21541	-43.3985
 21542	-45.0841
 21543	-48.3835
 21544	-48.3841
 21545	-53.6936
 21546	-52.5424
 21547	-50.6271
 21548	-48.7115
 21549	-43.9811
 21550	-42.4314
 21551	-32.8742
 21552	-27.9391
 21553	-29.5369
 21554	-24.2924
 21555	-21.4868
 21556	-21.2016
 21557	-22.6364
 21558	-21.3356
 21559	-20.6428
 21560	-18.7053
 21561	-11.262
 21562	-4.28141
 21563	-8.45523
 21564	-10.802
 21565	-4.26534
 21566	0.909416
 21567	-3.62239
 21568	-4.93498
 21569	-3.1672
 21570	3.82071
 21571	3.06084
 21572	-5.35587
 21573	-4.3893
 21574	0.543287
 21575	-5.10204
 21576	-7.11676
 21577	-9.96301
 21578	-12.5632
 21579	-12.7919
 21580	-21.447
 21581	-22.5149
 21582	-24.0383
 21583	-28.1048
 21584	-34.941
 21585	-40.7476
 21586	-38.8034
 21587	-37.7628
 21588	-44.2703
 21589	-42.4304
 21590	-40.4504
 21591	-44.0689
 21592	-44.3768
 21593	-40.113
 21594	-44.4154
 21595	-42.9856
 21596	-39.7123
 21597	-41.2403
 21598	-42.9912
 21599	-41.7647
 21600	-40.0411
 21601	-43.326
 21602	-45.1194
 21603	-42.6937
 21604	-43.7863
 21605	-41.5963
 21606	-32.558
 21607	-33.1877
 21608	-32.8457
 21609	-24.9883
 21610	-21.1398
 21611	-19.2774
 21612	-19.41
 21613	-21.8508
 21614	-23.1325
 21615	-27.2866
 21616	-29.6147
 21617	-24.9566
 21618	-19.4929
 21619	-15.8884
 21620	-16.3505
 21621	-15.4309
 21622	-11.2656
 21623	-15.7087
 21624	-12.2131
 21625	-4.67424
 21626	-7.69225
 21627	-9.23668
 21628	-7.95649
 21629	-0.797608
 21630	-1.41981
 21631	-6.5019
 21632	-1.67996
 21633	6.06075
 21634	5.56098
 21635	0.151837
 21636	2.5137
 21637	8.58803
 21638	0.219016
 21639	-8.11134
 21640	-5.43485
 21641	-1.2849
 21642	-4.27165
 21643	-7.08639
 21644	-0.396802
 21645	-2.76226
 21646	-7.27944
 21647	-2.76212
 21648	-2.41258
 21649	-8.32155
 21650	-6.39839
 21651	-3.28842
 21652	-5.7124
 21653	-7.18069
 21654	-5.86263
 21655	0.697733
 21656	-3.63951
 21657	-2.65673
 21658	0.959801
 21659	-3.93961
 21660	-7.84956
 21661	-7.12743
 21662	-5.15367
 21663	-5.07978
 21664	-3.76644
 21665	-4.65137
 21666	-2.56806
 21667	1.01553
 21668	-4.63295
 21669	0.434801
 21670	10.6334
 21671	3.56076
 21672	5.27143
 21673	7.71647
 21674	10.2254
 21675	8.97511
 21676	5.68127
 21677	9.2235
 21678	12.7847
 21679	10.6065
 21680	5.93282
 21681	2.99296
 21682	8.35528
 21683	5.18757
 21684	1.98434
 21685	7.61894
 21686	7.40263
 21687	0.715023
 21688	-0.617972
 21689	2.84157
 21690	-5.46984
 21691	-11.6005
 21692	-7.74863
 21693	-10.9679
 21694	-16.726
 21695	-10.7007
 21696	-14.0622
 21697	-12.3657
 21698	-14.935
 21699	-11.3253
 21700	-10.9207
 21701	-12.0944
 21702	-2.49502
 21703	-7.59715
 21704	-10.3081
 21705	-7.54588
 21706	-5.30614
 21707	-5.30022
 21708	-5.75886
 21709	-5.13481
 21710	2.94033
 21711	-1.8355
 21712	-3.65702
 21713	3.93614
 21714	6.65886
 21715	1.43172
 21716	-0.392209
 21717	8.50314
 21718	10.1636
 21719	9.71871
 21720	4.01581
 21721	-1.81149
 21722	2.67891
 21723	-2.47079
 21724	-3.29194
 21725	-4.61748
 21726	-10.4661
 21727	-5.19277
 21728	-15.7287
 21729	-21.7563
 21730	-15.8609
 21731	-18.9787
 21732	-22.5472
 21733	-23.8948
 21734	-26.0516
 21735	-24.6306
 21736	-25.1963
 21737	-20.8429
 21738	-25.4562
 21739	-26.5709
 21740	-22.7194
 21741	-18.9716
 21742	-15.3961
 21743	-19.4554
 21744	-14.5381
 21745	-4.12904
 21746	-10.5928
 21747	-12.6055
 21748	-1.45843
 21749	5.90226
 21750	10.798
 21751	7.20839
 21752	9.64408
 21753	8.17188
 21754	8.42334
 21755	-0.142254
 21756	-9.96658
 21757	-6.22755
 21758	-10.7945
 21759	-16.3607
 21760	-9.81878
 21761	-9.61282
 21762	-4.50936
 21763	-2.80472
 21764	-8.71181
 21765	-8.73566
 21766	-9.04094
 21767	-8.84519
 21768	-7.80863
 21769	-4.83498
 21770	-10.031
 21771	-11.5419
 21772	-9.50693
 21773	-10.4507
 21774	-16.9472
 21775	-15.5372
 21776	-15.0749
 21777	-19.1802
 21778	-21.3243
 21779	-16.102
 21780	-16.8071
 21781	-15.8699
 21782	-11.1175
 21783	-11.3854
 21784	-9.47588
 21785	-6.49374
 21786	0.177666
 21787	3.13933
 21788	-3.19521
 21789	-4.85394
 21790	-5.50317
 21791	-9.3554
 21792	-7.42393
 21793	-9.08835
 21794	-1.87015
 21795	-3.52566
 21796	-5.32
 21797	1.71981
 21798	3.08186
 21799	-1.14859
 21800	3.06269
 21801	4.56104
 21802	3.45562
 21803	7.27815
 21804	15.5982
 21805	17.1349
 21806	11.1926
 21807	12.5602
 21808	10.8678
 21809	9.54728
 21810	9.76565
 21811	17.8184
 21812	21.5052
 21813	12.9195
 21814	19.2273
 21815	19.4509
 21816	7.99655
 21817	12.5596
 21818	10.6445
 21819	10.646
 21820	7.53724
 21821	5.93963
 21822	10.324
 21823	8.8269
 21824	-1.33356
 21825	-4.15773
 21826	0.297546
 21827	-1.82366
 21828	-2.68155
 21829	4.19899
 21830	5.04083
 21831	-4.58045
 21832	-1.2502
 21833	2.70231
 21834	0.660749
 21835	-1.14166
 21836	4.85135
 21837	13.4529
 21838	8.14549
 21839	11.2718
 21840	15.1631
 21841	7.67034
 21842	5.42389
 21843	8.61769
 21844	6.76847
 21845	5.32987
 21846	8.01664
 21847	10.7646
 21848	6.95506
 21849	9.08463
 21850	7.37583
 21851	6.32755
 21852	9.31215
 21853	10.5111
 21854	9.5058
 21855	9.13655
 21856	5.10672
 21857	4.70892
 21858	5.11757
 21859	6.25479
 21860	6.37045
 21861	8.50348
 21862	5.63779
 21863	3.7992
 21864	7.91494
 21865	7.53371
 21866	0.283957
 21867	9.20235
 21868	9.76568
 21869	4.58896
 21870	6.35352
 21871	8.71498
 21872	8.85601
 21873	4.846
 21874	1.85169
 21875	2.72344
 21876	0.429969
 21877	10.0405
 21878	7.74419
 21879	-1.41941
 21880	1.02599
 21881	8.08751
 21882	1.92539
 21883	-4.41655
 21884	-1.32697
 21885	-1.46859
 21886	-3.06483
 21887	0.718641
 21888	-4.03651
 21889	-2.16771
 21890	0.0653218
 21891	-0.715078
 21892	0.247536
 21893	-3.71912
 21894	-5.16072
 21895	-2.95312
 21896	0.0840596
 21897	-9.14571
 21898	-13.1615
 21899	-6.72411
 21900	-0.598123
 21901	-0.431862
 21902	-2.03929
 21903	4.58574
 21904	5.27585
 21905	-0.816399
 21906	1.60226
 21907	0.219597
 21908	-4.17823
 21909	-2.58533
 21910	2.12029
 21911	-0.874515
 21912	-6.65995
 21913	-2.12737
 21914	-0.218164
 21915	-7.28946
 21916	-9.99878
 21917	-5.22735
 21918	0.308881
 21919	-2.29093
 21920	-8.08308
 21921	-9.545
 21922	-9.11879
 21923	-18.0141
 21924	-22.7537
 21925	-22.2853
 21926	-24.3101
 21927	-28.6808
 21928	-25.0892
 21929	-29.2592
 21930	-33.1253
 21931	-30.644
 21932	-27.9408
 21933	-30.1301
 21934	-31.2293
 21935	-32.1209
 21936	-32.8822
 21937	-36.2603
 21938	-35.8684
 21939	-41.5222
 21940	-46.4248
 21941	-42.4741
 21942	-39.0917
 21943	-42.7564
 21944	-40.4762
 21945	-34.3791
 21946	-29.2434
 21947	-33.0554
 21948	-37.0363
 21949	-38.0495
 21950	-34.5384
 21951	-36.4408
 21952	-38.5849
 21953	-40.0972
 21954	-34.4299
 21955	-34.6291
 21956	-32.4916
 21957	-30.7988
 21958	-33.9623
 21959	-42.1524
 21960	-41.5628
 21961	-43.3062
 21962	-43.8811
 21963	-48.1187
 21964	-44.5512
 21965	-40.8999
 21966	-49.3292
 21967	-53.979
 21968	-46.9884
 21969	-47.8251
 21970	-56.9056
 21971	-61.403
 21972	-62.003
 21973	-60.5641
 21974	-56.598
 21975	-55.899
 21976	-56.665
 21977	-49.285
 21978	-46.4757
 21979	-49.9678
 21980	-45.2432
 21981	-39.1351
 21982	-37.081
 21983	-40.094
 21984	-41.6701
 21985	-39.5854
 21986	-39.3293
 21987	-41.1856
 21988	-43.7628
 21989	-38.453
 21990	-30.9821
 21991	-35.2572
 21992	-36.4956
 21993	-33.9105
 21994	-34.3109
 21995	-36.7004
 21996	-32.8252
 21997	-32.9656
 21998	-39.5495
 21999	-35.9827
 22000	-31.6428
 22001	-35.3077
 22002	-37.1758
 22003	-31.318
 22004	-35.2649
 22005	-36.5509
 22006	-34.2025
 22007	-30.015
 22008	-32.4201
 22009	-32.0558
 22010	-32.1736
 22011	-34.1736
 22012	-32.779
 22013	-28.649
 22014	-32.0145
 22015	-25.6208
 22016	-23.5411
 22017	-23.8821
 22018	-23.6798
 22019	-27.2652
 22020	-28.5048
 22021	-27.493
 22022	-27.2199
 22023	-32.862
 22024	-35.5612
 22025	-30.4842
 22026	-33.4276
 22027	-38.4429
 22028	-35.6951
 22029	-36.3414
 22030	-42.3811
 22031	-42.6343
 22032	-43.9705
 22033	-46.3374
 22034	-45.8007
 22035	-37.8431
 22036	-45.1605
 22037	-45.7866
 22038	-40.2594
 22039	-35.1559
 22040	-37.5227
 22041	-39.2062
 22042	-42.1914
 22043	-40.6296
 22044	-43.4221
 22045	-41.0301
 22046	-44.4631
 22047	-42.547
 22048	-40.2954
 22049	-48.0152
 22050	-38.1927
 22051	-30.7519
 22052	-34.0372
 22053	-37.3126
 22054	-35.6875
 22055	-33.7209
 22056	-34.6289
 22057	-32.9131
 22058	-32.5223
 22059	-37.8873
 22060	-35.7762
 22061	-42.1881
 22062	-45.1398
 22063	-39.0161
 22064	-37.3391
 22065	-42.7472
 22066	-41.5402
 22067	-37.0894
 22068	-39.8456
 22069	-45.2078
 22070	-42.779
 22071	-42.4736
 22072	-51.0532
 22073	-54.1343
 22074	-55.6129
 22075	-56.407
 22076	-56.9172
 22077	-50.2332
 22078	-47.1573
 22079	-51.0036
 22080	-50.4484
 22081	-44.7471
 22082	-39.194
 22083	-38.7436
 22084	-45.7722
 22085	-40.2556
 22086	-38.3891
 22087	-41.8369
 22088	-36.9946
 22089	-34.9595
 22090	-31.9572
 22091	-38.2748
 22092	-38.8851
 22093	-36.0498
 22094	-36.9142
 22095	-35.2114
 22096	-41.4909
 22097	-40.5887
 22098	-36.4684
 22099	-38.9383
 22100	-36.7216
 22101	-37.4957
 22102	-36.0069
 22103	-40.4616
 22104	-45.8461
 22105	-45.6385
 22106	-48.7805
 22107	-49.5969
 22108	-53.7421
 22109	-59.4785
 22110	-55.8976
 22111	-52.6114
 22112	-49.232
 22113	-46.5368
 22114	-45.7556
 22115	-41.9835
 22116	-39.8398
 22117	-37.4182
 22118	-39.4786
 22119	-42.6731
 22120	-35.7084
 22121	-38.2645
 22122	-41.864
 22123	-41.8272
 22124	-39.5127
 22125	-35.5311
 22126	-41.2788
 22127	-43.9668
 22128	-36.4325
 22129	-36.8064
 22130	-35.0398
 22131	-40.6922
 22132	-37.467
 22133	-37.4251
 22134	-39.086
 22135	-35.7953
 22136	-39.5634
 22137	-36.1192
 22138	-31.1437
 22139	-38.1922
 22140	-48.3577
 22141	-48.2543
 22142	-45.1231
 22143	-48.7383
 22144	-46.5099
 22145	-43.7863
 22146	-50.284
 22147	-48.7725
 22148	-41.9711
 22149	-46.5963
 22150	-51.7109
 22151	-47.7783
 22152	-48.0876
 22153	-50.0495
 22154	-45.7847
 22155	-45.1679
 22156	-43.4441
 22157	-42.0102
 22158	-42.1107
 22159	-48.602
 22160	-41.1723
 22161	-39.5487
 22162	-41.8702
 22163	-45.0219
 22164	-44.8234
 22165	-48.61
 22166	-50.5093
 22167	-46.0939
 22168	-42.9198
 22169	-46.4828
 22170	-40.4315
 22171	-42.6086
 22172	-40.3089
 22173	-36.5513
 22174	-38.5063
 22175	-36.2935
 22176	-40.3072
 22177	-41.3993
 22178	-39.6946
 22179	-36.4523
 22180	-38.4912
 22181	-40.5379
 22182	-34.8499
 22183	-30.5992
 22184	-34.5051
 22185	-34.9255
 22186	-38.1
 22187	-40.0972
 22188	-36.8114
 22189	-37.9303
 22190	-41.9071
 22191	-38.7057
 22192	-35.441
 22193	-42.4493
 22194	-42.9496
 22195	-37.2112
 22196	-38.8685
 22197	-42.055
 22198	-40.0809
 22199	-44.5434
 22200	-48.5649
 22201	-45.1542
 22202	-49.0739
 22203	-53.882
 22204	-50.3375
 22205	-41.8432
 22206	-48.6252
 22207	-42.1497
 22208	-41.2908
 22209	-45.1914
 22210	-39.6374
 22211	-32.3796
 22212	-42.5644
 22213	-45.7854
 22214	-43.5698
 22215	-41.7822
 22216	-43.8427
 22217	-40.7537
 22218	-42.8537
 22219	-46.5253
 22220	-45.9081
 22221	-46.9772
 22222	-52.705
 22223	-47.6222
 22224	-42.3145
 22225	-47.0399
 22226	-47.3062
 22227	-44.6891
 22228	-46.2641
 22229	-47.4997
 22230	-46.7723
 22231	-49.7255
 22232	-54.6435
 22233	-52.0053
 22234	-52.5422
 22235	-59.955
 22236	-54.7838
 22237	-45.8686
 22238	-42.8465
 22239	-44.1477
 22240	-40.6624
 22241	-34.1102
 22242	-32.3196
 22243	-34.7714
 22244	-37.1565
 22245	-37.3417
 22246	-37.1637
 22247	-40.676
 22248	-40.3959
 22249	-44.2019
 22250	-49.1799
 22251	-46.6851
 22252	-42.4576
 22253	-45.4137
 22254	-43.4765
 22255	-38.4437
 22256	-43.1906
 22257	-48.6803
 22258	-43.3423
 22259	-43.639
 22260	-48.9444
 22261	-48.134
 22262	-45.6701
 22263	-48.4974
 22264	-44.1854
 22265	-42.6518
 22266	-44.5424
 22267	-46.1376
 22268	-41.4957
 22269	-36.7467
 22270	-37.4961
 22271	-38.3375
 22272	-38.1153
 22273	-34.9134
 22274	-34.0827
 22275	-40.9416
 22276	-44.2064
 22277	-42.0651
 22278	-42.4839
 22279	-44.3425
 22280	-44.3461
 22281	-45.2634
 22282	-47.6269
 22283	-40.3695
 22284	-38.6896
 22285	-48.0342
 22286	-47.6278
 22287	-42.727
 22288	-44.5021
 22289	-53.0316
 22290	-51.6447
 22291	-43.2164
 22292	-47.3287
 22293	-54.2455
 22294	-48.3005
 22295	-43.0857
 22296	-42.7649
 22297	-44.7703
 22298	-43.6781
 22299	-38.6085
 22300	-40.0089
 22301	-34.4009
 22302	-34.1127
 22303	-37.5899
 22304	-36.8063
 22305	-34.1365
 22306	-40.0063
 22307	-50.254
 22308	-49.6578
 22309	-45.4272
 22310	-47.9433
 22311	-43.1977
 22312	-44.2448
 22313	-41.5042
 22314	-38.3494
 22315	-35.8599
 22316	-39.8291
 22317	-42.652
 22318	-38.3456
 22319	-42.3186
 22320	-46.7743
 22321	-45.6734
 22322	-47.7058
 22323	-46.1823
 22324	-44.2122
 22325	-48.7502
 22326	-46.3242
 22327	-36.5483
 22328	-33.6202
 22329	-36.8335
 22330	-34.8165
 22331	-27.9873
 22332	-27.3618
 22333	-34.1665
 22334	-34.7122
 22335	-33.0227
 22336	-32.6554
 22337	-31.7258
 22338	-39.5691
 22339	-43.6622
 22340	-35.3277
 22341	-33.3266
 22342	-36.4872
 22343	-39.4567
 22344	-37.4633
 22345	-36.3089
 22346	-45.1619
 22347	-50.1657
 22348	-46.0772
 22349	-49.0644
 22350	-55.2842
 22351	-57.7644
 22352	-51.6523
 22353	-47.4879
 22354	-46.696
 22355	-47.3159
 22356	-43.0788
 22357	-43.618
 22358	-43.1029
 22359	-46.6598
 22360	-46.8865
 22361	-43.3721
 22362	-40.2513
 22363	-43.5116
 22364	-39.3314
 22365	-38.7217
 22366	-39.5656
 22367	-36.7053
 22368	-37.5469
 22369	-43.7415
 22370	-47.4053
 22371	-47.967
 22372	-51.7338
 22373	-57.6993
 22374	-53.9338
 22375	-49.173
 22376	-57.9138
 22377	-53.0543
 22378	-46.5363
 22379	-49.6231
 22380	-45.9327
 22381	-44.5504
 22382	-47.9988
 22383	-46.942
 22384	-41.7195
 22385	-38.5424
 22386	-37.5305
 22387	-39.9558
 22388	-36.4432
 22389	-36.0538
 22390	-37.8682
 22391	-37.209
 22392	-38.385
 22393	-36.9514
 22394	-34.6981
 22395	-45.1138
 22396	-45.157
 22397	-38.9293
 22398	-43.3401
 22399	-49.344
 22400	-47.0142
 22401	-38.5967
 22402	-45.6711
 22403	-42.511
 22404	-39.9286
 22405	-35.6254
 22406	-29.639
 22407	-29.5966
 22408	-38.2186
 22409	-33.9926
 22410	-26.7755
 22411	-25.1804
 22412	-33.9737
 22413	-32.4142
 22414	-30.8812
 22415	-32.7272
 22416	-35.7762
 22417	-42.3367
 22418	-32.8942
 22419	-28.7756
 22420	-33.7802
 22421	-38.4319
 22422	-37.84
 22423	-41.2569
 22424	-38.0996
 22425	-46.0564
 22426	-43.5089
 22427	-40.9194
 22428	-38.4616
 22429	-40.9227
 22430	-47.7998
 22431	-36.7137
 22432	-29.841
 22433	-42.5125
 22434	-46.7604
 22435	-39.5794
 22436	-38.825
 22437	-38.5401
 22438	-34.5924
 22439	-30.452
 22440	-30.5232
 22441	-23.8176
 22442	-20.0632
 22443	-25.8592
 22444	-23.178
 22445	-9.69672
 22446	-21.7897
 22447	-29.559
 22448	-22.0787
 22449	-15.0856
 22450	-19.79
 22451	-18.797
 22452	-15.6581
 22453	-16.6356
 22454	-12.4113
 22455	-18.2265
 22456	-24.3101
 22457	-23.9702
 22458	-29.311
 22459	-37.3647
 22460	-37.4107
 22461	-36.3621
 22462	-32.6981
 22463	-40.9956
 22464	-33.7742
 22465	-41.0782
 22466	-56.5516
 22467	-47.3841
 22468	-40.7181
 22469	-51.25
 22470	-52.5873
 22471	-42.9853
 22472	-41.9353
 22473	-44.2033
 22474	-38.6917
 22475	-31.6803
 22476	-36.282
 22477	-33.7457
 22478	-36.8142
 22479	-43.0037
 22480	-33.8499
 22481	-28.708
 22482	-32.9156
 22483	-31.2569
 22484	-27.8419
 22485	-21.1815
 22486	-18.2281
 22487	-22.4168
 22488	-25.224
 22489	-23.9814
 22490	-18.1305
 22491	-27.4814
 22492	-25.2395
 22493	-26.1466
 22494	-29.4343
 22495	-23.027
 22496	-20.2172
 22497	-27.6816
 22498	-29.5916
 22499	-23.5753
 22500	-22.6597
 22501	-39.51
 22502	-40.9279
 22503	-27.9683
 22504	-36.1922
 22505	-41.6368
 22506	-36.721
 22507	-37.8984
 22508	-37.2288
 22509	-36.1488
 22510	-43.7142
 22511	-47.8
 22512	-42.2036
 22513	-43.9559
 22514	-55.945
 22515	-47.2828
 22516	-40.2701
 22517	-50.5877
 22518	-47.7945
 22519	-44.3892
 22520	-44.7889
 22521	-42.7251
 22522	-41.7601
 22523	-47.187
 22524	-41.6916
 22525	-36.2283
 22526	-46.7123
 22527	-48.0464
 22528	-30.1411
 22529	-38.2225
 22530	-48.096
 22531	-37.859
 22532	-39.3044
 22533	-50.9353
 22534	-45.7895
 22535	-43.9446
 22536	-52.3766
 22537	-52.5063
 22538	-45.2613
 22539	-48.5405
 22540	-52.6762
 22541	-43.4897
 22542	-49.4491
 22543	-52.6536
 22544	-48.8994
 22545	-47.0845
 22546	-46.2668
 22547	-39.3411
 22548	-47.414
 22549	-48.3184
 22550	-45.2753
 22551	-42.5901
 22552	-46.6532
 22553	-47.6967
 22554	-47.0779
 22555	-46.2709
 22556	-41.7318
 22557	-46.3873
 22558	-54.1156
 22559	-50.531
 22560	-39.3385
 22561	-47.8636
 22562	-46.4756
 22563	-33.3014
 22564	-30.0305
 22565	-32.0566
 22566	-31.037
 22567	-32.4743
 22568	-31.6357
 22569	-31.2369
 22570	-37.747
 22571	-41.032
 22572	-34.6104
 22573	-35.788
 22574	-38.3997
 22575	-38.4023
 22576	-42.4145
 22577	-44.3
 22578	-40.7632
 22579	-42.7363
 22580	-52.106
 22581	-46.3144
 22582	-40.1818
 22583	-48.4128
 22584	-51.2214
 22585	-46.9801
 22586	-52.977
 22587	-49.7699
 22588	-43.8466
 22589	-49.0992
 22590	-55.5596
 22591	-52.9504
 22592	-49.7548
 22593	-53.5502
 22594	-50.567
 22595	-39.7637
 22596	-47.625
 22597	-42.7692
 22598	-36.4052
 22599	-35.3288
 22600	-27.777
 22601	-26.6624
 22602	-33.6733
 22603	-31.2785
 22604	-26.2977
 22605	-26.0333
 22606	-35.266
 22607	-32.6387
 22608	-21.2942
 22609	-20.635
 22610	-24.3349
 22611	-26.0718
 22612	-22.4863
 22613	-16.1826
 22614	-24.2072
 22615	-32.2835
 22616	-20.366
 22617	-11.8898
 22618	-16.8481
 22619	-15.9373
 22620	-13.6883
 22621	-18.1683
 22622	-16.6454
 22623	-15.62
 22624	-24.4646
 22625	-29.0611
 22626	-21.6926
 22627	-15.7388
 22628	-17.9396
 22629	-23.2832
 22630	-21.5506
 22631	-20.1876
 22632	-21.563
 22633	-26.0327
 22634	-31.2315
 22635	-20.059
 22636	-17.7048
 22637	-35.1112
 22638	-38.9767
 22639	-37.9758
 22640	-43.5935
 22641	-46.5114
 22642	-48.3198
 22643	-50.8859
 22644	-45.0713
 22645	-40.7568
 22646	-46.6869
 22647	-54.3424
 22648	-41.7293
 22649	-40.6348
 22650	-48.177
 22651	-45.1328
 22652	-34.788
 22653	-33.8966
 22654	-36.4276
 22655	-34.9099
 22656	-27.0416
 22657	-21.4618
 22658	-19.2643
 22659	-25.1437
 22660	-21.2207
 22661	-11.4503
 22662	-10.3744
 22663	-14.6758
 22664	-10.481
 22665	0.184681
 22666	-4.08216
 22667	-2.72481
 22668	5.03178
 22669	1.58498
 22670	-0.267635
 22671	8.80417
 22672	11.954
 22673	10.9265
 22674	10.5826
 22675	16.1294
 22676	16.8165
 22677	8.89283
 22678	6.08818
 22679	14.2417
 22680	14.4023
 22681	6.59174
 22682	9.64697
 22683	15.5563
 22684	7.70856
 22685	0.860167
 22686	1.30693
 22687	-2.17509
 22688	-4.06674
 22689	-1.74902
 22690	-2.20432
 22691	-10.0372
 22692	-12.2444
 22693	-9.84069
 22694	-13.4082
 22695	-14.3109
 22696	-16.3912
 22697	-12.4921
 22698	-15.89
 22699	-23.1616
 22700	-21.3077
 22701	-17.2553
 22702	-19.6178
 22703	-25.3433
 22704	-25.0936
 22705	-18.0128
 22706	-22.1555
 22707	-25.5139
 22708	-18.1803
 22709	-11.9756
 22710	-18.6847
 22711	-13.8835
 22712	-1.45749
 22713	-0.82635
 22714	-4.4055
 22715	0.0356091
 22716	3.70878
 22717	2.44817
 22718	1.93867
 22719	4.94722
 22720	3.47757
 22721	-1.43839
 22722	2.42512
 22723	3.08445
 22724	2.69116
 22725	9.53678
 22726	10.3338
 22727	6.87265
 22728	5.96625
 22729	13.5809
 22730	8.82282
 22731	6.41839
 22732	4.84992
 22733	4.86336
 22734	0.0605039
 22735	2.06977
 22736	-1.06553
 22737	-1.09224
 22738	-1.07185
 22739	-5.57335
 22740	0.666049
 22741	2.28018
 22742	-3.4775
 22743	-4.11786
 22744	2.50293
 22745	-1.71402
 22746	-5.81379
 22747	-2.30494
 22748	-1.39925
 22749	-2.51727
 22750	4.42177
 22751	1.74194
 22752	1.06729
 22753	2.4342
 22754	0.533782
 22755	2.14411
 22756	-2.49101
 22757	-9.5567
 22758	-2.86032
 22759	-3.90745
 22760	-7.37212
 22761	-6.06917
 22762	-11.14
 22763	-8.29665
 22764	-5.74124
 22765	-2.83149
 22766	-5.85422
 22767	-0.892031
 22768	1.89079
 22769	3.0372
 22770	-4.66341
 22771	-11.8874
 22772	-3.65511
 22773	4.94537
 22774	-3.26118
 22775	3.76984
 22776	10.7157
 22777	8.98249
 22778	6.18561
 22779	0.56673
 22780	4.9613
 22781	5.49389
 22782	1.63578
 22783	6.64505
 22784	10.6441
 22785	5.18651
 22786	6.01899
 22787	3.72955
 22788	-2.30198
 22789	-8.22337
 22790	-1.71111
 22791	-7.13779
 22792	-8.23855
 22793	-10.3036
 22794	-7.56288
 22795	-8.54517
 22796	-12.4323
 22797	-3.86488
 22798	-4.3712
 22799	-3.57004
 22800	-1.36253
 22801	-0.0568699
 22802	1.9921
 22803	5.67961
 22804	5.35339
 22805	7.31253
 22806	1.44944
 22807	6.07785
 22808	9.46525
 22809	7.47769
 22810	5.57646
 22811	6.41409
 22812	10.6215
 22813	11.0847
 22814	6.36056
 22815	10.5277
 22816	16.9411
 22817	8.92687
 22818	4.53731
 22819	14.2857
 22820	11.9094
 22821	3.28047
 22822	12.625
 22823	9.37618
 22824	6.47309
 22825	12.7362
 22826	8.4548
 22827	2.02016
 22828	5.15633
 22829	0.777297
 22830	4.36172
 22831	-0.627537
 22832	-1.00064
 22833	-1.03103
 22834	0.737048
 22835	-2.87301
 22836	-3.86131
 22837	-4.43181
 22838	-2.09428
 22839	0.691875
 22840	-0.35546
 22841	1.84613
 22842	3.3139
 22843	-0.424268
 22844	6.19424
 22845	6.66873
 22846	-2.99256
 22847	5.85122
 22848	4.42836
 22849	0.922097
 22850	0.0127378
 22851	4.86404
 22852	3.37806
 22853	9.8566
 22854	7.63397
 22855	2.27194
 22856	9.21936
 22857	12.2598
 22858	4.43651
 22859	-1.60957
 22860	6.74028
 22861	5.5896
 22862	-1.33551
 22863	-4.25741
 22864	3.29066
 22865	-4.21966
 22866	-8.91881
 22867	-2.49631
 22868	1.2808
 22869	2.62347
 22870	6.05115
 22871	5.9085
 22872	9.32169
 22873	8.18143
 22874	13.4828
 22875	10.4695
 22876	13.3512
 22877	14.1342
 22878	13.4643
 22879	20.8207
 22880	19.9813
 22881	16.6816
 22882	16.5682
 22883	25.3127
 22884	18.6829
 22885	17.6635
 22886	21.5264
 22887	23.3759
 22888	17.3713
 22889	19.9639
 22890	19.6712
 22891	17.9422
 22892	16.4691
 22893	19.3835
 22894	9.3526
 22895	7.55325
 22896	12.2771
 22897	14.0941
 22898	7.03102
 22899	13.2274
 22900	19.8662
 22901	15.4887
 22902	15.4529
 22903	13.3419
 22904	18.7788
 22905	21.0269
 22906	11.0994
 22907	5.47871
 22908	15.2988
 22909	9.97324
 22910	5.17878
 22911	4.55406
 22912	3.15525
 22913	1.52648
 22914	6.88966
 22915	0.21702
 22916	-4.26462
 22917	5.1362
 22918	-2.76946
 22919	-2.92925
 22920	1.10387
 22921	0.754059
 22922	2.06944
 22923	6.60773
 22924	6.25828
 22925	4.91402
 22926	1.6648
 22927	13.9228
 22928	13.4835
 22929	5.56594
 22930	9.34933
 22931	21.0468
 22932	19.0891
 22933	13.6168
 22934	17.7256
 22935	16.9987
 22936	22.074
 22937	25.6147
 22938	18.9229
 22939	20.9481
 22940	21.9483
 22941	20.1786
 22942	25.3212
 22943	18.8294
 22944	13.0904
 22945	13.7252
 22946	11.4492
 22947	5.6233
 22948	-0.518112
 22949	2.98472
 22950	-0.432527
 22951	-6.37411
 22952	-7.93323
 22953	-7.17863
 22954	0.918308
 22955	0.666342
 22956	1.81243
 22957	0.52522
 22958	-1.56701
 22959	8.03364
 22960	9.52504
 22961	2.81304
 22962	-0.0281569
 22963	5.23518
 22964	13.0633
 22965	10.6727
 22966	9.57453
 22967	14.5788
 22968	17.8689
 22969	22.0055
 22970	15.5643
 22971	24.6848
 22972	34.4138
 22973	24.6656
 22974	26.3097
 22975	28.5815
 22976	19.2525
 22977	16.3356
 22978	19.2871
 22979	25.2543
 22980	18.0394
 22981	16.9612
 22982	26.1665
 22983	24.6304
 22984	17.2615
 22985	16.0284
 22986	30.1434
 22987	22.0803
 22988	21.803
 22989	32.8283
 22990	21.9606
 22991	17.6466
 22992	15.9983
 22993	4.99891
 22994	11.986
 22995	11.6985
 22996	8.95449
 22997	13.0105
 22998	8.77648
 22999	6.01052
 23000	6.36297
 23001	1.12726
 23002	-5.06478
 23003	0.888603
 23004	2.71026
 23005	-5.64558
 23006	-2.13231
 23007	4.50892
 23008	3.81459
 23009	-2.96465
 23010	-11.4185
 23011	-6.57982
 23012	-6.39729
 23013	-8.85712
 23014	-5.66453
 23015	0.822469
 23016	5.7983
 23017	-1.09966
 23018	-0.0397265
 23019	-0.686637
 23020	-3.32343
 23021	-0.920933
 23022	-0.907995
 23023	-4.66345
 23024	-2.95246
 23025	-0.165751
 23026	0.68099
 23027	0.0775038
 23028	-3.92388
 23029	0.705046
 23030	9.79185
 23031	-6.54131
 23032	-10.5048
 23033	-8.41212
 23034	-8.12014
 23035	-15.6193
 23036	-24.4486
 23037	-17.2997
 23038	-18.6187
 23039	-23.1087
 23040	-24.7665
 23041	-14.926
 23042	-8.85706
 23043	-12.2328
 23044	-8.35826
 23045	-9.29366
 23046	-12.059
 23047	-0.848472
 23048	-4.72774
 23049	-7.78103
 23050	-1.0395
 23051	-1.11594
 23052	3.3791
 23053	1.17937
 23054	-4.95836
 23055	-2.22836
 23056	-1.23268
 23057	-3.44101
 23058	-4.04216
 23059	-7.11266
 23060	6.62593
 23061	1.95353
 23062	-6.1959
 23063	-1.67164
 23064	3.33954
 23065	-4.23018
 23066	-8.02634
 23067	-0.600335
 23068	-3.54683
 23069	-0.637196
 23070	4.94541
 23071	-1.93046
 23072	0.846188
 23073	-0.0285462
 23074	5.81921
 23075	9.78834
 23076	7.70374
 23077	10.4812
 23078	16.9327
 23079	21.0839
 23080	13.5994
 23081	11.3579
 23082	18.9855
 23083	17.7294
 23084	11.569
 23085	18.9205
 23086	18.2011
 23087	16.0777
 23088	14.6522
 23089	14.3245
 23090	13.0623
 23091	8.60965
 23092	12.6763
 23093	12.3334
 23094	3.00134
 23095	7.44635
 23096	9.83452
 23097	10.9491
 23098	5.18334
 23099	5.92564
 23100	11.8965
 23101	9.3824
 23102	11.5876
 23103	5.0945
 23104	6.59676
 23105	11.8468
 23106	-3.44966
 23107	-1.15278
 23108	9.82344
 23109	7.03705
 23110	7.34277
 23111	7.43715
 23112	4.84134
 23113	2.63368
 23114	9.70756
 23115	7.07461
 23116	-1.51833
 23117	-1.25
 23118	3.12948
 23119	5.1952
 23120	1.80108
 23121	5.90056
 23122	7.78809
 23123	1.78571
 23124	2.73313
 23125	8.93615
 23126	-0.538181
 23127	6.29364
 23128	14.2535
 23129	4.19831
 23130	5.8867
 23131	11.7437
 23132	5.82487
 23133	3.29972
 23134	-0.345161
 23135	-0.998352
 23136	3.54138
 23137	8.79597
 23138	2.28383
 23139	6.81491
 23140	8.47257
 23141	-5.19598
 23142	-1.25114
 23143	3.47914
 23144	2.89962
 23145	8.35661
 23146	9.12824
 23147	11.829
 23148	12.9391
 23149	13.772
 23150	15.9818
 23151	14.7599
 23152	9.71105
 23153	9.0804
 23154	10.5257
 23155	6.23032
 23156	5.84816
 23157	4.3693
 23158	2.02163
 23159	4.06708
 23160	3.59733
 23161	1.32971
 23162	3.6221
 23163	-2.65226
 23164	-3.09843
 23165	-5.59229
 23166	-13.3015
 23167	-18.9528
 23168	-7.53144
 23169	-5.8875
 23170	-14.0286
 23171	-8.0051
 23172	0.577505
 23173	-4.30635
 23174	1.84109
 23175	6.85245
 23176	0.748252
 23177	0.960815
 23178	1.69683
 23179	0.421624
 23180	2.10656
 23181	-4.32152
 23182	-7.53256
 23183	0.533868
 23184	-4.24828
 23185	-2.59944
 23186	4.11397
 23187	4.3805
 23188	5.87518
 23189	6.20217
 23190	4.12208
 23191	5.96808
 23192	7.18812
 23193	2.47068
 23194	7.4856
 23195	3.19946
 23196	0.89497
 23197	16.5743
 23198	13.7733
 23199	9.04707
 23200	16.9364
 23201	19.3343
 23202	19.3839
 23203	19.9177
 23204	32.1054
 23205	25.1742
 23206	24.1261
 23207	25.1224
 23208	23.1105
 23209	23.1549
 23210	19.4444
 23211	24.4449
 23212	20.2305
 23213	13.5068
 23214	13.8667
 23215	13.7025
 23216	12.2588
 23217	0.482344
 23218	0.947376
 23219	3.99136
 23220	-2.29358
 23221	-4.71828
 23222	-9.1258
 23223	-4.92957
 23224	-8.92504
 23225	-18.2616
 23226	-20.4224
 23227	-17.6018
 23228	-16.3145
 23229	-14.9909
 23230	-21.3334
 23231	-19.5629
 23232	-15.8254
 23233	-16.1453
 23234	-17.9662
 23235	-15.8731
 23236	-13.9819
 23237	-14.8248
 23238	-12.5378
 23239	-14.6849
 23240	-11.7746
 23241	-3.63937
 23242	-1.92438
 23243	-4.18282
 23244	1.91656
 23245	3.45039
 23246	13.3782
 23247	17.8202
 23248	15.6229
 23249	19.0255
 23250	18.701
 23251	20.205
 23252	20.5848
 23253	17.1184
 23254	20.2653
 23255	26.5316
 23256	24.6747
 23257	18.8191
 23258	23.1185
 23259	26.6906
 23260	23.153
 23261	23.9038
 23262	19.952
 23263	19.9452
 23264	24.7142
 23265	10.8349
 23266	10.1468
 23267	11.0575
 23268	-3.52663
 23269	-4.11263
 23270	-4.17358
 23271	-10.2859
 23272	-16.6401
 23273	-10.9033
 23274	-18.6842
 23275	-22.871
 23276	-22.4495
 23277	-24.3918
 23278	-22.1303
 23279	-28.243
 23280	-35.4959
 23281	-25.7464
 23282	-21.154
 23283	-22.9069
 23284	-23.3055
 23285	-25.1406
 23286	-21.4161
 23287	-14.1477
 23288	-17.1621
 23289	-11.6429
 23290	-9.13264
 23291	-8.7725
 23292	-1.48979
 23293	-8.40637
 23294	-6.45255
 23295	6.85791
 23296	-1.33966
 23297	-3.15169
 23298	7.3475
 23299	7.71181
 23300	4.90715
 23301	12.9016
 23302	10.7468
 23303	7.916
 23304	8.92532
 23305	10.5842
 23306	9.61164
 23307	10.1566
 23308	12.0043
 23309	12.8162
 23310	7.6004
 23311	0.24851
 23312	-0.30895
 23313	3.80484
 23314	3.18422
 23315	-3.53922
 23316	-9.21153
 23317	-2.48398
 23318	-10.3634
 23319	-14.5959
 23320	-15.2254
 23321	-16.7452
 23322	-17.7701
 23323	-13.2565
 23324	-11.2738
 23325	-12.752
 23326	-12.539
 23327	-6.32802
 23328	-5.12767
 23329	-11.8984
 23330	-3.31786
 23331	0.662717
 23332	-0.681705
 23333	7.57069
 23334	6.51438
 23335	5.33674
 23336	16.7429
 23337	5.7365
 23338	3.35135
 23339	13.7143
 23340	12.1728
 23341	12.9157
 23342	22.4395
 23343	14.6151
 23344	13.0391
 23345	17.0007
 23346	15.8643
 23347	19.0267
 23348	11.3777
 23349	18.4321
 23350	30.169
 23351	22.9557
 23352	15.9308
 23353	21.9421
 23354	23.7388
 23355	22.1474
 23356	28.5178
 23357	24.2633
 23358	25.856
 23359	33.895
 23360	31.5692
 23361	34.2134
 23362	38.3603
 23363	27.6138
 23364	33.4417
 23365	42.7321
 23366	33.895
 23367	22.1767
 23368	30.1585
 23369	37.0992
 23370	28.0307
 23371	26.3002
 23372	37.374
 23373	36.693
 23374	33.6596
 23375	33.7417
 23376	42.2482
 23377	32.7739
 23378	26.1396
 23379	36.4271
 23380	36.673
 23381	26.3725
 23382	22.3193
 23383	26.8577
 23384	25.8938
 23385	14.981
 23386	23.0694
 23387	24.3361
 23388	17.8091
 23389	16.421
 23390	17.256
 23391	16.532
 23392	8.0003
 23393	7.32924
 23394	18.461
 23395	16.1855
 23396	5.92862
 23397	18.3472
 23398	20.9019
 23399	5.85886
 23400	13.2836
 23401	18.6091
 23402	12.9178
 23403	11.7897
 23404	17.3054
 23405	14.0152
 23406	10.209
 23407	11.4869
 23408	10.4409
 23409	14.518
 23410	8.61382
 23411	16.3628
 23412	16.0694
 23413	9.64369
 23414	13.07
 23415	10.4737
 23416	11.9827
 23417	10.1124
 23418	11.5522
 23419	17.8597
 23420	13.1469
 23421	16.1623
 23422	17.6096
 23423	15.2867
 23424	19.3351
 23425	22.8056
 23426	24.2303
 23427	25.7816
 23428	28.0853
 23429	29.5443
 23430	25.8038
 23431	20.8548
 23432	25.0079
 23433	29.6357
 23434	20.0215
 23435	22.2467
 23436	33.3858
 23437	30.808
 23438	28.5927
 23439	36.9157
 23440	31.759
 23441	29.8434
 23442	28.8284
 23443	21.4083
 23444	23.7341
 23445	19.1573
 23446	18.7251
 23447	20.4637
 23448	17.7366
 23449	14.0192
 23450	14.1155
 23451	16.8583
 23452	13.6589
 23453	14.9999
 23454	17.272
 23455	18.0146
 23456	18.4887
 23457	15.4216
 23458	16.7241
 23459	13.9419
 23460	11.7378
 23461	13.5625
 23462	8.66856
 23463	10.1223
 23464	5.42024
 23465	6.39903
 23466	-2.08545
 23467	-9.95787
 23468	9.70063
 23469	6.21891
 23470	-3.14752
 23471	11.2981
 23472	9.27398
 23473	6.45973
 23474	8.2469
 23475	1.98062
 23476	7.82948
 23477	9.15398
 23478	4.85766
 23479	4.88625
 23480	8.03119
 23481	1.58201
 23482	2.16706
 23483	7.07029
 23484	1.71811
 23485	4.02595
 23486	13.9195
 23487	15.1738
 23488	13.8247
 23489	13.6903
 23490	14.1842
 23491	10.5793
 23492	8.91266
 23493	16.7394
 23494	20.4939
 23495	22.8148
 23496	23.1413
 23497	25.2127
 23498	29.7273
 23499	23.7184
 23500	22.89
 23501	23.9051
 23502	18.3476
 23503	22.3103
 23504	22.6103
 23505	12.4156
 23506	10.8591
 23507	11.9854
 23508	3.60664
 23509	-4.68359
 23510	-7.76497
 23511	-8.60736
 23512	-9.7462
 23513	-26.2015
 23514	-27.2936
 23515	-19.3837
 23516	-27.2646
 23517	-28.1808
 23518	-24.665
 23519	-22.8479
 23520	-20.7454
 23521	-19.6868
 23522	-13.4423
 23523	-15.4942
 23524	-17.684
 23525	-10.0872
 23526	-14.9897
 23527	-17.1682
 23528	-9.60437
 23529	-10.9095
 23530	-6.34166
 23531	-2.72625
 23532	-0.657238
 23533	3.65504
 23534	0.449943
 23535	5.97728
 23536	8.81356
 23537	-2.27741
 23538	-0.146661
 23539	8.27976
 23540	3.24175
 23541	-0.973816
 23542	1.62611
 23543	8.39971
 23544	6.35516
 23545	-0.902101
 23546	9.52465
 23547	17.1466
 23548	5.22628
 23549	2.03025
 23550	10.6534
 23551	5.27573
 23552	1.58428
 23553	4.43489
 23554	3.96627
 23555	6.30364
 23556	5.23409
 23557	7.14198
 23558	4.77152
 23559	-2.1625
 23560	-3.35929
 23561	-1.73616
 23562	-4.45531
 23563	-3.04355
 23564	-6.24758
 23565	-8.30428
 23566	-12.2205
 23567	-13.1102
 23568	-11.0368
 23569	-13.0372
 23570	-15.3633
 23571	-5.88944
 23572	-6.75361
 23573	-11.0091
 23574	-4.22788
 23575	1.88907
 23576	-6.01839
 23577	-6.28175
 23578	-2.75007
 23579	4.83381
 23580	3.1557
 23581	0.454241
 23582	10.1385
 23583	1.99844
 23584	-4.01147
 23585	7.22791
 23586	-1.7059
 23587	-5.19396
 23588	5.05053
 23589	0.974626
 23590	-3.46872
 23591	-7.50422
 23592	-11.3021
 23593	-6.5299
 23594	-19.5933
 23595	-22.917
 23596	-10.9434
 23597	-15.4772
 23598	-21.8929
 23599	-16.7025
 23600	-16.5128
 23601	-21.8806
 23602	-22.9378
 23603	-16.1985
 23604	-22.4934
 23605	-22.4721
 23606	-12.7536
 23607	-13.5253
 23608	-24.3532
 23609	-20.2941
 23610	-13.8336
 23611	-18.9843
 23612	-19.9544
 23613	-11.1694
 23614	-12.7985
 23615	-13.5018
 23616	-14.6365
 23617	-14.0822
 23618	-16.5365
 23619	-17.9584
 23620	-17.1681
 23621	-23.6689
 23622	-23.4021
 23623	-24.2892
 23624	-36.7594
 23625	-30.1349
 23626	-26.8005
 23627	-41.0928
 23628	-31.3699
 23629	-24.2203
 23630	-30.5429
 23631	-31.8552
 23632	-35.2559
 23633	-34.2983
 23634	-37.1517
 23635	-45.2871
 23636	-42.2734
 23637	-46.5256
 23638	-41.1336
 23639	-41.1806
 23640	-49.3974
 23641	-45.9703
 23642	-40.9498
 23643	-46.1465
 23644	-45.2914
 23645	-46.4806
 23646	-40.359
 23647	-35.5197
 23648	-41.2251
 23649	-44.255
 23650	-33.9044
 23651	-32.7763
 23652	-37.9943
 23653	-40.7551
 23654	-34.6693
 23655	-31.8484
 23656	-34.9234
 23657	-32.8634
 23658	-30.8202
 23659	-26.3547
 23660	-17.5138
 23661	-18.9117
 23662	-23.8514
 23663	-13.1936
 23664	-10.1877
 23665	-13.8239
 23666	-9.93834
 23667	-8.05991
 23668	-8.62432
 23669	-3.14592
 23670	-0.671108
 23671	-2.9565
 23672	-2.24954
 23673	1.82811
 23674	5.02475
 23675	-5.34605
 23676	-2.90904
 23677	1.42737
 23678	-10.3773
 23679	-13.2915
 23680	-8.44796
 23681	-20.7795
 23682	-22.5322
 23683	-23.1377
 23684	-24.6299
 23685	-30.6649
 23686	-30.938
 23687	-38.8884
 23688	-41.9888
 23689	-44.4777
 23690	-41.7894
 23691	-51.323
 23692	-48.7994
 23693	-49.8257
 23694	-58.6044
 23695	-60.2393
 23696	-55.526
 23697	-61.0413
 23698	-67.5477
 23699	-61.3692
 23700	-58.0724
 23701	-54.352
 23702	-57.3858
 23703	-52.8307
 23704	-52.0335
 23705	-47.5303
 23706	-55.1321
 23707	-48.2313
 23708	-54.0957
 23709	-49.1205
 23710	-49.7762
 23711	-41.5643
 23712	-39.9041
 23713	-42.8935
 23714	-42.4297
 23715	-41.8458
 23716	-44.346
 23717	-40.7829
 23718	-43.7016
 23719	-47.9796
 23720	-42.8735
 23721	-43.8551
 23722	-39.4507
 23723	-42.3411
 23724	-36.2396
 23725	-38.2188
 23726	-39.3904
 23727	-38.7498
 23728	-39.3851
 23729	-44.8332
 23730	-38.5776
 23731	-43.7045
 23732	-39.0084
 23733	-30.7878
 23734	-24.6708
 23735	-20.2759
 23736	-21.9422
 23737	-16.1907
 23738	-20.3751
 23739	-19.4473
 23740	-19.9246
 23741	-15.6505
 23742	-15.4907
 23743	-12.0128
 23744	-8.01615
 23745	-5.61689
 23746	-6.19702
 23747	5.11409
 23748	0.232893
 23749	-2.02242
 23750	4.64899
 23751	5.05102
 23752	8.92197
 23753	8.30431
 23754	7.61242
 23755	6.76396
 23756	-0.920482
 23757	-1.19157
 23758	4.52874
 23759	-1.36584
 23760	2.57898
 23761	8.92332
 23762	6.70692
 23763	4.15295
 23764	7.32739
 23765	-0.567564
 23766	1.22968
 23767	3.88098
 23768	-0.406461
 23769	1.25478
 23770	4.15086
 23771	3.28733
 23772	-1.93746
 23773	0.840293
 23774	2.22986
 23775	5.0176
 23776	1.86201
 23777	2.61616
 23778	3.77341
 23779	3.75481
 23780	3.94609
 23781	4.60684
 23782	10.536
 23783	8.89735
 23784	8.15419
 23785	12.5263
 23786	5.24962
 23787	4.22446
 23788	1.76754
 23789	-0.179166
 23790	0.664064
 23791	1.98838
 23792	0.736828
 23793	-5.31044
 23794	-5.1614
 23795	-7.3611
 23796	-5.28161
 23797	-8.18376
 23798	-10.0619
 23799	-9.61725
 23800	-7.67615
 23801	-14.1087
 23802	-11.8935
 23803	-14.8772
 23804	-17.2773
 23805	-16.0909
 23806	-23.0415
 23807	-23.065
 23808	-17.0428
 23809	-19.627
 23810	-19.8465
 23811	-20.1808
 23812	-20.8979
 23813	-15.1238
 23814	-12.5645
 23815	-8.39303
 23816	-4.52599
 23817	-1.71313
 23818	0.936516
 23819	-1.66763
 23820	-4.79301
 23821	4.05763
 23822	3.52267
 23823	-1.42346
 23824	9.18381
 23825	13.7684
 23826	6.5201
 23827	8.64188
 23828	17.29
 23829	11.8996
 23830	9.46172
 23831	16.7141
 23832	17.9577
 23833	9.41942
 23834	9.80617
 23835	13.0509
 23836	7.62679
 23837	5.30501
 23838	9.70919
 23839	11.8167
 23840	6.72835
 23841	4.23744
 23842	6.93254
 23843	7.27715
 23844	-0.120574
 23845	1.62121
 23846	9.7687
 23847	-0.794443
 23848	-4.15653
 23849	5.27836
 23850	3.05721
 23851	-10.1769
 23852	-5.99365
 23853	4.93922
 23854	-5.77349
 23855	-13.0156
 23856	0.621232
 23857	7.65365
 23858	-5.54713
 23859	-0.974841
 23860	7.31354
 23861	0.100142
 23862	2.86491
 23863	13.382
 23864	9.69797
 23865	1.53581
 23866	5.41709
 23867	13.6051
 23868	10.6286
 23869	6.62495
 23870	18.2963
 23871	24.2955
 23872	21.6012
 23873	24.3364
 23874	24.2023
 23875	24.0567
 23876	21.2503
 23877	24.1788
 23878	31.2017
 23879	30.1783
 23880	23.6569
 23881	29.2862
 23882	29.0326
 23883	14.9902
 23884	15.6461
 23885	29.0835
 23886	23.3599
 23887	10.9743
 23888	19.0059
 23889	24.9373
 23890	15.3825
 23891	13.0725
 23892	21.8862
 23893	23.1145
 23894	20.5708
 23895	24.0427
 23896	23.4277
 23897	21.3055
 23898	22.2405
 23899	29.0426
 23900	24.271
 23901	24.1541
 23902	36.4942
 23903	39.5377
 23904	36.0647
 23905	38.0933
 23906	43.7737
 23907	42.6966
 23908	40.6996
 23909	42.4306
 23910	43.0672
 23911	46.537
 23912	48.5203
 23913	46.0578
 23914	42.3628
 23915	38.3574
 23916	40.3453
 23917	40.1102
 23918	33.6332
 23919	33.9005
 23920	42.8339
 23921	37.0477
 23922	27.1487
 23923	34.0032
 23924	34.1011
 23925	31.0865
 23926	27.8077
 23927	26.4433
 23928	25.7514
 23929	28.1645
 23930	26.274
 23931	19.4742
 23932	19.4196
 23933	22.0691
 23934	17.0223
 23935	7.43542
 23936	8.48376
 23937	13.676
 23938	10.9126
 23939	11.2906
 23940	11.2953
 23941	9.56429
 23942	0.561461
 23943	4.15213
 23944	10.2649
 23945	3.51846
 23946	15.4287
 23947	20.5402
 23948	19.2403
 23949	22.0546
 23950	17.6884
 23951	14.6352
 23952	19.3777
 23953	14.4786
 23954	10.5205
 23955	17.129
 23956	12.9011
 23957	4.79303
 23958	7.03533
 23959	5.29707
 23960	-3.92984
 23961	-1.42531
 23962	5.46448
 23963	-0.511191
 23964	-3.93244
 23965	-2.90666
 23966	-7.59644
 23967	-11.1693
 23968	-6.78602
 23969	-4.49127
 23970	-7.92087
 23971	-1.54897
 23972	-1.6925
 23973	-9.75291
 23974	-8.05539
 23975	-10.2362
 23976	-14.1401
 23977	-16.6969
 23978	-8.90695
 23979	-6.37319
 23980	-18.2089
 23981	-13.5107
 23982	-14.063
 23983	-18.9736
 23984	-18.6714
 23985	-18.6466
 23986	-18.5581
 23987	-13.9825
 23988	-11.3729
 23989	-18.1716
 23990	-19.5232
 23991	-16.9408
 23992	-22.8416
 23993	-20.8129
 23994	-18.9225
 23995	-20.0667
 23996	-20.3352
 23997	-17.7352
 23998	-18.7408
 23999	-24.6471
 24000	-18.344
 24001	-20.7196
 24002	-21.8702
 24003	-20.0398
 24004	-21.9694
 24005	-20.9195
 24006	-16.0377
 24007	-22.2176
 24008	-23.4149
 24009	-20.3014
 24010	-22.4084
 24011	-28.5269
 24012	-32.7595
 24013	-20.9472
 24014	-21.1667
 24015	-28.7474
 24016	-20.102
 24017	-17.6534
 24018	-22.0297
 24019	-22.0229
 24020	-20.1014
 24021	-13.9437
 24022	-12.8288
 24023	-9.35988
 24024	-10.812
 24025	-14.8064
 24026	-11.9074
 24027	-17.0521
 24028	-17.9243
 24029	-8.90824
 24030	-9.3487
 24031	-10.3194
 24032	-6.59287
 24033	-8.07399
 24034	-13.1775
 24035	-8.89511
 24036	-5.85707
 24037	1.13702
 24038	3.36422
 24039	1.0659
 24040	8.57865
 24041	1.91178
 24042	-3.90596
 24043	6.59129
 24044	10.2915
 24045	12.0043
 24046	15.8841
 24047	18.1299
 24048	15.1345
 24049	8.81254
 24050	8.25424
 24051	13.4173
 24052	14.756
 24053	20.4417
 24054	21.0512
 24055	16.99
 24056	18.7346
 24057	12.8872
 24058	7.59608
 24059	11.4222
 24060	21.3356
 24061	25.2202
 24062	12.2116
 24063	18.3303
 24064	22.2471
 24065	6.33131
 24066	-0.124034
 24067	5.24239
 24068	7.60143
 24069	3.01534
 24070	9.25132
 24071	4.71371
 24072	2.66724
 24073	4.05718
 24074	-1.72865
 24075	-4.88236
 24076	-4.4377
 24077	6.29222
 24078	5.98313
 24079	-3.9349
 24080	-1.26843
 24081	-1.98942
 24082	-4.42659
 24083	-4.81285
 24084	-5.20842
 24085	0.26075
 24086	6.37598
 24087	7.6071
 24088	8.99723
 24089	15.9551
 24090	12.8733
 24091	14.3076
 24092	14.3226
 24093	9.69856
 24094	10.9864
 24095	22.8395
 24096	26.1683
 24097	15.5503
 24098	20.4059
 24099	26.154
 24100	16.6043
 24101	9.61373
 24102	16.7357
 24103	17.6721
 24104	20.1592
 24105	23.311
 24106	16.6899
 24107	13.4963
 24108	13.3061
 24109	7.52419
 24110	5.18876
 24111	9.34974
 24112	15.2417
 24113	10.1105
 24114	12.9469
 24115	13.4708
 24116	6.81096
 24117	16.4518
 24118	20.3572
 24119	13.5581
 24120	14.5904
 24121	25.1202
 24122	17.1375
 24123	5.79301
 24124	7.74285
 24125	11.4689
 24126	7.76588
 24127	12.316
 24128	17.8181
 24129	14.8274
 24130	18.5398
 24131	21.0604
 24132	17.268
 24133	17.4579
 24134	24.7784
 24135	29.4403
 24136	26.4955
 24137	25.4638
 24138	21.3205
 24139	24.1387
 24140	28.9542
 24141	22.4755
 24142	25.3793
 24143	34.15
 24144	27.1514
 24145	21.4519
 24146	27.0936
 24147	25.9124
 24148	16.8415
 24149	25.3804
 24150	32.2167
 24151	20.9017
 24152	14.7089
 24153	17.8951
 24154	8.32536
 24155	3.96229
 24156	6.87964
 24157	10.2512
 24158	9.08138
 24159	9.03944
 24160	4.79201
 24161	0.56654
 24162	-0.489434
 24163	0.010895
 24164	2.90011
 24165	2.17555
 24166	4.21608
 24167	1.9602
 24168	0.364703
 24169	4.03366
 24170	-3.75013
 24171	-3.55598
 24172	10.7975
 24173	2.72592
 24174	-0.353545
 24175	12.0084
 24176	5.30903
 24177	-7.01858
 24178	4.50136
 24179	4.68253
 24180	-5.5732
 24181	6.24117
 24182	6.59413
 24183	1.97005
 24184	7.6087
 24185	9.74932
 24186	1.63714
 24187	3.40402
 24188	10.8906
 24189	4.77437
 24190	7.02786
 24191	8.75665
 24192	4.73202
 24193	2.82364
 24194	4.47443
 24195	-1.02272
 24196	1.04793
 24197	8.75258
 24198	9.03758
 24199	9.69242
 24200	8.70416
 24201	10.2583
 24202	9.76829
 24203	9.24115
 24204	11.1344
 24205	7.28415
 24206	12.3724
 24207	20.2358
 24208	7.82721
 24209	3.48927
 24210	10.572
 24211	1.1725
 24212	-4.51454
 24213	3.33124
 24214	-1.30379
 24215	-2.75656
 24216	-2.93908
 24217	-9.19662
 24218	-14.1446
 24219	-12.8536
 24220	-11.551
 24221	-13.6085
 24222	-8.5248
 24223	-6.84322
 24224	-6.2777
 24225	-1.32529
 24226	3.18476
 24227	-3.46117
 24228	-3.90203
 24229	3.37337
 24230	0.747165
 24231	1.81813
 24232	8.31551
 24233	3.58072
 24234	3.65574
 24235	3.00892
 24236	-1.27141
 24237	-4.74048
 24238	1.58581
 24239	10.0075
 24240	6.07829
 24241	5.26167
 24242	8.98035
 24243	5.68731
 24244	4.72681
 24245	10.8626
 24246	8.87655
 24247	13.9108
 24248	24.1796
 24249	20.9811
 24250	21.8014
 24251	25.5147
 24252	20.9972
 24253	18.9867
 24254	20.7897
 24255	19.4964
 24256	24.7955
 24257	24.4373
 24258	11.9247
 24259	2.28248
 24260	2.82029
 24261	0.681997
 24262	-14.7147
 24263	-12.2899
 24264	-0.324011
 24265	-11.2536
 24266	-9.52601
 24267	-3.01468
 24268	-9.58142
 24269	-15.4725
 24270	-6.38708
 24271	-9.39471
 24272	-17.5397
 24273	-16.8998
 24274	-3.74414
 24275	-17.1587
 24276	-20.2583
 24277	-16.0672
 24278	-13.4428
 24279	-15.437
 24280	-14.0965
 24281	-14.496
 24282	-15.4408
 24283	-12.7591
 24284	-13.0652
 24285	-16.3173
 24286	-13.5663
 24287	-12.8488
 24288	-7.25543
 24289	4.01722
 24290	-7.35793
 24291	4.58744
 24292	17.4542
 24293	14.4926
 24294	10.276
 24295	10.5183
 24296	15.5566
 24297	13.6542
 24298	5.97118
 24299	15.3471
 24300	7.8021
 24301	-3.53809
 24302	1.38667
 24303	-0.284346
 24304	-4.9181
 24305	-1.26836
 24306	5.19513
 24307	8.07942
 24308	6.57525
 24309	3.92975
 24310	4.31014
 24311	5.57685
 24312	-0.559102
 24313	-2.54834
 24314	6.51894
 24315	5.61941
 24316	4.36038
 24317	2.8462
 24318	4.4652
 24319	0.0537471
 24320	-1.97831
 24321	4.98277
 24322	3.95683
 24323	-0.963303
 24324	4.29703
 24325	-1.35602
 24326	-9.5284
 24327	-5.37998
 24328	-7.13176
 24329	-10.4715
 24330	-9.42547
 24331	-9.52116
 24332	-10.1465
 24333	-9.51075
 24334	-11.3498
 24335	-10.7943
 24336	-14.8754
 24337	-11.4118
 24338	-9.76358
 24339	-11.9162
 24340	-8.35917
 24341	-5.57756
 24342	-9.93355
 24343	-5.49548
 24344	-14.1194
 24345	-13.1076
 24346	-0.416036
 24347	-0.236792
 24348	-2.18234
 24349	5.01096
 24350	8.24025
 24351	10.9596
 24352	11.0591
 24353	4.22919
 24354	8.57989
 24355	7.59423
 24356	5.54701
 24357	5.78998
 24358	6.04052
 24359	2.1174
 24360	-1.92331
 24361	-4.25933
 24362	-2.21061
 24363	-6.2927
 24364	-11.8604
 24365	-5.41318
 24366	-3.04927
 24367	-21.3903
 24368	-20.2648
 24369	-17.6596
 24370	-22.522
 24371	-26.7236
 24372	-37.5661
 24373	-28.9503
 24374	-31.364
 24375	-37.1713
 24376	-30.6803
 24377	-31.6396
 24378	-29.2855
 24379	-24.0976
 24380	-32.3181
 24381	-32.2806
 24382	-33.752
 24383	-32.2207
 24384	-33.3626
 24385	-40.4874
 24386	-31.5006
 24387	-34.5563
 24388	-37.1127
 24389	-36.6739
 24390	-40.5707
 24391	-44.8373
 24392	-45.6334
 24393	-46.4209
 24394	-36.4988
 24395	-44.4407
 24396	-42.9398
 24397	-46.2359
 24398	-37.1828
 24399	-41.6606
 24400	-52.9673
 24401	-41.6427
 24402	-42.4955
 24403	-48.4652
 24404	-45.3764
 24405	-41.3429
 24406	-34.6108
 24407	-32.2536
 24408	-34.1566
 24409	-23.6673
 24410	-30.9897
 24411	-26.2877
 24412	-23.6272
 24413	-25.4104
 24414	-22.854
 24415	-20.1657
 24416	-23.6701
 24417	-20.4231
 24418	-18.9985
 24419	-11.681
 24420	-16.2057
 24421	-16.4696
 24422	-6.4245
 24423	-9.57188
 24424	-15.2524
 24425	-14.0191
 24426	-2.55801
 24427	-6.26857
 24428	-12.3656
 24429	-5.0614
 24430	5.77253
 24431	3.01468
 24432	-5.15193
 24433	1.95676
 24434	13.414
 24435	0.189505
 24436	-1.89449
 24437	6.18517
 24438	3.88132
 24439	-0.926868
 24440	-3.11688
 24441	1.36822
 24442	-5.60408
 24443	-12.1227
 24444	-1.35527
 24445	-3.23684
 24446	-11.7381
 24447	-6.95756
 24448	-9.79899
 24449	-7.1666
 24450	-11.5571
 24451	-14.1707
 24452	-12.8551
 24453	-13.4319
 24454	-16.4214
 24455	-16.796
 24456	-14.4155
 24457	-13.9408
 24458	-11.2381
 24459	-8.08102
 24460	-19.3401
 24461	-17.7324
 24462	-11.7483
 24463	-20.0612
 24464	-29.3273
 24465	-31.6273
 24466	-27.2746
 24467	-39.7806
 24468	-36.4789
 24469	-22.9088
 24470	-25.6276
 24471	-27.4236
 24472	-22.7276
 24473	-23.5672
 24474	-20.6164
 24475	-23.2168
 24476	-20.7066
 24477	-21.3138
 24478	-24.6272
 24479	-18.1526
 24480	-17.5371
 24481	-19.9498
 24482	-19.3694
 24483	-14.9223
 24484	-12.2301
 24485	-7.23277
 24486	-7.99196
 24487	-2.28485
 24488	-0.476781
 24489	-1.02127
 24490	-9.05422
 24491	-10.2248
 24492	-9.08741
 24493	-6.27158
 24494	-7.91881
 24495	-11.748
 24496	-7.79031
 24497	-1.43617
 24498	-7.13982
 24499	-10.6884
 24500	-10.3217
 24501	-3.23961
 24502	-3.56306
 24503	-8.82393
 24504	3.24879
 24505	4.79347
 24506	2.53985
 24507	4.94323
 24508	0.400018
 24509	7.09845
 24510	6.0355
 24511	0.976405
 24512	2.74713
 24513	-2.54602
 24514	-6.88576
 24515	-6.78752
 24516	-9.32246
 24517	-18.4112
 24518	-24.8335
 24519	-26.1142
 24520	-31.6415
 24521	-37.7364
 24522	-31.2611
 24523	-31.6853
 24524	-31.722
 24525	-29.1026
 24526	-27.4761
 24527	-32.4294
 24528	-35.8006
 24529	-20.8499
 24530	-22.078
 24531	-32.9608
 24532	-27.6943
 24533	-13.4283
 24534	-13.8227
 24535	-25.4307
 24536	-21.9069
 24537	-7.67381
 24538	-19.4171
 24539	-17.6707
 24540	-9.62108
 24541	-8.54539
 24542	-10.8442
 24543	-15.9642
 24544	-9.47334
 24545	-14.0857
 24546	-25.8995
 24547	-17.2916
 24548	-6.50983
 24549	-16.6849
 24550	-20.9248
 24551	-16.6143
 24552	-7.69139
 24553	-12.973
 24554	-15.7928
 24555	-14.5605
 24556	-15.044
 24557	-15.7569
 24558	-12.2083
 24559	-12.3532
 24560	-10.4568
 24561	-9.9182
 24562	-2.69819
 24563	-8.70085
 24564	-10.2839
 24565	-4.80993
 24566	0.157046
 24567	-0.277707
 24568	-3.11364
 24569	5.23733
 24570	9.82748
 24571	4.23054
 24572	4.39251
 24573	7.9731
 24574	6.60792
 24575	9.08899
 24576	13.5457
 24577	13.5223
 24578	14.0197
 24579	16.8818
 24580	21.9707
 24581	8.07807
 24582	15.7773
 24583	25.4345
 24584	22.6263
 24585	24.3122
 24586	25.0511
 24587	24.5603
 24588	27.3433
 24589	24.3021
 24590	21.1009
 24591	27.663
 24592	26.4868
 24593	26.3834
 24594	30.0764
 24595	24.1336
 24596	20.9802
 24597	21.8109
 24598	13.7018
 24599	11.8186
 24600	13.0445
 24601	5.0943
 24602	4.962
 24603	2.06886
 24604	6.71019
 24605	10.0837
 24606	5.7019
 24607	17.2243
 24608	18.6805
 24609	16.8931
 24610	19.2576
 24611	25.2265
 24612	16.7488
 24613	16.3735
 24614	21.1745
 24615	16.904
 24616	18.8584
 24617	24.4151
 24618	25.6505
 24619	25.4664
 24620	18.6366
 24621	16.5944
 24622	21.4302
 24623	14.9718
 24624	13.7317
 24625	25.0421
 24626	15.6658
 24627	11.6852
 24628	8.37069
 24629	8.48227
 24630	2.10831
 24631	-7.20394
 24632	-0.973505
 24633	-3.43597
 24634	-3.42207
 24635	-0.391778
 24636	-5.66856
 24637	-9.33802
 24638	-6.61989
 24639	-5.52286
 24640	-6.73333
 24641	-3.0239
 24642	8.66243
 24643	7.37888
 24644	-1.00945
 24645	3.12235
 24646	-1.66446
 24647	-9.43912
 24648	-6.37026
 24649	-2.26505
 24650	-2.7568
 24651	-2.18983
 24652	2.12208
 24653	3.06234
 24654	-0.395701
 24655	-1.2586
 24656	-9.95656
 24657	-2.48711
 24658	-5.20771
 24659	-9.33465
 24660	5.99905
 24661	2.28394
 24662	-11.7466
 24663	-3.57099
 24664	-11.4482
 24665	-15.543
 24666	-11.2732
 24667	-7.77365
 24668	-9.44651
 24669	-16.7726
 24670	-7.12113
 24671	-12.322
 24672	-18.9504
 24673	-13.4139
 24674	-10.5898
 24675	-16.4246
 24676	-8.12971
 24677	0.00703617
 24678	-1.01561
 24679	-7.89789
 24680	-5.94421
 24681	-6.20815
 24682	-9.1727
 24683	-8.28969
 24684	-0.381236
 24685	8.82801
 24686	3.45683
 24687	1.4242
 24688	9.12579
 24689	0.996576
 24690	-3.83662
 24691	-1.88393
 24692	2.0436
 24693	0.831879
 24694	-2.94506
 24695	2.41212
 24696	4.67255
 24697	-2.33725
 24698	-2.17696
 24699	-2.5049
 24700	-2.70841
 24701	7.94682
 24702	3.45947
 24703	2.8137
 24704	8.16235
 24705	2.53959
 24706	-1.30582
 24707	-3.83955
 24708	-1.91238
 24709	2.48385
 24710	-6.57628
 24711	-7.81452
 24712	-1.42293
 24713	-4.44708
 24714	-12.353
 24715	-6.55452
 24716	-6.99067
 24717	-12.5266
 24718	-8.30451
 24719	-8.71552
 24720	-3.13594
 24721	-5.5357
 24722	-9.15994
 24723	-1.96749
 24724	-10.5615
 24725	-14.4826
 24726	-3.41838
 24727	-5.65639
 24728	-8.50664
 24729	-6.90753
 24730	-5.65987
 24731	-2.37882
 24732	-7.57859
 24733	-1.52163
 24734	0.254435
 24735	-2.19998
 24736	-3.33932
 24737	-5.15721
 24738	-7.15265
 24739	-9.77183
 24740	-12.9806
 24741	-12.8305
 24742	-12.1209
 24743	-14.6118
 24744	-13.1515
 24745	-11.3406
 24746	-19.4971
 24747	-15.336
 24748	-13.0525
 24749	-18.555
 24750	-17.7127
 24751	-14.3013
 24752	-17.2333
 24753	-21.418
 24754	-15.7675
 24755	-9.91742
 24756	-13.2429
 24757	-20.2
 24758	-10.6861
 24759	-13.8884
 24760	-26.4604
 24761	-16.4796
 24762	-13.9177
 24763	-21.0956
 24764	-18.6158
 24765	-16.6663
 24766	-16.2726
 24767	-21.4646
 24768	-21.2987
 24769	-16.3572
 24770	-23.2517
 24771	-24.4766
 24772	-20.9101
 24773	-20.598
 24774	-28.1202
 24775	-27.624
 24776	-37.8278
 24777	-41.5579
 24778	-36.3503
 24779	-45.8902
 24780	-45.2076
 24781	-47.4172
 24782	-47.4856
 24783	-44.7985
 24784	-48.3004
 24785	-45.7652
 24786	-41.9776
 24787	-46.7129
 24788	-41.0486
 24789	-46.1194
 24790	-47.3468
 24791	-49.3134
 24792	-52.8963
 24793	-50.815
 24794	-49.8868
 24795	-54.5462
 24796	-50.0368
 24797	-51.0106
 24798	-48.3901
 24799	-43.0104
 24800	-48.1985
 24801	-45.6255
 24802	-46.8869
 24803	-47.8926
 24804	-47.0532
 24805	-46.8489
 24806	-49.3608
 24807	-50.1409
 24808	-48.3856
 24809	-43.5474
 24810	-44.9473
 24811	-41.0022
 24812	-40.1352
 24813	-40.4377
 24814	-46.1687
 24815	-40.7271
 24816	-40.5965
 24817	-49.6509
 24818	-44.9432
 24819	-49.3124
 24820	-52.5426
 24821	-46.9226
 24822	-49.5483
 24823	-50.1631
 24824	-48.2231
 24825	-47.2108
 24826	-49.5234
 24827	-58.5343
 24828	-55.009
 24829	-49.6384
 24830	-57.5251
 24831	-58.2481
 24832	-56.7344
 24833	-58.6782
 24834	-49.4865
 24835	-52.6065
 24836	-52.3061
 24837	-47.9778
 24838	-55.6591
 24839	-56.5962
 24840	-53.3784
 24841	-48.9762
 24842	-42.1639
 24843	-49.3829
 24844	-45.5061
 24845	-43.6194
 24846	-43.4123
 24847	-39.3906
 24848	-38.8047
 24849	-42.7004
 24850	-40.2825
 24851	-38.1319
 24852	-39.3873
 24853	-42.5262
 24854	-39.897
 24855	-36.7451
 24856	-32.8921
 24857	-36.6368
 24858	-42.5723
 24859	-39.3411
 24860	-37.299
 24861	-39.0284
 24862	-45.2908
 24863	-46.7395
 24864	-46.7738
 24865	-46.5622
 24866	-46.0774
 24867	-43.6235
 24868	-47.6163
 24869	-42.5791
 24870	-40.8527
 24871	-56.3524
 24872	-54.7412
 24873	-47.6785
 24874	-56.3524
 24875	-56.5694
 24876	-52.8388
 24877	-45.5232
 24878	-47.7078
 24879	-45.6203
 24880	-41.7748
 24881	-44.0004
 24882	-40.6627
 24883	-39.8541
 24884	-46.4781
 24885	-43.3271
 24886	-41.5595
 24887	-48.9173
 24888	-47.3777
 24889	-47.0878
 24890	-48.3223
 24891	-47.4623
 24892	-46.3547
 24893	-46.1905
 24894	-43.6766
 24895	-43.3508
 24896	-40.6941
 24897	-43.244
 24898	-38.3932
 24899	-40.1378
 24900	-44.6161
 24901	-47.6915
 24902	-45.9853
 24903	-51.4435
 24904	-51.5045
 24905	-53.8421
 24906	-57.3131
 24907	-56.1841
 24908	-51.6751
 24909	-53.0549
 24910	-55.6318
 24911	-56.127
 24912	-55.4781
 24913	-59.6801
 24914	-55.6699
 24915	-50.4881
 24916	-50.2614
 24917	-44.704
 24918	-46.7673
 24919	-52.7982
 24920	-48.4987
 24921	-47.0212
 24922	-54.1702
 24923	-54.9305
 24924	-49.4561
 24925	-46.8103
 24926	-47.2583
 24927	-47.1601
 24928	-47.0027
 24929	-45.8885
 24930	-47.9583
 24931	-48.8194
 24932	-52.2422
 24933	-46.6253
 24934	-46.6892
 24935	-50.8966
 24936	-48.3389
 24937	-41.214
 24938	-38.6357
 24939	-38.5771
 24940	-34.6162
 24941	-32.6469
 24942	-34.4976
 24943	-33.1587
 24944	-36.0884
 24945	-35.3384
 24946	-36.5676
 24947	-35.2853
 24948	-33.4335
 24949	-40.1947
 24950	-35.6448
 24951	-33.2263
 24952	-31.2587
 24953	-37.8475
 24954	-47.3856
 24955	-42.5413
 24956	-43.043
 24957	-50.9114
 24958	-48.5719
 24959	-50.4835
 24960	-50.8891
 24961	-52.1478
 24962	-52.4234
 24963	-46.8106
 24964	-47.1242
 24965	-45.1259
 24966	-44.0657
 24967	-40.3031
 24968	-44.6769
 24969	-44.2289
 24970	-40.7036
 24971	-41.9824
 24972	-46.5967
 24973	-36.8283
 24974	-35.9167
 24975	-40.8676
 24976	-34.7276
 24977	-31.5329
 24978	-32.23
 24979	-35.6549
 24980	-36.5558
 24981	-41.8621
 24982	-42.9234
 24983	-38.2884
 24984	-44.5791
 24985	-52.869
 24986	-47.4145
 24987	-54.1387
 24988	-49.9934
 24989	-50.2562
 24990	-47.3513
 24991	-43.0991
 24992	-51.5387
 24993	-50.7676
 24994	-49.8693
 24995	-48.7035
 24996	-52.7529
 24997	-58.0231
 24998	-51.4972
 24999	-55.1077
 25000	-57.0346
 25001	-43.7032
 25002	-43.607
 25003	-41.0367
 25004	-43.9549
 25005	-42.6456
 25006	-43.5935
 25007	-49.014
 25008	-46.8031
 25009	-48.8256
 25010	-47.121
 25011	-49.3512
 25012	-55.3894
 25013	-56.567
 25014	-50.492
 25015	-56.4627
 25016	-57.0498
 25017	-59.5988
 25018	-54.0355
 25019	-54.7207
 25020	-53.6573
 25021	-54.479
 25022	-50.8791
 25023	-51.4975
 25024	-49.5712
 25025	-55.732
 25026	-46.9293
 25027	-43.969
 25028	-44.4812
 25029	-48.4262
 25030	-47.0645
 25031	-44.7764
 25032	-49.0058
 25033	-45.5852
 25034	-48.1139
 25035	-51.0929
 25036	-44.8664
 25037	-50.1076
 25038	-50.8029
 25039	-43.7813
 25040	-50.4572
 25041	-45.1773
 25042	-48.9353
 25043	-43.0705
 25044	-39.0489
 25045	-41.3913
 25046	-34.9098
 25047	-32.1887
 25048	-34.1291
 25049	-34.0102
 25050	-33.4776
 25051	-30.5706
 25052	-30.1768
 25053	-37.7253
 25054	-34.3093
 25055	-38.3814
 25056	-39.5887
 25057	-42.6144
 25058	-43.3135
 25059	-46.2888
 25060	-51.7097
 25061	-54.7428
 25062	-51.3284
 25063	-55.6126
 25064	-49.5914
 25065	-51.5593
 25066	-54.464
 25067	-50.7176
 25068	-50.1232
 25069	-45.707
 25070	-47.0573
 25071	-40.7817
 25072	-37.3969
 25073	-43.2041
 25074	-44.0661
 25075	-42.7555
 25076	-43.3292
 25077	-41.9456
 25078	-40.6005
 25079	-35.9632
 25080	-41.4956
 25081	-34.7705
 25082	-36.2454
 25083	-41.7948
 25084	-30.1348
 25085	-33.2517
 25086	-41.4967
 25087	-40.132
 25088	-34.0577
 25089	-37.6848
 25090	-42.9833
 25091	-40.5057
 25092	-44.122
 25093	-51.061
 25094	-40.6914
 25095	-46.0543
 25096	-47.4143
 25097	-43.4738
 25098	-47.2285
 25099	-53.1233
 25100	-49.2032
 25101	-42.7505
 25102	-41.7607
 25103	-47.9838
 25104	-40.6189
 25105	-36.3332
 25106	-42.3266
 25107	-38.2905
 25108	-37.3169
 25109	-30.211
 25110	-30.7536
 25111	-30.0149
 25112	-33.3785
 25113	-37.6521
 25114	-33.2037
 25115	-31.6973
 25116	-40.0282
 25117	-41.7317
 25118	-40.4988
 25119	-38.4685
 25120	-44.8347
 25121	-43.9689
 25122	-46.5983
 25123	-49.9799
 25124	-50.6603
 25125	-52.2571
 25126	-51.4726
 25127	-48.0498
 25128	-45.5852
 25129	-46.715
 25130	-50.4135
 25131	-42.2369
 25132	-36.2496
 25133	-34.1851
 25134	-35.3355
 25135	-34.5797
 25136	-28.0212
 25137	-19.0427
 25138	-20.4141
 25139	-18.7599
 25140	-17.0626
 25141	-18.5508
 25142	-22.2626
 25143	-29.0919
 25144	-28.2313
 25145	-22.8742
 25146	-19.4986
 25147	-23.7036
 25148	-29.1639
 25149	-20.7314
 25150	-14.7452
 25151	-20.7565
 25152	-29.7799
 25153	-31.4986
 25154	-24.2543
 25155	-24.1385
 25156	-33.4295
 25157	-34.836
 25158	-22.8951
 25159	-20.8337
 25160	-35.0291
 25161	-36.8341
 25162	-29.3148
 25163	-28.5885
 25164	-27.7413
 25165	-32.6265
 25166	-32.8374
 25167	-30.1897
 25168	-27.3961
 25169	-32.9954
 25170	-40.7307
 25171	-32.8654
 25172	-35.9323
 25173	-47.7588
 25174	-48.5635
 25175	-38.5275
 25176	-48.4934
 25177	-52.4535
 25178	-51.4081
 25179	-56.7643
 25180	-53.6647
 25181	-48.9809
 25182	-50.5894
 25183	-55.2199
 25184	-48.9659
 25185	-49.4209
 25186	-54.8186
 25187	-44.8472
 25188	-34.8913
 25189	-41.6426
 25190	-36.3411
 25191	-29.9983
 25192	-30.7642
 25193	-27.4474
 25194	-17.0478
 25195	-13.484
 25196	-12.14
 25197	-9.97321
 25198	-1.05125
 25199	3.74617
 25200	4.21709
 25201	3.15424
 25202	2.65958
 25203	4.25713
 25204	-2.99793
 25205	-8.08228
 25206	0.795203
 25207	-2.06042
 25208	-9.87949
 25209	-12.6418
 25210	-7.73784
 25211	-9.84975
 25212	-9.26681
 25213	-5.72275
 25214	-12.372
 25215	-10.4601
 25216	-5.56746
 25217	-6.69468
 25218	-7.02961
 25219	-7.90335
 25220	-7.28529
 25221	-12.6305
 25222	-13.0781
 25223	-11.7502
 25224	-17.2988
 25225	-10.6012
 25226	-11.4005
 25227	-22.0165
 25228	-18.2106
 25229	-10.776
 25230	-13.8789
 25231	-22.9156
 25232	-24.3869
 25233	-31.8015
 25234	-43.4313
 25235	-44.2803
 25236	-38.4164
 25237	-52.1861
 25238	-52.7524
 25239	-48.4432
 25240	-55.4636
 25241	-60.4719
 25242	-53.0056
 25243	-49.484
 25244	-52.2876
 25245	-48.5827
 25246	-47.8264
 25247	-47.9947
 25248	-41.6464
 25249	-37.7243
 25250	-39.9674
 25251	-33.728
 25252	-28.9771
 25253	-29.1897
 25254	-26.8404
 25255	-19.7045
 25256	-25.3475
 25257	-30.3072
 25258	-18.0448
 25259	-18.4192
 25260	-27.7933
 25261	-23.4019
 25262	-25.8276
 25263	-35.2128
 25264	-39.2858
 25265	-42.9247
 25266	-37.2078
 25267	-37.3439
 25268	-43.7845
 25269	-38.8561
 25270	-40.6723
 25271	-47.5736
 25272	-51.137
 25273	-43.4264
 25274	-47.7086
 25275	-59.4707
 25276	-48.0747
 25277	-43.8092
 25278	-54.9587
 25279	-51.116
 25280	-39.4705
 25281	-43.1958
 25282	-45.1095
 25283	-37.5928
 25284	-42.2584
 25285	-43.1965
 25286	-33.1082
 25287	-40.8314
 25288	-40.836
 25289	-30.8136
 25290	-25.2228
 25291	-29.2206
 25292	-29.3035
 25293	-22.3869
 25294	-27.0748
 25295	-35.1999
 25296	-35.4378
 25297	-38.8231
 25298	-39.0174
 25299	-33.0547
 25300	-35.9194
 25301	-38.7829
 25302	-34.1967
 25303	-32.9748
 25304	-36.818
 25305	-36.6261
 25306	-40.8443
 25307	-44.3342
 25308	-43.1501
 25309	-35.4163
 25310	-46.3741
 25311	-47.76
 25312	-39.0983
 25313	-41.4814
 25314	-50.8649
 25315	-51.3613
 25316	-48.597
 25317	-49.0127
 25318	-49.4781
 25319	-51.5401
 25320	-49.3855
 25321	-41.0118
 25322	-42.0342
 25323	-42.5858
 25324	-40.4508
 25325	-41.8654
 25326	-40.8665
 25327	-38.361
 25328	-41.1571
 25329	-45.9137
 25330	-35.2549
 25331	-31.6391
 25332	-35.6552
 25333	-32.0812
 25334	-30.33
 25335	-26.8576
 25336	-22.8192
 25337	-15.3408
 25338	-19.0353
 25339	-22.9906
 25340	-7.5308
 25341	-2.49696
 25342	-15.2563
 25343	-15.5866
 25344	-9.28902
 25345	-13.8424
 25346	-14.5134
 25347	-13.5561
 25348	-16.212
 25349	-13.4949
 25350	-12.1231
 25351	-12.886
 25352	-20.3129
 25353	-16.2457
 25354	-13.8619
 25355	-19.1064
 25356	-13.8411
 25357	-14.4787
 25358	-21.9729
 25359	-17.6832
 25360	-13.707
 25361	-16.2436
 25362	-28.2309
 25363	-25.136
 25364	-19.9927
 25365	-22.3736
 25366	-25.004
 25367	-28.5525
 25368	-19.35
 25369	-20.6747
 25370	-27.0806
 25371	-27.1127
 25372	-26.2503
 25373	-25.2494
 25374	-30.6529
 25375	-36.9675
 25376	-33.7734
 25377	-44.2875
 25378	-43.8381
 25379	-41.2676
 25380	-45.62
 25381	-44.8358
 25382	-47.1931
 25383	-43.3838
 25384	-40.9129
 25385	-38.5599
 25386	-33.7969
 25387	-31.9623
 25388	-33.6993
 25389	-29.1354
 25390	-32.1822
 25391	-24.4848
 25392	-27.5718
 25393	-30.0569
 25394	-32.8603
 25395	-35.6237
 25396	-32.7044
 25397	-30.246
 25398	-26.4585
 25399	-24.5024
 25400	-25.8655
 25401	-24.7757
 25402	-28.2814
 25403	-26.9148
 25404	-17.3302
 25405	-27.301
 25406	-21.1526
 25407	-26.8194
 25408	-36.3534
 25409	-37.4259
 25410	-34.7663
 25411	-32.2326
 25412	-35.9424
 25413	-38.1973
 25414	-30.4962
 25415	-31.7512
 25416	-26.7127
 25417	-22.7855
 25418	-26.1165
 25419	-25.6024
 25420	-35.7787
 25421	-37.1072
 25422	-34.7542
 25423	-34.1501
 25424	-33.7228
 25425	-30.8189
 25426	-27.2023
 25427	-26.7135
 25428	-22.9796
 25429	-14.2945
 25430	-20.9716
 25431	-26.6092
 25432	-18.6481
 25433	-19.0997
 25434	-22.5361
 25435	-23.0916
 25436	-22.8171
 25437	-36.8591
 25438	-39.3566
 25439	-30.242
 25440	-34.5729
 25441	-43.3397
 25442	-39.8614
 25443	-42.7902
 25444	-45.3987
 25445	-54.0011
 25446	-47.7959
 25447	-46.99
 25448	-45.3849
 25449	-43.5522
 25450	-48.0667
 25451	-40.2158
 25452	-39.9273
 25453	-42.628
 25454	-34.6413
 25455	-38.3149
 25456	-41.396
 25457	-36.6742
 25458	-36.9927
 25459	-33.4215
 25460	-37.5083
 25461	-31.5171
 25462	-38.4557
 25463	-44.3766
 25464	-39.4599
 25465	-40.8819
 25466	-40.8578
 25467	-39.496
 25468	-45.9063
 25469	-41.6089
 25470	-39.3777
 25471	-32.0211
 25472	-31.1325
 25473	-35.8089
 25474	-30.9961
 25475	-38.2454
 25476	-37.5854
 25477	-34.7074
 25478	-39.8083
 25479	-36.6862
 25480	-40.9566
 25481	-44.9926
 25482	-37.7582
 25483	-38.8982
 25484	-41.3733
 25485	-43.2957
 25486	-39.741
 25487	-37.7461
 25488	-47.6672
 25489	-39.876
 25490	-37.5977
 25491	-41.2555
 25492	-42.5362
 25493	-39.7022
 25494	-46.281
 25495	-48.2985
 25496	-46.3775
 25497	-39.2128
 25498	-49.6414
 25499	-45.4092
 25500	-45.1626
 25501	-34.6287
 25502	-28.3433
 25503	-21.1852
 25504	-20.6176
 25505	-20.9979
 25506	-16.9074
 25507	-10.2886
 25508	-13.3187
 25509	-11.8148
 25510	-14.0181
 25511	-20.4675
 25512	-20.4648
 25513	-18.6739
 25514	-13.3662
 25515	-19.403
 25516	-17.5319
 25517	-16.354
 25518	-21.4764
 25519	-27.8356
 25520	-28.0795
 25521	-23.0529
 25522	-24.2017
 25523	-38.4448
 25524	-42.5735
 25525	-39.3813
 25526	-40.412
 25527	-47.2983
 25528	-41.6367
 25529	-38.1333
 25530	-33.855
 25531	-27.2912
 25532	-28.3801
 25533	-23.476
 25534	-17.2176
 25535	-20.0016
 25536	-30.7733
 25537	-38.4177
 25538	-41.4971
 25539	-40.7408
 25540	-45.4319
 25541	-42.8291
 25542	-48.7551
 25543	-50.2985
 25544	-44.6061
 25545	-35.3793
 25546	-32.6525
 25547	-30.1511
 25548	-29.5455
 25549	-26.8487
 25550	-19.0328
 25551	-22.6466
 25552	-27.4373
 25553	-24.5684
 25554	-23.1168
 25555	-31.5975
 25556	-30.7997
 25557	-17.3555
 25558	-21.379
 25559	-29.5308
 25560	-22.6194
 25561	-21.2176
 25562	-25.6398
 25563	-20.5008
 25564	-13.053
 25565	-16.1217
 25566	-16.7689
 25567	-18.6677
 25568	-21.891
 25569	-21.8106
 25570	-20.831
 25571	-15.896
 25572	-19.936
 25573	-24.6111
 25574	-18.9397
 25575	-17.8686
 25576	-18.4962
 25577	-17.8813
 25578	-21.772
 25579	-18.4411
 25580	-25.9498
 25581	-26.4089
 25582	-16.2254
 25583	-21.621
 25584	-31.6262
 25585	-34.2702
 25586	-36.9078
 25587	-38.099
 25588	-38.1124
 25589	-41.0556
 25590	-46.4989
 25591	-43.535
 25592	-40.8448
 25593	-49.8472
 25594	-47.3469
 25595	-41.6736
 25596	-51.6435
 25597	-58.8728
 25598	-57.4449
 25599	-53.3157
 25600	-51.2162
 25601	-44.2083
 25602	-40.328
 25603	-42.6777
 25604	-37.8828
 25605	-32.2085
 25606	-24.9401
 25607	-23.5109
 25608	-28.2468
 25609	-26.1129
 25610	-26.3932
 25611	-27.7406
 25612	-23.1147
 25613	-21.8904
 25614	-18.7469
 25615	-19.9551
 25616	-23.8293
 25617	-23.3859
 25618	-22.5206
 25619	-16.3469
 25620	-15.8559
 25621	-22.1894
 25622	-27.1097
 25623	-22.6019
 25624	-19.4975
 25625	-21.4205
 25626	-20.7247
 25627	-22.5789
 25628	-22.9239
 25629	-24.3916
 25630	-28.3426
 25631	-24.4097
 25632	-23.4252
 25633	-25.4847
 25634	-24.3827
 25635	-25.0306
 25636	-24.2671
 25637	-18.0156
 25638	-25.6796
 25639	-27.3749
 25640	-32.4852
 25641	-31.3344
 25642	-29.0359
 25643	-33.1882
 25644	-34.3718
 25645	-25.8832
 25646	-28.0141
 25647	-33.5369
 25648	-33.0163
 25649	-27.7493
 25650	-29.7694
 25651	-32.9772
 25652	-26.5809
 25653	-31.6237
 25654	-23.4184
 25655	-20.421
 25656	-24.8578
 25657	-27.352
 25658	-23.078
 25659	-21.5302
 25660	-24.9556
 25661	-25.4437
 25662	-20.0999
 25663	-22.1123
 25664	-25.0718
 25665	-30.8086
 25666	-27.1497
 25667	-26.9337
 25668	-33.9495
 25669	-26.293
 25670	-27.6524
 25671	-27.0564
 25672	-24.4055
 25673	-29.5942
 25674	-26.0878
 25675	-25.2344
 25676	-28.3022
 25677	-26.7338
 25678	-28.228
 25679	-22.6222
 25680	-24.1196
 25681	-26.4681
 25682	-24.415
 25683	-25.3804
 25684	-22.1375
 25685	-21.566
 25686	-21.232
 25687	-21.6885
 25688	-25.6821
 25689	-14.9975
 25690	-15.5783
 25691	-27.4479
 25692	-17.9043
 25693	-13.6384
 25694	-16.7759
 25695	-18.4978
 25696	-15.1119
 25697	-4.9731
 25698	-9.35215
 25699	-11.0377
 25700	-8.23838
 25701	-2.52368
 25702	1.37064
 25703	-2.65626
 25704	1.20189
 25705	-0.810697
 25706	-6.38505
 25707	-3.86444
 25708	-7.80931
 25709	-10.2962
 25710	-7.14579
 25711	-4.64725
 25712	-9.7983
 25713	-15.4245
 25714	-12.7351
 25715	-14.1956
 25716	-15.0629
 25717	-17.4048
 25718	-24.2233
 25719	-17.5138
 25720	-11.3687
 25721	-13.5858
 25722	-15.728
 25723	-16.919
 25724	-6.25995
 25725	-7.29642
 25726	-17.7536
 25727	-7.49286
 25728	-0.279077
 25729	-10.7525
 25730	-16.5608
 25731	-13.7715
 25732	-14.7903
 25733	-18.5569
 25734	-23.4383
 25735	-28.6488
 25736	-23.2238
 25737	-23.9017
 25738	-27.651
 25739	-27.5253
 25740	-26.5657
 25741	-26.2579
 25742	-34.5682
 25743	-37.6003
 25744	-30.3919
 25745	-33.6499
 25746	-32.4971
 25747	-36.518
 25748	-45.5684
 25749	-38.3925
 25750	-42.3903
 25751	-46.4133
 25752	-43.6274
 25753	-40.0537
 25754	-39.9964
 25755	-39.9402
 25756	-35.6982
 25757	-32.1937
 25758	-43.9991
 25759	-42.6042
 25760	-40.3608
 25761	-50.0537
 25762	-44.5614
 25763	-39.5203
 25764	-39.6395
 25765	-39.3196
 25766	-39.8401
 25767	-36.16
 25768	-34.7999
 25769	-35.1038
 25770	-32.997
 25771	-36.6572
 25772	-31.2826
 25773	-33.6559
 25774	-35.4325
 25775	-33.8935
 25776	-35.4228
 25777	-36.4492
 25778	-30.8242
 25779	-33.2789
 25780	-35.7701
 25781	-26.8146
 25782	-15.5501
 25783	-24.541
 25784	-25.027
 25785	-12.2744
 25786	-17.7234
 25787	-23.7804
 25788	-17.8853
 25789	-14.7771
 25790	-20.4945
 25791	-18.3601
 25792	-15.3812
 25793	-16.8044
 25794	-21.1093
 25795	-17.1183
 25796	-18.4657
 25797	-14.0698
 25798	-17.5011
 25799	-17.7664
 25800	-10.878
 25801	-8.91973
 25802	-21.0627
 25803	-23.3038
 25804	-18.1935
 25805	-20.6355
 25806	-27.8534
 25807	-29.7164
 25808	-26.9702
 25809	-30.4252
 25810	-26.5286
 25811	-31.1465
 25812	-38.7889
 25813	-35.7247
 25814	-33.7938
 25815	-52.8358
 25816	-49.7395
 25817	-46.3761
 25818	-51.8777
 25819	-56.531
 25820	-50.7534
 25821	-52.2024
 25822	-55.7466
 25823	-51.4998
 25824	-49.8662
 25825	-52.6838
 25826	-42.2351
 25827	-43.4192
 25828	-48.0609
 25829	-37.5561
 25830	-40.8247
 25831	-43.8723
 25832	-46.1977
 25833	-46.5634
 25834	-44.6186
 25835	-45.7011
 25836	-32.7686
 25837	-30.1895
 25838	-41.2979
 25839	-40.3697
 25840	-38.4848
 25841	-39.5011
 25842	-39.9751
 25843	-42.5609
 25844	-38.2391
 25845	-44.6992
 25846	-41.7247
 25847	-48.1273
 25848	-48.3433
 25849	-44.8031
 25850	-48.8591
 25851	-48.8576
 25852	-46.1527
 25853	-55.7325
 25854	-51.9777
 25855	-55.3081
 25856	-65.5659
 25857	-66.9306
 25858	-67.5851
 25859	-71.2316
 25860	-75.9426
 25861	-67.3376
 25862	-62.8679
 25863	-70.2934
 25864	-67.6936
 25865	-54.1003
 25866	-57.8834
 25867	-46.9413
 25868	-36.7541
 25869	-38.023
 25870	-40.7491
 25871	-39.4911
 25872	-41.8055
 25873	-36.5717
 25874	-40.0191
 25875	-35.9879
 25876	-28.9665
 25877	-28.2639
 25878	-26.7339
 25879	-31.9467
 25880	-33.9782
 25881	-29.7352
 25882	-42.06
 25883	-38.3301
 25884	-27.3165
 25885	-38.5932
 25886	-37.4208
 25887	-34.0076
 25888	-43.5368
 25889	-49.0307
 25890	-46.0379
 25891	-46.9694
 25892	-53.5764
 25893	-50.4297
 25894	-36.1571
 25895	-44.5466
 25896	-47.0127
 25897	-33.0284
 25898	-37.8526
 25899	-40.924
 25900	-38.4018
 25901	-37.6428
 25902	-41.9536
 25903	-42.0121
 25904	-41.4277
 25905	-49.6663
 25906	-46.389
 25907	-43.177
 25908	-44.819
 25909	-43.0593
 25910	-43.8492
 25911	-41.6439
 25912	-39.655
 25913	-37.3935
 25914	-40.7
 25915	-40.3455
 25916	-33.427
 25917	-35.4682
 25918	-40.6213
 25919	-35.207
 25920	-40.4053
 25921	-42.4952
 25922	-41.0601
 25923	-46.7121
 25924	-43.7207
 25925	-40.7611
 25926	-41.9437
 25927	-40.2237
 25928	-41.1458
 25929	-44.3627
 25930	-44.9123
 25931	-36.9134
 25932	-40.4591
 25933	-45.4985
 25934	-35.6392
 25935	-39.2504
 25936	-42.1791
 25937	-41.7207
 25938	-40.3969
 25939	-37.5241
 25940	-41.6425
 25941	-33.0148
 25942	-31.717
 25943	-33.9606
 25944	-21.3037
 25945	-22.7954
 25946	-30.4009
 25947	-26.5217
 25948	-25.6481
 25949	-29.1253
 25950	-34.9109
 25951	-29.1737
 25952	-25.5855
 25953	-40.7196
 25954	-34.1413
 25955	-26.8685
 25956	-34.0782
 25957	-23.9433
 25958	-13.5879
 25959	-16.9368
 25960	-19.3041
 25961	-17.4279
 25962	-18.5053
 25963	-19.0476
 25964	-21.47
 25965	-24.6011
 25966	-28.1062
 25967	-28.52
 25968	-37.3562
 25969	-39.4246
 25970	-33.0299
 25971	-33.239
 25972	-37.9163
 25973	-29.5746
 25974	-23.3179
 25975	-29.4332
 25976	-26.3146
 25977	-23.9372
 25978	-33.8431
 25979	-35.9703
 25980	-27.886
 25981	-18.4841
 25982	-20.0965
 25983	-22.702
 25984	-18.5613
 25985	-24.2952
 25986	-32.1847
 25987	-29.0618
 25988	-29.0175
 25989	-23.0341
 25990	-26.6142
 25991	-28.5719
 25992	-28.8221
 25993	-35.9686
 25994	-35.4634
 25995	-34.9999
 25996	-44.9595
 25997	-41.3384
 25998	-32.8928
 25999	-30.833
 26000	-34.2399
 26001	-33.721
 26002	-27.6738
 26003	-33.6948
 26004	-35.3062
 26005	-29.3612
 26006	-27.8712
 26007	-33.3262
 26008	-31.5635
 26009	-24.666
 26010	-32.9679
 26011	-43.5034
 26012	-43.8016
 26013	-45.438
 26014	-44.5797
 26015	-40.4937
 26016	-44.4308
 26017	-48.1897
 26018	-44.4731
 26019	-45.6673
 26020	-51.7762
 26021	-45.7939
 26022	-45.3958
 26023	-52.2238
 26024	-46.6505
 26025	-38.6546
 26026	-37.8949
 26027	-35.614
 26028	-31.9946
 26029	-32.3935
 26030	-33.3748
 26031	-28.7179
 26032	-33.3935
 26033	-39.4319
 26034	-37.8702
 26035	-39.9784
 26036	-42.8149
 26037	-41.0247
 26038	-40.6854
 26039	-44.955
 26040	-46.7764
 26041	-39.7267
 26042	-41.5961
 26043	-46.0803
 26044	-39.8298
 26045	-42.9748
 26046	-42.2877
 26047	-36.9945
 26048	-43.8414
 26049	-40.8165
 26050	-40.9835
 26051	-41.3466
 26052	-34.0684
 26053	-37.4312
 26054	-34.3832
 26055	-35.1691
 26056	-38.2544
 26057	-30.34
 26058	-34.9282
 26059	-34.3129
 26060	-39.4002
 26061	-41.3729
 26062	-34.2735
 26063	-37.5024
 26064	-35.9277
 26065	-35.3986
 26066	-39.0361
 26067	-32.7945
 26068	-34.8575
 26069	-33.6103
 26070	-32.4162
 26071	-32.0348
 26072	-33.4801
 26073	-34.7545
 26074	-35.9372
 26075	-35.8332
 26076	-43.3361
 26077	-43.1127
 26078	-36.9926
 26079	-44.9892
 26080	-48.8628
 26081	-45.077
 26082	-44.287
 26083	-49.9542
 26084	-44.4712
 26085	-43.2907
 26086	-45.8677
 26087	-41.449
 26088	-33.4834
 26089	-42.1443
 26090	-39.7457
 26091	-28.5926
 26092	-26.4426
 26093	-35.9047
 26094	-29.9561
 26095	-17.9056
 26096	-17.6431
 26097	-20.3076
 26098	-17.0161
 26099	-12.263
 26100	-14.8949
 26101	-11.6592
 26102	-1.58718
 26103	-8.54065
 26104	-15.2946
 26105	-4.68634
 26106	-2.85765
 26107	-10.2278
 26108	-17.1405
 26109	-10.3192
 26110	-10.6243
 26111	-9.9158
 26112	-14.7284
 26113	-12.1106
 26114	-8.82634
 26115	-10.0595
 26116	-5.71804
 26117	-10.2625
 26118	-10.7983
 26119	-7.59662
 26120	-9.83482
 26121	-12.407
 26122	-19.5314
 26123	-22.3079
 26124	-20.9645
 26125	-24.555
 26126	-20.7613
 26127	-20.9599
 26128	-13.4149
 26129	-11.8727
 26130	-10.1433
 26131	-7.82839
 26132	-7.89854
 26133	-2.32338
 26134	-2.89551
 26135	-0.142024
 26136	-1.02878
 26137	-5.12553
 26138	3.8979
 26139	-4.34161
 26140	-7.84073
 26141	6.33602
 26142	-1.90233
 26143	-1.37191
 26144	4.91994
 26145	0.205598
 26146	6.23973
 26147	0.047453
 26148	-4.0622
 26149	3.65511
 26150	0.430167
 26151	3.85163
 26152	4.16171
 26153	7.53994
 26154	7.26147
 26155	13.2132
 26156	18.8869
 26157	12.0533
 26158	16.3712
 26159	19.5986
 26160	14.8147
 26161	14.6476
 26162	17.4448
 26163	24.3332
 26164	26.5408
 26165	23.6615
 26166	23.8755
 26167	25.6001
 26168	30.9054
 26169	30.8393
 26170	26.4795
 26171	39.3944
 26172	38.3916
 26173	38.9954
 26174	33.3758
 26175	27.3164
 26176	29.0798
 26177	31.8972
 26178	30.6821
 26179	32.9096
 26180	34.8306
 26181	29.6265
 26182	32.5954
 26183	32.1157
 26184	21.0254
 26185	25.3781
 26186	30.7653
 26187	29.8797
 26188	23.9859
 26189	25.8138
 26190	27.4942
 26191	34.6329
 26192	25.0359
 26193	28.3484
 26194	36.8464
 26195	32.2802
 26196	40.3262
 26197	47.7254
 26198	42.1074
 26199	44.1229
 26200	52.4396
 26201	52.704
 26202	49.7295
 26203	51.9174
 26204	48.8578
 26205	46.5208
 26206	41.6189
 26207	38.5215
 26208	40.2896
 26209	41.1331
 26210	39.3788
 26211	43.0315
 26212	35.2321
 26213	35.9506
 26214	36.7857
 26215	31.2714
 26216	36.3672
 26217	33.9326
 26218	28.9595
 26219	29.3502
 26220	27.2565
 26221	22.5963
 26222	23.8611
 26223	21.9215
 26224	16.292
 26225	20.1527
 26226	18.845
 26227	14.2489
 26228	11.647
 26229	11.673
 26230	8.87945
 26231	1.52682
 26232	5.40927
 26233	3.23167
 26234	-1.72307
 26235	-3.17849
 26236	-1.80154
 26237	-5.6041
 26238	-7.16726
 26239	-5.31244
 26240	-4.83159
 26241	-4.91242
 26242	-5.61868
 26243	-6.9481
 26244	-3.98495
 26245	-3.98562
 26246	-6.42284
 26247	0.173639
 26248	-0.599871
 26249	-1.29175
 26250	1.35335
 26251	0.475085
 26252	2.77102
 26253	2.1707
 26254	1.79478
 26255	4.60794
 26256	2.11975
 26257	1.57666
 26258	10.012
 26259	7.45852
 26260	9.72997
 26261	15.8511
 26262	12.6922
 26263	14.6517
 26264	17.4379
 26265	13.6038
 26266	20.6678
 26267	21.2294
 26268	18.9838
 26269	18.7668
 26270	19.555
 26271	22.9808
 26272	23.9964
 26273	20.0116
 26274	19.1525
 26275	22.0523
 26276	17.3747
 26277	20.4762
 26278	22.9066
 26279	18.7652
 26280	20.2804
 26281	19.9324
 26282	11.1144
 26283	19.3111
 26284	13.2324
 26285	10.8958
 26286	12.9984
 26287	10.4799
 26288	9.90276
 26289	14.4866
 26290	8.63294
 26291	1.11347
 26292	0.092052
 26293	5.40774
 26294	-2.75055
 26295	-4.96467
 26296	-0.256219
 26297	-2.8528
 26298	-10.0806
 26299	-8.31644
 26300	-8.91345
 26301	-14.3983
 26302	-8.87057
 26303	-3.52359
 26304	-9.03791
 26305	-14.4083
 26306	-10.5922
 26307	-7.38989
 26308	-9.05323
 26309	-18.2935
 26310	-13.4113
 26311	-3.0228
 26312	-9.5169
 26313	-11.908
 26314	-10.8121
 26315	-8.78986
 26316	-12.7999
 26317	-16.5502
 26318	-17.4077
 26319	-14.8912
 26320	-16.7754
 26321	-6.09231
 26322	-12.6503
 26323	-24.6536
 26324	-20.6152
 26325	-11.2403
 26326	-28.4786
 26327	-30.3653
 26328	-23.5368
 26329	-20.4207
 26330	-21.3371
 26331	-23.1823
 26332	-16.5648
 26333	-22.657
 26334	-21.5086
 26335	-18.4274
 26336	-28.9967
 26337	-31.3027
 26338	-22.4989
 26339	-27.0613
 26340	-32.5879
 26341	-31.3801
 26342	-31.7346
 26343	-26.6828
 26344	-22.1585
 26345	-24.9277
 26346	-30.865
 26347	-24.5528
 26348	-20.5222
 26349	-27.793
 26350	-36.6374
 26351	-24.3531
 26352	-23.2442
 26353	-29.143
 26354	-27.9216
 26355	-20.7035
 26356	-20.7932
 26357	-14.7619
 26358	-16.9114
 26359	-23.1927
 26360	-14.1011
 26361	-11.7091
 26362	-17.0706
 26363	-13.4451
 26364	-13.7733
 26365	-20.0453
 26366	-20.2879
 26367	-19.7734
 26368	-21.3444
 26369	-25.617
 26370	-20.5448
 26371	-18.8433
 26372	-25.6456
 26373	-34.1259
 26374	-30.7458
 26375	-28.25
 26376	-27.8285
 26377	-37.0853
 26378	-39.5755
 26379	-31.2856
 26380	-28.2238
 26381	-29.9332
 26382	-35.7512
 26383	-27.834
 26384	-28.6173
 26385	-37.2668
 26386	-35.2091
 26387	-30.0817
 26388	-27.709
 26389	-23.3899
 26390	-31.2266
 26391	-30.514
 26392	-20.2134
 26393	-24.4552
 26394	-31.4158
 26395	-30.8994
 26396	-27.4221
 26397	-39.1604
 26398	-36.5403
 26399	-27.8838
 26400	-34.2794
 26401	-41.0252
 26402	-28.6685
 26403	-38.7463
 26404	-40.8304
 26405	-33.4304
 26406	-29.2156
 26407	-41.3137
 26408	-35.8313
 26409	-29.2401
 26410	-35.7527
 26411	-39.1085
 26412	-30.2786
 26413	-35.0035
 26414	-38.3822
 26415	-28.8905
 26416	-28.4343
 26417	-36.3234
 26418	-28.2031
 26419	-18.1517
 26420	-30.0353
 26421	-29.3046
 26422	-20.1113
 26423	-17.8472
 26424	-19.7031
 26425	-16.7615
 26426	-9.28683
 26427	-6.95754
 26428	-10.4181
 26429	-10.587
 26430	-6.69227
 26431	-6.46517
 26432	-4.89729
 26433	-7.66773
 26434	-4.34383
 26435	-6.70328
 26436	-8.3973
 26437	-7.03097
 26438	-7.67499
 26439	-9.33572
 26440	-2.60919
 26441	-2.64342
 26442	-9.03195
 26443	-7.15238
 26444	-2.88212
 26445	-10.7299
 26446	-20.8742
 26447	-18.0596
 26448	-17.6129
 26449	-18.5494
 26450	-24.3798
 26451	-19.7196
 26452	-21.3638
 26453	-29.8373
 26454	-33.7184
 26455	-31.457
 26456	-29.1288
 26457	-34.6346
 26458	-40.6957
 26459	-35.388
 26460	-42.9744
 26461	-45.3698
 26462	-39.5293
 26463	-42.2104
 26464	-46.8642
 26465	-47.443
 26466	-38.9146
 26467	-46.1286
 26468	-44.3623
 26469	-40.1253
 26470	-45.6644
 26471	-41.9222
 26472	-38.1075
 26473	-39.691
 26474	-39.9762
 26475	-34.4765
 26476	-24.4029
 26477	-29.5104
 26478	-32.803
 26479	-27.4905
 26480	-22.5627
 26481	-18.9434
 26482	-24.9627
 26483	-22.6342
 26484	-18.4126
 26485	-20.7485
 26486	-23.1468
 26487	-27.7225
 26488	-29.8875
 26489	-24.0223
 26490	-27.0109
 26491	-33.9592
 26492	-39.912
 26493	-31.1989
 26494	-32.4989
 26495	-41.613
 26496	-49.8945
 26497	-43.0094
 26498	-45.3207
 26499	-42.7922
 26500	-48.1682
 26501	-44.0213
 26502	-43.7999
 26503	-40.6824
 26504	-42.8504
 26505	-41.2526
 26506	-42.3222
 26507	-43.8219
 26508	-43.1743
 26509	-40.1442
 26510	-45.425
 26511	-41.9103
 26512	-36.7202
 26513	-40.9968
 26514	-47.7799
 26515	-46.7814
 26516	-39.5724
 26517	-50.5279
 26518	-52.3489
 26519	-49.2655
 26520	-47.8576
 26521	-47.6024
 26522	-46.7166
 26523	-46.8881
 26524	-46.2202
 26525	-43.7512
 26526	-48.6257
 26527	-50.2279
 26528	-48.5864
 26529	-41.9375
 26530	-44.1377
 26531	-45.6057
 26532	-43.2571
 26533	-38.0726
 26534	-43.1349
 26535	-40.8217
 26536	-41.5348
 26537	-39.8618
 26538	-51.7394
 26539	-54.7343
 26540	-49.4872
 26541	-48.9378
 26542	-52.0942
 26543	-49.4334
 26544	-47.2872
 26545	-50.5033
 26546	-42.1426
 26547	-40.1133
 26548	-42.4755
 26549	-46.0448
 26550	-44.5346
 26551	-45.2906
 26552	-43.2461
 26553	-46.3539
 26554	-41.6217
 26555	-43.3711
 26556	-39.6439
 26557	-45.1816
 26558	-44.5613
 26559	-41.4979
 26560	-41.4437
 26561	-46.3001
 26562	-40.2336
 26563	-45.8009
 26564	-47.4316
 26565	-46.4864
 26566	-47.8963
 26567	-49.8597
 26568	-49.9403
 26569	-46.6888
 26570	-47.1039
 26571	-48.8828
 26572	-46.2494
 26573	-46.6661
 26574	-53.33
 26575	-54.6279
 26576	-52.9839
 26577	-49.0244
 26578	-50.9596
 26579	-50.5521
 26580	-48.4912
 26581	-45.4303
 26582	-51.5914
 26583	-48.4339
 26584	-44.6044
 26585	-50.9993
 26586	-48.2081
 26587	-43.4948
 26588	-40.8502
 26589	-40.6672
 26590	-36.1137
 26591	-34.5489
 26592	-37.2662
 26593	-41.8952
 26594	-36.7882
 26595	-46.4905
 26596	-44.5553
 26597	-41.414
 26598	-48.9364
 26599	-50.5029
 26600	-48.8351
 26601	-55.1063
 26602	-50.912
 26603	-48.9273
 26604	-46.9558
 26605	-47.6998
 26606	-44.4276
 26607	-44.369
 26608	-47.0071
 26609	-34.8558
 26610	-41.5051
 26611	-45.3604
 26612	-35.6368
 26613	-33.9037
 26614	-42.5191
 26615	-33.7118
 26616	-30.0462
 26617	-33.7751
 26618	-37.652
 26619	-26.698
 26620	-32.8653
 26621	-38.2183
 26622	-36.8247
 26623	-41.6149
 26624	-42.0183
 26625	-40.6398
 26626	-47.3053
 26627	-52.5507
 26628	-49.0558
 26629	-47.2274
 26630	-49.1551
 26631	-49.1582
 26632	-42.1135
 26633	-47.1986
 26634	-36.4759
 26635	-41.2555
 26636	-42.3403
 26637	-41.2589
 26638	-40.1349
 26639	-46.0999
 26640	-43.7029
 26641	-37.1131
 26642	-38.9448
 26643	-47.8176
 26644	-40.3336
 26645	-44.2658
 26646	-51.7472
 26647	-44.7221
 26648	-57.0019
 26649	-56.2038
 26650	-52.8067
 26651	-55.6991
 26652	-60.2218
 26653	-55.9129
 26654	-57.2227
 26655	-58.0462
 26656	-52.2413
 26657	-48.2556
 26658	-57.0354
 26659	-53.1602
 26660	-43.666
 26661	-50.6839
 26662	-47.7369
 26663	-39.3361
 26664	-36.4728
 26665	-35.0031
 26666	-30.1358
 26667	-28.2727
 26668	-28.6541
 26669	-28.6416
 26670	-25.0244
 26671	-29.4836
 26672	-22.1511
 26673	-22.5784
 26674	-23.7919
 26675	-18.8044
 26676	-20.7101
 26677	-19.3938
 26678	-23.7444
 26679	-23.8834
 26680	-24.4451
 26681	-27.136
 26682	-27.6716
 26683	-24.1607
 26684	-25.0979
 26685	-23.1326
 26686	-27.7359
 26687	-25.0435
 26688	-25.2601
 26689	-21.5759
 26690	-29.2241
 26691	-29.471
 26692	-29.5569
 26693	-31.2738
 26694	-33.4223
 26695	-33.3264
 26696	-40.4142
 26697	-39.5222
 26698	-37.2789
 26699	-40.2464
 26700	-46.0117
 26701	-48.7787
 26702	-46.514
 26703	-49.8013
 26704	-56.8589
 26705	-58.0752
 26706	-51.387
 26707	-46.155
 26708	-48.6585
 26709	-55.2402
 26710	-44.3543
 26711	-39.2991
 26712	-43.3946
 26713	-42.4303
 26714	-38.1236
 26715	-38.5596
 26716	-41.7225
 26717	-35.7785
 26718	-29.9621
 26719	-30.1132
 26720	-31.306
 26721	-23.2927
 26722	-24.791
 26723	-35.6706
 26724	-39.269
 26725	-32.507
 26726	-36.1417
 26727	-41.1505
 26728	-43.7592
 26729	-36.4946
 26730	-42.3052
 26731	-44.249
 26732	-41.7641
 26733	-48.1396
 26734	-53.0506
 26735	-52.9861
 26736	-50.426
 26737	-52.862
 26738	-54.7016
 26739	-50.8197
 26740	-45.861
 26741	-49.2459
 26742	-50.5483
 26743	-41.1671
 26744	-38.953
 26745	-48.6739
 26746	-42.9428
 26747	-37.6847
 26748	-41.6866
 26749	-45.924
 26750	-36.8193
 26751	-34.1258
 26752	-41.2505
 26753	-38.2925
 26754	-29.3493
 26755	-28.4726
 26756	-32.6618
 26757	-35.6405
 26758	-37.5071
 26759	-40.4495
 26760	-45.5226
 26761	-43.1505
 26762	-39.69
 26763	-44.7278
 26764	-46.1268
 26765	-38.6353
 26766	-39.8526
 26767	-45.4048
 26768	-39.0404
 26769	-39.8362
 26770	-44.7978
 26771	-41.366
 26772	-36.6643
 26773	-43.4237
 26774	-45.9943
 26775	-42.3487
 26776	-40.391
 26777	-49.818
 26778	-43.977
 26779	-38.9568
 26780	-42.7999
 26781	-46.0683
 26782	-43.9797
 26783	-44.7307
 26784	-42.047
 26785	-45.4191
 26786	-38.6153
 26787	-35.9482
 26788	-36.5392
 26789	-36.8898
 26790	-37.4899
 26791	-36.1735
 26792	-40.9625
 26793	-44.1252
 26794	-39.5698
 26795	-51.7168
 26796	-52.1463
 26797	-41.4109
 26798	-46.2076
 26799	-51.3973
 26800	-48.0952
 26801	-45.2262
 26802	-45.8954
 26803	-43.8671
 26804	-42.0917
 26805	-46.6514
 26806	-46.3291
 26807	-44.4224
 26808	-47.1525
 26809	-44.5875
 26810	-37.9246
 26811	-39.5117
 26812	-37.0019
 26813	-36.2153
 26814	-41.8684
 26815	-36.0358
 26816	-31.1417
 26817	-44.4946
 26818	-43.6674
 26819	-32.3142
 26820	-38.6748
 26821	-39.6998
 26822	-33.8921
 26823	-34.8444
 26824	-38.467
 26825	-41.5426
 26826	-45.7803
 26827	-48.6473
 26828	-44.8956
 26829	-44.6062
 26830	-61.7555
 26831	-60.6924
 26832	-54.5741
 26833	-57.5211
 26834	-61.7025
 26835	-55.6517
 26836	-54.4262
 26837	-51.1827
 26838	-53.649
 26839	-55.0131
 26840	-53.4723
 26841	-41.3994
 26842	-44.0872
 26843	-47.6892
 26844	-46.041
 26845	-33.8985
 26846	-36.0634
 26847	-41.6186
 26848	-38.7942
 26849	-40.9837
 26850	-41.4193
 26851	-40.0804
 26852	-48.9687
 26853	-39.9708
 26854	-38.1283
 26855	-46.5577
 26856	-45.5946
 26857	-45.1322
 26858	-44.2665
 26859	-46.9056
 26860	-45.2618
 26861	-45.8692
 26862	-48.0363
 26863	-45.9111
 26864	-43.441
 26865	-49.9746
 26866	-45.3893
 26867	-42.2029
 26868	-44.3648
 26869	-46.3346
 26870	-41.2198
 26871	-43.3702
 26872	-40.7705
 26873	-42.7108
 26874	-51.4346
 26875	-45.5005
 26876	-41.2695
 26877	-49.8426
 26878	-47.283
 26879	-41.3276
 26880	-38.4895
 26881	-44.037
 26882	-46.0345
 26883	-41.6499
 26884	-50.1689
 26885	-49.1649
 26886	-51.3209
 26887	-57.7079
 26888	-54.0593
 26889	-51.0086
 26890	-49.4663
 26891	-47.5733
 26892	-49.6552
 26893	-47.0577
 26894	-41.9193
 26895	-41.6058
 26896	-39.3022
 26897	-41.7968
 26898	-35.6795
 26899	-29.8564
 26900	-26.9448
 26901	-26.6468
 26902	-19.7677
 26903	-14.1713
 26904	-13.4385
 26905	-19.7978
 26906	-19.4814
 26907	-12.7679
 26908	-17.5125
 26909	-23.6103
 26910	-15.8656
 26911	-16.3804
 26912	-12.7586
 26913	-8.51168
 26914	-17.5401
 26915	-17.2588
 26916	-15.5196
 26917	-17.5115
 26918	-19.9975
 26919	-28.0539
 26920	-23.1624
 26921	-15.7832
 26922	-19.2015
 26923	-17.7639
 26924	-16.0797
 26925	-13.7267
 26926	-11.6768
 26927	-21.0345
 26928	-22.0233
 26929	-21.3341
 26930	-24.8638
 26931	-25.569
 26932	-25.1887
 26933	-28.404
 26934	-30.2711
 26935	-28.1145
 26936	-28.76
 26937	-29.3257
 26938	-28.2723
 26939	-30.8701
 26940	-28.3958
 26941	-27.2716
 26942	-28.283
 26943	-32.5565
 26944	-36.0852
 26945	-27.4228
 26946	-31.6646
 26947	-37.4136
 26948	-30.5953
 26949	-27.8929
 26950	-30.4688
 26951	-40.8205
 26952	-49.775
 26953	-40.9142
 26954	-45.9555
 26955	-50.0369
 26956	-46.7678
 26957	-46.01
 26958	-48.3258
 26959	-51.4222
 26960	-51.3852
 26961	-47.7493
 26962	-52.8743
 26963	-51.4537
 26964	-50.0679
 26965	-46.1469
 26966	-43.0645
 26967	-40.2887
 26968	-37.1067
 26969	-39.4634
 26970	-35.7556
 26971	-33.3218
 26972	-36.326
 26973	-40.5296
 26974	-42.5083
 26975	-36.8352
 26976	-39.5794
 26977	-42.7112
 26978	-37.1597
 26979	-38.4794
 26980	-37.4666
 26981	-38.4731
 26982	-41.7157
 26983	-44.1199
 26984	-48.9411
 26985	-42.7293
 26986	-44.7059
 26987	-44.229
 26988	-42.0402
 26989	-48.6597
 26990	-46.2421
 26991	-44.22
 26992	-44.8958
 26993	-36.1005
 26994	-42.8931
 26995	-43.5354
 26996	-35.3831
 26997	-38.4531
 26998	-44.6124
 26999	-42.633
 27000	-42.1599
 27001	-46.9912
 27002	-45.6581
 27003	-41.1513
 27004	-46.2385
 27005	-52.41
 27006	-51.0468
 27007	-59.6768
 27008	-63.5742
 27009	-57.7065
 27010	-54.6574
 27011	-54.9717
 27012	-50.0905
 27013	-45.5975
 27014	-51.6431
 27015	-45.06
 27016	-42.2548
 27017	-43.53
 27018	-45.6528
 27019	-42.1835
 27020	-39.0309
 27021	-40.9786
 27022	-45.0218
 27023	-38.3612
 27024	-40.5502
 27025	-39.5756
 27026	-45.7205
 27027	-42.9934
 27028	-36.5524
 27029	-43.7593
 27030	-49.3585
 27031	-45.4691
 27032	-47.9315
 27033	-56.0296
 27034	-52.7952
 27035	-48.161
 27036	-48.2313
 27037	-50.5977
 27038	-52.3366
 27039	-54.334
 27040	-51.331
 27041	-46.2783
 27042	-53.011
 27043	-54.4409
 27044	-42.214
 27045	-41.4217
 27046	-43.1067
 27047	-37.7256
 27048	-37.0064
 27049	-39.4493
 27050	-40.4561
 27051	-45.4766
 27052	-44.6707
 27053	-40.1626
 27054	-47.9727
 27055	-47.4696
 27056	-42.9542
 27057	-43.6783
 27058	-49.8409
 27059	-46.8766
 27060	-42.7836
 27061	-51.4266
 27062	-46.9779
 27063	-45.3032
 27064	-56.393
 27065	-53.2518
 27066	-48.4343
 27067	-56.0541
 27068	-56.6069
 27069	-52.0235
 27070	-45.3657
 27071	-55.1124
 27072	-50.0201
 27073	-48.3802
 27074	-50.4576
 27075	-51.6842
 27076	-49.7136
 27077	-50.7589
 27078	-48.4061
 27079	-50.7445
 27080	-54.904
 27081	-52.3495
 27082	-47.3879
 27083	-53.9645
 27084	-53.6488
 27085	-48.6961
 27086	-52.0037
 27087	-50.4394
 27088	-46.3892
 27089	-48.5088
 27090	-47.6672
 27091	-45.523
 27092	-47.2485
 27093	-42.5025
 27094	-45.9528
 27095	-43.1824
 27096	-44.5005
 27097	-44.57
 27098	-37.4086
 27099	-40.2584
 27100	-33.7836
 27101	-32.3743
 27102	-36.8983
 27103	-33.1941
 27104	-31.8586
 27105	-31.5241
 27106	-31.2535
 27107	-42.2163
 27108	-41.0398
 27109	-43.625
 27110	-44.564
 27111	-51.829
 27112	-55.0413
 27113	-49.1536
 27114	-51.3628
 27115	-54.8324
 27116	-44.3234
 27117	-43.8588
 27118	-53.1119
 27119	-45.0493
 27120	-40.107
 27121	-49.1335
 27122	-43.9097
 27123	-37.2292
 27124	-41.1862
 27125	-41.1124
 27126	-29.6204
 27127	-30.8679
 27128	-39.339
 27129	-33.1094
 27130	-22.8285
 27131	-30.572
 27132	-34.1671
 27133	-31.2624
 27134	-37.7106
 27135	-39.555
 27136	-39.6842
 27137	-42.1249
 27138	-39.9139
 27139	-42.9735
 27140	-43.7483
 27141	-44.4505
 27142	-42.2914
 27143	-35.4212
 27144	-40.5668
 27145	-41.8649
 27146	-39.443
 27147	-39.7707
 27148	-37.0576
 27149	-41.3487
 27150	-42.0863
 27151	-40.9386
 27152	-45.7927
 27153	-48.2706
 27154	-41.2237
 27155	-41.1147
 27156	-47.4129
 27157	-47.8319
 27158	-48.8246
 27159	-48.5769
 27160	-45.9044
 27161	-45.2308
 27162	-46.7921
 27163	-46.5239
 27164	-44.3436
 27165	-44.6935
 27166	-43.8362
 27167	-42.3861
 27168	-45.0479
 27169	-42.1407
 27170	-39.8212
 27171	-38.2269
 27172	-33.2539
 27173	-24.4143
 27174	-25.8653
 27175	-26.8745
 27176	-26.7605
 27177	-23.8386
 27178	-30.9934
 27179	-34.691
 27180	-29.7167
 27181	-26.5154
 27182	-35.8482
 27183	-34.894
 27184	-29.3344
 27185	-22.3622
 27186	-24.4901
 27187	-27.1375
 27188	-24.4553
 27189	-23.2625
 27190	-22.1478
 27191	-22.1691
 27192	-23.7013
 27193	-21.2286
 27194	-15.6235
 27195	-19.0061
 27196	-15.699
 27197	-2.88602
 27198	4.1126
 27199	3.69407
 27200	6.12705
 27201	12.7053
 27202	9.79867
 27203	10.6137
 27204	11.228
 27205	9.4564
 27206	10.8547
 27207	15.8307
 27208	17.3296
 27209	11.1998
 27210	10.9763
 27211	12.2936
 27212	8.33176
 27213	5.55524
 27214	7.01873
 27215	8.14578
 27216	13.3781
 27217	13.6431
 27218	3.80887
 27219	5.51187
 27220	12.5908
 27221	7.17462
 27222	2.81
 27223	7.07726
 27224	5.09378
 27225	2.24452
 27226	6.34148
 27227	3.60636
 27228	-4.22726
 27229	1.52376
 27230	4.09514
 27231	-2.60387
 27232	-3.01034
 27233	-6.39864
 27234	-3.61497
 27235	-1.84726
 27236	-8.1611
 27237	-11.3992
 27238	-5.15406
 27239	-7.65485
 27240	-12.3692
 27241	-12.4513
 27242	-4.89176
 27243	-9.94296
 27244	-10.3212
 27245	-6.92127
 27246	-7.7179
 27247	-10.6129
 27248	-9.24868
 27249	-11.8864
 27250	-17.0989
 27251	-6.4198
 27252	-7.79761
 27253	-20.9295
 27254	-19.8728
 27255	-18.1692
 27256	-21.7497
 27257	-23.4903
 27258	-25.1012
 27259	-27.5305
 27260	-25.3172
 27261	-18.5142
 27262	-22.4254
 27263	-28.2633
 27264	-17.1517
 27265	-20.6694
 27266	-27.9655
 27267	-20.7601
 27268	-18.2242
 27269	-25.7888
 27270	-15.9505
 27271	-13.2427
 27272	-18.6673
 27273	-24.0954
 27274	-9.86084
 27275	-7.01599
 27276	-18.285
 27277	-23.3777
 27278	-16.3264
 27279	-19.6608
 27280	-22.3661
 27281	-24.3245
 27282	-21.9156
 27283	-16.3929
 27284	-18.5948
 27285	-25.3411
 27286	-18.7156
 27287	-18.8519
 27288	-26.0558
 27289	-13.5721
 27290	-19.6151
 27291	-28.5936
 27292	-21.0658
 27293	-13.336
 27294	-20.2867
 27295	-20.0431
 27296	-11.8692
 27297	-10.0397
 27298	-18.5007
 27299	-6.55645
 27300	-3.13366
 27301	-16.1599
 27302	-13.6091
 27303	-11.121
 27304	-22.7821
 27305	-18.0536
 27306	-10.9083
 27307	-10.7338
 27308	-6.0664
 27309	-5.33045
 27310	-4.82211
 27311	-7.20651
 27312	-5.96817
 27313	-8.86475
 27314	-12.035
 27315	-6.22652
 27316	-2.53073
 27317	-10.5706
 27318	-2.93893
 27319	-6.41333
 27320	-22.1367
 27321	-16.8797
 27322	-6.08282
 27323	-14.5822
 27324	-12.1091
 27325	-3.50595
 27326	-11.5696
 27327	-11.1215
 27328	-13.5415
 27329	-16.8033
 27330	-14.7043
 27331	-19.2391
 27332	-19.7242
 27333	-15.0658
 27334	-22.2086
 27335	-14.3159
 27336	-21.9557
 27337	-26.0517
 27338	-23.1305
 27339	-25.0446
 27340	-25.541
 27341	-23.559
 27342	-24.1222
 27343	-16.7169
 27344	-22.5735
 27345	-34.1135
 27346	-28.9034
 27347	-24.4163
 27348	-27.7051
 27349	-31.399
 27350	-25.1631
 27351	-25.2139
 27352	-27.3389
 27353	-22.9036
 27354	-22.4308
 27355	-28.8843
 27356	-20.8463
 27357	-15.4599
 27358	-25.9732
 27359	-24.1434
 27360	-8.63661
 27361	-13.8973
 27362	-16.4089
 27363	-7.1883
 27364	-15.0933
 27365	-12.1978
 27366	-7.54827
 27367	-5.19035
 27368	-9.25825
 27369	-10.7892
 27370	-5.70758
 27371	-11.0189
 27372	-22.3828
 27373	-16.0343
 27374	-26.6993
 27375	-32.9474
 27376	-24.3585
 27377	-24.8142
 27378	-24.843
 27379	-24.3642
 27380	-18.4008
 27381	-20.5985
 27382	-21.4323
 27383	-21.7999
 27384	-21.2761
 27385	-15.873
 27386	-18.4903
 27387	-30.4852
 27388	-26.1116
 27389	-22.0217
 27390	-24.4774
 27391	-37.9387
 27392	-39.4748
 27393	-38.1106
 27394	-43.1812
 27395	-41.0658
 27396	-42.1288
 27397	-47.0634
 27398	-46.1219
 27399	-49.4974
 27400	-52.4505
 27401	-46.0089
 27402	-42.1473
 27403	-37.9109
 27404	-41.7278
 27405	-34.4391
 27406	-29.7406
 27407	-32.3831
 27408	-31.1249
 27409	-28.7899
 27410	-26.9343
 27411	-28.7958
 27412	-29.266
 27413	-33.113
 27414	-30.2532
 27415	-28.1592
 27416	-27.925
 27417	-30.7803
 27418	-29.1032
 27419	-31.4291
 27420	-25.3435
 27421	-24.892
 27422	-27.2825
 27423	-32.0651
 27424	-26.2292
 27425	-21.7609
 27426	-25.9726
 27427	-25.7243
 27428	-24.7648
 27429	-29.4368
 27430	-32.5709
 27431	-29.9835
 27432	-32.6591
 27433	-39.5779
 27434	-34.3862
 27435	-30.7982
 27436	-41.8305
 27437	-43.2529
 27438	-37.5724
 27439	-37.3237
 27440	-40.5197
 27441	-41.1484
 27442	-45.1582
 27443	-45.8421
 27444	-41.5121
 27445	-44.3939
 27446	-48.7918
 27447	-39.167
 27448	-39.2808
 27449	-38.592
 27450	-31.433
 27451	-36.1992
 27452	-35.2153
 27453	-29.9917
 27454	-26.5347
 27455	-29.995
 27456	-28.6522
 27457	-22.8861
 27458	-25.5361
 27459	-29.7545
 27460	-28.1206
 27461	-31.5649
 27462	-26.2486
 27463	-21.4722
 27464	-20.0922
 27465	-16.1996
 27466	-11.6408
 27467	-7.54563
 27468	-14.8571
 27469	-13.4787
 27470	-11.3164
 27471	-17.7487
 27472	-23.987
 27473	-19.2882
 27474	-17.1526
 27475	-21.0306
 27476	-24.1057
 27477	-26.7917
 27478	-25.0972
 27479	-19.2253
 27480	-21.3818
 27481	-26.5681
 27482	-22.2227
 27483	-23.0118
 27484	-21.8233
 27485	-25.7323
 27486	-33.5135
 27487	-34.784
 27488	-32.5924
 27489	-35.5897
 27490	-39.7982
 27491	-38.2969
 27492	-27.7198
 27493	-29.5037
 27494	-40.8346
 27495	-38.6365
 27496	-36.803
 27497	-38.3271
 27498	-39.3508
 27499	-40.8685
 27500	-39.2882
 27501	-35.4871
 27502	-32.8489
 27503	-31.8042
 27504	-28.6642
 27505	-27.5076
 27506	-28.1792
 27507	-27.9517
 27508	-29.1674
 27509	-29.3406
 27510	-29.7365
 27511	-29.1984
 27512	-26.1002
 27513	-32.1649
 27514	-33.4203
 27515	-34.3932
 27516	-35.5662
 27517	-33.6197
 27518	-38.4965
 27519	-42.2947
 27520	-41.0011
 27521	-40.3308
 27522	-37.9319
 27523	-40.1738
 27524	-43.1066
 27525	-32.3336
 27526	-39.7259
 27527	-40.6784
 27528	-34.8426
 27529	-31.1432
 27530	-39.8761
 27531	-43.7726
 27532	-37.8304
 27533	-33.2189
 27534	-35.9953
 27535	-36.1183
 27536	-33.4911
 27537	-35.5548
 27538	-34.9036
 27539	-33.7363
 27540	-30.5162
 27541	-34.6166
 27542	-29.868
 27543	-31.1214
 27544	-29.4809
 27545	-34.2209
 27546	-33.8428
 27547	-30.0617
 27548	-31.8579
 27549	-38.0905
 27550	-37.7676
 27551	-33.2263
 27552	-30.7874
 27553	-37.5315
 27554	-40.35
 27555	-37.1107
 27556	-47.1152
 27557	-44.4802
 27558	-44.0979
 27559	-41.1804
 27560	-42.8387
 27561	-35.9732
 27562	-39.6885
 27563	-41.484
 27564	-44.1819
 27565	-40.5884
 27566	-42.0633
 27567	-47.4867
 27568	-53.2144
 27569	-53.2658
 27570	-47.6957
 27571	-50.7495
 27572	-49.54
 27573	-48.123
 27574	-51.0403
 27575	-52.1614
 27576	-43.2611
 27577	-42.518
 27578	-44.9883
 27579	-42.6266
 27580	-40.533
 27581	-53.0154
 27582	-48.4635
 27583	-43.0389
 27584	-46.7273
 27585	-46.834
 27586	-38.3893
 27587	-35.8268
 27588	-34.3097
 27589	-31.4791
 27590	-31.888
 27591	-32.6667
 27592	-29.0402
 27593	-36.9786
 27594	-36.7522
 27595	-25.5816
 27596	-22.6493
 27597	-25.4361
 27598	-24.3091
 27599	-19.478
 27600	-24.7403
 27601	-25.3158
 27602	-21.3885
 27603	-22.7385
 27604	-23.6341
 27605	-15.0842
 27606	-14.533
 27607	-13.1993
 27608	-9.63398
 27609	-7.60857
 27610	-9.10291
 27611	-12.0685
 27612	-13.4479
 27613	-14.616
 27614	-11.7834
 27615	-15.0757
 27616	-19.283
 27617	-16.8669
 27618	-18.1714
 27619	-27.1839
 27620	-30.5888
 27621	-33.7767
 27622	-32.2709
 27623	-37.0135
 27624	-34.9715
 27625	-43.159
 27626	-44.9892
 27627	-45.3183
 27628	-53.7053
 27629	-62.1678
 27630	-58.2456
 27631	-50.6272
 27632	-50.8935
 27633	-50.3918
 27634	-41.0552
 27635	-33.4866
 27636	-34.6064
 27637	-32.2651
 27638	-29.8172
 27639	-29.5289
 27640	-24.6094
 27641	-17.6923
 27642	-20.7113
 27643	-17.6374
 27644	-17.5483
 27645	-15.6377
 27646	-13.217
 27647	-16.4784
 27648	-20.9814
 27649	-14.6606
 27650	-9.28861
 27651	-16.7888
 27652	-20.9029
 27653	-13.0295
 27654	-15.9219
 27655	-24.3148
 27656	-16.8524
 27657	-16.2901
 27658	-23.9283
 27659	-25.3074
 27660	-16.5281
 27661	-21.9446
 27662	-25.5388
 27663	-25.4664
 27664	-22.8601
 27665	-25.145
 27666	-29.3325
 27667	-30.7188
 27668	-23.1308
 27669	-21.6132
 27670	-24.9752
 27671	-24.5903
 27672	-22.219
 27673	-23.1581
 27674	-29.521
 27675	-24.4412
 27676	-25.1208
 27677	-24.6278
 27678	-23.5213
 27679	-15.1571
 27680	-14.374
 27681	-8.44719
 27682	-8.74515
 27683	-11.5641
 27684	-11.5273
 27685	-7.94957
 27686	-6.60365
 27687	-4.60999
 27688	-2.11875
 27689	-2.67006
 27690	-4.39476
 27691	-5.62136
 27692	-8.14803
 27693	-11.8799
 27694	-10.5325
 27695	-17.024
 27696	-18.8442
 27697	-18.0283
 27698	-13.984
 27699	-16.4677
 27700	-16.2754
 27701	-16.6785
 27702	-22.824
 27703	-27.6344
 27704	-23.6902
 27705	-22.723
 27706	-21.6568
 27707	-22.5174
 27708	-21.5218
 27709	-19.7427
 27710	-20.9297
 27711	-17.3078
 27712	-18.3537
 27713	-16.3659
 27714	-12.6402
 27715	-12.8673
 27716	-12.1264
 27717	-7.15739
 27718	-11.5311
 27719	-9.73476
 27720	-9.73764
 27721	-9.72781
 27722	-9.93791
 27723	-6.62348
 27724	-2.40202
 27725	-4.66365
 27726	-2.21595
 27727	-4.8581
 27728	-6.48249
 27729	2.19367
 27730	1.19273
 27731	-2.99053
 27732	0.707219
 27733	4.08261
 27734	0.512533
 27735	-5.04126
 27736	-1.36393
 27737	-4.63562
 27738	-4.2155
 27739	-2.82909
 27740	-6.35617
 27741	-3.96034
 27742	-2.29234
 27743	-10.4713
 27744	-12.2847
 27745	-14.6362
 27746	-12.8898
 27747	-12.8913
 27748	-10.2342
 27749	-9.69516
 27750	-19.5473
 27751	-17.7937
 27752	-10.7387
 27753	-9.95235
 27754	-13.6408
 27755	-11.0672
 27756	-6.71349
 27757	-7.01863
 27758	-5.59577
 27759	-6.52505
 27760	-10.3511
 27761	-7.63056
 27762	-9.40641
 27763	-6.82389
 27764	-7.34677
 27765	-4.669
 27766	4.79525
 27767	2.04455
 27768	-3.32622
 27769	3.66699
 27770	6.49774
 27771	3.55811
 27772	-0.0397498
 27773	4.0111
 27774	4.47806
 27775	-7.4837
 27776	-8.06135
 27777	-5.92795
 27778	-13.2213
 27779	-16.0084
 27780	-9.89818
 27781	-7.27992
 27782	-10.6564
 27783	-4.87386
 27784	-0.3768
 27785	-9.00617
 27786	-7.4716
 27787	1.06278
 27788	0.936235
 27789	-4.50427
 27790	-7.9944
 27791	-9.38701
 27792	-11.7135
 27793	-13.2508
 27794	-19.1834
 27795	-18.4528
 27796	-10.0396
 27797	-12.9388
 27798	-20.0836
 27799	-15.7401
 27800	-16.3662
 27801	-18.3984
 27802	-20.3413
 27803	-23.1097
 27804	-21.2259
 27805	-20.3119
 27806	-20.2489
 27807	-24.7015
 27808	-27.7286
 27809	-21.403
 27810	-19.7553
 27811	-20.5449
 27812	-20.3391
 27813	-15.9912
 27814	-10.1222
 27815	-17.4902
 27816	-13.5289
 27817	-4.69904
 27818	-5.18843
 27819	-10.1883
 27820	-13.6182
 27821	-6.16435
 27822	-1.87383
 27823	-2.18779
 27824	-2.4056
 27825	-4.13321
 27826	-0.264959
 27827	-1.03855
 27828	-10.4579
 27829	-11.2123
 27830	-4.88073
 27831	-2.61025
 27832	-7.93257
 27833	-4.6528
 27834	-1.98789
 27835	-6.4696
 27836	-8.60807
 27837	-11.2541
 27838	-15.1412
 27839	-17.3372
 27840	-16.7325
 27841	-11.7503
 27842	-18.2084
 27843	-27.1896
 27844	-25.2521
 27845	-22.8545
 27846	-30.1745
 27847	-40.3225
 27848	-36.1603
 27849	-26.7575
 27850	-32.508
 27851	-41.5669
 27852	-42.5041
 27853	-39.4514
 27854	-43.3404
 27855	-50.9343
 27856	-49.5546
 27857	-41.642
 27858	-42.9073
 27859	-44.4441
 27860	-44.7543
 27861	-44.5007
 27862	-40.2905
 27863	-40.1521
 27864	-47.0588
 27865	-44.619
 27866	-38.375
 27867	-38.4849
 27868	-37.5036
 27869	-40.6846
 27870	-39.2144
 27871	-36.6008
 27872	-40.0918
 27873	-43.3586
 27874	-43.0403
 27875	-40.6021
 27876	-41.7985
 27877	-46.869
 27878	-46.3787
 27879	-48.0965
 27880	-42.8912
 27881	-43.6958
 27882	-52.6777
 27883	-51.4264
 27884	-37.2474
 27885	-39.2285
 27886	-48.1264
 27887	-40.3696
 27888	-30.3506
 27889	-33.1069
 27890	-38.717
 27891	-35.2369
 27892	-27.4002
 27893	-23.7338
 27894	-26.883
 27895	-28.5298
 27896	-30.9039
 27897	-26.9538
 27898	-26.245
 27899	-29.9353
 27900	-30.7195
 27901	-21.9589
 27902	-16.0084
 27903	-20.4719
 27904	-25.0208
 27905	-18.598
 27906	-15.2923
 27907	-19.8576
 27908	-22.3456
 27909	-22.4425
 27910	-16.5967
 27911	-10.7636
 27912	-11.3259
 27913	-14.0668
 27914	-11.5203
 27915	-13.1061
 27916	-12.8658
 27917	-13.8349
 27918	-17.9008
 27919	-18.932
 27920	-15.2417
 27921	-16.8076
 27922	-19.8988
 27923	-21.8435
 27924	-17.4155
 27925	-18.9238
 27926	-27.9423
 27927	-27.0975
 27928	-27.1361
 27929	-24.1274
 27930	-23.4064
 27931	-30.6463
 27932	-39.3727
 27933	-36.5597
 27934	-33.5651
 27935	-37.6214
 27936	-44.3789
 27937	-36.8206
 27938	-32.3723
 27939	-36.7143
 27940	-45.2153
 27941	-39.734
 27942	-36.5453
 27943	-42.634
 27944	-45.7823
 27945	-43.2266
 27946	-41.7913
 27947	-43.4973
 27948	-37.6274
 27949	-38.2792
 27950	-38.6103
 27951	-32.7588
 27952	-31.3649
 27953	-39.4305
 27954	-39.4286
 27955	-30.4972
 27956	-28.3189
 27957	-30.0307
 27958	-31.4684
 27959	-29.5587
 27960	-25.6483
 27961	-24.8072
 27962	-25.1928
 27963	-26.2297
 27964	-25.9189
 27965	-22.862
 27966	-27.2803
 27967	-27.8914
 27968	-27.3341
 27969	-24.8904
 27970	-23.9486
 27971	-23.2922
 27972	-21.1636
 27973	-16.4672
 27974	-14.9549
 27975	-20.4866
 27976	-20.0173
 27977	-18.8408
 27978	-19.7131
 27979	-21.433
 27980	-22.0022
 27981	-19.2565
 27982	-16.5502
 27983	-20.5901
 27984	-19.7216
 27985	-27.5095
 27986	-30.149
 27987	-29.0281
 27988	-31.1869
 27989	-37.6401
 27990	-38.8604
 27991	-35.4122
 27992	-34.8305
 27993	-42.4649
 27994	-40.1615
 27995	-34.7321
 27996	-38.1533
 27997	-42.8799
 27998	-38.0829
 27999	-38.1501
 28000	-41.1318
 28001	-41.7716
 28002	-40.5091
 28003	-39.6083
 28004	-37.7919
 28005	-33.9048
 28006	-34.3347
 28007	-36.9102
 28008	-30.4246
 28009	-28.9277
 28010	-36.3042
 28011	-35.3491
 28012	-30.7517
 28013	-31.6622
 28014	-24.1986
 28015	-19.9454
 28016	-19.4178
 28017	-19.2352
 28018	-19.1921
 28019	-20.9154
 28020	-27.9837
 28021	-29.5586
 28022	-24.0906
 28023	-26.1475
 28024	-30.7275
 28025	-36.9549
 28026	-30.9685
 28027	-22.9392
 28028	-30.5464
 28029	-37.8364
 28030	-33.0131
 28031	-23.6031
 28032	-30.4776
 28033	-36.5992
 28034	-30.259
 28035	-24.0117
 28036	-32.8976
 28037	-34.666
 28038	-36.4543
 28039	-36.4645
 28040	-38.2747
 28041	-32.6489
 28042	-40.5384
 28043	-43.7372
 28044	-36.1188
 28045	-37.5069
 28046	-43.5632
 28047	-47.4166
 28048	-45.6222
 28049	-45.014
 28050	-50.3848
 28051	-53.9287
 28052	-45.1043
 28053	-47.3843
 28054	-43.0889
 28055	-44.5264
 28056	-40.5532
 28057	-39.7395
 28058	-37.2793
 28059	-35.6936
 28060	-38.7528
 28061	-37.6548
 28062	-32.9216
 28063	-41.1349
 28064	-41.2939
 28065	-33.7194
 28066	-31.6758
 28067	-35.3231
 28068	-38.5657
 28069	-31.1789
 28070	-32.1737
 28071	-32.2585
 28072	-37.1731
 28073	-42.6833
 28074	-42.6681
 28075	-40.0537
 28076	-46.3903
 28077	-51.5257
 28078	-47.4418
 28079	-43.1421
 28080	-50.4357
 28081	-51.148
 28082	-44.8522
 28083	-46.9236
 28084	-46.9506
 28085	-48.0852
 28086	-47.1037
 28087	-47.1607
 28088	-46.558
 28089	-52.7408
 28090	-51.7464
 28091	-47.6574
 28092	-44.2395
 28093	-49.7688
 28094	-42.4764
 28095	-44.6662
 28096	-47.5646
 28097	-39.8662
 28098	-40.5091
 28099	-42.9513
 28100	-45.2172
 28101	-36.7451
 28102	-36.9346
 28103	-39.703
 28104	-38.2353
 28105	-34.1537
 28106	-34.7872
 28107	-36.3272
 28108	-45.4278
 28109	-33.1714
 28110	-35.0186
 28111	-41.995
 28112	-39.7541
 28113	-36.1615
 28114	-35.5007
 28115	-37.887
 28116	-35.0027
 28117	-38.8744
 28118	-45.4371
 28119	-40.6809
 28120	-43.61
 28121	-55.6805
 28122	-45.5231
 28123	-43.4943
 28124	-44.3774
 28125	-42.1229
 28126	-34.8834
 28127	-30.0677
 28128	-29.0486
 28129	-26.0581
 28130	-31.4541
 28131	-31.5896
 28132	-26.353
 28133	-34.6508
 28134	-39.3508
 28135	-35.5791
 28136	-35.6294
 28137	-32.851
 28138	-36.1285
 28139	-32.0424
 28140	-37.3775
 28141	-37.1363
 28142	-41.1046
 28143	-49.4125
 28144	-43.1741
 28145	-41.0405
 28146	-47.867
 28147	-40.5204
 28148	-41.275
 28149	-41.0439
 28150	-39.7411
 28151	-40.681
 28152	-40.7548
 28153	-45.5673
 28154	-37.5231
 28155	-46.3225
 28156	-41.3717
 28157	-36.3358
 28158	-36.6943
 28159	-38.3746
 28160	-33.7718
 28161	-37.474
 28162	-38.2956
 28163	-41.91
 28164	-37.2475
 28165	-44.0193
 28166	-47.4431
 28167	-43.948
 28168	-53.4963
 28169	-47.0622
 28170	-45.605
 28171	-45.1023
 28172	-44.5764
 28173	-40.6289
 28174	-42.4036
 28175	-40.8379
 28176	-36.8403
 28177	-34.0561
 28178	-42.8704
 28179	-32.5037
 28180	-31.2926
 28181	-36.8813
 28182	-29.398
 28183	-32.9276
 28184	-34.4896
 28185	-38.1009
 28186	-37.1582
 28187	-40.5961
 28188	-38.5005
 28189	-36.4507
 28190	-35.606
 28191	-38.1781
 28192	-28.525
 28193	-31.9026
 28194	-32.4799
 28195	-35.6696
 28196	-40.1127
 28197	-38.7483
 28198	-42.7165
 28199	-42.2165
 28200	-39.4372
 28201	-37.6295
 28202	-36.6976
 28203	-34.1341
 28204	-33.9854
 28205	-35.3366
 28206	-39.0512
 28207	-32.8499
 28208	-40.1239
 28209	-41.1943
 28210	-41.6913
 28211	-39.9467
 28212	-36.9964
 28213	-33.8289
 28214	-27.1996
 28215	-23.1425
 28216	-20.4528
 28217	-14.8542
 28218	-16.5584
 28219	-17.5473
 28220	-11.7986
 28221	-15.864
 28222	-19.2934
 28223	-17.3145
 28224	-10.944
 28225	-15.288
 28226	-19.7428
 28227	-16.7186
 28228	-17.9426
 28229	-19.3934
 28230	-13.3394
 28231	-16.7692
 28232	-15.2563
 28233	-13.8169
 28234	-17.7136
 28235	-17.4558
 28236	-13.8516
 28237	-8.13807
 28238	-9.70709
 28239	-3.13316
 28240	-5.79861
 28241	-14.4644
 28242	-8.87533
 28243	-4.51156
 28244	-14.2868
 28245	-15.6039
 28246	-16.5118
 28247	-16.2158
 28248	-19.49
 28249	-17.0401
 28250	-20.7553
 28251	-23.821
 28252	-18.0199
 28253	-23.4266
 28254	-28.3398
 28255	-25.8731
 28256	-24.9333
 28257	-27.134
 28258	-31.065
 28259	-35.0777
 28260	-30.2489
 28261	-32.4301
 28262	-30.0123
 28263	-36.7784
 28264	-34.8808
 28265	-32.9264
 28266	-33.3809
 28267	-36.9347
 28268	-36.4581
 28269	-33.6517
 28270	-34.6385
 28271	-41.7488
 28272	-40.8738
 28273	-35.496
 28274	-36.6277
 28275	-34.8958
 28276	-37.453
 28277	-28.0538
 28278	-25.5346
 28279	-24.8578
 28280	-23.2518
 28281	-17.3906
 28282	-16.1676
 28283	-15.1038
 28284	-10.0621
 28285	-9.15064
 28286	-11.3871
 28287	-1.95548
 28288	-5.08572
 28289	-12.3829
 28290	-5.45156
 28291	0.866336
 28292	2.10589
 28293	-4.78147
 28294	2.3228
 28295	-0.225376
 28296	-3.47433
 28297	2.87378
 28298	3.07519
 28299	-3.08464
 28300	4.97816
 28301	4.02414
 28302	-0.404571
 28303	-3.21551
 28304	-4.31314
 28305	-8.15213
 28306	-8.57043
 28307	-10.4321
 28308	-15.5623
 28309	-4.89547
 28310	6.42652
 28311	1.98327
 28312	-0.328491
 28313	5.59748
 28314	4.24806
 28315	0.0654849
 28316	-1.5949
 28317	0.863243
 28318	-2.29441
 28319	-2.64588
 28320	-2.61228
 28321	-6.8669
 28322	-1.19329
 28323	-5.55207
 28324	-9.42452
 28325	-5.51474
 28326	-10.7174
 28327	-7.60833
 28328	-1.47446
 28329	-3.76212
 28330	-9.61033
 28331	-9.94727
 28332	-4.9456
 28333	-16.7252
 28334	-18.6648
 28335	-12.5453
 28336	-15.9916
 28337	-22.0835
 28338	-20.1027
 28339	-19.6196
 28340	-22.6726
 28341	-18.021
 28342	-11.9893
 28343	-21.3846
 28344	-24.6145
 28345	-22.6676
 28346	-26.2935
 28347	-28.9214
 28348	-37.956
 28349	-38.534
 28350	-36.1855
 28351	-42.2963
 28352	-42.4719
 28353	-39.476
 28354	-34.9495
 28355	-36.524
 28356	-43.6622
 28357	-34.1792
 28358	-30.3893
 28359	-40.4397
 28360	-39.8229
 28361	-38.7369
 28362	-38.9201
 28363	-41.7917
 28364	-37.5831
 28365	-35.5018
 28366	-38.3209
 28367	-39.3331
 28368	-41.301
 28369	-43.535
 28370	-40.4233
 28371	-35.5134
 28372	-35.4909
 28373	-34.6857
 28374	-32.3768
 28375	-31.4344
 28376	-30.0009
 28377	-28.2446
 28378	-32.6737
 28379	-24.8512
 28380	-21.1392
 28381	-24.8755
 28382	-23.9288
 28383	-18.0122
 28384	-17.4845
 28385	-22.9911
 28386	-24.9806
 28387	-18.2833
 28388	-21.7262
 28389	-25.2881
 28390	-16.3842
 28391	-18.1608
 28392	-18.9126
 28393	-16.2831
 28394	-15.938
 28395	-11.4289
 28396	-15.5424
 28397	-18.6314
 28398	-13.6642
 28399	-18.9742
 28400	-23.1813
 28401	-20.7818
 28402	-16.435
 28403	-27.1885
 28404	-36.1434
 28405	-33.5044
 28406	-34.0747
 28407	-39.7252
 28408	-43.5382
 28409	-39.7149
 28410	-43.6073
 28411	-47.123
 28412	-40.1932
 28413	-45.6428
 28414	-49.3203
 28415	-43.8786
 28416	-45.4028
 28417	-41.7732
 28418	-41.2826
 28419	-40.0538
 28420	-32.4649
 28421	-31.1777
 28422	-27.505
 28423	-30.2794
 28424	-28.9767
 28425	-23.449
 28426	-25.6632
 28427	-21.0502
 28428	-17.1349
 28429	-22.4091
 28430	-12.3291
 28431	-4.7314
 28432	-14.2852
 28433	-16.5317
 28434	-10.4349
 28435	-9.3898
 28436	-9.07113
 28437	-8.5599
 28438	-6.56162
 28439	-4.94496
 28440	-8.52144
 28441	-8.97021
 28442	-7.83538
 28443	-8.17136
 28444	-10.7406
 28445	-8.44662
 28446	-10.3608
 28447	-11.6415
 28448	-12.774
 28449	-11.3621
 28450	-12.5953
 28451	-18.5433
 28452	-11.6819
 28453	-4.34811
 28454	-3.76672
 28455	-3.4356
 28456	-1.63964
 28457	3.85569
 28458	8.16316
 28459	-3.35084
 28460	-6.37595
 28461	-4.9341
 28462	-4.53474
 28463	-11.3267
 28464	-18.4087
 28465	-18.5192
 28466	-14.805
 28467	-20.1761
 28468	-23.7688
 28469	-24.2971
 28470	-21.4059
 28471	-20.1358
 28472	-26.7766
 28473	-32.7765
 28474	-24.1997
 28475	-18.1278
 28476	-29.2153
 28477	-35.5784
 28478	-31.299
 28479	-29.9233
 28480	-34.3692
 28481	-37.4681
 28482	-36.6134
 28483	-33.2929
 28484	-37.9356
 28485	-40.5518
 28486	-42.7981
 28487	-41.9025
 28488	-35.397
 28489	-36.8878
 28490	-35.8488
 28491	-35.9736
 28492	-34.5837
 28493	-30.5588
 28494	-34.4781
 28495	-41.9135
 28496	-38.1802
 28497	-38.0729
 28498	-38.2117
 28499	-36.8686
 28500	-29.8224
 28501	-31.0469
 28502	-35.7259
 28503	-36.9041
 28504	-35.7122
 28505	-39.8597
 28506	-37.6609
 28507	-37.4043
 28508	-37.0515
 28509	-37.04
 28510	-37.3834
 28511	-34.9491
 28512	-38.6704
 28513	-37.0548
 28514	-34.9509
 28515	-33.6894
 28516	-35.6052
 28517	-34.008
 28518	-32.5367
 28519	-35.0478
 28520	-35.7795
 28521	-27.8066
 28522	-32.4643
 28523	-40.4184
 28524	-41.5541
 28525	-33.1713
 28526	-41.7114
 28527	-47.6417
 28528	-38.892
 28529	-38.7609
 28530	-40.7956
 28531	-44.2191
 28532	-42.0861
 28533	-40.6078
 28534	-44.2972
 28535	-43.5957
 28536	-42.8997
 28537	-41.7038
 28538	-37.7277
 28539	-41.1644
 28540	-38.8929
 28541	-32.9954
 28542	-34.6171
 28543	-32.2864
 28544	-28.8764
 28545	-27.8352
 28546	-23.9851
 28547	-16.6127
 28548	-19.9969
 28549	-22.5744
 28550	-20.4599
 28551	-13.028
 28552	-22.5369
 28553	-24.7816
 28554	-20.8378
 28555	-19.9293
 28556	-26.4394
 28557	-26.552
 28558	-21.5124
 28559	-25.1996
 28560	-24.9833
 28561	-21.8174
 28562	-21.2622
 28563	-23.997
 28564	-23.8658
 28565	-15.2349
 28566	-12.9333
 28567	-19.2584
 28568	-13.2124
 28569	-10.2327
 28570	-11.858
 28571	-15.8167
 28572	-11.9921
 28573	-6.79445
 28574	-11.4084
 28575	-13.8798
 28576	-5.27129
 28577	-4.37806
 28578	-11.5819
 28579	-9.7486
 28580	-9.68907
 28581	-10.2708
 28582	-7.81613
 28583	-7.01535
 28584	-12.243
 28585	-11.834
 28586	-13.8622
 28587	-20.2682
 28588	-21.9839
 28589	-19.6193
 28590	-22.1085
 28591	-19.5759
 28592	-23.0053
 28593	-23.2309
 28594	-28.1701
 28595	-30.1525
 28596	-33.5003
 28597	-41.0389
 28598	-37.9164
 28599	-42.9684
 28600	-42.3113
 28601	-40.8384
 28602	-44.0917
 28603	-48.1068
 28604	-47.842
 28605	-47.5615
 28606	-47.134
 28607	-53.5068
 28608	-53.4375
 28609	-54.1716
 28610	-52.7417
 28611	-57.9983
 28612	-54.2667
 28613	-50.9539
 28614	-50.3253
 28615	-53.7641
 28616	-47.3821
 28617	-44.8886
 28618	-42.0731
 28619	-45.8308
 28620	-46.318
 28621	-37.6412
 28622	-40.312
 28623	-44.0333
 28624	-47.0043
 28625	-42.5783
 28626	-42.8205
 28627	-45.2455
 28628	-46.2168
 28629	-44.9186
 28630	-42.7063
 28631	-41.5901
 28632	-42.6928
 28633	-45.1883
 28634	-50.4248
 28635	-53.1288
 28636	-54.4071
 28637	-53.4188
 28638	-49.335
 28639	-51.5567
 28640	-45.0492
 28641	-46.7404
 28642	-42.7924
 28643	-45.8012
 28644	-48.6878
 28645	-52.9952
 28646	-45.9369
 28647	-47.5187
 28648	-47.2283
 28649	-41.2736
 28650	-44.506
 28651	-50.3828
 28652	-48.3365
 28653	-40.6175
 28654	-47.5236
 28655	-54.2776
 28656	-48.7983
 28657	-43.5669
 28658	-54.4673
 28659	-47.7096
 28660	-49.4185
 28661	-49.8912
 28662	-51.3389
 28663	-50.4185
 28664	-46.2019
 28665	-46.6465
 28666	-51.8904
 28667	-52.293
 28668	-51.9508
 28669	-51.0087
 28670	-50.1406
 28671	-54.18
 28672	-56.1611
 28673	-55.2413
 28674	-46.5066
 28675	-51.156
 28676	-53.7881
 28677	-47.2604
 28678	-41.3899
 28679	-50.6658
 28680	-47.918
 28681	-41.089
 28682	-43.3489
 28683	-45.4793
 28684	-39.2333
 28685	-40.3275
 28686	-40.3778
 28687	-43.6085
 28688	-41.1197
 28689	-34.0983
 28690	-38.0121
 28691	-39.334
 28692	-42.241
 28693	-40.3442
 28694	-39.4618
 28695	-41.7604
 28696	-44.0742
 28697	-43.3423
 28698	-48.552
 28699	-39.0891
 28700	-43.5151
 28701	-43.6827
 28702	-44.1693
 28703	-49.8381
 28704	-51.1965
 28705	-45.698
 28706	-38.6683
 28707	-42.7014
 28708	-45.9656
 28709	-38.0241
 28710	-36.0809
 28711	-38.1214
 28712	-36.8834
 28713	-37.0928
 28714	-34.049
 28715	-34.6371
 28716	-39.8894
 28717	-43.2059
 28718	-37.0825
 28719	-39.2259
 28720	-49.6082
 28721	-42.1029
 28722	-38.7778
 28723	-47.6231
 28724	-46.9152
 28725	-41.0926
 28726	-44.0081
 28727	-48.4885
 28728	-49.3534
 28729	-49.3867
 28730	-50.6722
 28731	-40.4854
 28732	-49.0463
 28733	-48.2267
 28734	-38.6716
 28735	-45.5698
 28736	-51.0064
 28737	-40.2025
 28738	-41.6297
 28739	-45.3546
 28740	-49.1733
 28741	-45.8189
 28742	-47.2516
 28743	-44.7186
 28744	-47.0256
 28745	-57.2899
 28746	-52.0464
 28747	-38.5468
 28748	-50.6374
 28749	-50.0482
 28750	-35.8867
 28751	-37.2492
 28752	-42.9815
 28753	-35.5423
 28754	-29.5943
 28755	-31.3844
 28756	-33.7931
 28757	-29.5926
 28758	-25.4099
 28759	-25.7173
 28760	-30.9323
 28761	-29.9926
 28762	-22.6695
 28763	-24.2605
 28764	-32.5189
 28765	-26.5267
 28766	-24.497
 28767	-34.4891
 28768	-27.4984
 28769	-15.8849
 28770	-27.8892
 28771	-30.0396
 28772	-14.533
 28773	-18.0357
 28774	-22.2241
 28775	-18.6009
 28776	-16.3931
 28777	-21.9739
 28778	-25.9692
 28779	-23.6584
 28780	-24.7798
 28781	-28.9563
 28782	-25.2101
 28783	-28.6857
 28784	-32.8725
 28785	-31.0919
 28786	-32.126
 28787	-30.867
 28788	-33.9661
 28789	-37.3901
 28790	-34.2965
 28791	-34.7962
 28792	-41.2413
 28793	-40.9078
 28794	-32.9872
 28795	-31.8412
 28796	-42.4484
 28797	-41.2833
 28798	-29.6868
 28799	-27.2656
 28800	-31.1423
 28801	-30.9577
 28802	-26.6661
 28803	-29.7022
 28804	-30.9965
 28805	-26.3008
 28806	-21.2499
 28807	-19.8447
 28808	-22.2118
 28809	-25.9329
 28810	-23.8957
 28811	-28.5436
 28812	-27.4636
 28813	-26.9338
 28814	-28.5369
 28815	-30.1592
 28816	-31.2183
 28817	-26.7953
 28818	-22.7077
 28819	-27.1347
 28820	-24.7334
 28821	-29.0139
 28822	-34.9079
 28823	-33.7041
 28824	-32.5621
 28825	-37.2407
 28826	-36.5717
 28827	-36.6187
 28828	-37.9482
 28829	-45.0322
 28830	-44.8994
 28831	-40.0926
 28832	-38.0111
 28833	-36.9328
 28834	-39.1029
 28835	-33.8079
 28836	-29.1679
 28837	-29.882
 28838	-32.0166
 28839	-28.7245
 28840	-26.6648
 28841	-24.5832
 28842	-21.1217
 28843	-18.3611
 28844	-20.8193
 28845	-15.2544
 28846	-19.1032
 28847	-22.374
 28848	-18.803
 28849	-18.3513
 28850	-22.8249
 28851	-20.6332
 28852	-17.6718
 28853	-20.3831
 28854	-20.6623
 28855	-22.9019
 28856	-29.3272
 28857	-30.0101
 28858	-33.3459
 28859	-36.7009
 28860	-35.7922
 28861	-36.2145
 28862	-39.024
 28863	-39.2629
 28864	-36.8607
 28865	-39.0537
 28866	-34.785
 28867	-31.5723
 28868	-31.2473
 28869	-33.9987
 28870	-29.1524
 28871	-33.5525
 28872	-36.6255
 28873	-35.1674
 28874	-40.9778
 28875	-45.7436
 28876	-46.9701
 28877	-46.5562
 28878	-43.6541
 28879	-47.2603
 28880	-52.3046
 28881	-55.0809
 28882	-55.7294
 28883	-55.6325
 28884	-57.4712
 28885	-48.979
 28886	-45.1737
 28887	-50.7659
 28888	-58.0177
 28889	-57.0759
 28890	-53.1026
 28891	-48.2437
 28892	-54.7708
 28893	-53.3682
 28894	-52.1324
 28895	-48.4862
 28896	-51.9018
 28897	-51.7801
 28898	-52.3512
 28899	-50.1026
 28900	-51.1961
 28901	-48.5597
 28902	-44.3764
 28903	-43.2765
 28904	-48.0817
 28905	-43.3798
 28906	-47.3116
 28907	-53.5264
 28908	-45.7283
 28909	-42.0733
 28910	-42.7418
 28911	-45.787
 28912	-47.7492
 28913	-47.2631
 28914	-45.8462
 28915	-47.4543
 28916	-45.5952
 28917	-46.4803
 28918	-42.7562
 28919	-52.2436
 28920	-55.8402
 28921	-45.2851
 28922	-48.9054
 28923	-53.4827
 28924	-51.85
 28925	-57.3617
 28926	-55.7564
 28927	-49.0806
 28928	-54.0057
 28929	-55.9606
 28930	-50.8981
 28931	-44.4959
 28932	-51.7196
 28933	-43.4543
 28934	-38.6032
 28935	-37.6429
 28936	-35.1802
 28937	-26.5766
 28938	-28.4931
 28939	-24.6911
 28940	-17.2465
 28941	-21.7846
 28942	-26.7066
 28943	-19.0568
 28944	-22.9868
 28945	-30.3041
 28946	-23.6193
 28947	-27.0699
 28948	-32.4028
 28949	-31.8659
 28950	-33.4351
 28951	-43.5568
 28952	-40.6747
 28953	-40.6514
 28954	-39.8409
 28955	-53.2098
 28956	-55.9588
 28957	-58.7649
 28958	-51.5117
 28959	-52.2565
 28960	-60.9831
 28961	-58.9738
 28962	-41.4874
 28963	-50.319
 28964	-50.4284
 28965	-47.8017
 28966	-48.0212
 28967	-46.6062
 28968	-40.8408
 28969	-40.1769
 28970	-39.7273
 28971	-32.5726
 28972	-31.971
 28973	-36.7064
 28974	-37.3472
 28975	-38.2736
 28976	-38.6694
 28977	-28.4183
 28978	-30.8385
 28979	-39.0076
 28980	-37.224
 28981	-34.7552
 28982	-45.7099
 28983	-51.1112
 28984	-42.3907
 28985	-41.3336
 28986	-47.0716
 28987	-47.2237
 28988	-48.2681
 28989	-42.4587
 28990	-41.2524
 28991	-40.9103
 28992	-41.3997
 28993	-44.0281
 28994	-37.8927
 28995	-40.374
 28996	-42.8078
 28997	-43.7601
 28998	-46.0927
 28999	-37.8634
 29000	-46.9526
 29001	-48.8887
 29002	-41.7095
 29003	-40.9112
 29004	-44.6438
 29005	-47.654
 29006	-46.0975
 29007	-39.0968
 29008	-45.6045
 29009	-45.3205
 29010	-44.513
 29011	-45.712
 29012	-43.9142
 29013	-42.9198
 29014	-44.9213
 29015	-43.0281
 29016	-38.1724
 29017	-39.8519
 29018	-43.9183
 29019	-50.4417
 29020	-45.8902
 29021	-45.5912
 29022	-40.916
 29023	-48.0711
 29024	-46.7576
 29025	-43.0153
 29026	-39.8719
 29027	-45.8766
 29028	-40.05
 29029	-33.9729
 29030	-43.0873
 29031	-46.5587
 29032	-35.3137
 29033	-45.9217
 29034	-46.4564
 29035	-41.5524
 29036	-47.6801
 29037	-51.436
 29038	-49.0459
 29039	-40.7954
 29040	-50.9073
 29041	-54.9262
 29042	-45.6664
 29043	-50.4813
 29044	-52.2706
 29045	-46.4163
 29046	-49.7196
 29047	-47.1143
 29048	-47.6318
 29049	-51.0463
 29050	-46.4368
 29051	-47.6131
 29052	-48.5275
 29053	-45.0333
 29054	-39.5256
 29055	-43.8487
 29056	-45.0385
 29057	-39.9796
 29058	-41.5376
 29059	-46.0398
 29060	-44.175
 29061	-46.2261
 29062	-45.3183
 29063	-47.7211
 29064	-43.7739
 29065	-42.5454
 29066	-49.0281
 29067	-48.628
 29068	-53.7816
 29069	-51.5567
 29070	-55.3999
 29071	-54.8752
 29072	-49.3922
 29073	-53.0928
 29074	-52.7807
 29075	-41.9148
 29076	-44.4069
 29077	-47.2302
 29078	-46.6983
 29079	-42.5742
 29080	-51.3233
 29081	-53.362
 29082	-45.2994
 29083	-44.7972
 29084	-50.6827
 29085	-47.2941
 29086	-46.6674
 29087	-46.3248
 29088	-48.415
 29089	-41.6943
 29090	-43.4238
 29091	-44.8333
 29092	-42.5416
 29093	-44.9073
 29094	-46.5111
 29095	-40.0389
 29096	-46.946
 29097	-44.3298
 29098	-50.0749
 29099	-48.4444
 29100	-41.6516
 29101	-47.8928
 29102	-46.5228
 29103	-47.8426
 29104	-48.5565
 29105	-49.6769
 29106	-54.3492
 29107	-46.4037
 29108	-40.047
 29109	-46.4758
 29110	-41.5676
 29111	-40.543
 29112	-38.1958
 29113	-42.33
 29114	-38.3276
 29115	-33.7087
 29116	-41.338
 29117	-41.5317
 29118	-35.0401
 29119	-40.4196
 29120	-49.591
 29121	-42.9473
 29122	-39.1699
 29123	-46.3492
 29124	-51.3492
 29125	-46.4516
 29126	-52.7214
 29127	-51.0112
 29128	-58.5465
 29129	-57.7273
 29130	-53.1501
 29131	-51.694
 29132	-44.2823
 29133	-45.8235
 29134	-50.097
 29135	-41.2505
 29136	-42.6381
 29137	-44.3044
 29138	-43.9958
 29139	-40.4701
 29140	-29.3356
 29141	-43.2438
 29142	-39.5957
 29143	-39.1722
 29144	-40.998
 29145	-37.3206
 29146	-40.2092
 29147	-48.4943
 29148	-44.5688
 29149	-46.7492
 29150	-39.8463
 29151	-56.7217
 29152	-55.9317
 29153	-48.719
 29154	-51.6662
 29155	-58.1129
 29156	-57.5903
 29157	-54.3497
 29158	-52.851
 29159	-58.2467
 29160	-55.5475
 29161	-51.2069
 29162	-46.9217
 29163	-52.4725
 29164	-55.5143
 29165	-44.6196
 29166	-52.3646
 29167	-55.6693
 29168	-51.2752
 29169	-54.8814
 29170	-51.0584
 29171	-49.1688
 29172	-47.8212
 29173	-53.919
 29174	-54.467
 29175	-42.0291
 29176	-42.8452
 29177	-46.2877
 29178	-34.7442
 29179	-40.4039
 29180	-34.843
 29181	-38.1934
 29182	-40.9849
 29183	-36.6026
 29184	-36.9564
 29185	-37.0751
 29186	-40.3005
 29187	-47.4329
 29188	-39.8414
 29189	-45.0618
 29190	-48.3989
 29191	-46.0902
 29192	-47.428
 29193	-45.6146
 29194	-52.6948
 29195	-54.296
 29196	-52.7901
 29197	-52.2103
 29198	-55.9607
 29199	-59.4224
 29200	-53.3146
 29201	-53.2339
 29202	-56.6359
 29203	-46.8472
 29204	-52.7509
 29205	-55.3693
 29206	-53.2994
 29207	-52.8473
 29208	-61.0769
 29209	-61.6868
 29210	-54.135
 29211	-60.3646
 29212	-68.4906
 29213	-59.9552
 29214	-56.1793
 29215	-57.622
 29216	-54.5916
 29217	-53.5962
 29218	-52.7807
 29219	-58.0719
 29220	-59.2219
 29221	-54.1088
 29222	-56.7832
 29223	-54.3823
 29224	-53.4431
 29225	-50.4366
 29226	-49.9121
 29227	-58.5539
 29228	-48.0391
 29229	-47.16
 29230	-57.9932
 29231	-49.3727
 29232	-44.6769
 29233	-41.3702
 29234	-45.8985
 29235	-38.8301
 29236	-38.4946
 29237	-40.4555
 29238	-34.3833
 29239	-34.4008
 29240	-37.7555
 29241	-31.538
 29242	-39.8193
 29243	-37.5624
 29244	-43.4859
 29245	-41.7045
 29246	-42.8588
 29247	-43.9925
 29248	-51.8601
 29249	-53.4407
 29250	-50.8022
 29251	-45.9082
 29252	-55.9974
 29253	-46.2835
 29254	-41.7638
 29255	-51.9346
 29256	-48.7215
 29257	-47.2767
 29258	-46.1707
 29259	-53.1307
 29260	-56.8328
 29261	-51.0151
 29262	-56.6538
 29263	-62.5764
 29264	-57.704
 29265	-61.2512
 29266	-62.7939
 29267	-60.4657
 29268	-55.1448
 29269	-58.3673
 29270	-61.0213
 29271	-54.4379
 29272	-53.2625
 29273	-56.3021
 29274	-58.5
 29275	-51.9672
 29276	-50.1274
 29277	-50.4693
 29278	-50.1785
 29279	-49.7407
 29280	-49.7695
 29281	-46.2264
 29282	-48.4062
 29283	-43.0017
 29284	-43.7804
 29285	-42.0928
 29286	-39.5499
 29287	-44.8554
 29288	-43.2675
 29289	-36.979
 29290	-47.2388
 29291	-47.3114
 29292	-41.365
 29293	-45.4645
 29294	-47.7558
 29295	-44.929
 29296	-41.4937
 29297	-50.8026
 29298	-42.6721
 29299	-37.2009
 29300	-45.9548
 29301	-40.7361
 29302	-39.4762
 29303	-45.8334
 29304	-42.4733
 29305	-41.2084
 29306	-40.2462
 29307	-43.5648
 29308	-41.7214
 29309	-47.6149
 29310	-51.3246
 29311	-49.1071
 29312	-57.9305
 29313	-60.2227
 29314	-53.6802
 29315	-55.3406
 29316	-57.2785
 29317	-55.8589
 29318	-54.4359
 29319	-59.9732
 29320	-55.7905
 29321	-52.0231
 29322	-57.3599
 29323	-55.4927
 29324	-45.52
 29325	-50.9522
 29326	-45.8362
 29327	-43.1045
 29328	-42.0374
 29329	-43.2359
 29330	-43.118
 29331	-39.7345
 29332	-39.4554
 29333	-42.4493
 29334	-44.7039
 29335	-48.6708
 29336	-40.2259
 29337	-39.3771
 29338	-42.0006
 29339	-38.2188
 29340	-42.7935
 29341	-44.0892
 29342	-42.9079
 29343	-46.2389
 29344	-45.6478
 29345	-45.049
 29346	-44.5201
 29347	-46.8413
 29348	-43.7241
 29349	-38.3355
 29350	-36.9695
 29351	-39.2745
 29352	-39.25
 29353	-38.8677
 29354	-39.9272
 29355	-43.4277
 29356	-38.0678
 29357	-38.1631
 29358	-39.8931
 29359	-41.5557
 29360	-42.1163
 29361	-38.1949
 29362	-40.4767
 29363	-42.2034
 29364	-39.8932
 29365	-46.9329
 29366	-45.7194
 29367	-44.8354
 29368	-44.7008
 29369	-41.0321
 29370	-47.3871
 29371	-44.9478
 29372	-45.3683
 29373	-48.2734
 29374	-47.6624
 29375	-44.0015
 29376	-43.7299
 29377	-46.0034
 29378	-50.4735
 29379	-42.8035
 29380	-45.6385
 29381	-43.2602
 29382	-44.6492
 29383	-41.6474
 29384	-42.787
 29385	-40.4699
 29386	-40.1424
 29387	-42.1966
 29388	-42.4949
 29389	-41.9489
 29390	-46.3858
 29391	-48.1745
 29392	-43.6171
 29393	-44.2294
 29394	-44.8105
 29395	-47.9995
 29396	-44.253
 29397	-49.3212
 29398	-45.1933
 29399	-45.7659
 29400	-48.1366
 29401	-45.2464
 29402	-49.0914
 29403	-58.9312
 29404	-52.4572
 29405	-51.1203
 29406	-53.064
 29407	-46.3698
 29408	-45.2961
 29409	-44.4268
 29410	-41.111
 29411	-32.4869
 29412	-41.339
 29413	-39.552
 29414	-38.1259
 29415	-44.9019
 29416	-49.6355
 29417	-45.5167
 29418	-50.0909
 29419	-45.0661
 29420	-49.9906
 29421	-50.8445
 29422	-47.5862
 29423	-43.8567
 29424	-47.2334
 29425	-49.2918
 29426	-42.9539
 29427	-46.5849
 29428	-48.9707
 29429	-45.631
 29430	-45.062
 29431	-40.9006
 29432	-37.3031
 29433	-41.1589
 29434	-40.7085
 29435	-42.8284
 29436	-41.234
 29437	-47.2706
 29438	-50.2027
 29439	-51.9501
 29440	-50.1574
 29441	-48.8949
 29442	-54.1969
 29443	-47.8418
 29444	-40.6947
 29445	-45.6283
 29446	-49.1917
 29447	-40.8454
 29448	-37.8123
 29449	-36.1265
 29450	-40.9144
 29451	-36.7342
 29452	-35.3435
 29453	-34.5958
 29454	-34.359
 29455	-34.495
 29456	-35.0108
 29457	-32.7121
 29458	-37.6746
 29459	-38.4103
 29460	-36.5142
 29461	-37.7824
 29462	-40.3479
 29463	-44.1685
 29464	-40.5011
 29465	-46.323
 29466	-45.5832
 29467	-45.6168
 29468	-42.1275
 29469	-46.9018
 29470	-51.0413
 29471	-46.5405
 29472	-44.4468
 29473	-50.8917
 29474	-44.5509
 29475	-41.056
 29476	-42.625
 29477	-44.621
 29478	-41.2132
 29479	-37.2629
 29480	-47.9904
 29481	-43.755
 29482	-41.8845
 29483	-47.8898
 29484	-50.6104
 29485	-42.8298
 29486	-53.2836
 29487	-52.4948
 29488	-50.7637
 29489	-47.7968
 29490	-51.162
 29491	-50.2412
 29492	-46.4308
 29493	-44.4135
 29494	-43.3275
 29495	-50.2903
 29496	-49.8357
 29497	-46.8789
 29498	-47.7779
 29499	-53.4466
 29500	-47.9421
 29501	-45.5656
 29502	-48.7404
 29503	-54.042
 29504	-40.8178
 29505	-53.3471
 29506	-51.4846
 29507	-45.9362
 29508	-43.8205
 29509	-48.5679
 29510	-49.4856
 29511	-48.469
 29512	-47.8435
 29513	-53.7166
 29514	-47.1633
 29515	-46.051
 29516	-45.2827
 29517	-46.7466
 29518	-44.0764
 29519	-34.1641
 29520	-41.3253
 29521	-39.7876
 29522	-24.8727
 29523	-24.9248
 29524	-34.1503
 29525	-33.9024
 29526	-28.3046
 29527	-29.1294
 29528	-38.9394
 29529	-40.3076
 29530	-42.6406
 29531	-41.7507
 29532	-36.0453
 29533	-47.6749
 29534	-52.1121
 29535	-49.036
 29536	-48.8612
 29537	-51.6735
 29538	-55.8769
 29539	-50.3074
 29540	-48.3825
 29541	-50.6682
 29542	-42.6042
 29543	-45.368
 29544	-41.5092
 29545	-32.387
 29546	-33.8363
 29547	-35.9853
 29548	-37.1917
 29549	-36.3872
 29550	-35.8495
 29551	-38.0512
 29552	-39.0615
 29553	-40.3171
 29554	-39.4857
 29555	-36.4682
 29556	-47.65
 29557	-42.0726
 29558	-40.7413
 29559	-43.2103
 29560	-43.5597
 29561	-40.8946
 29562	-39.9717
 29563	-45.7395
 29564	-46.7529
 29565	-50.0584
 29566	-55.6407
 29567	-48.8708
 29568	-45.9848
 29569	-49.4099
 29570	-49.5455
 29571	-50.2443
 29572	-45.9168
 29573	-50.0511
 29574	-50.5593
 29575	-47.0676
 29576	-47.5741
 29577	-43.2999
 29578	-47.0524
 29579	-50.9351
 29580	-46.2223
 29581	-44.6532
 29582	-48.4165
 29583	-46.5526
 29584	-41.2401
 29585	-37.6939
 29586	-46.2583
 29587	-44.434
 29588	-41.8668
 29589	-38.9767
 29590	-40.7259
 29591	-45.6206
 29592	-41.2541
 29593	-32.2172
 29594	-47.0056
 29595	-48.1902
 29596	-40.088
 29597	-44.3504
 29598	-50.9012
 29599	-43.3554
 29600	-40.6785
 29601	-53.1301
 29602	-45.2072
 29603	-40.1138
 29604	-49.757
 29605	-43.4974
 29606	-35.6256
 29607	-38.4125
 29608	-40.7259
 29609	-39.5781
 29610	-35.9451
 29611	-37.8459
 29612	-34.8673
 29613	-41.653
 29614	-39.8813
 29615	-35.3546
 29616	-40.0919
 29617	-45.0812
 29618	-39.2119
 29619	-38.2004
 29620	-43.85
 29621	-42.7683
 29622	-41.645
 29623	-45.3527
 29624	-40.6272
 29625	-37.7785
 29626	-48.388
 29627	-47.4196
 29628	-39.083
 29629	-46.5062
 29630	-49.6229
 29631	-43.835
 29632	-42.0613
 29633	-44.4224
 29634	-39.3863
 29635	-35.4525
 29636	-41.6228
 29637	-35.4546
 29638	-32.2813
 29639	-44.525
 29640	-34.6493
 29641	-28.0002
 29642	-34.7203
 29643	-32.8355
 29644	-29.7734
 29645	-28.2883
 29646	-33.8834
 29647	-38.0273
 29648	-40.4981
 29649	-37.0135
 29650	-40.9392
 29651	-44.3827
 29652	-41.3929
 29653	-37.0527
 29654	-41.7015
 29655	-38.2878
 29656	-37.6078
 29657	-39.431
 29658	-40.7511
 29659	-36.1248
 29660	-37.7103
 29661	-41.1933
 29662	-42.1515
 29663	-44.6145
 29664	-46.5292
 29665	-47.538
 29666	-49.4231
 29667	-47.3554
 29668	-46.7329
 29669	-52.0699
 29670	-44.9894
 29671	-46.9618
 29672	-45.5801
 29673	-42.8598
 29674	-43.0944
 29675	-44.6247
 29676	-46.1493
 29677	-42.0637
 29678	-41.6261
 29679	-50.934
 29680	-44.2624
 29681	-41.7336
 29682	-46.0137
 29683	-42.3979
 29684	-41.2544
 29685	-36.8291
 29686	-40.4821
 29687	-37.6584
 29688	-38.6088
 29689	-35.9234
 29690	-32.021
 29691	-32.8245
 29692	-37.2474
 29693	-34.2299
 29694	-30.3875
 29695	-29.7101
 29696	-30.5533
 29697	-31.0342
 29698	-35.0941
 29699	-38.5892
 29700	-43.4185
 29701	-53.9021
 29702	-42.7503
 29703	-44.3839
 29704	-44.8824
 29705	-43.0544
 29706	-43.7477
 29707	-49.9542
 29708	-42.7946
 29709	-45.6972
 29710	-45.3192
 29711	-46.5771
 29712	-39.1602
 29713	-43.6738
 29714	-47.8235
 29715	-44.6898
 29716	-44.0413
 29717	-46.1171
 29718	-44.9015
 29719	-44.8572
 29720	-44.224
 29721	-42.6043
 29722	-47.1812
 29723	-44.8629
 29724	-40.618
 29725	-34.5392
 29726	-35.8585
 29727	-36.6417
 29728	-34.2124
 29729	-26.5395
 29730	-34.7706
 29731	-41.4071
 29732	-35.6294
 29733	-39.4722
 29734	-38.683
 29735	-42.2912
 29736	-47.746
 29737	-41.2703
 29738	-42.3826
 29739	-46.4433
 29740	-41.0198
 29741	-38.373
 29742	-39.112
 29743	-43.2598
 29744	-39.8188
 29745	-44.0151
 29746	-46.0272
 29747	-40.4226
 29748	-44.9289
 29749	-48.2385
 29750	-42.6459
 29751	-39.7092
 29752	-47.6202
 29753	-45.4998
 29754	-49.8913
 29755	-48.956
 29756	-46.6445
 29757	-45.6852
 29758	-45.2328
 29759	-42.7172
 29760	-47.2684
 29761	-41.7108
 29762	-38.9977
 29763	-41.4441
 29764	-39.3087
 29765	-40.8715
 29766	-37.8838
 29767	-35.9406
 29768	-43.1148
 29769	-32.3261
 29770	-29.6276
 29771	-36.4101
 29772	-31.8431
 29773	-30.0362
 29774	-37.3378
 29775	-43.8587
 29776	-38.4866
 29777	-43.8342
 29778	-48.0286
 29779	-41.7318
 29780	-45.2697
 29781	-50.3322
 29782	-43.5129
 29783	-43.4078
 29784	-52.7779
 29785	-50.3084
 29786	-48.7098
 29787	-46.9553
 29788	-44.69
 29789	-48.6373
 29790	-51.6939
 29791	-42.4971
 29792	-46.5131
 29793	-49.0199
 29794	-45.9875
 29795	-50.7005
 29796	-55.0646
 29797	-50.554
 29798	-47.4032
 29799	-42.1592
 29800	-40.4051
 29801	-39.1095
 29802	-32.1302
 29803	-31.2911
 29804	-28.3102
 29805	-33.7001
 29806	-37.0059
 29807	-33.5595
 29808	-34.4107
 29809	-35.1368
 29810	-27.2823
 29811	-24.697
 29812	-23.5984
 29813	-26.6971
 29814	-20.5849
 29815	-19.8507
 29816	-23.8343
 29817	-21.4356
 29818	-18.5495
 29819	-22.2634
 29820	-21.1027
 29821	-16.5239
 29822	-17.8009
 29823	-13.3534
 29824	-16.5436
 29825	-14.7008
 29826	-11.8069
 29827	-12.9779
 29828	-17.9029
 29829	-13.6675
 29830	-18.8539
 29831	-20.0764
 29832	-21.2653
 29833	-21.8696
 29834	-22.9953
 29835	-23.5165
 29836	-21.8428
 29837	-24.3661
 29838	-34.5782
 29839	-35.5687
 29840	-35.5127
 29841	-40.087
 29842	-40.0013
 29843	-48.0172
 29844	-43.6805
 29845	-47.4293
 29846	-47.0154
 29847	-44.1405
 29848	-45.8146
 29849	-45.9586
 29850	-41.0006
 29851	-44.9662
 29852	-39.0509
 29853	-36.9551
 29854	-37.3892
 29855	-41.0349
 29856	-41.0736
 29857	-35.4228
 29858	-34.2691
 29859	-35.2352
 29860	-39.329
 29861	-32.3859
 29862	-32.2957
 29863	-38.8984
 29864	-41.8199
 29865	-37.61
 29866	-39.3993
 29867	-40.9551
 29868	-43.6239
 29869	-42.7973
 29870	-45.0922
 29871	-43.7825
 29872	-45.1621
 29873	-47.5128
 29874	-42.0837
 29875	-40.789
 29876	-40.3235
 29877	-43.3415
 29878	-36.9864
 29879	-35.4136
 29880	-38.6101
 29881	-45.946
 29882	-35.4015
 29883	-37.5632
 29884	-30.9609
 29885	-32.6793
 29886	-32.9998
 29887	-31.4396
 29888	-30.5839
 29889	-37.5189
 29890	-34.4727
 29891	-30.0962
 29892	-29.4113
 29893	-32.8421
 29894	-33.0048
 29895	-31.7272
 29896	-30.7282
 29897	-35.0254
 29898	-44.35
 29899	-40.8683
 29900	-40.2018
 29901	-44.0255
 29902	-50.0008
 29903	-42.2117
 29904	-45.6265
 29905	-50.172
 29906	-44.812
 29907	-42.7432
 29908	-43.3645
 29909	-40.9262
 29910	-40.5976
 29911	-42.3853
 29912	-36.2172
 29913	-41.032
 29914	-38.3762
 29915	-35.2926
 29916	-31.3077
 29917	-32.5664
 29918	-36.0746
 29919	-33.1858
 29920	-32.9705
 29921	-41.5127
 29922	-38.7748
 29923	-38.6543
 29924	-40.8477
 29925	-41.2732
 29926	-42.0685
 29927	-37.9527
 29928	-40.838
 29929	-42.904
 29930	-47.5152
 29931	-45.2944
 29932	-51.5784
 29933	-53.9425
 29934	-54.7655
 29935	-48.2797
 29936	-54.8283
 29937	-50.2023
 29938	-47.6954
 29939	-43.1915
 29940	-43.8982
 29941	-38.1372
 29942	-41.162
 29943	-35.7246
 29944	-32.731
 29945	-35.3534
 29946	-35.7297
 29947	-31.9575
 29948	-34.9011
 29949	-37.1976
 29950	-36.3045
 29951	-35.7089
 29952	-33.396
 29953	-32.4073
 29954	-34.5975
 29955	-39.771
 29956	-40.3424
 29957	-37.844
 29958	-39.3184
 29959	-41.0246
 29960	-37.7241
 29961	-34.9113
 29962	-34.9807
 29963	-37.7931
 29964	-41.244
 29965	-39.8738
 29966	-38.7257
 29967	-41.6574
 29968	-47.378
 29969	-39.2001
 29970	-36.614
 29971	-40.1339
 29972	-44.541
 29973	-40.5575
 29974	-43.4449
 29975	-44.6286
 29976	-43.4372
 29977	-38.4802
 29978	-40.8682
 29979	-40.5139
 29980	-41.2117
 29981	-44.9551
 29982	-40.1225
 29983	-38.0305
 29984	-39.6675
 29985	-41.1856
 29986	-37.4288
 29987	-35.6253
 29988	-33.6023
 29989	-42.1604
 29990	-37.4995
 29991	-35.8975
 29992	-32.8589
 29993	-35.8163
 29994	-34.0808
 29995	-33.4112
 29996	-33.3438
 29997	-38.9757
 29998	-40.3018
 29999	-43.2717
 30000	-41.4752
 30001	-39.6694
 30002	-46.3346
 30003	-45.1845
 30004	-43.8038
 30005	-43.4446
 30006	-42.0199
 30007	-40.3188
 30008	-36.2663
 30009	-31.7688
 30010	-37.2934
 30011	-37.8402
 30012	-39.2877
 30013	-37.2054
 30014	-42.043
 30015	-39.3205
 30016	-39.9813
 30017	-41.0278
 30018	-44.6128
 30019	-43.0703
 30020	-43.5768
 30021	-44.7881
 30022	-36.1501
 30023	-33.1448
 30024	-32.8659
 30025	-31.8535
 30026	-31.9647
 30027	-28.3495
 30028	-27.98
 30029	-33.4384
 30030	-24.5562
 30031	-20.0093
 30032	-28.716
 30033	-31.5439
 30034	-18.592
 30035	-17.0476
 30036	-24.4317
 30037	-19.7337
 30038	-13.0762
 30039	-23.7529
 30040	-21.7023
 30041	-12.8859
 30042	-19.869
 30043	-26.9385
 30044	-17.8405
 30045	-15.5202
 30046	-22.9034
 30047	-20.1175
 30048	-17.9143
 30049	-19.2023
 30050	-21.931
 30051	-26.1893
 30052	-28.6049
 30053	-24.0822
 30054	-25.0035
 30055	-22.6478
 30056	-22.1814
 30057	-23.7549
 30058	-28.9696
 30059	-32.7718
 30060	-32.6975
 30061	-39.6506
 30062	-39.3706
 30063	-36.3518
 30064	-40.7288
 30065	-49.8473
 30066	-37.7182
 30067	-40.289
 30068	-41.6646
 30069	-36.5068
 30070	-30.4748
 30071	-38.7598
 30072	-33.7872
 30073	-33.7828
 30074	-32.7345
 30075	-39.4488
 30076	-33.1104
 30077	-37.4613
 30078	-38.4735
 30079	-37.1119
 30080	-39.1084
 30081	-40.3776
 30082	-39.6554
 30083	-44.3812
 30084	-44.1144
 30085	-41.5006
 30086	-44.9305
 30087	-37.6065
 30088	-34.9299
 30089	-38.6573
 30090	-39.5929
 30091	-30.3492
 30092	-34.0812
 30093	-34.5114
 30094	-25.8785
 30095	-24.0291
 30096	-37.6305
 30097	-37.9581
 30098	-25.3537
 30099	-29.0446
 30100	-30.8612
 30101	-29.0392
 30102	-25.1213
 30103	-24.154
 30104	-20.3184
 30105	-26.1144
 30106	-22.7771
 30107	-17.8118
 30108	-17.8031
 30109	-21.5752
 30110	-26.3821
 30111	-27.6473
 30112	-26.1623
 30113	-24.3128
 30114	-25.7601
 30115	-26.105
 30116	-23.1304
 30117	-20.236
 30118	-30.2415
 30119	-25.9467
 30120	-25.4364
 30121	-28.7302
 30122	-33.1875
 30123	-27.2308
 30124	-29.2697
 30125	-33.4206
 30126	-35.2015
 30127	-35.4756
 30128	-43.9382
 30129	-47.9318
 30130	-42.825
 30131	-45.6026
 30132	-45.3586
 30133	-45.5927
 30134	-41.6402
 30135	-40.6895
 30136	-39.0175
 30137	-42.1875
 30138	-36.0964
 30139	-36.3843
 30140	-37.0179
 30141	-39.7943
 30142	-38.3117
 30143	-42.2669
 30144	-44.5164
 30145	-46.2975
 30146	-46.69
 30147	-42.0686
 30148	-38.4182
 30149	-35.2416
 30150	-42.5659
 30151	-36.0167
 30152	-29.7031
 30153	-35.498
 30154	-43.1028
 30155	-40.1297
 30156	-42.0676
 30157	-38.2927
 30158	-41.1617
 30159	-39.9681
 30160	-41.1576
 30161	-39.4556
 30162	-38.6554
 30163	-46.0408
 30164	-44.4098
 30165	-37.7675
 30166	-39.4281
 30167	-48.6876
 30168	-44.198
 30169	-39.7113
 30170	-36.361
 30171	-45.3799
 30172	-43.7826
 30173	-39.5998
 30174	-38.7697
 30175	-45.4369
 30176	-42.9665
 30177	-43.2659
 30178	-45.1792
 30179	-48.453
 30180	-49.3024
 30181	-46.6204
 30182	-44.8171
 30183	-42.2475
 30184	-42.4178
 30185	-46.8927
 30186	-43.7357
 30187	-41.1189
 30188	-47.719
 30189	-44.3329
 30190	-36.6915
 30191	-35.6225
 30192	-36.4657
 30193	-39.0903
 30194	-39.3818
 30195	-37.1047
 30196	-41.2857
 30197	-41.7539
 30198	-41.9142
 30199	-38.571
 30200	-36.0776
 30201	-37.7011
 30202	-35.4401
 30203	-35.7869
 30204	-36.9634
 30205	-36.7444
 30206	-41.9992
 30207	-41.914
 30208	-36.6325
 30209	-43.77
 30210	-49.8823
 30211	-44.6702
 30212	-44.3556
 30213	-41.9599
 30214	-37.3571
 30215	-38.5873
 30216	-34.1733
 30217	-36.0139
 30218	-37.2919
 30219	-36.8018
 30220	-36.13
 30221	-35.571
 30222	-41.2693
 30223	-37.9373
 30224	-33.8283
 30225	-34.6661
 30226	-29.7502
 30227	-26.3792
 30228	-36.659
 30229	-36.6194
 30230	-36.4232
 30231	-43.458
 30232	-41.2087
 30233	-44.5744
 30234	-52.9337
 30235	-52.6315
 30236	-47.5945
 30237	-47.4168
 30238	-55.1142
 30239	-49.1621
 30240	-39.6415
 30241	-49.9381
 30242	-46.4026
 30243	-34.3891
 30244	-32.2349
 30245	-30.7573
 30246	-26.0264
 30247	-27.1644
 30248	-23.3418
 30249	-20.2856
 30250	-21.4394
 30251	-24.5052
 30252	-21.0389
 30253	-20.8891
 30254	-25.3357
 30255	-24.4425
 30256	-25.3642
 30257	-20.7764
 30258	-18.4895
 30259	-23.7575
 30260	-29.3559
 30261	-21.2479
 30262	-21.8834
 30263	-40.9632
 30264	-43.8644
 30265	-37.1864
 30266	-48.2997
 30267	-47.8051
 30268	-44.1419
 30269	-45.5623
 30270	-44.4331
 30271	-46.3137
 30272	-44.1464
 30273	-46.2049
 30274	-45.1385
 30275	-46.4031
 30276	-56.6445
 30277	-49.1262
 30278	-46.5936
 30279	-57.5802
 30280	-49.2153
 30281	-46.3521
 30282	-54.1794
 30283	-55.5958
 30284	-48.3192
 30285	-53.3308
 30286	-49.6632
 30287	-43.3169
 30288	-53.0673
 30289	-50.9611
 30290	-38.0697
 30291	-39.7608
 30292	-45.1863
 30293	-38.5917
 30294	-28.8626
 30295	-40.3127
 30296	-40.3666
 30297	-34.8395
 30298	-39.4563
 30299	-40.4716
 30300	-38.7604
 30301	-43.5998
 30302	-41.1936
 30303	-37.1426
 30304	-35.3037
 30305	-38.4358
 30306	-37.1735
 30307	-34.9984
 30308	-39.921
 30309	-41.4457
 30310	-40.8344
 30311	-43.3697
 30312	-41.0152
 30313	-43.654
 30314	-47.9599
 30315	-41.4023
 30316	-36.1985
 30317	-39.1642
 30318	-39.2523
 30319	-37.0211
 30320	-41.7763
 30321	-46.1737
 30322	-41.2802
 30323	-46.738
 30324	-48.1889
 30325	-35.6062
 30326	-36.0609
 30327	-43.371
 30328	-35.2381
 30329	-28.061
 30330	-38.8253
 30331	-48.0944
 30332	-41.5551
 30333	-41.1284
 30334	-42.6733
 30335	-41.9415
 30336	-44.011
 30337	-39.8397
 30338	-40.8385
 30339	-43.1606
 30340	-42.038
 30341	-39.0566
 30342	-36.45
 30343	-36.0249
 30344	-37.2243
 30345	-33.7826
 30346	-38.0366
 30347	-35.2213
 30348	-32.965
 30349	-38.7248
 30350	-41.3025
 30351	-37.8902
 30352	-36.6369
 30353	-36.5516
 30354	-39.0774
 30355	-44.8389
 30356	-49.8644
 30357	-43.2157
 30358	-46.4652
 30359	-51.4203
 30360	-43.6227
 30361	-39.7912
 30362	-44.6754
 30363	-48.0397
 30364	-43.9567
 30365	-48.1759
 30366	-48.2071
 30367	-51.7887
 30368	-56.5884
 30369	-50.5883
 30370	-50.3157
 30371	-55.8214
 30372	-43.2052
 30373	-40.9961
 30374	-43.5254
 30375	-40.4054
 30376	-40.0951
 30377	-41.5616
 30378	-45.5524
 30379	-45.9273
 30380	-42.8866
 30381	-47.6857
 30382	-37.1731
 30383	-30.3948
 30384	-39.9851
 30385	-35.9739
 30386	-36.4975
 30387	-45.6005
 30388	-47.2117
 30389	-45.2226
 30390	-40.6612
 30391	-45.2363
 30392	-44.7172
 30393	-40.8094
 30394	-43.7243
 30395	-41.3356
 30396	-41.2895
 30397	-48.3383
 30398	-45.2516
 30399	-45.5091
 30400	-52.1104
 30401	-48.0693
 30402	-39.1766
 30403	-50.1584
 30404	-45.6986
 30405	-37.471
 30406	-41.3334
 30407	-40.3321
 30408	-37.3216
 30409	-38.5321
 30410	-40.6022
 30411	-42.8977
 30412	-42.7079
 30413	-45.2718
 30414	-41.7061
 30415	-39.7272
 30416	-44.2016
 30417	-38.6435
 30418	-34.6232
 30419	-31.9437
 30420	-32.7565
 30421	-36.7063
 30422	-40.2525
 30423	-42.5901
 30424	-49.5112
 30425	-48.1658
 30426	-43.0898
 30427	-44.5722
 30428	-47.9197
 30429	-42.334
 30430	-45.7546
 30431	-47.8516
 30432	-43.3169
 30433	-39.4164
 30434	-43.9045
 30435	-44.6209
 30436	-37.0814
 30437	-40.1626
 30438	-44.9203
 30439	-42.5557
 30440	-44.0561
 30441	-48.142
 30442	-46.0139
 30443	-52.5299
 30444	-51.4023
 30445	-47.2139
 30446	-48.2388
 30447	-50.3224
 30448	-44.6675
 30449	-43.6708
 30450	-46.6245
 30451	-46.9423
 30452	-39.7521
 30453	-42.6583
 30454	-46.9787
 30455	-46.6673
 30456	-49.1385
 30457	-46.6298
 30458	-48.0224
 30459	-45.7154
 30460	-38.1365
 30461	-42.0355
 30462	-47.1872
 30463	-45.0973
 30464	-43.639
 30465	-40.7463
 30466	-38.2853
 30467	-37.8108
 30468	-39.55
 30469	-39.0191
 30470	-40.7668
 30471	-44.1912
 30472	-40.3794
 30473	-38.7757
 30474	-43.2945
 30475	-44.1086
 30476	-40.7661
 30477	-40.7621
 30478	-42.0794
 30479	-41.4422
 30480	-46.2998
 30481	-45.4114
 30482	-38.5335
 30483	-42.0821
 30484	-43.4299
 30485	-41.2971
 30486	-44.167
 30487	-47.8671
 30488	-50.973
 30489	-48.5397
 30490	-46.8752
 30491	-48.8898
 30492	-40.072
 30493	-43.5264
 30494	-40.289
 30495	-28.1171
 30496	-31.9148
 30497	-35.9643
 30498	-26.8138
 30499	-19.4095
 30500	-22.7847
 30501	-31.2454
 30502	-21.7476
 30503	-9.34582
 30504	-19.1006
 30505	-21.0459
 30506	-16.0645
 30507	-14.5497
 30508	-20.369
 30509	-18.918
 30510	-9.36546
 30511	-14.7014
 30512	-20.6157
 30513	-8.96852
 30514	-4.83111
 30515	-16.8036
 30516	-22.333
 30517	-9.46048
 30518	-13.5783
 30519	-19.3574
 30520	-16.0495
 30521	-14.6148
 30522	-14.3838
 30523	-17.6937
 30524	-15.4775
 30525	-9.40907
 30526	-12.5908
 30527	-11.1517
 30528	-3.45393
 30529	-7.10376
 30530	-10.7222
 30531	-14.5315
 30532	-10.4805
 30533	-10.344
 30534	-14.4073
 30535	-12.1457
 30536	-10.1545
 30537	-15.4988
 30538	-19.9744
 30539	-24.9316
 30540	-25.1417
 30541	-33.5991
 30542	-35.2782
 30543	-33.9512
 30544	-37.7155
 30545	-37.5095
 30546	-37.3755
 30547	-37.6541
 30548	-41.3841
 30549	-37.8879
 30550	-37.6411
 30551	-42.4079
 30552	-42.8141
 30553	-35.9946
 30554	-39.3744
 30555	-38.5609
 30556	-41.7252
 30557	-35.5346
 30558	-37.9548
 30559	-39.6774
 30560	-33.4162
 30561	-35.4785
 30562	-33.6274
 30563	-29.7482
 30564	-38.0876
 30565	-44.0453
 30566	-38.8904
 30567	-38.402
 30568	-41.683
 30569	-43.7772
 30570	-35.2862
 30571	-34.8369
 30572	-33.7789
 30573	-33.1567
 30574	-34.6717
 30575	-30.1412
 30576	-32.0872
 30577	-40.4668
 30578	-35.5725
 30579	-33.8126
 30580	-39.9424
 30581	-41.2966
 30582	-47.6677
 30583	-50.0652
 30584	-51.6546
 30585	-50.7209
 30586	-51.802
 30587	-52.2525
 30588	-56.0146
 30589	-48.0934
 30590	-48.4407
 30591	-44.5032
 30592	-39.4432
 30593	-37.9607
 30594	-36.0801
 30595	-35.8066
 30596	-41.1997
 30597	-41.6424
 30598	-38.4836
 30599	-44.2306
 30600	-47.2816
 30601	-45.4371
 30602	-45.6907
 30603	-51.8629
 30604	-48.9348
 30605	-47.1675
 30606	-49.4545
 30607	-49.041
 30608	-43.5289
 30609	-51.5526
 30610	-41.4747
 30611	-40.7987
 30612	-47.7196
 30613	-48.6913
 30614	-40.9335
 30615	-46.7485
 30616	-43.261
 30617	-37.2538
 30618	-37.5303
 30619	-37.3031
 30620	-33.5945
 30621	-38.604
 30622	-42.8528
 30623	-37.6726
 30624	-44.0854
 30625	-51.6373
 30626	-45.397
 30627	-41.0605
 30628	-48.2657
 30629	-45.7896
 30630	-41.1143
 30631	-44.0296
 30632	-46.8783
 30633	-48.2779
 30634	-45.7753
 30635	-44.6489
 30636	-46.1349
 30637	-47.8287
 30638	-48.3017
 30639	-47.41
 30640	-43.4076
 30641	-45.2047
 30642	-43.4456
 30643	-45.8618
 30644	-41.9974
 30645	-41.4035
 30646	-41.6179
 30647	-40.6727
 30648	-33.2796
 30649	-41.5074
 30650	-42.5429
 30651	-35.711
 30652	-34.6395
 30653	-36.4264
 30654	-36.131
 30655	-37.0782
 30656	-38.9976
 30657	-39.826
 30658	-37.9263
 30659	-41.183
 30660	-39.2193
 30661	-34.9299
 30662	-46.7572
 30663	-43.9512
 30664	-40.978
 30665	-44.3951
 30666	-47.5049
 30667	-45.4121
 30668	-51.735
 30669	-48.7791
 30670	-47.2677
 30671	-48.9503
 30672	-51.0223
 30673	-46.3851
 30674	-50.2026
 30675	-56.6852
 30676	-48.356
 30677	-41.0743
 30678	-48.3942
 30679	-49.5648
 30680	-43.1132
 30681	-44.3384
 30682	-43.5281
 30683	-41.7147
 30684	-41.5965
 30685	-45.6937
 30686	-45.1745
 30687	-51.0958
 30688	-46.6836
 30689	-47.0155
 30690	-47.836
 30691	-50.0225
 30692	-50.7338
 30693	-45.1913
 30694	-50.6919
 30695	-52.5946
 30696	-51.5887
 30697	-57.62
 30698	-55.4767
 30699	-60.1736
 30700	-59.9723
 30701	-48.6403
 30702	-51.3288
 30703	-47.764
 30704	-45.1726
 30705	-46.6424
 30706	-47.7567
 30707	-46.9752
 30708	-38.1298
 30709	-43.1483
 30710	-43.882
 30711	-36.8144
 30712	-42.7024
 30713	-43.7161
 30714	-29.8878
 30715	-40.7066
 30716	-44.2738
 30717	-36.1165
 30718	-40.746
 30719	-49.7324
 30720	-42.5522
 30721	-43.0786
 30722	-50.0262
 30723	-48.1676
 30724	-42.7811
 30725	-42.5511
 30726	-36.7255
 30727	-36.1251
 30728	-43.7442
 30729	-37.8385
 30730	-33.8074
 30731	-39.7594
 30732	-43.9936
 30733	-29.3671
 30734	-38.3496
 30735	-43.4281
 30736	-38.5434
 30737	-42.0385
 30738	-41.332
 30739	-44.4716
 30740	-48.717
 30741	-50.6334
 30742	-48.4713
 30743	-46.2584
 30744	-56.0694
 30745	-52.4737
 30746	-43.5589
 30747	-55.4696
 30748	-53.8401
 30749	-52.8204
 30750	-56.3252
 30751	-49.577
 30752	-45.7908
 30753	-53.6723
 30754	-47.439
 30755	-41.0748
 30756	-47.3176
 30757	-45.6386
 30758	-42.6507
 30759	-46.0552
 30760	-44.4546
 30761	-37.7441
 30762	-47.2441
 30763	-46.5901
 30764	-38.607
 30765	-51.9542
 30766	-55.2639
 30767	-42.6991
 30768	-40.5102
 30769	-45.5888
 30770	-36.847
 30771	-38.2565
 30772	-50.7879
 30773	-43.9597
 30774	-38.0568
 30775	-49.2009
 30776	-44.6316
 30777	-41.285
 30778	-46.6645
 30779	-47.7932
 30780	-38.5875
 30781	-37.4717
 30782	-43.8816
 30783	-35.061
 30784	-36.8874
 30785	-39.2632
 30786	-31.5066
 30787	-35.9085
 30788	-34.0326
 30789	-24.0668
 30790	-27.9332
 30791	-31.0757
 30792	-29.2725
 30793	-18.6524
 30794	-25.0126
 30795	-31.3314
 30796	-21.6587
 30797	-27.1585
 30798	-32.2579
 30799	-28.5383
 30800	-31.603
 30801	-40.8883
 30802	-39.7798
 30803	-39.4703
 30804	-41.508
 30805	-42.5048
 30806	-34.7463
 30807	-36.8967
 30808	-38.7698
 30809	-39.0526
 30810	-42.3673
 30811	-41.783
 30812	-45.442
 30813	-48.2592
 30814	-41.6015
 30815	-48.1222
 30816	-51.9505
 30817	-52.8548
 30818	-45.0626
 30819	-48.0087
 30820	-50.0538
 30821	-35.2586
 30822	-35.017
 30823	-39.1945
 30824	-33.9153
 30825	-34.9417
 30826	-32.4427
 30827	-34.273
 30828	-34.3172
 30829	-34.8181
 30830	-36.2036
 30831	-29.1309
 30832	-23.8197
 30833	-26.0604
 30834	-14.2817
 30835	-13.5965
 30836	-15.9856
 30837	-16.1646
 30838	-14.3658
 30839	-12.1609
 30840	-15.3636
 30841	-18.1483
 30842	-21.7269
 30843	-23.065
 30844	-22.2609
 30845	-30.3214
 30846	-31.8785
 30847	-28.321
 30848	-32.5021
 30849	-34.7636
 30850	-36.2421
 30851	-37.3052
 30852	-39.4418
 30853	-37.8127
 30854	-36.6972
 30855	-49.6824
 30856	-48.6059
 30857	-42.5466
 30858	-48.7944
 30859	-49.5434
 30860	-55.0996
 30861	-41.7932
 30862	-47.3501
 30863	-46.765
 30864	-41.1565
 30865	-42.1441
 30866	-36.7817
 30867	-29.2349
 30868	-39.5644
 30869	-32.3053
 30870	-23.6426
 30871	-14.5166
 30872	-21.012
 30873	-23.1774
 30874	-9.67014
 30875	-4.32717
 30876	-10.3722
 30877	-6.35699
 30878	-5.06893
 30879	5.14481
 30880	5.51991
 30881	0.90064
 30882	0.202738
 30883	3.44091
 30884	0.526943
 30885	-9.35323
 30886	-17.6087
 30887	-9.44485
 30888	-8.6221
 30889	-15.8722
 30890	-22.3116
 30891	-20.0487
 30892	-17.3333
 30893	-29.1933
 30894	-23.9448
 30895	-21.0249
 30896	-19.2627
 30897	-26.1613
 30898	-25.1918
 30899	-20.8991
 30900	-30.0707
 30901	-38.5212
 30902	-24.5403
 30903	-28.293
 30904	-29.5744
 30905	-27.7694
 30906	-19.252
 30907	-16.3726
 30908	-18.1341
 30909	-12.4051
 30910	-12.2019
 30911	-11.7229
 30912	-11.9461
 30913	-7.37205
 30914	-1.1891
 30915	2.12665
 30916	-5.53419
 30917	-2.76232
 30918	1.59848
 30919	-2.09945
 30920	-5.27192
 30921	-0.401053
 30922	2.80485
 30923	3.04703
 30924	8.67217
 30925	7.58103
 30926	0.285799
 30927	2.20386
 30928	1.58927
 30929	-4.06216
 30930	-9.2274
 30931	-7.45971
 30932	-3.75497
 30933	-14.9961
 30934	-13.6436
 30935	-13.4422
 30936	-20.0234
 30937	-14.7334
 30938	-11.9094
 30939	-14.4432
 30940	-15.9964
 30941	-15.4752
 30942	-14.3286
 30943	-15.9638
 30944	-24.1737
 30945	-29.4255
 30946	-26.2762
 30947	-18.0584
 30948	-26.1892
 30949	-30.5182
 30950	-20.3697
 30951	-14.193
 30952	-21.5921
 30953	-23.4775
 30954	-13.8496
 30955	-10.6431
 30956	-12.174
 30957	-8.67903
 30958	-4.24728
 30959	-2.98022
 30960	-7.97353
 30961	-5.58778
 30962	4.37299
 30963	-3.46434
 30964	-7.61645
 30965	0.760474
 30966	3.54101
 30967	1.06561
 30968	-5.70501
 30969	-2.51529
 30970	2.11806
 30971	-6.93207
 30972	1.85663
 30973	0.253964
 30974	-4.08691
 30975	-2.56185
 30976	2.49526
 30977	0.0162822
 30978	-1.3517
 30979	3.50083
 30980	3.76335
 30981	-0.352291
 30982	5.60096
 30983	-1.89337
 30984	1.20696
 30985	10.0985
 30986	7.70824
 30987	10.7972
 30988	11.9774
 30989	13.7979
 30990	11.4995
 30991	12.366
 30992	12.3743
 30993	1.18154
 30994	3.85684
 30995	5.35643
 30996	-2.83635
 30997	-5.96112
 30998	-9.07063
 30999	-9.51758
 31000	-7.93462
 31001	-9.49079
 31002	-11.3807
 31003	-13.3494
 31004	-6.26824
 31005	-6.65679
 31006	-17.5246
 31007	-19.3481
 31008	-16.3624
 31009	-14.8953
 31010	-18.2498
 31011	-23.4596
 31012	-16.0746
 31013	-16.6177
 31014	-14.3954
 31015	-10.5271
 31016	-8.1676
 31017	-11.8579
 31018	-17.2754
 31019	-5.42525
 31020	-2.55731
 31021	-13.722
 31022	-8.5375
 31023	2.93906
 31024	2.54421
 31025	-4.18252
 31026	-6.7208
 31027	1.05833
 31028	-2.90091
 31029	-10.451
 31030	-7.57086
 31031	-11.5829
 31032	-11.6982
 31033	-9.32996
 31034	-7.82312
 31035	-11.7337
 31036	-18.1267
 31037	-20.6086
 31038	-19.873
 31039	-19.6023
 31040	-23.5683
 31041	-25.9945
 31042	-17.2369
 31043	-23.6098
 31044	-27.7581
 31045	-24.9147
 31046	-21.6261
 31047	-21.3429
 31048	-25.0415
 31049	-20.5864
 31050	-19.7463
 31051	-24.5853
 31052	-14.5285
 31053	-15.644
 31054	-25.131
 31055	-19.906
 31056	-18.4409
 31057	-22.3459
 31058	-25.2977
 31059	-17.9814
 31060	-12.4931
 31061	-20.1485
 31062	-18.4462
 31063	-8.39382
 31064	-10.6089
 31065	-11.2115
 31066	-9.80316
 31067	-5.08013
 31068	-7.36623
 31069	-12.2828
 31070	-9.27316
 31071	-4.98382
 31072	-10.3783
 31073	-15.6174
 31074	-14.4242
 31075	-12.1782
 31076	-17.7436
 31077	-11.6579
 31078	-6.81657
 31079	-13.0853
 31080	-10.9348
 31081	-8.86254
 31082	-9.73919
 31083	-15.1381
 31084	-20.4425
 31085	-17.2425
 31086	-20.4295
 31087	-23.8054
 31088	-22.5341
 31089	-24.4834
 31090	-19.789
 31091	-17.0315
 31092	-20.0261
 31093	-21.8387
 31094	-17.4008
 31095	-8.17109
 31096	-14.5164
 31097	-14.6148
 31098	-13.4741
 31099	-9.08729
 31100	-9.2996
 31101	-10.7722
 31102	-8.63341
 31103	-4.06942
 31104	-6.43593
 31105	-0.148527
 31106	3.38542
 31107	2.69228
 31108	-0.430631
 31109	5.36627
 31110	11.8405
 31111	8.70959
 31112	7.89999
 31113	13.4029
 31114	15.6576
 31115	10.4486
 31116	10.6416
 31117	11.6094
 31118	10.0463
 31119	10.4398
 31120	14.1058
 31121	4.23057
 31122	1.44142
 31123	10.0074
 31124	10.9499
 31125	3.26176
 31126	4.50384
 31127	10.4837
 31128	7.03174
 31129	4.26674
 31130	6.88621
 31131	3.48601
 31132	2.99724
 31133	2.65412
 31134	3.9647
 31135	6.52904
 31136	-2.66115
 31137	0.745884
 31138	7.30174
 31139	2.05355
 31140	0.440133
 31141	5.1937
 31142	7.39611
 31143	1.15263
 31144	0.330548
 31145	3.4842
 31146	-0.775724
 31147	-2.42012
 31148	-2.99088
 31149	-7.42829
 31150	-6.15034
 31151	-6.92401
 31152	-7.52029
 31153	-14.8241
 31154	-11.9818
 31155	-5.24433
 31156	-7.33185
 31157	-10.9338
 31158	-6.57959
 31159	-6.81322
 31160	-3.85688
 31161	-5.97961
 31162	-7.65229
 31163	-2.48011
 31164	0.251695
 31165	-1.76577
 31166	0.953067
 31167	2.47194
 31168	-0.158546
 31169	2.01745
 31170	9.82079
 31171	-2.88251
 31172	-3.53216
 31173	10.1353
 31174	4.46117
 31175	-2.75192
 31176	-1.67452
 31177	3.09636
 31178	-1.97717
 31179	-4.18858
 31180	-6.94153
 31181	-7.93312
 31182	-5.96056
 31183	-3.49311
 31184	-3.81503
 31185	0.179982
 31186	-2.29382
 31187	1.21164
 31188	-1.04749
 31189	-4.07058
 31190	-2.30901
 31191	-7.00542
 31192	-4.66884
 31193	-2.582
 31194	-8.19405
 31195	-8.45849
 31196	-5.41559
 31197	-1.86072
 31198	4.79049
 31199	-0.62643
 31200	-1.69144
 31201	6.10822
 31202	9.98289
 31203	-2.05049
 31204	2.20223
 31205	9.79728
 31206	2.77019
 31207	-2.36794
 31208	2.16449
 31209	0.0673517
 31210	-4.67475
 31211	-4.80339
 31212	-1.42057
 31213	-6.25087
 31214	-11.7808
 31215	-7.3734
 31216	-8.76339
 31217	-12.6641
 31218	-8.3551
 31219	-5.02324
 31220	-5.60449
 31221	-7.84981
 31222	-5.88929
 31223	2.6178
 31224	-10.7058
 31225	-9.76875
 31226	-5.76797
 31227	-5.15102
 31228	-13.1541
 31229	-9.21287
 31230	0.611177
 31231	-7.69817
 31232	-12.6175
 31233	-6.65686
 31234	-7.63372
 31235	-16.2569
 31236	-11.4236
 31237	-3.64455
 31238	-12.3738
 31239	-16.9409
 31240	-7.88961
 31241	-12.5069
 31242	-16.0259
 31243	-14.7694
 31244	-10.8782
 31245	-8.56346
 31246	-4.91388
 31247	1.65346
 31248	11.1243
 31249	7.15965
 31250	7.55055
 31251	17.6448
 31252	12.4237
 31253	7.28837
 31254	7.38364
 31255	12.3174
 31256	7.96468
 31257	0.199786
 31258	2.8705
 31259	3.0197
 31260	-9.45837
 31261	-7.67972
 31262	-5.69809
 31263	-7.82282
 31264	-15.1326
 31265	-4.64191
 31266	-5.738
 31267	-14.342
 31268	-17.9107
 31269	-10.5463
 31270	-7.13936
 31271	-16.487
 31272	-15.4158
 31273	-4.5988
 31274	-4.94104
 31275	-8.21288
 31276	-3.21031
 31277	-3.71985
 31278	-8.29759
 31279	-4.79772
 31280	1.0257
 31281	-2.20632
 31282	-0.58842
 31283	5.3537
 31284	9.69781
 31285	1.46012
 31286	-0.116491
 31287	0.200286
 31288	-0.63766
 31289	-3.52226
 31290	0.0418786
 31291	0.508659
 31292	0.129999
 31293	2.64557
 31294	-0.00310451
 31295	-6.81679
 31296	-9.26622
 31297	-3.37961
 31298	-5.18117
 31299	-8.23278
 31300	-7.68887
 31301	-2.10436
 31302	-5.54534
 31303	-7.07911
 31304	-8.21171
 31305	-4.30746
 31306	-8.28848
 31307	-5.37169
 31308	-0.46973
 31309	-0.29964
 31310	0.493991
 31311	9.47162
 31312	9.21759
 31313	5.28653
 31314	10.7415
 31315	16.9066
 31316	17.6962
 31317	16.6875
 31318	21.6614
 31319	24.2186
 31320	20.2345
 31321	13.9135
 31322	16.54
 31323	11.7097
 31324	9.0351
 31325	7.07902
 31326	1.46063
 31327	-0.681277
 31328	-4.00548
 31329	-4.63013
 31330	-6.89652
 31331	-15.5519
 31332	-13.6316
 31333	-11.632
 31334	-21.3069
 31335	-28.1463
 31336	-29.4659
 31337	-23.6678
 31338	-29.6778
 31339	-31.0708
 31340	-28.4919
 31341	-26.0779
 31342	-32.798
 31343	-27.8227
 31344	-22.9484
 31345	-29.6971
 31346	-35.8799
 31347	-23.7489
 31348	-16.3562
 31349	-21.4312
 31350	-17.8441
 31351	-9.04062
 31352	-7.22607
 31353	-12.5851
 31354	-4.91432
 31355	-1.1478
 31356	-0.839773
 31357	-1.58573
 31358	-0.316002
 31359	-0.0148654
 31360	-1.79817
 31361	-7.26144
 31362	1.12135
 31363	-1.76959
 31364	-8.18887
 31365	-2.44287
 31366	2.00009
 31367	-4.58851
 31368	-6.8702
 31369	-1.39207
 31370	-6.81758
 31371	-16.0119
 31372	-5.55596
 31373	-5.81714
 31374	-13.9359
 31375	-12.29
 31376	-3.1373
 31377	-6.80458
 31378	-16.4776
 31379	-6.99792
 31380	-8.2374
 31381	-13.7287
 31382	-11.7695
 31383	-9.37071
 31384	-12.0679
 31385	-10.6473
 31386	-11.9242
 31387	-10.6682
 31388	-7.92445
 31389	-6.75687
 31390	-8.17676
 31391	-7.2747
 31392	-5.19362
 31393	-9.5967
 31394	-12.9628
 31395	-11.3577
 31396	-9.30744
 31397	-4.99328
 31398	-8.33674
 31399	-3.55224
 31400	2.6246
 31401	-3.64081
 31402	-3.41401
 31403	-3.75714
 31404	-2.86888
 31405	-9.46374
 31406	-13.9218
 31407	-3.24752
 31408	-4.52205
 31409	-13.5068
 31410	-13.86
 31411	-17.0996
 31412	-15.8142
 31413	-23.6545
 31414	-21.0692
 31415	-13.4068
 31416	-16.5465
 31417	-11.7444
 31418	-17.5848
 31419	-24.9501
 31420	-23.0259
 31421	-26.4496
 31422	-29.8541
 31423	-28.0645
 31424	-28.2356
 31425	-17.9716
 31426	-20.9477
 31427	-21.7333
 31428	-19.8629
 31429	-18.9551
 31430	-19.041
 31431	-18.8248
 31432	-20.5931
 31433	-12.0338
 31434	-16.1201
 31435	-18.6844
 31436	-19.0578
 31437	-12.6075
 31438	-17.2615
 31439	-18.8294
 31440	-8.79381
 31441	-16.0798
 31442	-10.4041
 31443	-4.00749
 31444	-14.0976
 31445	-16.5393
 31446	-11.1736
 31447	-15.9107
 31448	-21.8921
 31449	-13.8811
 31450	-2.54324
 31451	-12.9599
 31452	-6.56947
 31453	-4.81949
 31454	-11.6075
 31455	-9.39254
 31456	-10.7777
 31457	-4.45323
 31458	0.803268
 31459	-4.40141
 31460	3.69908
 31461	4.20696
 31462	-2.46978
 31463	3.93119
 31464	2.9431
 31465	6.81489
 31466	2.23955
 31467	8.29359
 31468	11.0911
 31469	6.93257
 31470	-3.03076
 31471	-3.00222
 31472	-7.73308
 31473	-13.6694
 31474	-7.08542
 31475	0.919831
 31476	-3.16658
 31477	-0.347744
 31478	8.99971
 31479	7.80412
 31480	3.79414
 31481	1.68573
 31482	8.77459
 31483	1.00613
 31484	5.16483
 31485	8.88892
 31486	2.09308
 31487	1.60656
 31488	2.89476
 31489	-5.26536
 31490	-0.387144
 31491	-3.39407
 31492	-2.56794
 31493	-7.36679
 31494	-9.32122
 31495	-8.13269
 31496	-16.0242
 31497	-19.7221
 31498	-17.7917
 31499	-17.9889
 31500	-22.1173
 31501	-23.2735
 31502	-23.4945
 31503	-19.9928
 31504	-18.363
 31505	-14.8213
 31506	-10.4977
 31507	-3.12647
 31508	-8.48171
 31509	2.39733
 31510	8.82554
 31511	1.32239
 31512	2.40902
 31513	2.84757
 31514	3.26949
 31515	4.33377
 31516	4.31965
 31517	9.06932
 31518	9.58794
 31519	10.928
 31520	13.7615
 31521	6.92935
 31522	13.885
 31523	17.7144
 31524	15.0782
 31525	19.9077
 31526	22.6576
 31527	16.5191
 31528	18.4833
 31529	17.3236
 31530	10.7146
 31531	9.67847
 31532	16.343
 31533	14.8174
 31534	15.2229
 31535	19.2482
 31536	20.5499
 31537	21.7883
 31538	14.1842
 31539	14.9979
 31540	12.4038
 31541	9.71557
 31542	16.0523
 31543	13.2884
 31544	14.1129
 31545	16.7713
 31546	12.7189
 31547	17.8988
 31548	17.4337
 31549	10.3621
 31550	18.4344
 31551	23.9053
 31552	19.2311
 31553	20.2269
 31554	21.0183
 31555	18.4978
 31556	12.9066
 31557	17.121
 31558	21.4816
 31559	14.0767
 31560	16.197
 31561	27.4632
 31562	17.8147
 31563	7.83339
 31564	13.996
 31565	10.7734
 31566	7.07623
 31567	14.1327
 31568	14.2478
 31569	13.0303
 31570	13.5483
 31571	13.4688
 31572	14.1741
 31573	12.9538
 31574	15.1947
 31575	21.8853
 31576	19.7489
 31577	19.2731
 31578	20.842
 31579	23.8112
 31580	21.786
 31581	16.4624
 31582	28.9675
 31583	28.6295
 31584	20.7049
 31585	23.9804
 31586	24.4974
 31587	17.0079
 31588	15.9949
 31589	23.0346
 31590	12.5032
 31591	6.13751
 31592	16.5165
 31593	14.9979
 31594	6.02686
 31595	10.65
 31596	16.2166
 31597	11.6284
 31598	6.02011
 31599	12.9647
 31600	13.365
 31601	4.17805
 31602	8.41421
 31603	7.63922
 31604	1.36876
 31605	2.12738
 31606	1.80523
 31607	4.26065
 31608	0.856159
 31609	-1.58868
 31610	-0.384851
 31611	8.9306
 31612	5.08185
 31613	5.17115
 31614	11.3065
 31615	8.6633
 31616	7.41011
 31617	1.88869
 31618	3.44016
 31619	3.42338
 31620	1.21065
 31621	5.22112
 31622	-1.95381
 31623	-6.22856
 31624	5.1614
 31625	3.73189
 31626	-3.22572
 31627	2.56293
 31628	8.44887
 31629	4.74618
 31630	6.92355
 31631	5.09485
 31632	0.895948
 31633	-0.515843
 31634	-2.36625
 31635	-3.81894
 31636	-7.16734
 31637	-5.37426
 31638	-5.09512
 31639	-8.46371
 31640	-9.48949
 31641	-8.19274
 31642	-13.622
 31643	0.583947
 31644	-2.74177
 31645	-12.0903
 31646	-11.2647
 31647	-9.05471
 31648	-12.7658
 31649	-13.0063
 31650	-23.2588
 31651	-17.945
 31652	-20.4603
 31653	-21.6469
 31654	-27.0822
 31655	-30.3729
 31656	-20.6932
 31657	-17.5746
 31658	-28.8613
 31659	-26.2297
 31660	-15.8906
 31661	-14.7677
 31662	-21.0107
 31663	-21.8673
 31664	-20.4774
 31665	-25.411
 31666	-23.6368
 31667	-22.9617
 31668	-24.5087
 31669	-32.0751
 31670	-25.9699
 31671	-28.7616
 31672	-30.4219
 31673	-25.1052
 31674	-21.6694
 31675	-18.7396
 31676	-24.6913
 31677	-24.8624
 31678	-10.7688
 31679	-12.4795
 31680	-19.8102
 31681	-10.8954
 31682	-5.7214
 31683	-8.24324
 31684	-17.1752
 31685	-10.6556
 31686	-5.52069
 31687	-10.0493
 31688	-10.4905
 31689	-7.68171
 31690	-4.05272
 31691	5.61912
 31692	-1.98513
 31693	-8.29707
 31694	-3.70384
 31695	0.158547
 31696	-0.936145
 31697	-5.31385
 31698	1.64734
 31699	3.46704
 31700	0.512523
 31701	-0.908649
 31702	-5.08648
 31703	-6.72941
 31704	-4.76392
 31705	-1.67276
 31706	-5.57874
 31707	-2.68709
 31708	2.91358
 31709	-0.0860556
 31710	2.33821
 31711	0.333426
 31712	-5.83631
 31713	2.21027
 31714	8.25861
 31715	6.71868
 31716	13.0246
 31717	14.5297
 31718	13.6262
 31719	7.13782
 31720	6.17589
 31721	0.0529922
 31722	-1.27563
 31723	2.86549
 31724	-6.44284
 31725	-9.29427
 31726	-9.76947
 31727	-8.29764
 31728	-9.29677
 31729	-15.8012
 31730	-11.092
 31731	-10.2857
 31732	-9.91989
 31733	-7.15571
 31734	-9.64511
 31735	-9.7596
 31736	-7.5787
 31737	-11.6252
 31738	-16.8763
 31739	-14.7814
 31740	-9.82205
 31741	-12.5033
 31742	-12.8018
 31743	-4.52404
 31744	-7.0202
 31745	-8.057
 31746	-4.66093
 31747	-6.59985
 31748	-4.13155
 31749	-2.57865
 31750	-1.95559
 31751	-3.95369
 31752	-3.35769
 31753	-3.81573
 31754	-7.56009
 31755	-8.9245
 31756	-8.60985
 31757	-3.9433
 31758	8.34445
 31759	-3.60391
 31760	-1.05856
 31761	2.88394
 31762	-5.35569
 31763	-3.83408
 31764	-2.32046
 31765	-2.25388
 31766	1.82203
 31767	5.41046
 31768	3.57918
 31769	-3.15916
 31770	-8.72608
 31771	-1.63966
 31772	-1.13635
 31773	-6.77756
 31774	-6.57807
 31775	-4.53779
 31776	-13.8008
 31777	-16.6448
 31778	-18.2732
 31779	-15.419
 31780	-23.1756
 31781	-19.7494
 31782	-12.742
 31783	-14.5212
 31784	-15.9268
 31785	-10.6298
 31786	-11.6653
 31787	-22.5182
 31788	-18.7638
 31789	-16.039
 31790	-12.752
 31791	-21.1655
 31792	-19.1592
 31793	-12.8788
 31794	-18.5563
 31795	-26.1614
 31796	-21.638
 31797	-20.6517
 31798	-18.2752
 31799	-30.8614
 31800	-24.9861
 31801	-17.8197
 31802	-23.0416
 31803	-26.7535
 31804	-25.994
 31805	-28.8253
 31806	-27.2321
 31807	-26.1569
 31808	-23.8875
 31809	-17.2091
 31810	-14.2766
 31811	-11.6786
 31812	-21.448
 31813	-17.037
 31814	-15.5221
 31815	-16.8943
 31816	-19.7359
 31817	-15.4358
 31818	-11.0007
 31819	-12.9699
 31820	-22.7555
 31821	-20.4058
 31822	-25.9777
 31823	-29.3931
 31824	-32.8644
 31825	-28.028
 31826	-26.0609
 31827	-32.425
 31828	-30.7971
 31829	-24.9697
 31830	-33.1028
 31831	-39.2221
 31832	-38.4667
 31833	-32.8918
 31834	-39.4674
 31835	-47.0628
 31836	-38.5239
 31837	-38.2645
 31838	-41.4912
 31839	-45.3797
 31840	-45.7362
 31841	-41.7331
 31842	-41.5815
 31843	-40.0178
 31844	-34.498
 31845	-36.7362
 31846	-38.0192
 31847	-46.0918
 31848	-49.9624
 31849	-50.3112
 31850	-49.7805
 31851	-49.9142
 31852	-50.876
 31853	-48.5559
 31854	-44.8843
 31855	-49.365
 31856	-46.4482
 31857	-39.7802
 31858	-44.7948
 31859	-43.2154
 31860	-36.9827
 31861	-32.0039
 31862	-37.571
 31863	-36.0042
 31864	-32.7928
 31865	-34.4528
 31866	-40.9916
 31867	-35.2538
 31868	-32.3354
 31869	-25.8743
 31870	-27.2092
 31871	-23.3212
 31872	-19.1277
 31873	-14.4212
 31874	-16.7366
 31875	-15.5855
 31876	-12.7096
 31877	-15.9456
 31878	-15.6852
 31879	-12.3657
 31880	-19.4116
 31881	-19.5007
 31882	-16.8847
 31883	-23.0882
 31884	-24.7543
 31885	-25.0148
 31886	-15.414
 31887	-14.8629
 31888	-15.6327
 31889	-10.9404
 31890	-14.1302
 31891	-18.4788
 31892	-11.4737
 31893	-17.7531
 31894	-16.3013
 31895	-12.6934
 31896	-12.3352
 31897	-16.2618
 31898	-16.2467
 31899	-14.5819
 31900	-11.3043
 31901	-12.9328
 31902	-19.9098
 31903	-16.5531
 31904	-5.39959
 31905	-9.50682
 31906	-18.7835
 31907	-12.5463
 31908	-8.17401
 31909	-19.1661
 31910	-23.839
 31911	-9.88666
 31912	-13.6936
 31913	-23.1625
 31914	-13.7339
 31915	-14.3745
 31916	-23.7163
 31917	-24.9203
 31918	-21.0753
 31919	-18.6246
 31920	-26.7333
 31921	-25.0897
 31922	-25.5562
 31923	-29.3742
 31924	-23.285
 31925	-30.0374
 31926	-34.7039
 31927	-25.1393
 31928	-29.988
 31929	-36.6421
 31930	-30.2447
 31931	-25.9291
 31932	-26.9848
 31933	-33.2898
 31934	-24.3098
 31935	-19.1448
 31936	-21.6109
 31937	-21.307
 31938	-23.3258
 31939	-23.189
 31940	-23.066
 31941	-30.2258
 31942	-26.0832
 31943	-24.7267
 31944	-33.0375
 31945	-41.5886
 31946	-34.9354
 31947	-35.356
 31948	-47.1332
 31949	-41.0429
 31950	-39.6975
 31951	-52.2509
 31952	-51.8906
 31953	-52.674
 31954	-54.126
 31955	-55.3396
 31956	-54.9349
 31957	-53.6636
 31958	-57.3008
 31959	-49.333
 31960	-47.5456
 31961	-55.6511
 31962	-47.4066
 31963	-44.0733
 31964	-53.2723
 31965	-44.8206
 31966	-35.3664
 31967	-40.2127
 31968	-46.2465
 31969	-43.0385
 31970	-36.4886
 31971	-43.3221
 31972	-40.8866
 31973	-33.8463
 31974	-33.8486
 31975	-36.0366
 31976	-40.3411
 31977	-42.1062
 31978	-38.3909
 31979	-42.6078
 31980	-45.3621
 31981	-45.6896
 31982	-39.8865
 31983	-47.314
 31984	-49.0485
 31985	-36.2985
 31986	-45.2289
 31987	-49.3323
 31988	-43.4178
 31989	-47.7482
 31990	-50.7947
 31991	-43.9822
 31992	-43.8196
 31993	-50.4504
 31994	-47.3345
 31995	-36.8788
 31996	-44.5901
 31997	-46.8853
 31998	-33.5272
 31999	-37.218
 32000	-44.4882
 32001	-41.1559
 32002	-34.6798
 32003	-32.9727
 32004	-30.3758
 32005	-34.3272
 32006	-40.8554
 32007	-31.7359
 32008	-35.5927
 32009	-44.5938
 32010	-34.0678
 32011	-33.902
 32012	-41.7262
 32013	-42.2617
 32014	-37.8882
 32015	-37.2988
 32016	-46.0296
 32017	-39.7284
 32018	-34.2263
 32019	-46.731
 32020	-46.6767
 32021	-40.3123
 32022	-45.9223
 32023	-40.2483
 32024	-41.8853
 32025	-45.5707
 32026	-42.2491
 32027	-41.9614
 32028	-43.446
 32029	-42.4078
 32030	-42.2327
 32031	-44.7157
 32032	-44.7692
 32033	-40.9435
 32034	-39.7406
 32035	-39.8714
 32036	-35.9745
 32037	-38.5616
 32038	-44.8197
 32039	-40.4021
 32040	-39.3092
 32041	-47.4838
 32042	-41.9108
 32043	-40.5519
 32044	-47.4132
 32045	-42.784
 32046	-44.5397
 32047	-49.8193
 32048	-48.8812
 32049	-48.0007
 32050	-47.6726
 32051	-53.3616
 32052	-48.477
 32053	-45.8923
 32054	-48.8435
 32055	-44.8219
 32056	-48.8005
 32057	-53.1747
 32058	-37.8239
 32059	-32.2004
 32060	-41.3303
 32061	-42.2748
 32062	-35.5074
 32063	-38.1966
 32064	-47.1811
 32065	-48.4571
 32066	-44.1527
 32067	-45.804
 32068	-45.8239
 32069	-44.2006
 32070	-45.0612
 32071	-43.5488
 32072	-41.7096
 32073	-50.4291
 32074	-50.0938
 32075	-50.4542
 32076	-54.0377
 32077	-48.7719
 32078	-48.6706
 32079	-54.3832
 32080	-54.3092
 32081	-47.8889
 32082	-51.5898
 32083	-57.0692
 32084	-56.082
 32085	-44.8594
 32086	-52.5055
 32087	-53.4968
 32088	-43.0584
 32089	-49.6512
 32090	-45.796
 32091	-47.6976
 32092	-53.615
 32093	-47.5665
 32094	-48.0574
 32095	-51.3905
 32096	-47.9863
 32097	-42.9418
 32098	-40.1391
 32099	-48.8108
 32100	-45.3051
 32101	-46.49
 32102	-48.2738
 32103	-42.3235
 32104	-46.9535
 32105	-47.2407
 32106	-44.3984
 32107	-49.1193
 32108	-52.9054
 32109	-46.931
 32110	-46.0551
 32111	-56.2833
 32112	-51.485
 32113	-46.2116
 32114	-51.5932
 32115	-46.8361
 32116	-42.574
 32117	-42.4592
 32118	-38.9902
 32119	-35.403
 32120	-32.0535
 32121	-34.0523
 32122	-35.5001
 32123	-34.0099
 32124	-44.3247
 32125	-42.0443
 32126	-42.0242
 32127	-43.5474
 32128	-37.2667
 32129	-38.7612
 32130	-45.9174
 32131	-42.3442
 32132	-48.2308
 32133	-48.7576
 32134	-49.0667
 32135	-41.057
 32136	-47.015
 32137	-44.9261
 32138	-34.8027
 32139	-34.4242
 32140	-39.1388
 32141	-32.4251
 32142	-26.3485
 32143	-27.5374
 32144	-36.5987
 32145	-33.6616
 32146	-31.399
 32147	-33.3352
 32148	-37.6054
 32149	-46.4997
 32150	-41.8224
 32151	-41.8018
 32152	-47.1035
 32153	-43.1709
 32154	-42.9044
 32155	-42.3001
 32156	-46.2153
 32157	-54.3559
 32158	-48.5066
 32159	-47.1238
 32160	-54.0157
 32161	-48.981
 32162	-48.5005
 32163	-44.8405
 32164	-43.4809
 32165	-46.1399
 32166	-39.9811
 32167	-35.5564
 32168	-39.7853
 32169	-37.8923
 32170	-36.599
 32171	-26.788
 32172	-29.8895
 32173	-33.3266
 32174	-34.1624
 32175	-35.3646
 32176	-41.4886
 32177	-42.3154
 32178	-46.2721
 32179	-44.658
 32180	-42.1299
 32181	-50.1531
 32182	-48.9518
 32183	-45.8753
 32184	-49.1522
 32185	-53.2304
 32186	-45.4279
 32187	-41.098
 32188	-40.7547
 32189	-44.2734
 32190	-38.1779
 32191	-35.963
 32192	-46.2831
 32193	-47.4763
 32194	-45.3104
 32195	-50.2659
 32196	-42.7929
 32197	-46.8693
 32198	-43.7949
 32199	-31.5871
 32200	-37.4241
 32201	-41.4947
 32202	-33.8876
 32203	-37.1506
 32204	-36.8243
 32205	-40.4186
 32206	-37.6743
 32207	-40.6482
 32208	-45.6751
 32209	-40.8359
 32210	-46.641
 32211	-50.4418
 32212	-43.2387
 32213	-48.3064
 32214	-51.8629
 32215	-43.0821
 32216	-36.6695
 32217	-37.1122
 32218	-35.1063
 32219	-34.887
 32220	-30.7181
 32221	-34.7367
 32222	-34.7486
 32223	-32.1625
 32224	-35.4633
 32225	-41.1476
 32226	-36.9546
 32227	-39.0787
 32228	-38.4118
 32229	-39.7693
 32230	-37.0402
 32231	-35.7919
 32232	-42.7509
 32233	-45.8228
 32234	-31.51
 32235	-35.0481
 32236	-47.8593
 32237	-47.8432
 32238	-47.2779
 32239	-41.8223
 32240	-54.4352
 32241	-58.5469
 32242	-53.9535
 32243	-55.8625
 32244	-58.1546
 32245	-56.2983
 32246	-55.9467
 32247	-43.715
 32248	-46.5255
 32249	-46.6353
 32250	-39.1297
 32251	-45.9993
 32252	-42.6622
 32253	-37.3981
 32254	-38.6373
 32255	-34.006
 32256	-34.4694
 32257	-29.2293
 32258	-23.564
 32259	-25.9964
 32260	-27.8064
 32261	-29.6952
 32262	-24.5279
 32263	-30.4519
 32264	-41.8301
 32265	-40.0296
 32266	-41.4687
 32267	-47.5793
 32268	-49.7519
 32269	-52.1757
 32270	-53.2547
 32271	-55.4967
 32272	-52.1436
 32273	-64.3133
 32274	-70.2221
 32275	-62.9189
 32276	-59.6486
 32277	-63.7358
 32278	-65.0087
 32279	-59.3003
 32280	-43.7171
 32281	-51.2098
 32282	-48.9068
 32283	-45.4587
 32284	-49.4572
 32285	-41.6589
 32286	-50.6904
 32287	-48.2826
 32288	-42.4106
 32289	-53.9627
 32290	-47.9674
 32291	-50.0586
 32292	-59.6306
 32293	-59.4278
 32294	-62.2702
 32295	-59.9148
 32296	-63.0713
 32297	-67.387
 32298	-60.2043
 32299	-64.7973
 32300	-68.2337
 32301	-70.8107
 32302	-66.2406
 32303	-59.4937
 32304	-62.2349
 32305	-62.1451
 32306	-54.5537
 32307	-56.2786
 32308	-55.4274
 32309	-54.088
 32310	-55.574
 32311	-55.5478
 32312	-48.3122
 32313	-45.67
 32314	-57.7963
 32315	-49.7845
 32316	-45.3301
 32317	-48.9475
 32318	-49.1277
 32319	-47.9547
 32320	-47.6452
 32321	-56.9851
 32322	-59.7455
 32323	-54.2635
 32324	-62.9804
 32325	-63.1479
 32326	-66.4166
 32327	-66.4693
 32328	-54.8267
 32329	-55.0078
 32330	-59.3543
 32331	-54.5476
 32332	-54.0125
 32333	-52.3051
 32334	-55.2255
 32335	-58.5525
 32336	-54.357
 32337	-58.4319
 32338	-52.4454
 32339	-53.3655
 32340	-62.6959
 32341	-50.8443
 32342	-48.8523
 32343	-55.4768
 32344	-50.9569
 32345	-50.8048
 32346	-54.2839
 32347	-54.0052
 32348	-47.9527
 32349	-49.7845
 32350	-47.6742
 32351	-46.7702
 32352	-56.6847
 32353	-50.2165
 32354	-44.4945
 32355	-47.4658
 32356	-47.0793
 32357	-42.072
 32358	-39.3931
 32359	-44.638
 32360	-43.1015
 32361	-43.6444
 32362	-51.1381
 32363	-47.0492
 32364	-54.98
 32365	-54.3451
 32366	-44.1585
 32367	-53.1536
 32368	-53.4036
 32369	-43.2589
 32370	-51.4644
 32371	-51.6465
 32372	-46.6755
 32373	-44.8407
 32374	-45.0189
 32375	-42.916
 32376	-33.0196
 32377	-45.2712
 32378	-42.5182
 32379	-37.1458
 32380	-44.35
 32381	-50.0125
 32382	-47.1236
 32383	-46.5663
 32384	-45.7301
 32385	-51.424
 32386	-43.3915
 32387	-51.5606
 32388	-47.9169
 32389	-48.921
 32390	-51.3295
 32391	-48.8351
 32392	-50.1426
 32393	-53.0828
 32394	-55.6916
 32395	-55.3071
 32396	-59.4581
 32397	-63.8341
 32398	-60.4381
 32399	-56.9957
 32400	-54.0418
 32401	-43.8589
 32402	-57.964
 32403	-51.2863
 32404	-37.5239
 32405	-40.77
 32406	-39.7691
 32407	-36.6714
 32408	-31.609
 32409	-38.7295
 32410	-42.7714
 32411	-29.771
 32412	-32.1677
 32413	-42.0686
 32414	-41.0522
 32415	-39.5194
 32416	-39.2767
 32417	-47.9916
 32418	-43.129
 32419	-46.24
 32420	-46.3986
 32421	-43.3906
 32422	-44.601
 32423	-48.6523
 32424	-44.8266
 32425	-40.9728
 32426	-47.117
 32427	-52.3737
 32428	-49.7726
 32429	-44.4363
 32430	-49.2928
 32431	-50.0228
 32432	-47.028
 32433	-41.3466
 32434	-45.1149
 32435	-41.2626
 32436	-31.652
 32437	-31.2819
 32438	-41.3979
 32439	-40.368
 32440	-46.7761
 32441	-48.2385
 32442	-54.6372
 32443	-40.2331
 32444	-45.9599
 32445	-51.8656
 32446	-41.6533
 32447	-48.865
 32448	-56.9019
 32449	-47.7651
 32450	-48.0217
 32451	-45.7692
 32452	-44.6744
 32453	-41.2313
 32454	-40.7918
 32455	-41.2833
 32456	-45.0371
 32457	-45.433
 32458	-46.3348
 32459	-46.5537
 32460	-46.6643
 32461	-45.241
 32462	-40.2829
 32463	-43.2445
 32464	-41.0079
 32465	-41.1503
 32466	-42.2105
 32467	-41.3343
 32468	-41.6222
 32469	-50.5396
 32470	-52.042
 32471	-48.044
 32472	-51.4823
 32473	-57.9279
 32474	-55.1675
 32475	-48.5216
 32476	-53.492
 32477	-64.8385
 32478	-60.9682
 32479	-45.8894
 32480	-49.2105
 32481	-46.6853
 32482	-46.8896
 32483	-40.2582
 32484	-43.1649
 32485	-39.9818
 32486	-42.3669
 32487	-38.9948
 32488	-37.8001
 32489	-45.2116
 32490	-51.6793
 32491	-45.4682
 32492	-47.6307
 32493	-50.1733
 32494	-53.8202
 32495	-53.1515
 32496	-51.384
 32497	-48.7376
 32498	-50.3686
 32499	-47.0466
 32500	-42.1582
 32501	-49.044
 32502	-51.0752
 32503	-44.6735
 32504	-39.543
 32505	-44.8293
 32506	-45.8443
 32507	-41.4167
 32508	-46.8936
 32509	-42.3659
 32510	-36.8908
 32511	-40.0526
 32512	-30.0038
 32513	-34.4343
 32514	-45.8253
 32515	-44.4731
 32516	-41.48
 32517	-38.6815
 32518	-42.226
 32519	-43.8458
 32520	-36.9919
 32521	-35.4137
 32522	-43.5061
 32523	-38.7372
 32524	-35.9474
 32525	-39.7698
 32526	-48.6767
 32527	-44.1417
 32528	-38.0377
 32529	-37.2946
 32530	-45.5571
 32531	-40.964
 32532	-41.9843
 32533	-44.9436
 32534	-41.9195
 32535	-42.5104
 32536	-48.7973
 32537	-47.4512
 32538	-41.2376
 32539	-46.3144
 32540	-45.6308
 32541	-39.1485
 32542	-32.8404
 32543	-43.0754
 32544	-42.0639
 32545	-37.4631
 32546	-38.5471
 32547	-35.5646
 32548	-31.5687
 32549	-33.1952
 32550	-33.2719
 32551	-41.1272
 32552	-47.2172
 32553	-49.6789
 32554	-50.5491
 32555	-47.9842
 32556	-47.0927
 32557	-51.094
 32558	-61.8816
 32559	-58.9139
 32560	-49.7047
 32561	-55.7798
 32562	-61.8319
 32563	-54.0862
 32564	-47.4075
 32565	-51.6176
 32566	-51.0201
 32567	-44.4224
 32568	-47.7369
 32569	-50.1883
 32570	-45.3441
 32571	-51.7911
 32572	-50.8358
 32573	-45.7231
 32574	-43.1698
 32575	-45.8153
 32576	-44.0967
 32577	-37.4798
 32578	-42.7164
 32579	-45.6363
 32580	-41.4771
 32581	-46.552
 32582	-46.6263
 32583	-55.3639
 32584	-63.0454
 32585	-51.2739
 32586	-47.9153
 32587	-49.0606
 32588	-45.8668
 32589	-52.4472
 32590	-57.7608
 32591	-53.1173
 32592	-53.1886
 32593	-59.6376
 32594	-65.9671
 32595	-56.571
 32596	-56.206
 32597	-56.3208
 32598	-51.3382
 32599	-48.7499
 32600	-50.9548
 32601	-45.6124
 32602	-42.751
 32603	-42.1901
 32604	-42.7966
 32605	-39.6244
 32606	-42.4588
 32607	-40.5928
 32608	-40.6988
 32609	-46.4447
 32610	-44.8353
 32611	-43.1753
 32612	-44.6481
 32613	-44.4223
 32614	-37.4936
 32615	-42.6356
 32616	-46.7271
 32617	-40.337
 32618	-41.1422
 32619	-42.754
 32620	-35.987
 32621	-35.6349
 32622	-36.0222
 32623	-25.6731
 32624	-16.9547
 32625	-22.3672
 32626	-33.8756
 32627	-25.5948
 32628	-23.9838
 32629	-33.7288
 32630	-36.1905
 32631	-36.3725
 32632	-35.9993
 32633	-33.5878
 32634	-38.0332
 32635	-39.9907
 32636	-38.3286
 32637	-38.2432
 32638	-38.7834
 32639	-41.7628
 32640	-39.9737
 32641	-39.8818
 32642	-40.4175
 32643	-34.563
 32644	-33.6842
 32645	-39.4109
 32646	-37.1172
 32647	-38.64
 32648	-44.0598
 32649	-40.8104
 32650	-40.1582
 32651	-38.6989
 32652	-42.0385
 32653	-42.9461
 32654	-41.449
 32655	-38.374
 32656	-42.8125
 32657	-42.8291
 32658	-46.0783
 32659	-41.339
 32660	-41.6036
 32661	-43.119
 32662	-41.8014
 32663	-39.5597
 32664	-44.6247
 32665	-40.2619
 32666	-41.5193
 32667	-41.0978
 32668	-35.9895
 32669	-38.5253
 32670	-41.3857
 32671	-42.7281
 32672	-41.1229
 32673	-40.1722
 32674	-39.7965
 32675	-44.6616
 32676	-41.7753
 32677	-42.5704
 32678	-41.9009
 32679	-41.5564
 32680	-44.5544
 32681	-39.7671
 32682	-39.6452
 32683	-42.5109
 32684	-41.8402
 32685	-44.0725
 32686	-49.1955
 32687	-36.459
 32688	-30.7431
 32689	-37.6722
 32690	-41.4257
 32691	-33.5054
 32692	-36.1524
 32693	-43.8495
 32694	-50.0405
 32695	-44.4539
 32696	-49.4742
 32697	-45.9392
 32698	-40.79
 32699	-45.749
 32700	-42.3937
 32701	-39.2454
 32702	-46.017
 32703	-35.8544
 32704	-31.2211
 32705	-42.0162
 32706	-39.0639
 32707	-38.525
 32708	-29.4206
 32709	-36.4729
 32710	-40.8506
 32711	-29.3183
 32712	-25.1887
 32713	-34.4179
 32714	-30.7568
 32715	-26.9902
 32716	-23.9572
 32717	-26.22
 32718	-28.4963
 32719	-27.7804
 32720	-24.813
 32721	-30.6605
 32722	-33.4261
 32723	-32.7725
 32724	-41.6646
 32725	-41.2658
 32726	-40.9415
 32727	-40.1769
 32728	-40.4065
 32729	-41.5814
 32730	-40.4618
 32731	-39.2429
 32732	-45.3233
 32733	-40.0145
 32734	-42.843
 32735	-39.6062
 32736	-39.7875
 32737	-45.1806
 32738	-37.4298
 32739	-41.5213
 32740	-41.2005
 32741	-39.906
 32742	-43.3857
 32743	-42.4592
 32744	-38.0818
 32745	-35.1498
 32746	-29.9748
 32747	-38.4854
 32748	-33.1989
 32749	-31.6558
 32750	-41.5787
 32751	-53.5742
 32752	-47.2513
 32753	-33.9782
 32754	-35.6718
 32755	-37.2937
 32756	-31.5425
 32757	-30.7235
 32758	-31.3157
 32759	-28.042
 32760	-30.1073
 32761	-31.9929
 32762	-38.3948
 32763	-32.1934
 32764	-33.0683
 32765	-32.937
 32766	-42.7672
 32767	-45.7946
 32768	-36.1688
 32769	-33.7343
 32770	-44.9194
 32771	-43.0022
 32772	-41.1081
 32773	-36.6078
 32774	-42.3024
 32775	-49.3477
 32776	-49.7861
 32777	-55.1989
 32778	-51.0806
 32779	-48.3451
 32780	-55.0406
 32781	-54.0952
 32782	-53.0305
 32783	-56.3239
 32784	-47.5124
 32785	-50.012
 32786	-46.0613
 32787	-48.1664
 32788	-49.5787
 32789	-45.3122
 32790	-42.5074
 32791	-39.7641
 32792	-41.2313
 32793	-49.8921
 32794	-49.0864
 32795	-48.5049
 32796	-50.2146
 32797	-50.4224
 32798	-50.6903
 32799	-53.119
 32800	-50.2774
 32801	-40.5089
 32802	-41.3466
 32803	-42.4263
 32804	-49.524
 32805	-43.8324
 32806	-38.606
 32807	-45.3961
 32808	-49.3207
 32809	-47.9141
 32810	-49.7844
 32811	-52.0097
 32812	-59.6455
 32813	-54.3071
 32814	-50.1187
 32815	-56.9777
 32816	-48.5826
 32817	-49.1814
 32818	-53.4628
 32819	-46.3682
 32820	-45.7382
 32821	-47.7101
 32822	-42.2716
 32823	-43.1347
 32824	-42.6547
 32825	-46.6322
 32826	-36.1328
 32827	-27.4089
 32828	-32.1611
 32829	-30.0651
 32830	-25.0845
 32831	-26.0797
 32832	-27.4389
 32833	-20.6032
 32834	-19.4445
 32835	-23.5647
 32836	-23.6697
 32837	-20.3309
 32838	-16.0666
 32839	-12.7645
 32840	-22.5118
 32841	-19.6483
 32842	-21.5311
 32843	-27.539
 32844	-32.4861
 32845	-29.6737
 32846	-20.3119
 32847	-24.4453
 32848	-30.3938
 32849	-22.6687
 32850	-15.6943
 32851	-21.4544
 32852	-15.7024
 32853	-18.5643
 32854	-17.6681
 32855	-21.3869
 32856	-25.5902
 32857	-15.1866
 32858	-14.0947
 32859	-22.8682
 32860	-12.9519
 32861	-9.11932
 32862	-15.4001
 32863	-11.4343
 32864	-2.19267
 32865	-9.05781
 32866	-11.6699
 32867	-16.0503
 32868	-15.4642
 32869	-14.5914
 32870	-17.4807
 32871	-12.9354
 32872	-10.8271
 32873	-20.5685
 32874	-16.6836
 32875	-11.5973
 32876	-18.6064
 32877	-17.7088
 32878	-14.7116
 32879	-15.609
 32880	-19.4768
 32881	-18.6858
 32882	-15.9051
 32883	-23.3156
 32884	-25.344
 32885	-21.1243
 32886	-24.0918
 32887	-21.5083
 32888	-23.3456
 32889	-19.1457
 32890	-14.7196
 32891	-16.314
 32892	-24.85
 32893	-21.3568
 32894	-13.4784
 32895	-19.1319
 32896	-22.9323
 32897	-18.668
 32898	-15.4817
 32899	-14.9876
 32900	-19.4461
 32901	-14.9895
 32902	-2.37292
 32903	-7.69316
 32904	-10.4908
 32905	-14.0501
 32906	-11.3936
 32907	-12.8688
 32908	-20.4233
 32909	-23.0584
 32910	-18.846
 32911	-26.859
 32912	-28.1278
 32913	-39.8755
 32914	-40.8242
 32915	-33.208
 32916	-46.7313
 32917	-51.6175
 32918	-48.7369
 32919	-48.3568
 32920	-49.571
 32921	-45.7145
 32922	-46.7558
 32923	-43.204
 32924	-45.5848
 32925	-38.5843
 32926	-41.5557
 32927	-38.3851
 32928	-46.8832
 32929	-48.3275
 32930	-45.6602
 32931	-47.3609
 32932	-47.7968
 32933	-45.7108
 32934	-45.055
 32935	-43.8543
 32936	-39.3932
 32937	-36.2327
 32938	-36.4375
 32939	-36.3375
 32940	-36.3485
 32941	-44.0158
 32942	-43.5314
 32943	-46.5272
 32944	-50.7371
 32945	-50.7429
 32946	-49.8576
 32947	-48.2604
 32948	-43.9632
 32949	-46.4558
 32950	-44.6929
 32951	-43.5737
 32952	-37.1979
 32953	-37.3709
 32954	-40.2319
 32955	-36.6603
 32956	-38.8112
 32957	-41.6726
 32958	-40.4438
 32959	-40.2581
 32960	-48.6503
 32961	-50.1355
 32962	-41.507
 32963	-42.324
 32964	-60.6934
 32965	-55.6247
 32966	-49.4374
 32967	-53.4748
 32968	-50.5061
 32969	-44.751
 32970	-45.8623
 32971	-45.6013
 32972	-46.9657
 32973	-50.6669
 32974	-52.3435
 32975	-51.0369
 32976	-55.1349
 32977	-58.611
 32978	-57.9865
 32979	-58.6623
 32980	-59.0708
 32981	-60.6336
 32982	-56.5438
 32983	-46.1386
 32984	-39.3681
 32985	-39.8252
 32986	-42.3184
 32987	-36.0279
 32988	-37.438
 32989	-35.1363
 32990	-33.0192
 32991	-38.8631
 32992	-40.6362
 32993	-29.0946
 32994	-31.6673
 32995	-33.3034
 32996	-36.1672
 32997	-35.9358
 32998	-32.1604
 32999	-36.0569
 33000	-39.7207
 33001	-41.9566
 33002	-46.0884
 33003	-42.655
 33004	-48.6696
 33005	-48.7014
 33006	-35.6794
 33007	-38.3455
 33008	-41.4685
 33009	-41.2901
 33010	-35.6942
 33011	-39.737
 33012	-41.3189
 33013	-37.1544
 33014	-36.8366
 33015	-40.853
 33016	-34.5264
 33017	-36.5126
 33018	-39.5116
 33019	-35.6802
 33020	-30.9726
 33021	-38.5187
 33022	-43.6326
 33023	-41.1589
 33024	-46.9676
 33025	-47.1817
 33026	-52.4278
 33027	-54.8193
 33028	-53.9936
 33029	-57.4636
 33030	-53.2282
 33031	-48.18
 33032	-55.5229
 33033	-45.7848
 33034	-46.1695
 33035	-42.7601
 33036	-42.7053
 33037	-48.2556
 33038	-41.9698
 33039	-46.6151
 33040	-45.1442
 33041	-42.6474
 33042	-44.6454
 33043	-40.3281
 33044	-43.1815
 33045	-46.029
 33046	-34.6075
 33047	-37.8611
 33048	-39.6387
 33049	-44.1385
 33050	-40.3707
 33051	-40.5675
 33052	-43.4061
 33053	-42.9875
 33054	-39.1159
 33055	-35.7833
 33056	-28.4215
 33057	-26.0627
 33058	-24.2858
 33059	-20.0698
 33060	-20.1166
 33061	-25.9723
 33062	-24.3713
 33063	-12.8108
 33064	-17.798
 33065	-15.5165
 33066	-8.90661
 33067	-10.2916
 33068	-13.3357
 33069	-11.9054
 33070	-12.6855
 33071	-17.6077
 33072	-19.3792
 33073	-15.8744
 33074	-27.5213
 33075	-30.8739
 33076	-26.4961
 33077	-31.074
 33078	-35.6081
 33079	-41.4344
 33080	-42.8262
 33081	-43.2869
 33082	-43.9779
 33083	-43.3567
 33084	-45.866
 33085	-44.488
 33086	-41.8333
 33087	-48.0067
 33088	-46.3308
 33089	-43.6479
 33090	-42.2941
 33091	-42.317
 33092	-44.6758
 33093	-34.9512
 33094	-26.9334
 33095	-28.683
 33096	-37.957
 33097	-32.9174
 33098	-22.9105
 33099	-25.3693
 33100	-30.4589
 33101	-22.9031
 33102	-19.8459
 33103	-17.9545
 33104	-21.8114
 33105	-26.6617
 33106	-32.1079
 33107	-33.0644
 33108	-27.0702
 33109	-29.4725
 33110	-30.4915
 33111	-28.1262
 33112	-26.446
 33113	-22.0637
 33114	-23.5048
 33115	-27.933
 33116	-23.3986
 33117	-17.8147
 33118	-13.7542
 33119	-16.9483
 33120	-12.7218
 33121	-8.5134
 33122	-8.57781
 33123	-9.36265
 33124	-13.0169
 33125	-9.90364
 33126	-5.69089
 33127	-3.51665
 33128	-8.21714
 33129	-6.76128
 33130	3.402
 33131	-0.237915
 33132	-5.97075
 33133	8.11231
 33134	4.35674
 33135	0.894279
 33136	2.7777
 33137	4.83148
 33138	2.49815
 33139	3.21595
 33140	5.72392
 33141	2.54326
 33142	-1.69172
 33143	6.8138
 33144	4.16843
 33145	-5.41964
 33146	-2.81834
 33147	2.81893
 33148	-5.25536
 33149	-6.12644
 33150	0.054098
 33151	-7.6387
 33152	-9.61248
 33153	-10.7315
 33154	-12.5098
 33155	-11.6438
 33156	-13.9613
 33157	-9.36844
 33158	-4.22769
 33159	-8.17814
 33160	-6.00293
 33161	-6.91254
 33162	-4.2194
 33163	-4.567
 33164	-7.39411
 33165	-0.743058
 33166	0.756163
 33167	0.314538
 33168	2.35536
 33169	-3.80283
 33170	-12.4723
 33171	-9.00544
 33172	-7.53861
 33173	-10.8196
 33174	-15.6017
 33175	-10.277
 33176	-9.65641
 33177	-5.61533
 33178	-7.24158
 33179	-11.1897
 33180	-11.081
 33181	-6.23186
 33182	-8.58627
 33183	-15.3399
 33184	-10.7412
 33185	-7.03766
 33186	-11.6149
 33187	-8.9651
 33188	-11.2112
 33189	-18.7974
 33190	-4.80109
 33191	0.647154
 33192	-10.9917
 33193	-15.0298
 33194	-4.02764
 33195	-9.63054
 33196	-15.6624
 33197	-8.23319
 33198	-3.48788
 33199	-12.244
 33200	-2.12916
 33201	1.85696
 33202	-1.67
 33203	1.92868
 33204	7.03794
 33205	3.39062
 33206	-1.53411
 33207	6.64847
 33208	8.80249
 33209	4.88371
 33210	6.90179
 33211	8.15429
 33212	5.3589
 33213	1.99191
 33214	-2.25813
 33215	-3.64359
 33216	-2.22238
 33217	2.82197
 33218	-2.95451
 33219	-5.61713
 33220	0.875897
 33221	-9.03468
 33222	-8.79408
 33223	-3.94545
 33224	-11.9722
 33225	-15.3837
 33226	-8.91148
 33227	-9.56616
 33228	-18.4158
 33229	-16.5689
 33230	-9.7928
 33231	-14.9949
 33232	-11.8824
 33233	-14.2041
 33234	-13.2988
 33235	-4.1986
 33236	-6.3327
 33237	-17.3829
 33238	-11.9503
 33239	-5.39608
 33240	-13.9789
 33241	-21.7702
 33242	-10.5982
 33243	-19.1957
 33244	-23.6961
 33245	-13.4753
 33246	-20.6539
 33247	-30.1744
 33248	-28.2998
 33249	-26.3386
 33250	-37.8966
 33251	-42.2725
 33252	-27.1777
 33253	-34.4012
 33254	-41.2208
 33255	-26.4054
 33256	-20.4786
 33257	-22.3578
 33258	-22.3619
 33259	-17.45
 33260	-19.2137
 33261	-23.9437
 33262	-24.6518
 33263	-26.3394
 33264	-23.2436
 33265	-15.9584
 33266	-24.563
 33267	-16.7218
 33268	-13.073
 33269	-20.6153
 33270	-17.6895
 33271	-15.7312
 33272	-24.4683
 33273	-33.2215
 33274	-23.8549
 33275	-10.7676
 33276	-20.779
 33277	-19.2093
 33278	-8.79493
 33279	-4.04889
 33280	-4.52443
 33281	-4.1165
 33282	0.137326
 33283	4.16911
 33284	2.22718
 33285	-3.28979
 33286	-7.75443
 33287	-10.266
 33288	-14.3922
 33289	-9.25792
 33290	-10.3782
 33291	-23.1604
 33292	-11.9446
 33293	-9.10147
 33294	-12.3441
 33295	-13.2941
 33296	-13.1553
 33297	-8.7357
 33298	-20.3263
 33299	-22.4479
 33300	-17.976
 33301	-21.6437
 33302	-16.9027
 33303	-14.152
 33304	-23.116
 33305	-24.553
 33306	-26.9502
 33307	-30.7992
 33308	-36.8724
 33309	-36.9289
 33310	-39.1233
 33311	-43.1108
 33312	-32.7188
 33313	-33.985
 33314	-42.2629
 33315	-40.6508
 33316	-32.7205
 33317	-35.9124
 33318	-44.7707
 33319	-35.8605
 33320	-38.0556
 33321	-42.2249
 33322	-34.5856
 33323	-41.4577
 33324	-47.5731
 33325	-42.3903
 33326	-47.0341
 33327	-49.4295
 33328	-46.5377
 33329	-39.6093
 33330	-47.7709
 33331	-52.5349
 33332	-47.4121
 33333	-42.9063
 33334	-50.985
 33335	-51.5609
 33336	-53.5569
 33337	-51.4463
 33338	-50.6404
 33339	-51.3033
 33340	-57.1478
 33341	-58.5996
 33342	-58.0531
 33343	-58.0471
 33344	-54.4414
 33345	-53.6583
 33346	-52.611
 33347	-45.8906
 33348	-44.0966
 33349	-43.9748
 33350	-45.0228
 33351	-41.0174
 33352	-32.0643
 33353	-36.2353
 33354	-28.085
 33355	-18.7574
 33356	-26.7089
 33357	-31.3392
 33358	-39.1399
 33359	-40.0069
 33360	-36.4192
 33361	-46.8176
 33362	-44.1054
 33363	-41.4509
 33364	-40.6059
 33365	-41.5587
 33366	-46.3202
 33367	-47.4121
 33368	-46.5655
 33369	-49.6005
 33370	-48.0015
 33371	-52.0415
 33372	-43.121
 33373	-45.0602
 33374	-53.9084
 33375	-52.4079
 33376	-43.5285
 33377	-50.4133
 33378	-57.2365
 33379	-55.0982
 33380	-41.8279
 33381	-47.415
 33382	-47.3831
 33383	-46.039
 33384	-41.5939
 33385	-40.7994
 33386	-42.2488
 33387	-43.669
 33388	-44.6324
 33389	-39.0624
 33390	-42.9601
 33391	-54.1456
 33392	-47.9829
 33393	-46.8746
 33394	-51.9461
 33395	-48.6637
 33396	-47.6839
 33397	-42.2199
 33398	-49.2743
 33399	-51.0426
 33400	-45.1591
 33401	-49.0208
 33402	-44.9224
 33403	-43.8274
 33404	-50.7198
 33405	-42.6286
 33406	-40.7239
 33407	-45.0863
 33408	-42.2966
 33409	-40.8874
 33410	-40.1168
 33411	-46.7286
 33412	-35.9293
 33413	-29.144
 33414	-33.7288
 33415	-34.1911
 33416	-24.7706
 33417	-23.8217
 33418	-34.695
 33419	-35.5135
 33420	-27.6652
 33421	-35.6034
 33422	-40.8659
 33423	-36.6578
 33424	-32.1317
 33425	-31.305
 33426	-34.267
 33427	-30.8502
 33428	-34.6537
 33429	-42.0689
 33430	-41.8001
 33431	-46.7099
 33432	-38.9252
 33433	-43.1237
 33434	-49.8798
 33435	-41.3506
 33436	-45.4793
 33437	-45.5791
 33438	-36.1852
 33439	-41.0787
 33440	-38.2439
 33441	-40.3743
 33442	-34.3686
 33443	-29.2202
 33444	-37.3199
 33445	-28.4094
 33446	-26.2104
 33447	-30.0519
 33448	-28.3555
 33449	-20.6144
 33450	-12.6003
 33451	-24.9364
 33452	-25.7685
 33453	-12.1642
 33454	-13.6337
 33455	-17.7178
 33456	-12.0267
 33457	-1.97072
 33458	-10.6784
 33459	-17.3512
 33460	-5.69199
 33461	-11.5792
 33462	-21.2047
 33463	-13.4028
 33464	-13.09
 33465	-20.2638
 33466	-25.0889
 33467	-23.1773
 33468	-25.7333
 33469	-30.359
 33470	-24.7809
 33471	-33.4671
 33472	-39.2073
 33473	-34.6717
 33474	-42.4786
 33475	-42.7512
 33476	-43.8578
 33477	-44.0024
 33478	-45.9565
 33479	-46.9508
 33480	-43.8316
 33481	-45.7965
 33482	-46.0517
 33483	-43.5644
 33484	-56.0524
 33485	-45.0832
 33486	-41.4702
 33487	-41.6461
 33488	-42.3917
 33489	-40.3764
 33490	-31.6368
 33491	-32.2536
 33492	-42.2863
 33493	-38.3474
 33494	-41.303
 33495	-38.611
 33496	-44.8993
 33497	-44.5844
 33498	-32.9065
 33499	-45.8556
 33500	-42.4953
 33501	-30.1163
 33502	-39.7833
 33503	-38.7823
 33504	-32.3993
 33505	-33.1305
 33506	-37.596
 33507	-39.176
 33508	-32.0898
 33509	-38.1029
 33510	-35.6185
 33511	-31.9383
 33512	-38.9758
 33513	-32.1279
 33514	-36.1841
 33515	-46.318
 33516	-48.9674
 33517	-44.1576
 33518	-41.6056
 33519	-46.5296
 33520	-38.3201
 33521	-42.2235
 33522	-52.0496
 33523	-39.501
 33524	-47.5785
 33525	-59.2089
 33526	-54.4726
 33527	-51.2342
 33528	-56.8526
 33529	-61.3264
 33530	-48.1958
 33531	-43.5682
 33532	-49.2505
 33533	-40.2023
 33534	-39.3365
 33535	-41.9918
 33536	-33.8462
 33537	-32.6738
 33538	-27.58
 33539	-30.616
 33540	-33.8725
 33541	-26.1201
 33542	-31.6537
 33543	-26.998
 33544	-20.4788
 33545	-17.887
 33546	-18.5079
 33547	-30.0536
 33548	-28.9648
 33549	-23.0097
 33550	-26.1353
 33551	-25.9952
 33552	-23.4773
 33553	-23.9145
 33554	-33.842
 33555	-33.9773
 33556	-37.3579
 33557	-44.2525
 33558	-37.8206
 33559	-47.8076
 33560	-50.0247
 33561	-39.4732
 33562	-42.8013
 33563	-41.3916
 33564	-36.9583
 33565	-37.8999
 33566	-41.5008
 33567	-47.4612
 33568	-38.1765
 33569	-44.5533
 33570	-41.9551
 33571	-37.96
 33572	-45.826
 33573	-44.2912
 33574	-38.3905
 33575	-41.0985
 33576	-34.8512
 33577	-38.6411
 33578	-34.4337
 33579	-38.7307
 33580	-42.5418
 33581	-32.273
 33582	-34.2344
 33583	-39.2848
 33584	-36.6024
 33585	-34.3474
 33586	-41.615
 33587	-46.84
 33588	-38.6315
 33589	-38.8928
 33590	-38.5273
 33591	-32.103
 33592	-35.9729
 33593	-35.0161
 33594	-25.9309
 33595	-23.2244
 33596	-26.336
 33597	-29.2306
 33598	-23.3264
 33599	-28.1708
 33600	-28.8964
 33601	-26.0702
 33602	-28.653
 33603	-28.6662
 33604	-30.4285
 33605	-37.3884
 33606	-37.9094
 33607	-36.0562
 33608	-35.3269
 33609	-44.0934
 33610	-41.8582
 33611	-38.4195
 33612	-46.1116
 33613	-41.2381
 33614	-41.5477
 33615	-45.0426
 33616	-39.9668
 33617	-39.7197
 33618	-39.0844
 33619	-39.8238
 33620	-43.3043
 33621	-31.0092
 33622	-25.1057
 33623	-28.7676
 33624	-38.3717
 33625	-31.2473
 33626	-21.984
 33627	-33.2191
 33628	-35.2241
 33629	-24.5744
 33630	-27.4468
 33631	-36.7468
 33632	-36.5806
 33633	-30.3377
 33634	-36.6975
 33635	-43.4682
 33636	-44.5946
 33637	-53.9753
 33638	-52.8325
 33639	-51.8312
 33640	-51.6244
 33641	-55.8733
 33642	-52.3788
 33643	-45.0952
 33644	-50.4067
 33645	-52.2675
 33646	-50.3422
 33647	-47.7371
 33648	-44.8897
 33649	-50.9184
 33650	-52.3204
 33651	-39.465
 33652	-42.8065
 33653	-43.5498
 33654	-37.1533
 33655	-40.8472
 33656	-51.8054
 33657	-50.0369
 33658	-43.0458
 33659	-48.3595
 33660	-54.0842
 33661	-36.8009
 33662	-47.066
 33663	-49.0431
 33664	-37.4539
 33665	-34.8474
 33666	-41.2582
 33667	-41.8496
 33668	-41.28
 33669	-44.0074
 33670	-43.2096
 33671	-42.2696
 33672	-44.979
 33673	-37.0682
 33674	-38.3763
 33675	-43.3519
 33676	-40.4706
 33677	-40.886
 33678	-40.2407
 33679	-41.0997
 33680	-39.051
 33681	-42.8404
 33682	-44.0982
 33683	-37.949
 33684	-45.5936
 33685	-45.8838
 33686	-34.4605
 33687	-39.4464
 33688	-40.8899
 33689	-36.1049
 33690	-35.4319
 33691	-29.2445
 33692	-29.1956
 33693	-32.736
 33694	-39.5748
 33695	-37.8357
 33696	-33.2304
 33697	-41.4422
 33698	-43.7904
 33699	-36.9309
 33700	-38.5594
 33701	-39.2819
 33702	-35.6833
 33703	-38.8211
 33704	-44.9492
 33705	-38.8171
 33706	-43.3239
 33707	-50.5613
 33708	-39.4521
 33709	-45.403
 33710	-48.6522
 33711	-41.5732
 33712	-38.8566
 33713	-37.9263
 33714	-41.0985
 33715	-39.2903
 33716	-37.9673
 33717	-37.0321
 33718	-34.1491
 33719	-44.1471
 33720	-37.7893
 33721	-28.5437
 33722	-32.8276
 33723	-39.7401
 33724	-34.98
 33725	-43.8956
 33726	-47.6712
 33727	-44.2394
 33728	-45.6549
 33729	-49.2076
 33730	-46.4271
 33731	-39.7964
 33732	-40.589
 33733	-48.1789
 33734	-34.1992
 33735	-38.9544
 33736	-46.1209
 33737	-46.1023
 33738	-45.9465
 33739	-44.2807
 33740	-45.499
 33741	-48.334
 33742	-46.7403
 33743	-39.0699
 33744	-38.2319
 33745	-42.2302
 33746	-37.1398
 33747	-36.5983
 33748	-36.7236
 33749	-33.1855
 33750	-35.7763
 33751	-42.3441
 33752	-45.8672
 33753	-39.9922
 33754	-52.4255
 33755	-52.7642
 33756	-37.9092
 33757	-50.9077
 33758	-55.6866
 33759	-44.2073
 33760	-43.4929
 33761	-45.4158
 33762	-41.3484
 33763	-38.9482
 33764	-43.4034
 33765	-42.6548
 33766	-38.2756
 33767	-46.9343
 33768	-41.2765
 33769	-38.6637
 33770	-45.4284
 33771	-47.1537
 33772	-39.7849
 33773	-43.9343
 33774	-44.1552
 33775	-38.9981
 33776	-36.5099
 33777	-37.2234
 33778	-33.7023
 33779	-31.7733
 33780	-34.4839
 33781	-31.3292
 33782	-32.1289
 33783	-37.1575
 33784	-40.937
 33785	-40.0071
 33786	-43.7178
 33787	-38.5311
 33788	-37.0283
 33789	-49.2617
 33790	-51.872
 33791	-43.4162
 33792	-50.9686
 33793	-54.6191
 33794	-49.0892
 33795	-45.5413
 33796	-52.8919
 33797	-48.044
 33798	-42.4122
 33799	-46.7188
 33800	-46.5845
 33801	-45.4218
 33802	-51.1329
 33803	-46.0018
 33804	-40.7377
 33805	-44.0641
 33806	-35.5807
 33807	-29.2801
 33808	-31.0863
 33809	-25.3786
 33810	-20.4164
 33811	-24.6366
 33812	-26.6706
 33813	-22.8484
 33814	-25.6616
 33815	-33.8073
 33816	-31.7816
 33817	-31.8625
 33818	-42.9039
 33819	-40.1021
 33820	-32.7377
 33821	-47.269
 33822	-49.9935
 33823	-40.1051
 33824	-46.6889
 33825	-49.681
 33826	-44.5341
 33827	-45.1884
 33828	-45.9788
 33829	-47.0041
 33830	-43.214
 33831	-47.4972
 33832	-49.8451
 33833	-47.0902
 33834	-49.5186
 33835	-53.5486
 33836	-46.5761
 33837	-46.8866
 33838	-36.6575
 33839	-36.7228
 33840	-38.574
 33841	-33.4604
 33842	-32.7284
 33843	-38.387
 33844	-38.5554
 33845	-33.4575
 33846	-31.9721
 33847	-39.8836
 33848	-34.6807
 33849	-32.6057
 33850	-40.609
 33851	-41.5624
 33852	-38.093
 33853	-40.6185
 33854	-49.6552
 33855	-41.4379
 33856	-48.3356
 33857	-49.0055
 33858	-50.4358
 33859	-50.417
 33860	-53.459
 33861	-53.221
 33862	-58.7496
 33863	-51.5849
 33864	-49.5975
 33865	-51.703
 33866	-55.4599
 33867	-43.9322
 33868	-37.1053
 33869	-40.8516
 33870	-36.312
 33871	-30.3508
 33872	-33.7102
 33873	-34.1735
 33874	-30.434
 33875	-38.5743
 33876	-34.5539
 33877	-37.1032
 33878	-37.0248
 33879	-43.7659
 33880	-42.3724
 33881	-44.732
 33882	-46.6665
 33883	-46.4861
 33884	-45.8685
 33885	-50.4602
 33886	-45.3913
 33887	-47.9134
 33888	-51.9023
 33889	-48.0261
 33890	-42.681
 33891	-43.5197
 33892	-49.6547
 33893	-37.9034
 33894	-44.9639
 33895	-43.2253
 33896	-40.1025
 33897	-35.146
 33898	-38.3848
 33899	-31.6754
 33900	-27.5237
 33901	-25.4014
 33902	-29.2265
 33903	-23.168
 33904	-21.7523
 33905	-21.7786
 33906	-19.7362
 33907	-25.0859
 33908	-19.1861
 33909	-14.3294
 33910	-13.1737
 33911	-16.5903
 33912	-7.19341
 33913	-12.5219
 33914	-10.5537
 33915	-12.3747
 33916	-10.8421
 33917	-17.2377
 33918	-11.9881
 33919	-15.0141
 33920	-15.4285
 33921	-9.12736
 33922	-8.48112
 33923	-11.033
 33924	-13.2923
 33925	-12.0312
 33926	-13.3423
 33927	-14.0075
 33928	-8.16374
 33929	-4.91703
 33930	-6.07706
 33931	-0.172637
 33932	-8.15382
 33933	-4.96656
 33934	-2.96068
 33935	-4.55592
 33936	-4.12858
 33937	-4.85146
 33938	-6.98042
 33939	-8.97198
 33940	-6.82061
 33941	-11.7567
 33942	-15.0435
 33943	-9.43052
 33944	0.631717
 33945	-6.26155
 33946	-7.87545
 33947	-2.12593
 33948	3.70892
 33949	-6.17241
 33950	-4.10469
 33951	-3.22952
 33952	-1.43114
 33953	-2.69303
 33954	-2.23538
 33955	-6.14055
 33956	1.38526
 33957	1.6155
 33958	4.074
 33959	2.02559
 33960	4.6831
 33961	10.7739
 33962	9.68437
 33963	16.2822
 33964	11.1025
 33965	9.30161
 33966	15.0793
 33967	9.88417
 33968	7.55314
 33969	7.01119
 33970	5.86617
 33971	10.8947
 33972	7.04406
 33973	6.53975
 33974	7.70398
 33975	10.6957
 33976	8.36222
 33977	5.03112
 33978	4.67493
 33979	-3.23965
 33980	3.02119
 33981	1.17049
 33982	-1.59618
 33983	-1.97801
 33984	-2.59203
 33985	3.23184
 33986	2.123
 33987	-7.17354
 33988	1.44172
 33989	3.04287
 33990	-0.911475
 33991	-3.00795
 33992	-5.1349
 33993	-1.55636
 33994	-8.12254
 33995	-9.17017
 33996	-2.51626
 33997	-5.55814
 33998	-5.58267
 33999	-1.14986
 34000	-2.62518
 34001	-1.9575
 34002	-5.27329
 34003	-1.84775
 34004	-3.29172
 34005	-5.85281
 34006	-4.02526
 34007	2.59819
 34008	-0.211485
 34009	-10.8815
 34010	-4.90061
 34011	-5.44895
 34012	-14.719
 34013	-12.1059
 34014	-11.8538
 34015	-7.46552
 34016	-9.64126
 34017	-10.2167
 34018	-3.60711
 34019	-9.78568
 34020	-8.13897
 34021	-2.48725
 34022	-9.82422
 34023	-13.1638
 34024	-12.2815
 34025	-17.0643
 34026	-20.5232
 34027	-24.2857
 34028	-15.0938
 34029	-14.8673
 34030	-30.914
 34031	-25.383
 34032	-23.4425
 34033	-28.96
 34034	-40.6655
 34035	-36.7059
 34036	-38.609
 34037	-39.4594
 34038	-43.5841
 34039	-41.4648
 34040	-37.1133
 34041	-32.2722
 34042	-40.275
 34043	-38.7508
 34044	-33.9545
 34045	-25.7027
 34046	-28.4053
 34047	-37.2618
 34048	-27.6455
 34049	-21.5121
 34050	-27.6219
 34051	-28.839
 34052	-19.6899
 34053	-14.6828
 34054	-19.21
 34055	-26.3849
 34056	-13.9694
 34057	-20.9086
 34058	-17.7083
 34059	-14.3507
 34060	-20.8849
 34061	-15.7966
 34062	-11.887
 34063	-8.88082
 34064	-2.75225
 34065	-6.28235
 34066	-2.02924
 34067	0.898121
 34068	-4.47691
 34069	-6.47242
 34070	-3.26204
 34071	-2.29889
 34072	-7.10348
 34073	-4.49955
 34074	-8.89482
 34075	-6.77652
 34076	-6.78483
 34077	-3.85136
 34078	0.604903
 34079	0.173985
 34080	-0.21698
 34081	8.71866
 34082	10.2727
 34083	9.76826
 34084	14.4877
 34085	16.2715
 34086	13.9927
 34087	9.91011
 34088	16.2471
 34089	17.4056
 34090	13.8268
 34091	16.1574
 34092	18.7377
 34093	15.3764
 34094	13.6903
 34095	9.35494
 34096	5.86433
 34097	6.13781
 34098	6.58026
 34099	-2.23153
 34100	-2.57946
 34101	0.514905
 34102	2.83753
 34103	-2.11432
 34104	-9.63744
 34105	-0.951166
 34106	-1.77405
 34107	-10.1978
 34108	-10.1848
 34109	-0.684331
 34110	0.920406
 34111	-6.67332
 34112	-2.23768
 34113	5.1845
 34114	-0.61246
 34115	-1.50788
 34116	4.40462
 34117	4.72576
 34118	0.645873
 34119	14.5176
 34120	20.4713
 34121	14.6364
 34122	19.2428
 34123	23.5538
 34124	23.2606
 34125	14.6238
 34126	14.0438
 34127	10.802
 34128	5.45293
 34129	7.91668
 34130	3.44578
 34131	-4.99557
 34132	-7.34786
 34133	-3.51676
 34134	-12.3313
 34135	-24.4615
 34136	-19.9756
 34137	-14.0886
 34138	-14.2635
 34139	-22.4774
 34140	-26.4405
 34141	-18.8432
 34142	-18.3494
 34143	-21.0408
 34144	-17.855
 34145	-17.3184
 34146	-12.5146
 34147	-8.05802
 34148	-11.4983
 34149	-13.303
 34150	-17.7573
 34151	-14.4879
 34152	-17.3871
 34153	-22.7794
 34154	-14.0882
 34155	-4.81427
 34156	-8.21515
 34157	-8.33992
 34158	-2.56701
 34159	-5.26094
 34160	-8.79441
 34161	-2.61134
 34162	-4.53907
 34163	-3.87419
 34164	0.130598
 34165	2.60171
 34166	5.32479
 34167	5.26273
 34168	1.92942
 34169	7.27438
 34170	8.74779
 34171	7.10289
 34172	7.30344
 34173	12.01
 34174	21.7215
 34175	10.8366
 34176	4.83151
 34177	16.9204
 34178	7.91538
 34179	3.65224
 34180	2.99124
 34181	-2.58896
 34182	-6.25462
 34183	-4.09406
 34184	-5.14998
 34185	-16.8056
 34186	-11.6245
 34187	-9.14783
 34188	-18.0968
 34189	-20.69
 34190	-23.4698
 34191	-30.4095
 34192	-40.5911
 34193	-42.7517
 34194	-46.5312
 34195	-54.418
 34196	-50.5183
 34197	-50.913
 34198	-57.3062
 34199	-48.1853
 34200	-46.2101
 34201	-42.82
 34202	-45.3724
 34203	-47.6715
 34204	-43.49
 34205	-46.8923
 34206	-50.6271
 34207	-44.8785
 34208	-40.635
 34209	-40.1126
 34210	-47.4894
 34211	-42.0206
 34212	-33.239
 34213	-40.7583
 34214	-39.8289
 34215	-39.0573
 34216	-40.3101
 34217	-41.8199
 34218	-38.3663
 34219	-29.2936
 34220	-31.601
 34221	-28.6446
 34222	-22.675
 34223	-27.7267
 34224	-36.7226
 34225	-36.9816
 34226	-30.6668
 34227	-26.9156
 34228	-29.6642
 34229	-24.873
 34230	-18.3742
 34231	-14.7836
 34232	-21.3349
 34233	-24.1936
 34234	-19.9535
 34235	-24.7315
 34236	-29.3629
 34237	-27.3504
 34238	-27.2468
 34239	-25.6623
 34240	-24.5516
 34241	-23.3457
 34242	-28.7998
 34243	-32.3722
 34244	-28.5497
 34245	-39.1464
 34246	-40.487
 34247	-35.0281
 34248	-40.8979
 34249	-38.5127
 34250	-35.2988
 34251	-29.7817
 34252	-24.1364
 34253	-19.0177
 34254	-14.2651
 34255	-23.6693
 34256	-23.983
 34257	-15.3493
 34258	-22.4984
 34259	-30.3098
 34260	-31.1786
 34261	-27.4612
 34262	-31.8019
 34263	-35.2507
 34264	-37.8599
 34265	-32.9132
 34266	-35.6556
 34267	-44.8975
 34268	-47.3729
 34269	-39.2921
 34270	-44.5547
 34271	-45.3808
 34272	-45.363
 34273	-43.2519
 34274	-46.8818
 34275	-45.3157
 34276	-41.2046
 34277	-44.7883
 34278	-43.6004
 34279	-39.0281
 34280	-45.3697
 34281	-46.9146
 34282	-38.3253
 34283	-39.3732
 34284	-36.9985
 34285	-36.6587
 34286	-36.8767
 34287	-42.6618
 34288	-42.5083
 34289	-42.2569
 34290	-47.2335
 34291	-53.4918
 34292	-48.2496
 34293	-55.2236
 34294	-59.4031
 34295	-58.5237
 34296	-49.9436
 34297	-55.1879
 34298	-59.908
 34299	-58.9367
 34300	-52.129
 34301	-48.084
 34302	-52.7709
 34303	-48.9741
 34304	-36.6841
 34305	-37.0713
 34306	-42.6502
 34307	-43.0775
 34308	-37.7241
 34309	-40.5517
 34310	-46.7954
 34311	-45.0401
 34312	-46.4615
 34313	-44.5219
 34314	-40.1206
 34315	-44.4148
 34316	-45.31
 34317	-42.4701
 34318	-44.8854
 34319	-47.3711
 34320	-47.2261
 34321	-49.3275
 34322	-49.624
 34323	-51.9978
 34324	-55.7159
 34325	-58.2882
 34326	-44.6726
 34327	-40.2436
 34328	-47.696
 34329	-43.0395
 34330	-31.2836
 34331	-36.7785
 34332	-36.5668
 34333	-33.3682
 34334	-32.2952
 34335	-33.307
 34336	-26.906
 34337	-31.6065
 34338	-32.8916
 34339	-27.295
 34340	-24.7309
 34341	-24.7599
 34342	-23.3178
 34343	-18.8473
 34344	-23.1225
 34345	-24.9859
 34346	-20.1236
 34347	-29.6517
 34348	-41.1757
 34349	-33.9766
 34350	-36.4119
 34351	-36.9732
 34352	-39.058
 34353	-34.1532
 34354	-37.7983
 34355	-45.6806
 34356	-50.7595
 34357	-49.3612
 34358	-46.3749
 34359	-42.7881
 34360	-53.7339
 34361	-53.9167
 34362	-40.1959
 34363	-38.6678
 34364	-49.085
 34365	-47.1116
 34366	-41.1415
 34367	-53.2695
 34368	-57.8133
 34369	-53.9148
 34370	-53.8718
 34371	-58.4039
 34372	-56.1195
 34373	-49.9721
 34374	-48.5351
 34375	-46.8297
 34376	-37.3724
 34377	-35.3887
 34378	-33.7149
 34379	-38.5891
 34380	-41.6414
 34381	-32.438
 34382	-37.5988
 34383	-43.4417
 34384	-38.3537
 34385	-40.3565
 34386	-43.2721
 34387	-40.7849
 34388	-45.827
 34389	-47.6273
 34390	-47.248
 34391	-47.757
 34392	-57.8449
 34393	-55.7711
 34394	-41.0393
 34395	-42.4323
 34396	-48.8051
 34397	-38.4837
 34398	-38.6883
 34399	-43.6909
 34400	-40.6947
 34401	-42.6065
 34402	-44.5547
 34403	-43.7241
 34404	-44.0619
 34405	-55.2724
 34406	-50.873
 34407	-43.4078
 34408	-49.7247
 34409	-52.9412
 34410	-46.2651
 34411	-48.1322
 34412	-50.072
 34413	-40.7069
 34414	-43.3347
 34415	-48.641
 34416	-39.4595
 34417	-36.6001
 34418	-48.271
 34419	-45.6591
 34420	-42.0554
 34421	-47.5095
 34422	-47.7842
 34423	-47.0975
 34424	-49.4964
 34425	-43.6609
 34426	-38.5612
 34427	-44.7485
 34428	-51.1859
 34429	-39.0524
 34430	-49.071
 34431	-57.561
 34432	-47.9049
 34433	-48.9729
 34434	-57.9254
 34435	-55.0857
 34436	-51.8423
 34437	-51.8071
 34438	-52.3563
 34439	-53.0775
 34440	-53.3356
 34441	-52.5597
 34442	-49.4414
 34443	-51.6436
 34444	-48.9502
 34445	-44.0555
 34446	-47.9079
 34447	-49.0617
 34448	-44.5146
 34449	-48.3853
 34450	-41.0187
 34451	-42.3624
 34452	-51.9676
 34453	-49.4051
 34454	-46.8082
 34455	-47.8372
 34456	-43.4284
 34457	-34.3142
 34458	-34.7238
 34459	-39.458
 34460	-38.7948
 34461	-39.0504
 34462	-48.1487
 34463	-39.7168
 34464	-40.7725
 34465	-48.2784
 34466	-46.3962
 34467	-40.9465
 34468	-44.0707
 34469	-43.2467
 34470	-43.5546
 34471	-41.5575
 34472	-42.5155
 34473	-37.4206
 34474	-38.6274
 34475	-38.3517
 34476	-33.718
 34477	-34.8377
 34478	-36.8836
 34479	-33.7582
 34480	-33.2753
 34481	-34.9503
 34482	-32.0666
 34483	-39.9261
 34484	-46.2953
 34485	-43.3551
 34486	-49.329
 34487	-50.6055
 34488	-42.1403
 34489	-43.6038
 34490	-45.8002
 34491	-43.1808
 34492	-40.6371
 34493	-46.7297
 34494	-46.4281
 34495	-46.0095
 34496	-51.0536
 34497	-47.8758
 34498	-43.7749
 34499	-51.0615
 34500	-43.6415
 34501	-40.3976
 34502	-47.1501
 34503	-47.0047
 34504	-43.0494
 34505	-45.4911
 34506	-44.2318
 34507	-39.6993
 34508	-40.4238
 34509	-41.341
 34510	-40.763
 34511	-52.2463
 34512	-53.4173
 34513	-47.4059
 34514	-48.373
 34515	-50.0068
 34516	-49.445
 34517	-41.7968
 34518	-45.7176
 34519	-44.2258
 34520	-35.8625
 34521	-39.5493
 34522	-36.1001
 34523	-33.4416
 34524	-40.5767
 34525	-32.1725
 34526	-27.4822
 34527	-30.7873
 34528	-34.548
 34529	-32.3603
 34530	-24.8936
 34531	-29.1942
 34532	-28.8958
 34533	-27.6079
 34534	-33.3776
 34535	-39.0645
 34536	-39.9452
 34537	-45.1745
 34538	-46.8438
 34539	-50.0207
 34540	-56.8476
 34541	-61.4966
 34542	-61.0628
 34543	-64.9973
 34544	-64.256
 34545	-54.0644
 34546	-53.4424
 34547	-54.0713
 34548	-51.4456
 34549	-46.3321
 34550	-42.4797
 34551	-44.0283
 34552	-42.7423
 34553	-39.2855
 34554	-45.9706
 34555	-48.8706
 34556	-54.4089
 34557	-50.935
 34558	-52.9884
 34559	-55.8627
 34560	-51.0621
 34561	-44.5492
 34562	-42.9251
 34563	-35.7335
 34564	-36.8817
 34565	-43.0724
 34566	-43.4486
 34567	-40.561
 34568	-46.7023
 34569	-49.5998
 34570	-41.2413
 34571	-42.7393
 34572	-51.9876
 34573	-48.1611
 34574	-46.2589
 34575	-52.6622
 34576	-49.7222
 34577	-46.1506
 34578	-48.6051
 34579	-46.8339
 34580	-39.0355
 34581	-37.5884
 34582	-30.4057
 34583	-27.3624
 34584	-25.8131
 34585	-23.6939
 34586	-18.8195
 34587	-18.4759
 34588	-20.8442
 34589	-18.2348
 34590	-3.41037
 34591	-4.04681
 34592	-5.31367
 34593	-2.3973
 34594	-3.3709
 34595	0.747209
 34596	-1.10243
 34597	-1.32216
 34598	2.91427
 34599	4.5949
 34600	6.70085
 34601	5.62861
 34602	3.38097
 34603	5.77881
 34604	6.48516
 34605	4.67894
 34606	1.36445
 34607	1.19506
 34608	-1.13941
 34609	2.60095
 34610	-4.11866
 34611	-14.5766
 34612	-13.1987
 34613	-12.0597
 34614	-13.5978
 34615	-15.3996
 34616	-17.5155
 34617	-13.2981
 34618	-13.7998
 34619	-17.867
 34620	-11.4916
 34621	-13.0641
 34622	-17.7658
 34623	-10.1522
 34624	-12.6883
 34625	-18.6908
 34626	-14.7011
 34627	-10.3113
 34628	-9.79987
 34629	-12.8727
 34630	-17.2313
 34631	-11.758
 34632	-13.8682
 34633	-15.5098
 34634	-5.54357
 34635	-5.83347
 34636	-3.60873
 34637	3.22176
 34638	0.21003
 34639	-3.72968
 34640	-2.67929
 34641	0.989592
 34642	-0.0488528
 34643	-3.30828
 34644	3.81684
 34645	8.19817
 34646	6.55767
 34647	1.05142
 34648	5.49806
 34649	5.64394
 34650	0.561912
 34651	5.02901
 34652	-3.01057
 34653	-9.36019
 34654	-8.41541
 34655	-4.62669
 34656	-9.47983
 34657	-18.3031
 34658	-9.88831
 34659	-5.1371
 34660	-16.1709
 34661	-17.7808
 34662	-22.5422
 34663	-24.0127
 34664	-26.9175
 34665	-30.6954
 34666	-30.7758
 34667	-30.0498
 34668	-31.9166
 34669	-32.7646
 34670	-33.804
 34671	-38.9352
 34672	-39.2142
 34673	-36.8925
 34674	-34.8971
 34675	-39.0355
 34676	-46.2694
 34677	-43.1024
 34678	-35.3152
 34679	-46.5387
 34680	-47.7008
 34681	-41.5663
 34682	-45.3133
 34683	-48.3859
 34684	-44.6637
 34685	-45.4953
 34686	-41.7279
 34687	-40.5834
 34688	-33.3012
 34689	-32.385
 34690	-33.2997
 34691	-23.4862
 34692	-20.9919
 34693	-27.3173
 34694	-29.3719
 34695	-21.8851
 34696	-15.3512
 34697	-26.6925
 34698	-31.3701
 34699	-17.9928
 34700	-11.9306
 34701	-20.5001
 34702	-17.381
 34703	-8.30279
 34704	-15.9031
 34705	-21.0036
 34706	-16.032
 34707	-21.8591
 34708	-29.1737
 34709	-28.2409
 34710	-29.3207
 34711	-35.3279
 34712	-33.8807
 34713	-32.1615
 34714	-35.9619
 34715	-35.1694
 34716	-30.6499
 34717	-36.6254
 34718	-38.2521
 34719	-32.8647
 34720	-34.6467
 34721	-37.1513
 34722	-42.4864
 34723	-41.2576
 34724	-39.4696
 34725	-37.2967
 34726	-38.3871
 34727	-37.9324
 34728	-27.1063
 34729	-23.9348
 34730	-30.2193
 34731	-19.6902
 34732	-12.2828
 34733	-15.7513
 34734	-10.9607
 34735	-3.28643
 34736	-6.10562
 34737	-5.46003
 34738	6.60353
 34739	5.44677
 34740	3.73746
 34741	8.02512
 34742	5.62843
 34743	5.17802
 34744	11.6374
 34745	5.86907
 34746	6.06086
 34747	10.4589
 34748	10.4669
 34749	8.9202
 34750	9.18125
 34751	15.2983
 34752	5.20416
 34753	-3.14867
 34754	0.609366
 34755	-5.07204
 34756	-9.71881
 34757	-11.7537
 34758	-12.9279
 34759	-14.5775
 34760	-17.4876
 34761	-15.5906
 34762	-20.5557
 34763	-18.3846
 34764	-15.0723
 34765	-17.4518
 34766	-11.455
 34767	-13.9795
 34768	-21.8232
 34769	-14.1991
 34770	-9.69336
 34771	-22.0895
 34772	-21.4437
 34773	-7.755
 34774	-8.14007
 34775	-13.9261
 34776	-0.139184
 34777	2.22785
 34778	-7.58453
 34779	-1.49473
 34780	2.44933
 34781	1.1232
 34782	1.03623
 34783	4.54378
 34784	10.2523
 34785	5.60524
 34786	-1.20663
 34787	-1.56432
 34788	-4.91935
 34789	-7.04426
 34790	-8.74787
 34791	-2.4792
 34792	0.27167
 34793	-5.52189
 34794	2.43958
 34795	3.96382
 34796	-2.67328
 34797	-5.24376
 34798	7.11834
 34799	3.73225
 34800	-4.88757
 34801	4.59788
 34802	7.55811
 34803	-8.95545
 34804	-3.63609
 34805	3.61659
 34806	-5.25865
 34807	-1.95082
 34808	5.07878
 34809	5.70308
 34810	4.15357
 34811	6.70942
 34812	7.67618
 34813	4.58629
 34814	-1.91301
 34815	-1.4693
 34816	8.61644
 34817	9.67766
 34818	0.311635
 34819	4.22757
 34820	5.56089
 34821	5.20445
 34822	1.12795
 34823	2.98646
 34824	8.78246
 34825	-0.876989
 34826	5.63705
 34827	17.7147
 34828	10.9343
 34829	8.63605
 34830	12.0732
 34831	12.9501
 34832	8.1762
 34833	6.32444
 34834	10.7866
 34835	12.3793
 34836	11.243
 34837	4.80408
 34838	8.3872
 34839	17.0112
 34840	16.7663
 34841	12.7182
 34842	15.397
 34843	20.3714
 34844	19.6864
 34845	20.3996
 34846	22.3501
 34847	21.3761
 34848	16.0528
 34849	23.9444
 34850	22.4555
 34851	21.8774
 34852	21.9371
 34853	24.0911
 34854	28.0696
 34855	20.9037
 34856	22.2454
 34857	29.2602
 34858	29.8781
 34859	23.9701
 34860	15.5679
 34861	18.7135
 34862	19.3099
 34863	18.826
 34864	13.9603
 34865	19.1641
 34866	17.767
 34867	10.4563
 34868	15.0112
 34869	12.0093
 34870	4.45292
 34871	5.71758
 34872	9.73405
 34873	7.58949
 34874	6.56928
 34875	8.92846
 34876	11.612
 34877	6.66637
 34878	-2.20859
 34879	0.923383
 34880	0.454636
 34881	-3.77797
 34882	-4.31656
 34883	-1.62512
 34884	-3.45391
 34885	-2.59306
 34886	-2.64268
 34887	-2.17236
 34888	-7.79738
 34889	-0.790183
 34890	-5.57154
 34891	-6.66744
 34892	-11.1866
 34893	-7.28288
 34894	-0.645579
 34895	-1.08358
 34896	-4.66732
 34897	-2.87023
 34898	1.25646
 34899	0.468065
 34900	-3.60123
 34901	0.604932
 34902	2.90249
 34903	-5.78471
 34904	1.23596
 34905	6.31946
 34906	6.92636
 34907	8.52565
 34908	14.771
 34909	17.6686
 34910	10.9899
 34911	16.1273
 34912	20.4703
 34913	15.2281
 34914	20.3325
 34915	12.3021
 34916	13.8208
 34917	13.0013
 34918	4.64583
 34919	5.03081
 34920	0.58056
 34921	-2.95537
 34922	3.56841
 34923	8.44227
 34924	2.49458
 34925	4.68241
 34926	17.53
 34927	11.4931
 34928	-2.82849
 34929	6.68515
 34930	17.464
 34931	16.3024
 34932	11.6279
 34933	14.2605
 34934	22.5809
 34935	11.9801
 34936	9.19894
 34937	13.8862
 34938	12.8396
 34939	9.12837
 34940	10.2531
 34941	11.5805
 34942	4.93244
 34943	-2.86619
 34944	1.23352
 34945	-3.76691
 34946	-4.83402
 34947	-2.85995
 34948	-3.24465
 34949	-5.47124
 34950	-10.7659
 34951	-11.8052
 34952	-14.6012
 34953	-11.4142
 34954	-3.31489
 34955	-7.59967
 34956	-6.85799
 34957	-4.49412
 34958	-4.80835
 34959	-1.34012
 34960	-0.0294309
 34961	0.584798
 34962	4.4527
 34963	13.2459
 34964	11.2888
 34965	2.9984
 34966	6.99524
 34967	1.63448
 34968	-4.93778
 34969	2.62482
 34970	0.657529
 34971	5.93558
 34972	8.71903
 34973	3.08955
 34974	9.31454
 34975	11.5395
 34976	10.5863
 34977	12.1126
 34978	25.7799
 34979	37.9535
 34980	31.3709
 34981	28.8765
 34982	31.8986
 34983	33.2129
 34984	35.9424
 34985	30.7283
 34986	31.7547
 34987	33.2289
 34988	31.2156
 34989	30.2729
 34990	25.1097
 34991	23.4072
 34992	20.1453
 34993	18.1657
 34994	12.9705
 34995	5.52447
 34996	7.08422
 34997	2.64644
 34998	-11.3269
 34999	-10.4884
 35000	-14.9865
 35001	-13.9029
 35002	-14.1033
 35003	-18.6391
 35004	-17.1969
 35005	-20.6833
 35006	-13.6792
 35007	-7.47495
 35008	-18.6875
 35009	-16.9314
 35010	-11.5249
 35011	-17.6623
 35012	-22.2044
 35013	-22.3946
 35014	-16.2216
 35015	-20.581
 35016	-18.8268
 35017	-14.0896
 35018	-14.8722
 35019	-13.6979
 35020	-9.79213
 35021	0.0583086
 35022	-1.71517
 35023	-8.4259
 35024	-6.50664
 35025	-1.2928
 35026	2.96016
 35027	0.923723
 35028	-2.79239
 35029	3.06082
 35030	0.167261
 35031	5.93214
 35032	8.81803
 35033	8.61104
 35034	8.74201
 35035	14.1471
 35036	19.8992
 35037	13.4135
 35038	4.9196
 35039	14.0177
 35040	15.0354
 35041	2.02579
 35042	8.05468
 35043	5.54068
 35044	0.61619
 35045	-7.5563
 35046	-9.67104
 35047	-7.7559
 35048	-15.3556
 35049	-19.3132
 35050	-9.35563
 35051	-8.92389
 35052	-19.3746
 35053	-18.4424
 35054	-14.1954
 35055	-23.354
 35056	-27.8629
 35057	-20.4785
 35058	-17.7665
 35059	-17.5042
 35060	-27.6601
 35061	-18.6929
 35062	-18.4869
 35063	-29.7775
 35064	-26.0266
 35065	-17.2638
 35066	-16.2103
 35067	-14.1357
 35068	-16.2592
 35069	-7.64058
 35070	-8.30314
 35071	-17.8865
 35072	-14.4588
 35073	-14.5157
 35074	-13.7646
 35075	-11.2632
 35076	-11.8358
 35077	-11.4036
 35078	-13.2735
 35079	-17.5842
 35080	-15.3062
 35081	-19.4399
 35082	-13.8284
 35083	-12.127
 35084	-15.4288
 35085	-12.8962
 35086	-11.442
 35087	-12.2404
 35088	-10.9215
 35089	-8.0163
 35090	-7.79667
 35091	-6.99384
 35092	-11.9641
 35093	-9.75982
 35094	-2.51465
 35095	-9.64581
 35096	-17.381
 35097	-9.51192
 35098	-11.4631
 35099	-17.9143
 35100	-18.1717
 35101	-14.505
 35102	-13.7473
 35103	-10.9357
 35104	-11.7005
 35105	-13.9686
 35106	-7.81047
 35107	1.36103
 35108	-10.4172
 35109	-12.2227
 35110	-0.437915
 35111	-8.62088
 35112	-15.9406
 35113	-11.2102
 35114	-8.63488
 35115	-15.9351
 35116	-12.0773
 35117	-11.5601
 35118	-15.4583
 35119	-8.17402
 35120	-10.3711
 35121	-15.7616
 35122	-5.88969
 35123	-1.58783
 35124	-4.02684
 35125	0.0817833
 35126	13.3076
 35127	8.61744
 35128	1.863
 35129	13.0004
 35130	13.3914
 35131	5.06
 35132	10.3607
 35133	18.2318
 35134	16.615
 35135	9.31041
 35136	11.5457
 35137	11.2823
 35138	7.98107
 35139	1.11724
 35140	-1.15142
 35141	5.06193
 35142	4.03572
 35143	-2.05507
 35144	0.237336
 35145	-0.459155
 35146	-13.8568
 35147	-14.1364
 35148	-8.3668
 35149	-15.6295
 35150	-21.9383
 35151	-17.7786
 35152	-13.0163
 35153	-19.4035
 35154	-13.0986
 35155	-6.91311
 35156	-10.635
 35157	-6.19853
 35158	-3.65844
 35159	-4.54223
 35160	-4.58112
 35161	3.74623
 35162	3.50497
 35163	-6.21167
 35164	-1.86484
 35165	-5.69954
 35166	-4.95041
 35167	-0.417713
 35168	-5.358
 35169	-3.99177
 35170	2.00705
 35171	5.09779
 35172	0.10107
 35173	6.32721
 35174	3.29358
 35175	-2.5856
 35176	-0.938208
 35177	-0.475159
 35178	-6.12262
 35179	-4.36424
 35180	-0.0707876
 35181	-5.51198
 35182	-8.64442
 35183	-7.92364
 35184	-8.27463
 35185	-3.1481
 35186	0.113329
 35187	-4.51359
 35188	-7.22316
 35189	-8.0089
 35190	-8.06028
 35191	-17.7046
 35192	-24.1416
 35193	-26.7138
 35194	-22.0632
 35195	-25.2712
 35196	-28.7905
 35197	-22.3202
 35198	-14.5469
 35199	-17.4585
 35200	-22.8281
 35201	-17.788
 35202	-10.1727
 35203	-15.9435
 35204	-11.081
 35205	-8.43618
 35206	-17.1368
 35207	-12.9493
 35208	-12.7631
 35209	-21.7252
 35210	-22.2271
 35211	-13.4227
 35212	-15.7486
 35213	-14.8945
 35214	-14.6658
 35215	-13.1512
 35216	-10.1183
 35217	-8.09062
 35218	-15.6504
 35219	-15.6905
 35220	-5.91032
 35221	-4.47861
 35222	-10.901
 35223	-6.83955
 35224	-0.315371
 35225	-0.305909
 35226	-2.39756
 35227	0.211603
 35228	0.738919
 35229	1.92901
 35230	6.41911
 35231	3.36129
 35232	5.34334
 35233	6.36625
 35234	5.01077
 35235	2.62042
 35236	-2.8044
 35237	-5.07449
 35238	-4.05826
 35239	-1.89263
 35240	-7.87425
 35241	-11.6468
 35242	-6.51724
 35243	-14.6923
 35244	-20.935
 35245	-13.8164
 35246	-16.6739
 35247	-24.1133
 35248	-19.2221
 35249	-11.4732
 35250	-24.932
 35251	-27.9445
 35252	-25.7895
 35253	-32.1136
 35254	-35.8241
 35255	-32.7358
 35256	-34.4563
 35257	-34.0507
 35258	-35.5877
 35259	-41.8057
 35260	-45.4252
 35261	-39.5983
 35262	-37.1709
 35263	-50.9954
 35264	-46.9555
 35265	-35.8517
 35266	-41.6485
 35267	-45.1882
 35268	-38.7095
 35269	-33.117
 35270	-39.9345
 35271	-44.6436
 35272	-36.2994
 35273	-34.9252
 35274	-31.9971
 35275	-25.1314
 35276	-24.6886
 35277	-17.7015
 35278	-16.6271
 35279	-18.5637
 35280	-13.8987
 35281	-13.2908
 35282	-14.397
 35283	-7.04932
 35284	-9.41769
 35285	-10.4103
 35286	-10.134
 35287	-10.5151
 35288	-15.9509
 35289	-19.0409
 35290	-14.3637
 35291	-12.6304
 35292	-9.40397
 35293	-5.75432
 35294	-3.09098
 35295	-5.05013
 35296	-5.76944
 35297	-2.38705
 35298	-9.26729
 35299	-10.9132
 35300	-7.4408
 35301	-11.1169
 35302	-12.9064
 35303	-9.77171
 35304	-8.43386
 35305	-8.85932
 35306	-15.9797
 35307	-16.9388
 35308	-12.9939
 35309	-8.67852
 35310	-11.3536
 35311	-16.4061
 35312	-13.006
 35313	-14.3674
 35314	-16.406
 35315	-13.4927
 35316	-14.2554
 35317	-20.0096
 35318	-12.9488
 35319	-8.05714
 35320	-12.0741
 35321	-13.7931
 35322	-2.39754
 35323	-3.83264
 35324	-12.7515
 35325	-7.24732
 35326	-9.32409
 35327	-8.0568
 35328	-16.0781
 35329	-15.7379
 35330	-18.8485
 35331	-28.2831
 35332	-29.1333
 35333	-27.962
 35334	-28.8572
 35335	-22.4616
 35336	-28.8564
 35337	-29.1167
 35338	-20.9934
 35339	-20.4407
 35340	-17.5882
 35341	-14.3921
 35342	-17.3946
 35343	-23.3914
 35344	-24.4718
 35345	-19.2351
 35346	-18.7826
 35347	-18.7787
 35348	-11.3243
 35349	-10.4995
 35350	-7.48084
 35351	-10.4736
 35352	-8.72702
 35353	-0.870582
 35354	-0.625274
 35355	-6.94194
 35356	-5.63428
 35357	-1.20392
 35358	-4.7184
 35359	-11.4821
 35360	-4.66491
 35361	-9.90558
 35362	-9.70522
 35363	-3.83697
 35364	-1.28569
 35365	5.55839
 35366	5.00275
 35367	4.51985
 35368	5.94537
 35369	6.53702
 35370	8.40177
 35371	6.50428
 35372	2.57269
 35373	12.3318
 35374	5.13832
 35375	-2.18788
 35376	-0.433197
 35377	-6.50417
 35378	-10.6649
 35379	-11.8843
 35380	-12.1676
 35381	-14.6566
 35382	-15.0065
 35383	-15.7747
 35384	-25.7281
 35385	-30.0073
 35386	-19.4182
 35387	-26.5991
 35388	-30.3204
 35389	-29.657
 35390	-23.4931
 35391	-31.7816
 35392	-32.9838
 35393	-34.7582
 35394	-34.9605
 35395	-27.3992
 35396	-28.0407
 35397	-38.3888
 35398	-36.1008
 35399	-31.1481
 35400	-29.7844
 35401	-36.292
 35402	-39.1655
 35403	-37.7709
 35404	-43.4103
 35405	-40.8111
 35406	-44.7544
 35407	-45.4772
 35408	-43.3831
 35409	-41.6072
 35410	-49.5079
 35411	-48.2077
 35412	-46.0161
 35413	-41.4006
 35414	-44.3703
 35415	-45.9598
 35416	-49.0404
 35417	-45.9962
 35418	-44.7563
 35419	-52.5859
 35420	-48.2354
 35421	-40.2833
 35422	-41.1225
 35423	-47.5398
 35424	-40.3691
 35425	-33.3903
 35426	-30.8234
 35427	-30.0939
 35428	-27.3365
 35429	-32.9529
 35430	-28.08
 35431	-33.6497
 35432	-41.7317
 35433	-40.3227
 35434	-38.1425
 35435	-44.5791
 35436	-44.1941
 35437	-28.028
 35438	-33.4278
 35439	-39.1785
 35440	-31.4201
 35441	-36.8495
 35442	-49.1976
 35443	-39.609
 35444	-43.0577
 35445	-49.3146
 35446	-45.468
 35447	-41.0879
 35448	-49.5173
 35449	-42.8942
 35450	-36.3533
 35451	-44.4064
 35452	-45.2525
 35453	-34.9364
 35454	-44.5624
 35455	-45.4209
 35456	-37.0048
 35457	-37.3892
 35458	-39.4873
 35459	-38.3703
 35460	-39.5181
 35461	-44.1941
 35462	-46.6834
 35463	-45.0114
 35464	-44.9875
 35465	-45.2724
 35466	-37.4542
 35467	-41.0309
 35468	-39.3358
 35469	-37.2662
 35470	-34.6871
 35471	-35.0881
 35472	-34.6327
 35473	-32.6519
 35474	-33.8298
 35475	-25.2201
 35476	-28.2155
 35477	-33.7355
 35478	-31.6977
 35479	-30.7058
 35480	-35.4144
 35481	-30.9758
 35482	-37.6675
 35483	-35.2558
 35484	-34.6426
 35485	-32.9386
 35486	-38.8566
 35487	-40.7607
 35488	-40.7791
 35489	-46.5466
 35490	-51.9422
 35491	-41.3162
 35492	-46.6456
 35493	-47.8726
 35494	-34.1879
 35495	-40.5672
 35496	-40.0564
 35497	-36.5112
 35498	-32.2508
 35499	-38.4703
 35500	-37.8257
 35501	-33.9011
 35502	-32.6795
 35503	-30.0689
 35504	-27.3012
 35505	-33.351
 35506	-38.6068
 35507	-34.1065
 35508	-33.9905
 35509	-42.5854
 35510	-41.4429
 35511	-40.9662
 35512	-47.7288
 35513	-38.164
 35514	-42.9051
 35515	-49.2875
 35516	-45.3269
 35517	-40.7056
 35518	-45.3859
 35519	-45.3367
 35520	-36.7702
 35521	-35.4436
 35522	-46.6192
 35523	-38.9143
 35524	-39.7007
 35525	-47.4665
 35526	-35.7765
 35527	-34.4009
 35528	-37.8348
 35529	-36.7458
 35530	-32.3908
 35531	-29.3367
 35532	-35.5174
 35533	-36.4599
 35534	-29.1953
 35535	-28.6137
 35536	-26.9936
 35537	-28.2849
 35538	-23.3908
 35539	-22.6534
 35540	-28.4087
 35541	-26.4565
 35542	-22.0797
 35543	-23.6035
 35544	-25.5573
 35545	-18.7118
 35546	-8.29176
 35547	-16.9737
 35548	-13.0966
 35549	-4.80129
 35550	-6.98085
 35551	-11.458
 35552	-9.20331
 35553	-3.58173
 35554	-8.07751
 35555	-16.528
 35556	-13.7706
 35557	-19.3756
 35558	-21.5746
 35559	-22.387
 35560	-23.5256
 35561	-22.5326
 35562	-25.5276
 35563	-27.7594
 35564	-24.4756
 35565	-28.6859
 35566	-34.7495
 35567	-34.6263
 35568	-34.1646
 35569	-40.9016
 35570	-42.7796
 35571	-37.8706
 35572	-41.446
 35573	-47.4436
 35574	-44.9665
 35575	-44.5022
 35576	-42.8823
 35577	-37.2752
 35578	-40.6627
 35579	-45.4024
 35580	-38.4524
 35581	-33.3747
 35582	-44.7143
 35583	-39.4877
 35584	-28.3068
 35585	-32.6316
 35586	-33.412
 35587	-26.9622
 35588	-24.7527
 35589	-23.4119
 35590	-24.2448
 35591	-19.5834
 35592	-26.582
 35593	-26.4984
 35594	-22.1602
 35595	-30.3052
 35596	-36.373
 35597	-35.0674
 35598	-32.0631
 35599	-34.37
 35600	-44.0137
 35601	-39.7419
 35602	-35.7492
 35603	-38.4757
 35604	-43.4323
 35605	-45.7666
 35606	-38.4621
 35607	-39.7078
 35608	-45.0282
 35609	-41.1638
 35610	-39.7249
 35611	-38.7112
 35612	-40.2273
 35613	-34.6168
 35614	-31.9863
 35615	-32.0031
 35616	-28.9791
 35617	-24.8208
 35618	-25.4193
 35619	-28.1859
 35620	-28.7064
 35621	-21.7347
 35622	-26.2972
 35623	-25.6927
 35624	-18.2319
 35625	-20.9138
 35626	-20.6022
 35627	-19.8784
 35628	-20.9009
 35629	-18.1108
 35630	-23.4895
 35631	-19.9011
 35632	-18.1617
 35633	-20.9582
 35634	-13.8799
 35635	-13.6937
 35636	-18.7787
 35637	-15.8588
 35638	-17.6815
 35639	-13.1865
 35640	-18.7523
 35641	-17.8037
 35642	-18.5059
 35643	-15.2055
 35644	-13.4139
 35645	-19.4414
 35646	-20.4249
 35647	-17.7885
 35648	-24.5905
 35649	-22.7343
 35650	-23.3891
 35651	-17.5575
 35652	-20.7629
 35653	-27.1505
 35654	-20.997
 35655	-27.5086
 35656	-35.8103
 35657	-36.3013
 35658	-34.3566
 35659	-37.625
 35660	-43.4963
 35661	-36.9028
 35662	-36.4528
 35663	-47.5144
 35664	-45.0786
 35665	-44.746
 35666	-50.2634
 35667	-49.0959
 35668	-47.9783
 35669	-46.5113
 35670	-46.2982
 35671	-39.7523
 35672	-35.5602
 35673	-36.5865
 35674	-40.8392
 35675	-37.0233
 35676	-29.069
 35677	-29.2323
 35678	-29.2369
 35679	-20.7883
 35680	-22.437
 35681	-28.0139
 35682	-29.3118
 35683	-28.2456
 35684	-26.9872
 35685	-34.5003
 35686	-31.2888
 35687	-33.2621
 35688	-45.7261
 35689	-45.6373
 35690	-41.5402
 35691	-45.2964
 35692	-47.8931
 35693	-42.1524
 35694	-38.593
 35695	-48.2965
 35696	-47.333
 35697	-43.9741
 35698	-47.4749
 35699	-41.4581
 35700	-45.1798
 35701	-44.5878
 35702	-40.6605
 35703	-44.242
 35704	-41.4338
 35705	-38.0037
 35706	-39.6393
 35707	-39.1989
 35708	-37.3661
 35709	-31.6323
 35710	-37.9044
 35711	-38.5289
 35712	-33.3401
 35713	-44.8036
 35714	-45.3611
 35715	-41.7799
 35716	-45.772
 35717	-45.3354
 35718	-43.0061
 35719	-43.3999
 35720	-43.7016
 35721	-44.9266
 35722	-43.8008
 35723	-45.8955
 35724	-41.5955
 35725	-42.8537
 35726	-43.6256
 35727	-42.8429
 35728	-41.4876
 35729	-41.5414
 35730	-41.0445
 35731	-37.6495
 35732	-43.5674
 35733	-50.5611
 35734	-46.2717
 35735	-51.0605
 35736	-50.1877
 35737	-40.7995
 35738	-43.0827
 35739	-44.195
 35740	-41.7113
 35741	-39.498
 35742	-38.6735
 35743	-39.9825
 35744	-38.117
 35745	-41.867
 35746	-42.1105
 35747	-40.168
 35748	-48.3748
 35749	-45.3024
 35750	-43.17
 35751	-44.9903
 35752	-43.3952
 35753	-42.0006
 35754	-42.545
 35755	-42.5416
 35756	-40.8781
 35757	-42.2579
 35758	-46.125
 35759	-48.2453
 35760	-43.9625
 35761	-39.7102
 35762	-44.4916
 35763	-45.5182
 35764	-41.1168
 35765	-51.8148
 35766	-47.5208
 35767	-42.1951
 35768	-42.4572
 35769	-38.1756
 35770	-40.2275
 35771	-46.3809
 35772	-37.7397
 35773	-35.8793
 35774	-36.095
 35775	-39.2126
 35776	-41.5751
 35777	-37.4459
 35778	-35.8239
 35779	-33.2363
 35780	-35.4087
 35781	-35.1746
 35782	-29.973
 35783	-35.2433
 35784	-39.7783
 35785	-32.4996
 35786	-34.8376
 35787	-36.0137
 35788	-37.207
 35789	-40.48
 35790	-42.229
 35791	-42.6612
 35792	-51.2115
 35793	-56.4136
 35794	-62.0739
 35795	-58.7748
 35796	-56.3377
 35797	-57.1308
 35798	-59.5841
 35799	-58.1128
 35800	-55.1738
 35801	-51.0311
 35802	-54.9602
 35803	-53.3901
 35804	-49.2843
 35805	-47.0064
 35806	-48.1783
 35807	-49.0917
 35808	-47.8239
 35809	-39.0783
 35810	-39.8586
 35811	-47.6386
 35812	-45.7308
 35813	-43.28
 35814	-43.5332
 35815	-44.3363
 35816	-45.2358
 35817	-40.5739
 35818	-42.3736
 35819	-45.3979
 35820	-43.7223
 35821	-43.8976
 35822	-42.6805
 35823	-44.0458
 35824	-47.864
 35825	-47.0676
 35826	-41.5823
 35827	-33.9644
 35828	-34.8597
 35829	-38.9814
 35830	-35.195
 35831	-35.3675
 35832	-41.3276
 35833	-41.5923
 35834	-35.3923
 35835	-39.2195
 35836	-39.8869
 35837	-37.0876
 35838	-40.997
 35839	-36.9173
 35840	-36.2536
 35841	-47.4572
 35842	-45.8371
 35843	-42.4755
 35844	-45.3252
 35845	-48.795
 35846	-41.275
 35847	-46.0297
 35848	-45.8504
 35849	-38.8461
 35850	-42.4111
 35851	-53.8301
 35852	-42.1554
 35853	-34.5835
 35854	-37.8603
 35855	-39.385
 35856	-33.0475
 35857	-27.375
 35858	-24.6325
 35859	-29.6757
 35860	-30.51
 35861	-27.7073
 35862	-22.0776
 35863	-24.9299
 35864	-22.8654
 35865	-13.0449
 35866	-19.0888
 35867	-17.3462
 35868	-12.1016
 35869	-18.1286
 35870	-22.3884
 35871	-22.1732
 35872	-18.6322
 35873	-21.2551
 35874	-25.9834
 35875	-19.7393
 35876	-21.5198
 35877	-25.9092
 35878	-24.9736
 35879	-34.3064
 35880	-37.9521
 35881	-36.728
 35882	-45.1684
 35883	-45.1468
 35884	-45.6792
 35885	-45.06
 35886	-43.2985
 35887	-40.7726
 35888	-47.1964
 35889	-56.0297
 35890	-51.9596
 35891	-47.5768
 35892	-53.7807
 35893	-53.3722
 35894	-44.9446
 35895	-45.0967
 35896	-53.1993
 35897	-45.1543
 35898	-42.2709
 35899	-48.9141
 35900	-42.0256
 35901	-49.1683
 35902	-44.7409
 35903	-34.3829
 35904	-42.4163
 35905	-40.0288
 35906	-37.1736
 35907	-39.3892
 35908	-42.4558
 35909	-46.7064
 35910	-44.8874
 35911	-52.2786
 35912	-54.8722
 35913	-39.4438
 35914	-49.0486
 35915	-55.6639
 35916	-49.5998
 35917	-46.0624
 35918	-41.6062
 35919	-38.8388
 35920	-37.2248
 35921	-27.652
 35922	-22.9671
 35923	-23.0882
 35924	-28.9879
 35925	-23.0031
 35926	-23.2471
 35927	-32.3334
 35928	-36.9629
 35929	-37.9543
 35930	-38.7255
 35931	-39.4444
 35932	-43.9201
 35933	-49.0723
 35934	-54.6579
 35935	-52.7547
 35936	-54.6307
 35937	-55.9424
 35938	-50.3925
 35939	-53.9845
 35940	-50.4202
 35941	-50.3172
 35942	-50.4726
 35943	-46.2738
 35944	-38.4945
 35945	-37.8869
 35946	-39.0985
 35947	-42.5755
 35948	-35.5072
 35949	-39.3909
 35950	-35.1974
 35951	-30.2789
 35952	-37.1681
 35953	-38.925
 35954	-34.6099
 35955	-34.4408
 35956	-34.57
 35957	-32.3377
 35958	-31.3946
 35959	-43.1828
 35960	-47.7
 35961	-44.5452
 35962	-41.5474
 35963	-43.6176
 35964	-53.5508
 35965	-50.8743
 35966	-47.1657
 35967	-49.0504
 35968	-51.9155
 35969	-49.6116
 35970	-49.0739
 35971	-53.8057
 35972	-59.1436
 35973	-53.9708
 35974	-46.6627
 35975	-45.0559
 35976	-45.8781
 35977	-47.9021
 35978	-43.4483
 35979	-47.5416
 35980	-46.1566
 35981	-39.0166
 35982	-43.6578
 35983	-46.2183
 35984	-41.9598
 35985	-39.4775
 35986	-36.9681
 35987	-39.1297
 35988	-33.5114
 35989	-32.9722
 35990	-36.7205
 35991	-49.5055
 35992	-44.9342
 35993	-36.4642
 35994	-48.7904
 35995	-49.8071
 35996	-44.2448
 35997	-48.9355
 35998	-40.7332
 35999	-37.8203
 36000	-40.748
 36001	-37.9873
 36002	-36.2759
 36003	-35.6555
 36004	-38.6364
 36005	-29.7899
 36006	-29.747
 36007	-33.6361
 36008	-31.7953
 36009	-32.3846
 36010	-37.0238
 36011	-32.34
 36012	-32.9783
 36013	-42.3984
 36014	-39.1053
 36015	-29.8822
 36016	-37.3339
 36017	-39.6855
 36018	-28.6645
 36019	-31.7913
 36020	-38.0196
 36021	-40.1474
 36022	-32.2621
 36023	-33.6002
 36024	-40.9407
 36025	-34.856
 36026	-31.7794
 36027	-37.9189
 36028	-35.9114
 36029	-39.261
 36030	-35.9629
 36031	-39.9321
 36032	-44.8907
 36033	-33.6277
 36034	-31.9518
 36035	-39.5179
 36036	-39.3136
 36037	-28.7454
 36038	-30.2853
 36039	-44.7634
 36040	-41.7945
 36041	-30.5468
 36042	-40.354
 36043	-41.0959
 36044	-40.6411
 36045	-36.3834
 36046	-36.252
 36047	-35.1791
 36048	-34.4786
 36049	-34.6681
 36050	-30.9593
 36051	-28.2891
 36052	-31.3304
 36053	-32.2103
 36054	-35.827
 36055	-39.6246
 36056	-44.3359
 36057	-54.7616
 36058	-44.4261
 36059	-40.548
 36060	-48.9505
 36061	-48.6279
 36062	-48.7229
 36063	-47.4709
 36064	-46.9761
 36065	-41.4365
 36066	-29.5448
 36067	-33.4094
 36068	-36.1125
 36069	-25.9313
 36070	-24.8684
 36071	-32.4699
 36072	-36.7429
 36073	-29.1824
 36074	-31.6661
 36075	-30.8409
 36076	-23.5999
 36077	-28.4099
 36078	-31.6839
 36079	-25.6769
 36080	-27.2369
 36081	-34.9107
 36082	-32.6006
 36083	-21.4572
 36084	-24.9085
 36085	-24.61
 36086	-9.45811
 36087	-12.8457
 36088	-18.542
 36089	-15.5364
 36090	-14.9896
 36091	-19.5734
 36092	-25.1188
 36093	-14.8245
 36094	-17.1521
 36095	-23.056
 36096	-13.966
 36097	-14.5548
 36098	-21.6812
 36099	-21.1554
 36100	-16.2832
 36101	-13.0737
 36102	-20.0177
 36103	-16.0154
 36104	-14.6414
 36105	-16.4591
 36106	-18.6775
 36107	-25.4322
 36108	-20.2383
 36109	-23.4622
 36110	-24.9801
 36111	-18.0164
 36112	-22.2971
 36113	-24.6677
 36114	-16.7977
 36115	-15.2428
 36116	-19.9656
 36117	-30.1673
 36118	-25.5995
 36119	-24.7729
 36120	-30.0953
 36121	-31.2008
 36122	-35.1788
 36123	-32.9742
 36124	-33.3049
 36125	-39.7951
 36126	-37.9966
 36127	-41.4363
 36128	-41.5268
 36129	-42.5691
 36130	-49.3511
 36131	-43.1787
 36132	-48.9656
 36133	-43.6119
 36134	-34.4
 36135	-37.4641
 36136	-38.7235
 36137	-34.353
 36138	-28.2751
 36139	-29.6263
 36140	-35.809
 36141	-27.4032
 36142	-31.4874
 36143	-32.3209
 36144	-25.1766
 36145	-28.4727
 36146	-24.6621
 36147	-22.332
 36148	-26.0916
 36149	-30.1065
 36150	-26.2545
 36151	-25.0611
 36152	-32.9669
 36153	-33.8382
 36154	-27.1557
 36155	-33.4422
 36156	-34.4491
 36157	-30.4244
 36158	-25.7577
 36159	-32.7596
 36160	-30.5886
 36161	-17.3847
 36162	-18.842
 36163	-20.5976
 36164	-17.3984
 36165	-18.2042
 36166	-20.1978
 36167	-27.6972
 36168	-24.0051
 36169	-17.5369
 36170	-31.2845
 36171	-27.635
 36172	-23.2159
 36173	-30.5262
 36174	-30.0539
 36175	-31.1707
 36176	-30.7533
 36177	-34.9007
 36178	-37.4577
 36179	-34.7341
 36180	-38.7327
 36181	-39.957
 36182	-41.0843
 36183	-41.9511
 36184	-44.8476
 36185	-52.2985
 36186	-44.7474
 36187	-45.9724
 36188	-44.779
 36189	-40.8101
 36190	-38.6998
 36191	-35.8713
 36192	-33.2968
 36193	-30.5285
 36194	-25.1043
 36195	-25.8358
 36196	-26.7884
 36197	-31.3423
 36198	-26.5981
 36199	-21.1476
 36200	-31.227
 36201	-30.2208
 36202	-25.3207
 36203	-26.7875
 36204	-26.6182
 36205	-27.7716
 36206	-25.0804
 36207	-22.3439
 36208	-33.7419
 36209	-35.8639
 36210	-36.9342
 36211	-35.7916
 36212	-40.0266
 36213	-41.5328
 36214	-38.9093
 36215	-41.7706
 36216	-40.2239
 36217	-36.1148
 36218	-34.7432
 36219	-38.837
 36220	-41.1376
 36221	-32.3882
 36222	-38.9131
 36223	-41.7542
 36224	-33.9692
 36225	-33.343
 36226	-34.2014
 36227	-39.2581
 36228	-32.4806
 36229	-33.3351
 36230	-39.4792
 36231	-33.9314
 36232	-39.6223
 36233	-41.4143
 36234	-37.5418
 36235	-37.7215
 36236	-31.4515
 36237	-31.3895
 36238	-27.9226
 36239	-23.441
 36240	-26.1624
 36241	-28.6988
 36242	-27.4264
 36243	-24.3581
 36244	-25.5241
 36245	-25.3595
 36246	-21.7205
 36247	-23.1082
 36248	-24.5531
 36249	-22.7827
 36250	-27.3201
 36251	-31.8048
 36252	-34.369
 36253	-36.1289
 36254	-38.001
 36255	-40.1309
 36256	-42.2862
 36257	-43.3846
 36258	-41.0583
 36259	-32.7325
 36260	-32.9895
 36261	-30.8255
 36262	-29.5842
 36263	-27.9084
 36264	-28.0545
 36265	-33.376
 36266	-29.9758
 36267	-27.284
 36268	-31.3275
 36269	-31.7979
 36270	-26.1905
 36271	-17.2494
 36272	-17.6702
 36273	-16.7462
 36274	-8.20649
 36275	-13.4287
 36276	-20.6414
 36277	-17.7076
 36278	-13.1716
 36279	-19.8562
 36280	-22.7922
 36281	-15.0216
 36282	-16.7178
 36283	-20.5036
 36284	-18.5047
 36285	-20.6452
 36286	-24.6739
 36287	-24.9702
 36288	-23.1652
 36289	-22.4173
 36290	-21.8514
 36291	-21.5436
 36292	-12.672
 36293	-14.1688
 36294	-12.5926
 36295	-9.59215
 36296	-5.09067
 36297	-3.23249
 36298	-4.06503
 36299	-6.32002
 36300	0.732867
 36301	5.97391
 36302	-1.18983
 36303	0.393428
 36304	8.71543
 36305	1.71918
 36306	-6.3762
 36307	-8.43143
 36308	-10.8762
 36309	-9.12382
 36310	-19.2202
 36311	-27.4156
 36312	-32.7783
 36313	-32.3176
 36314	-39.8658
 36315	-42.967
 36316	-40.7919
 36317	-43.6898
 36318	-41.9779
 36319	-37.9588
 36320	-38.896
 36321	-40.1146
 36322	-34.6803
 36323	-35.6112
 36324	-36.9197
 36325	-38.948
 36326	-35.2233
 36327	-30.3566
 36328	-21.1624
 36329	-21.4005
 36330	-19.1021
 36331	-16.0191
 36332	-11.2279
 36333	-14.3713
 36334	-12.3362
 36335	-9.99821
 36336	-9.90832
 36337	-11.3882
 36338	-12.4383
 36339	-11.5901
 36340	-12.3511
 36341	-14.2586
 36342	-22.9621
 36343	-23.4052
 36344	-26.6135
 36345	-27.1928
 36346	-33.2666
 36347	-28.5285
 36348	-30.8954
 36349	-33.7086
 36350	-33.7938
 36351	-31.4199
 36352	-39.637
 36353	-40.0804
 36354	-36.0311
 36355	-41.3276
 36356	-47.3731
 36357	-40.3083
 36358	-39.9888
 36359	-45.2135
 36360	-40.9241
 36361	-43.4163
 36362	-41.2393
 36363	-41.3313
 36364	-41.1447
 36365	-40.153
 36366	-33.1281
 36367	-30.66
 36368	-31.9706
 36369	-31.0569
 36370	-28.5384
 36371	-32.9579
 36372	-36.1791
 36373	-32.0495
 36374	-36.3611
 36375	-32.9477
 36376	-31.0966
 36377	-31.9811
 36378	-35.7329
 36379	-30.5556
 36380	-37.1334
 36381	-40.0177
 36382	-36.9985
 36383	-38.3923
 36384	-45.3579
 36385	-41.4166
 36386	-43.3773
 36387	-45.3251
 36388	-44.0155
 36389	-40.6917
 36390	-42.5862
 36391	-41.0355
 36392	-36.7922
 36393	-41.2477
 36394	-34.9301
 36395	-31.9174
 36396	-34.2849
 36397	-34.647
 36398	-32.3669
 36399	-37.5211
 36400	-32.2858
 36401	-30.3204
 36402	-29.9948
 36403	-29.0966
 36404	-25.3621
 36405	-30.3598
 36406	-33.7612
 36407	-29.3921
 36408	-25.2962
 36409	-32.277
 36410	-35.9016
 36411	-30.7643
 36412	-33.4111
 36413	-37.5254
 36414	-38.3315
 36415	-38.3079
 36416	-45.1032
 36417	-40.6722
 36418	-40.7251
 36419	-42.5886
 36420	-42.7624
 36421	-40.2166
 36422	-43.4946
 36423	-47.7988
 36424	-45.4101
 36425	-47.7011
 36426	-47.6213
 36427	-39.6784
 36428	-41.8175
 36429	-43.3623
 36430	-35.7108
 36431	-36.3937
 36432	-31.9037
 36433	-34.1188
 36434	-34.2752
 36435	-25.3665
 36436	-15.3505
 36437	-18.3408
 36438	-16.4489
 36439	-10.1174
 36440	-13.5745
 36441	-15.6934
 36442	-15.3522
 36443	-19.5666
 36444	-18.5943
 36445	-13.6702
 36446	-16.6314
 36447	-22.6155
 36448	-24.062
 36449	-20.4548
 36450	-28.0543
 36451	-39.4362
 36452	-38.2441
 36453	-37.8525
 36454	-44.9199
 36455	-40.8684
 36456	-46.1539
 36457	-50.7804
 36458	-47.0325
 36459	-46.1515
 36460	-51.6774
 36461	-48.4248
 36462	-38.2782
 36463	-44.6199
 36464	-48.9569
 36465	-38.8348
 36466	-42.2267
 36467	-46.8049
 36468	-34.9559
 36469	-42.6199
 36470	-48.9228
 36471	-35.0941
 36472	-32.1675
 36473	-37.4298
 36474	-33.7456
 36475	-31.5476
 36476	-32.5701
 36477	-32.9548
 36478	-34.4725
 36479	-29.18
 36480	-24.0615
 36481	-21.5
 36482	-18.0791
 36483	-21.1999
 36484	-21.2841
 36485	-17.6005
 36486	-17.0286
 36487	-16.4026
 36488	-18.7181
 36489	-13.8873
 36490	-6.48254
 36491	-16.4263
 36492	-16.269
 36493	-9.47284
 36494	-14.9905
 36495	-22.2392
 36496	-23.6431
 36497	-22.2398
 36498	-24.8407
 36499	-30.3984
 36500	-35.8577
 36501	-40.5726
 36502	-45.1328
 36503	-41.4548
 36504	-49.4907
 36505	-46.0177
 36506	-42.3088
 36507	-48.1808
 36508	-51.1381
 36509	-44.5229
 36510	-47.9451
 36511	-49.5865
 36512	-44.8863
 36513	-43.8238
 36514	-44.5562
 36515	-39.7513
 36516	-31.5429
 36517	-33.793
 36518	-27.0242
 36519	-26.9581
 36520	-28.1135
 36521	-32.2725
 36522	-22.3677
 36523	-20.2975
 36524	-24.5159
 36525	-21.2461
 36526	-21.9866
 36527	-26.5078
 36528	-27.217
 36529	-26.2708
 36530	-24.3202
 36531	-31.497
 36532	-34.5166
 36533	-24.3578
 36534	-34.573
 36535	-34.7346
 36536	-35.4462
 36537	-38.4855
 36538	-39.0541
 36539	-40.4665
 36540	-42.9957
 36541	-36.7823
 36542	-42.9268
 36543	-43.8857
 36544	-47.1634
 36545	-51.4009
 36546	-54.9696
 36547	-59.3289
 36548	-63.2409
 36549	-60.1988
 36550	-58.2305
 36551	-59.2394
 36552	-54.3909
 36553	-49.555
 36554	-47.1281
 36555	-43.7179
 36556	-37.3931
 36557	-40.6689
 36558	-41.2692
 36559	-33.8636
 36560	-24.963
 36561	-28.868
 36562	-30.082
 36563	-20.3888
 36564	-25.9148
 36565	-23.4363
 36566	-21.0444
 36567	-20.7282
 36568	-18.1672
 36569	-20.8691
 36570	-21.5994
 36571	-15.8305
 36572	-21.2444
 36573	-16.7046
 36574	-13.5371
 36575	-8.78446
 36576	-5.09512
 36577	-4.59735
 36578	-2.87424
 36579	3.25357
 36580	1.38627
 36581	0.169056
 36582	1.65262
 36583	-0.322949
 36584	3.22173
 36585	6.45081
 36586	8.44328
 36587	8.72055
 36588	8.34726
 36589	-0.476685
 36590	8.07674
 36591	4.96863
 36592	-3.16536
 36593	1.4664
 36594	5.17383
 36595	-2.91541
 36596	-3.0072
 36597	-6.83612
 36598	0.29224
 36599	-10.1917
 36600	-17.9132
 36601	-8.40514
 36602	-8.97918
 36603	-15.5672
 36604	-15.2947
 36605	-13.6093
 36606	-12.8778
 36607	-17.8804
 36608	-20.4602
 36609	-13.0281
 36610	-22.2707
 36611	-27.0716
 36612	-24.6567
 36613	-22.0108
 36614	-27.2422
 36615	-30.6596
 36616	-26.0753
 36617	-17.4693
 36618	-24.2981
 36619	-24.5927
 36620	-16.0445
 36621	-13.0895
 36622	-9.90926
 36623	-11.3041
 36624	-12.1935
 36625	-6.27487
 36626	-0.531695
 36627	-6.64801
 36628	-4.24164
 36629	3.56017
 36630	9.14121
 36631	1.1263
 36632	-0.328845
 36633	4.28207
 36634	4.29539
 36635	-8.37737
 36636	-1.20274
 36637	-5.80667
 36638	-9.95312
 36639	-5.41702
 36640	-2.92901
 36641	-8.15124
 36642	-13.5104
 36643	-14.8597
 36644	-12.2436
 36645	-15.171
 36646	-18.7394
 36647	-12.0533
 36648	-13.4589
 36649	-16.595
 36650	-20.5279
 36651	-18.6502
 36652	-18.1681
 36653	-16.8583
 36654	-16.4373
 36655	-10.4966
 36656	-11.0871
 36657	-13.6732
 36658	-6.99241
 36659	-10.3639
 36660	-17.2353
 36661	-14.2366
 36662	-12.3058
 36663	-16.3036
 36664	-13.5594
 36665	-15.1366
 36666	-16.1911
 36667	-23.0768
 36668	-24.7582
 36669	-24.7644
 36670	-24.3046
 36671	-22.4923
 36672	-24.3022
 36673	-26.9564
 36674	-19.3103
 36675	-21.2333
 36676	-26.6919
 36677	-24.9804
 36678	-30.2668
 36679	-40.5214
 36680	-39.7637
 36681	-38.8676
 36682	-46.9674
 36683	-45.2285
 36684	-48.0547
 36685	-47.3675
 36686	-49.0162
 36687	-43.0763
 36688	-43.3535
 36689	-50.5934
 36690	-46.7359
 36691	-42.5943
 36692	-51.2058
 36693	-42.3085
 36694	-44.449
 36695	-52.3392
 36696	-45.4249
 36697	-50.6307
 36698	-54.0967
 36699	-47.875
 36700	-42.0229
 36701	-43.1481
 36702	-46.4126
 36703	-48.1233
 36704	-44.9711
 36705	-49.2811
 36706	-40.7698
 36707	-38.4618
 36708	-39.2257
 36709	-33.0013
 36710	-39.3422
 36711	-42.8084
 36712	-33.2598
 36713	-33.7672
 36714	-36.7544
 36715	-34.1594
 36716	-40.1278
 36717	-36.4005
 36718	-33.8045
 36719	-37.9642
 36720	-38.7311
 36721	-33.4484
 36722	-38.0268
 36723	-34.701
 36724	-34.6614
 36725	-23.7569
 36726	-21.5343
 36727	-28.5
 36728	-25.8912
 36729	-22.4753
 36730	-18.1182
 36731	-14.6066
 36732	-19.8967
 36733	-17.5889
 36734	-18.0806
 36735	-23.8398
 36736	-17.844
 36737	-21.3198
 36738	-19.8759
 36739	-22.2923
 36740	-26.1135
 36741	-24.7117
 36742	-25.3761
 36743	-27.8849
 36744	-22.7107
 36745	-26.2119
 36746	-37.8102
 36747	-36.322
 36748	-35.843
 36749	-40.8563
 36750	-45.319
 36751	-42.0206
 36752	-49.7506
 36753	-42.5531
 36754	-46.5482
 36755	-42.3739
 36756	-45.4415
 36757	-37.325
 36758	-32.7907
 36759	-39.866
 36760	-39.4523
 36761	-27.7544
 36762	-33.7253
 36763	-37.4939
 36764	-39.3765
 36765	-36.7454
 36766	-31.4257
 36767	-37.621
 36768	-35.1365
 36769	-37.9988
 36770	-34.0162
 36771	-34.6966
 36772	-42.9293
 36773	-39.2987
 36774	-33.513
 36775	-46.051
 36776	-46.4208
 36777	-45.8775
 36778	-43.3519
 36779	-47.0771
 36780	-44.5002
 36781	-43.6804
 36782	-43.075
 36783	-43.9004
 36784	-48.3698
 36785	-43.5816
 36786	-38.4626
 36787	-41.5058
 36788	-41.4799
 36789	-36.2366
 36790	-35.8284
 36791	-38.5765
 36792	-41.2467
 36793	-41.6695
 36794	-43.7476
 36795	-40.5954
 36796	-43.8643
 36797	-42.4767
 36798	-37.0841
 36799	-43.4985
 36800	-47.0778
 36801	-40.7683
 36802	-39.5468
 36803	-39.5645
 36804	-40.1613
 36805	-37.0909
 36806	-34.0127
 36807	-42.5968
 36808	-38.0739
 36809	-36.9951
 36810	-35.6616
 36811	-33.5968
 36812	-39.269
 36813	-41.3599
 36814	-39.9305
 36815	-42.7418
 36816	-39.386
 36817	-42.7597
 36818	-38.1597
 36819	-39.9913
 36820	-43.8046
 36821	-39.3265
 36822	-41.4248
 36823	-41.6227
 36824	-42.5552
 36825	-45.3412
 36826	-46.856
 36827	-45.1875
 36828	-46.6101
 36829	-42.3477
 36830	-40.1734
 36831	-42.5739
 36832	-48.4429
 36833	-40.4215
 36834	-44.4689
 36835	-46.5897
 36836	-48.6398
 36837	-50.1813
 36838	-45.4043
 36839	-41.1002
 36840	-41.1042
 36841	-36.4172
 36842	-39.4716
 36843	-36.5288
 36844	-41.6463
 36845	-42.1349
 36846	-37.7959
 36847	-43.7598
 36848	-39.4169
 36849	-39.5417
 36850	-41.377
 36851	-33.287
 36852	-43.1373
 36853	-43.5096
 36854	-39.7176
 36855	-47.3041
 36856	-46.0942
 36857	-48.3179
 36858	-49.0751
 36859	-46.1981
 36860	-47.2137
 36861	-45.3744
 36862	-45.9653
 36863	-50.6805
 36864	-48.0603
 36865	-43.7168
 36866	-45.121
 36867	-48.3525
 36868	-51.3177
 36869	-45.5344
 36870	-46.8586
 36871	-46.1597
 36872	-43.6598
 36873	-41.3011
 36874	-42.2603
 36875	-43.6307
 36876	-39.3599
 36877	-39.5125
 36878	-34.9451
 36879	-39.0894
 36880	-41.2459
 36881	-27.4022
 36882	-31.4909
 36883	-36.2853
 36884	-34.1116
 36885	-35.7206
 36886	-28.2537
 36887	-38.1965
 36888	-35.2766
 36889	-29.8201
 36890	-37.9914
 36891	-34.2785
 36892	-33.4283
 36893	-40.9644
 36894	-32.3271
 36895	-37.4712
 36896	-36.0844
 36897	-31.11
 36898	-27.6717
 36899	-24.6957
 36900	-30.8118
 36901	-27.7126
 36902	-21.9161
 36903	-26.0958
 36904	-25.2617
 36905	-29.228
 36906	-30.8887
 36907	-30.5158
 36908	-36.4341
 36909	-35.2079
 36910	-37.7002
 36911	-38.4608
 36912	-42.2077
 36913	-39.5258
 36914	-31.9428
 36915	-38.2929
 36916	-40.6955
 36917	-40.9046
 36918	-36.404
 36919	-37.8281
 36920	-46.6239
 36921	-40.5924
 36922	-40.0783
 36923	-45.6973
 36924	-45.4205
 36925	-45.6598
 36926	-43.2706
 36927	-44.747
 36928	-46.5093
 36929	-33.4729
 36930	-37.1908
 36931	-34.7751
 36932	-32.7572
 36933	-32.1904
 36934	-24.0581
 36935	-18.7521
 36936	-21.5435
 36937	-15.2346
 36938	-17.7156
 36939	-13.2238
 36940	-15.2631
 36941	-14.8623
 36942	-12.7126
 36943	-9.1759
 36944	-8.39314
 36945	-10.0732
 36946	-7.68104
 36947	-9.2474
 36948	-8.73007
 36949	-17.4753
 36950	-17.7785
 36951	-14.3776
 36952	-21.4131
 36953	-26.2204
 36954	-23.2338
 36955	-26.104
 36956	-27.9458
 36957	-36.5419
 36958	-35.4135
 36959	-32.6477
 36960	-38.2662
 36961	-37.9164
 36962	-41.3396
 36963	-44.3249
 36964	-40.535
 36965	-48.6862
 36966	-48.5534
 36967	-43.4446
 36968	-46.2416
 36969	-42.5979
 36970	-44.1733
 36971	-44.5958
 36972	-41.2456
 36973	-40.2658
 36974	-38.7122
 36975	-36.2853
 36976	-33.0938
 36977	-29.9497
 36978	-30.0844
 36979	-34.5069
 36980	-36.0583
 36981	-37.1869
 36982	-40.4709
 36983	-40.6894
 36984	-40.4113
 36985	-34.8389
 36986	-31.4006
 36987	-35.0086
 36988	-34.4473
 36989	-35.499
 36990	-38.9486
 36991	-32.5669
 36992	-36.3274
 36993	-33.5438
 36994	-31.9188
 36995	-32.7992
 36996	-26.0731
 36997	-27.0781
 36998	-24.9722
 36999	-17.3068
 37000	-30.7267
 37001	-38.517
 37002	-36.8475
 37003	-40.0301
 37004	-39.8091
 37005	-38.4808
 37006	-34.8203
 37007	-35.5632
 37008	-39.3787
 37009	-40.2569
 37010	-38.8604
 37011	-43.3128
 37012	-43.615
 37013	-50.0648
 37014	-50.663
 37015	-48.2747
 37016	-47.4954
 37017	-47.7502
 37018	-47.1008
 37019	-54.8152
 37020	-58.3885
 37021	-59.4496
 37022	-55.7044
 37023	-50.6141
 37024	-48.6526
 37025	-47.2289
 37026	-44.864
 37027	-44.439
 37028	-45.9317
 37029	-41.8496
 37030	-43.0426
 37031	-40.3045
 37032	-42.1108
 37033	-36.6551
 37034	-31.8705
 37035	-35.021
 37036	-33.2275
 37037	-27.1505
 37038	-28.2366
 37039	-27.8215
 37040	-21.9115
 37041	-15.9915
 37042	-12.9831
 37043	-12.1879
 37044	-10.7345
 37045	-13.6269
 37046	-13.1535
 37047	-11.0393
 37048	-10.4769
 37049	-16.4118
 37050	-15.4722
 37051	-18.4017
 37052	-19.4932
 37053	-22.609
 37054	-32.0636
 37055	-36.7143
 37056	-35.4125
 37057	-46.8587
 37058	-41.3959
 37059	-34.9356
 37060	-36.8399
 37061	-37.2451
 37062	-39.5415
 37063	-38.4656
 37064	-40.1706
 37065	-40.5495
 37066	-35.2232
 37067	-37.2976
 37068	-38.4529
 37069	-29.0029
 37070	-25.0072
 37071	-22.7272
 37072	-21.2708
 37073	-13.0746
 37074	-16.0164
 37075	-16.6167
 37076	-13.2474
 37077	-7.53782
 37078	-8.27744
 37079	-14.3481
 37080	-17.3601
 37081	-19.5217
 37082	-21.9301
 37083	-20.1676
 37084	-27.7249
 37085	-33.8556
 37086	-34.234
 37087	-36.6375
 37088	-35.3408
 37089	-49.3753
 37090	-45.8551
 37091	-41.6298
 37092	-48.6067
 37093	-53.5057
 37094	-48.4175
 37095	-47.9817
 37096	-45.2078
 37097	-48.2517
 37098	-42.7282
 37099	-39.3138
 37100	-45.4278
 37101	-43.7206
 37102	-38.5017
 37103	-29.2586
 37104	-33.4913
 37105	-33.4841
 37106	-28.2373
 37107	-23.1366
 37108	-33.5501
 37109	-37.9926
 37110	-35.079
 37111	-33.715
 37112	-37.6598
 37113	-33.3187
 37114	-34.5552
 37115	-36.2508
 37116	-42.4023
 37117	-42.0611
 37118	-42.1568
 37119	-47.8358
 37120	-42.3604
 37121	-43.2183
 37122	-44.1176
 37123	-43.0446
 37124	-39.5043
 37125	-44.9232
 37126	-38.8064
 37127	-41.7484
 37128	-43.6469
 37129	-42.1579
 37130	-38.9799
 37131	-43.9862
 37132	-43.5394
 37133	-42.0027
 37134	-37.6631
 37135	-43.2916
 37136	-45.8276
 37137	-40.4743
 37138	-40.3593
 37139	-39.129
 37140	-36.6675
 37141	-30.4652
 37142	-29.1792
 37143	-28.5041
 37144	-30.6759
 37145	-27.0898
 37146	-30.7374
 37147	-27.055
 37148	-29.1017
 37149	-31.3987
 37150	-29.2404
 37151	-31.4347
 37152	-34.6958
 37153	-32.3932
 37154	-32.9027
 37155	-32.0765
 37156	-26.7039
 37157	-23.7413
 37158	-21.5143
 37159	-26.954
 37160	-28.1065
 37161	-32.2528
 37162	-32.181
 37163	-34.5616
 37164	-30.2166
 37165	-36.4791
 37166	-35.3936
 37167	-30.6854
 37168	-36.1863
 37169	-44.7443
 37170	-40.6792
 37171	-35.3397
 37172	-38.5826
 37173	-44.7777
 37174	-42.6895
 37175	-40.2143
 37176	-47.901
 37177	-47.1968
 37178	-52.857
 37179	-50.7253
 37180	-53.6345
 37181	-49.4886
 37182	-49.2148
 37183	-44.0369
 37184	-46.148
 37185	-45.189
 37186	-43.972
 37187	-41.9313
 37188	-37.8595
 37189	-35.9805
 37190	-29.5138
 37191	-25.8181
 37192	-26.6615
 37193	-26.6083
 37194	-16.4671
 37195	-22.1837
 37196	-32.424
 37197	-29.941
 37198	-22.8974
 37199	-28.519
 37200	-30.5514
 37201	-25.2617
 37202	-21.4233
 37203	-23.0986
 37204	-21.2304
 37205	-24.6102
 37206	-28.3078
 37207	-17.3786
 37208	-17.4086
 37209	-25.1292
 37210	-25.7562
 37211	-17.6404
 37212	-21.0536
 37213	-28.7183
 37214	-29.3775
 37215	-24.2704
 37216	-27.0875
 37217	-23.9558
 37218	-21.6116
 37219	-16.7245
 37220	-7.64581
 37221	-11.874
 37222	-9.98561
 37223	-7.16342
 37224	-2.58777
 37225	-1.53397
 37226	0.741284
 37227	-0.415088
 37228	2.95354
 37229	0.381252
 37230	0.883438
 37231	-1.0489
 37232	0.137905
 37233	-0.77589
 37234	3.80473
 37235	4.73238
 37236	4.3937
 37237	2.98033
 37238	-0.951585
 37239	2.17322
 37240	-2.32973
 37241	-12.9121
 37242	-2.98062
 37243	0.111161
 37244	-16.9872
 37245	-15.4159
 37246	-18.1364
 37247	-19.626
 37248	-26.4715
 37249	-27.9913
 37250	-23.1871
 37251	-23.3495
 37252	-24.2601
 37253	-21.2593
 37254	-23.127
 37255	-25.2935
 37256	-24.2682
 37257	-31.1389
 37258	-26.5829
 37259	-26.1138
 37260	-26.4029
 37261	-28.4327
 37262	-23.9778
 37263	-31.8187
 37264	-30.0902
 37265	-31.8252
 37266	-26.6379
 37267	-25.6118
 37268	-19.0445
 37269	-17.8777
 37270	-15.9086
 37271	-17.4128
 37272	-18.3916
 37273	-20.5503
 37274	-24.2706
 37275	-21.0133
 37276	-23.0954
 37277	-23.0901
 37278	-23.8775
 37279	-24.8737
 37280	-24.7801
 37281	-25.1532
 37282	-41.0163
 37283	-38.9291
 37284	-38.1276
 37285	-37.2604
 37286	-44.3503
 37287	-45.3792
 37288	-44.2675
 37289	-48.8845
 37290	-50.7269
 37291	-51.8821
 37292	-56.3347
 37293	-47.6135
 37294	-41.4163
 37295	-51.4218
 37296	-45.6738
 37297	-44.9855
 37298	-39.6017
 37299	-38.566
 37300	-35.1796
 37301	-34.772
 37302	-33.1311
 37303	-31.6896
 37304	-32.7029
 37305	-39.0509
 37306	-33.0395
 37307	-32.4978
 37308	-43.0371
 37309	-40.9221
 37310	-38.8123
 37311	-38.6281
 37312	-43.0812
 37313	-36.7101
 37314	-43.9778
 37315	-42.2766
 37316	-44.4149
 37317	-45.5084
 37318	-51.2715
 37319	-49.9546
 37320	-53.6714
 37321	-52.473
 37322	-55.0338
 37323	-47.9758
 37324	-53.7394
 37325	-49.512
 37326	-45.8038
 37327	-55.5354
 37328	-50.2658
 37329	-43.7915
 37330	-45.8422
 37331	-46.8198
 37332	-42.1511
 37333	-42.5539
 37334	-37.7432
 37335	-45.3982
 37336	-41.774
 37337	-41.3152
 37338	-38.532
 37339	-43.4622
 37340	-47.9742
 37341	-38.8379
 37342	-33.4883
 37343	-44.2907
 37344	-42.2337
 37345	-31.1205
 37346	-34.272
 37347	-36.8372
 37348	-37.3335
 37349	-34.0872
 37350	-36.3869
 37351	-32.883
 37352	-39.4365
 37353	-36.4512
 37354	-37.5297
 37355	-33.7298
 37356	-36.3106
 37357	-42.881
 37358	-42.4341
 37359	-40.3036
 37360	-42.9417
 37361	-40.2838
 37362	-45.7983
 37363	-43.711
 37364	-42.0996
 37365	-51.0887
 37366	-44.2629
 37367	-43.7165
 37368	-44.4057
 37369	-46.619
 37370	-38.0829
 37371	-37.1206
 37372	-39.564
 37373	-36.6584
 37374	-24.9134
 37375	-28.9779
 37376	-35.1136
 37377	-28.3138
 37378	-22.2471
 37379	-24.4778
 37380	-27.6548
 37381	-27.4657
 37382	-27.1595
 37383	-27.872
 37384	-33.5762
 37385	-34.9978
 37386	-33.9755
 37387	-26.8286
 37388	-31.7458
 37389	-40.6326
 37390	-43.5997
 37391	-37.6912
 37392	-44.7242
 37393	-46.61
 37394	-47.5298
 37395	-47.5136
 37396	-47.0062
 37397	-50.6105
 37398	-48.4824
 37399	-53.1479
 37400	-50.9569
 37401	-48.6634
 37402	-48.7909
 37403	-45.3663
 37404	-40.5403
 37405	-46.9832
 37406	-40.1504
 37407	-35.3118
 37408	-33.7872
 37409	-35.2215
 37410	-31.2699
 37411	-24.9546
 37412	-22.5359
 37413	-27.6954
 37414	-28.1317
 37415	-26.4454
 37416	-27.132
 37417	-27.2347
 37418	-27.9599
 37419	-20.3947
 37420	-21.3695
 37421	-27.0741
 37422	-27.5999
 37423	-25.9734
 37424	-30.566
 37425	-26.5425
 37426	-24.9257
 37427	-22.4968
 37428	-23.3798
 37429	-27.4294
 37430	-28.3196
 37431	-23.9473
 37432	-24.4479
 37433	-22.9001
 37434	-18.0417
 37435	-18.7296
 37436	-14.7117
 37437	-15.6582
 37438	-9.03347
 37439	-7.37111
 37440	-5.44171
 37441	-5.89871
 37442	-5.81077
 37443	-8.25139
 37444	3.71954
 37445	-0.159154
 37446	-3.96587
 37447	7.39827
 37448	7.23556
 37449	-5.20111
 37450	-6.07708
 37451	1.0541
 37452	-1.71451
 37453	-9.43094
 37454	-8.32444
 37455	1.528
 37456	5.23097
 37457	1.30067
 37458	-3.0676
 37459	0.549844
 37460	-2.56123
 37461	-5.3388
 37462	-4.187
 37463	-1.66006
 37464	-3.27183
 37465	0.619819
 37466	2.46523
 37467	2.12116
 37468	-3.63862
 37469	-1.90845
 37470	3.83251
 37471	-1.94734
 37472	-0.663637
 37473	4.24364
 37474	5.25805
 37475	5.09122
 37476	10.7374
 37477	6.45726
 37478	-1.87308
 37479	5.92432
 37480	13.5547
 37481	0.427104
 37482	-0.0963807
 37483	7.33665
 37484	-0.743602
 37485	-9.1013
 37486	-7.80232
 37487	-9.29337
 37488	-12.5808
 37489	-13.7662
 37490	-15.0072
 37491	-19.1711
 37492	-19.7352
 37493	-14.0596
 37494	-17.473
 37495	-14.7314
 37496	-21.9313
 37497	-20.1597
 37498	-18.5474
 37499	-21.2731
 37500	-30.5176
 37501	-31.7942
 37502	-33.4098
 37503	-36.2727
 37504	-42.4355
 37505	-36.209
 37506	-43.4706
 37507	-45.4312
 37508	-38.9323
 37509	-49.0654
 37510	-52.5386
 37511	-41.1036
 37512	-41.1066
 37513	-50.378
 37514	-49.332
 37515	-46.744
 37516	-50.0589
 37517	-43.7939
 37518	-42.6215
 37519	-45.391
 37520	-38.8604
 37521	-38.9177
 37522	-45.8654
 37523	-39.2839
 37524	-36.4763
 37525	-38.8369
 37526	-39.4764
 37527	-28.9318
 37528	-26.7573
 37529	-28.3821
 37530	-25.6972
 37531	-19.8923
 37532	-20.2672
 37533	-20.8715
 37534	-23.3015
 37535	-19.5258
 37536	-16.6244
 37537	-12.7778
 37538	-19.7928
 37539	-15.3288
 37540	-12.3847
 37541	-19.3791
 37542	-23.0662
 37543	-9.08653
 37544	-8.23556
 37545	-18.4429
 37546	-12.6715
 37547	-3.80242
 37548	-8.25998
 37549	-13.4279
 37550	-10.5004
 37551	-13.2174
 37552	-12.2702
 37553	-12.7786
 37554	-15.1127
 37555	-16.6351
 37556	-23.2506
 37557	-23.2672
 37558	-22.1496
 37559	-28.2201
 37560	-33.8835
 37561	-31.2949
 37562	-28.7835
 37563	-34.1951
 37564	-43.8419
 37565	-41.9562
 37566	-45.9744
 37567	-50.4955
 37568	-48.637
 37569	-47.8789
 37570	-51.4453
 37571	-45.6834
 37572	-40.2569
 37573	-45.3062
 37574	-46.8615
 37575	-35.7719
 37576	-40.0326
 37577	-45.9905
 37578	-44.0874
 37579	-41.7024
 37580	-41.9479
 37581	-45.2918
 37582	-44.9566
 37583	-46.9909
 37584	-45.2295
 37585	-47.0375
 37586	-54.9907
 37587	-49.2175
 37588	-48.7093
 37589	-54.0412
 37590	-53.8364
 37591	-56.2905
 37592	-57.0198
 37593	-54.8112
 37594	-54.1743
 37595	-57.3333
 37596	-55.0937
 37597	-52.8789
 37598	-56.4466
 37599	-49.3493
 37600	-41.8051
 37601	-44.8805
 37602	-44.7661
 37603	-32.3238
 37604	-26.7301
 37605	-29.6628
 37606	-24.0429
 37607	-14.7027
 37608	-14.4411
 37609	-15.979
 37610	-7.80851
 37611	-1.73909
 37612	4.54306
 37613	4.4808
 37614	4.279
 37615	6.91045
 37616	4.7157
 37617	5.09619
 37618	6.75332
 37619	7.67096
 37620	10.2457
 37621	5.40447
 37622	9.22722
 37623	8.14869
 37624	4.82573
 37625	10.1313
 37626	4.3302
 37627	-7.92092
 37628	-2.07875
 37629	9.18171
 37630	-0.417218
 37631	-5.57648
 37632	6.09834
 37633	-0.859343
 37634	-6.05097
 37635	-2.62207
 37636	0.39908
 37637	-2.85662
 37638	-5.42372
 37639	-3.0158
 37640	-6.97242
 37641	-9.36425
 37642	-4.76486
 37643	-14.8395
 37644	-13.3422
 37645	-10.916
 37646	-15.9103
 37647	-16.1594
 37648	-8.85888
 37649	-13.7725
 37650	-16.1774
 37651	-14.9858
 37652	-12.6143
 37653	-14.304
 37654	-13.2805
 37655	-11.04
 37656	-12.4907
 37657	-12.0431
 37658	-14.0278
 37659	-15.9077
 37660	-13.3231
 37661	-15.0314
 37662	-22.8603
 37663	-18.0601
 37664	-11.7054
 37665	-17.7964
 37666	-16.3601
 37667	-6.32384
 37668	-18.2837
 37669	-22.226
 37670	-15.7288
 37671	-21.7603
 37672	-24.8519
 37673	-24.0908
 37674	-21.0837
 37675	-22.7525
 37676	-22.0792
 37677	-17.0212
 37678	-24.3942
 37679	-23.923
 37680	-15.3715
 37681	-26.2655
 37682	-28.8486
 37683	-24.2052
 37684	-21.4559
 37685	-23.0843
 37686	-24.8024
 37687	-24.9646
 37688	-27.3354
 37689	-25.7343
 37690	-25.2941
 37691	-31.1569
 37692	-33.7335
 37693	-35.8586
 37694	-37.8
 37695	-38.5878
 37696	-38.8288
 37697	-36.9166
 37698	-38.7981
 37699	-38.2764
 37700	-41.3893
 37701	-43.806
 37702	-44.1019
 37703	-40.5215
 37704	-38.2961
 37705	-31.9483
 37706	-36.0621
 37707	-31.2269
 37708	-22.1825
 37709	-21.6201
 37710	-35.0324
 37711	-32.5007
 37712	-17.9154
 37713	-25.8509
 37714	-36.8324
 37715	-29.6502
 37716	-17.4462
 37717	-22.5584
 37718	-27.6636
 37719	-29.4938
 37720	-23.0807
 37721	-14.7039
 37722	-16.9003
 37723	-21.0804
 37724	-8.72721
 37725	-7.50993
 37726	-13.9713
 37727	-9.87817
 37728	-3.54624
 37729	-9.26665
 37730	-6.38225
 37731	3.15577
 37732	-3.21641
 37733	-9.37921
 37734	-0.547943
 37735	5.68265
 37736	-6.88153
 37737	-5.82412
 37738	-1.17783
 37739	-2.72031
 37740	-7.88281
 37741	-3.62496
 37742	-10.1548
 37743	-11.3874
 37744	-12.2113
 37745	-9.26267
 37746	-12.9735
 37747	-12.5757
 37748	-12.0224
 37749	-12.4243
 37750	-14.4219
 37751	-18.4922
 37752	-18.6784
 37753	-12.0261
 37754	-13.469
 37755	-25.5285
 37756	-20.2647
 37757	-15.1072
 37758	-19.2923
 37759	-21.8451
 37760	-18.0488
 37761	-26.5838
 37762	-27.5796
 37763	-24.0503
 37764	-24.5291
 37765	-25.3842
 37766	-17.3602
 37767	-21.9079
 37768	-24.7276
 37769	-19.55
 37770	-19.1512
 37771	-25.149
 37772	-22.8931
 37773	-17.9517
 37774	-26.5061
 37775	-22.0226
 37776	-7.44297
 37777	-8.73427
 37778	-15.8481
 37779	-11.4567
 37780	-10.5589
 37781	-10.349
 37782	-16.5169
 37783	-15.5409
 37784	-13.822
 37785	-14.215
 37786	-20.5825
 37787	-20.1289
 37788	-15.0833
 37789	-16.9317
 37790	-19.8109
 37791	-13.8172
 37792	-14.8414
 37793	-24.3087
 37794	-18.6468
 37795	-9.44773
 37796	-18.2364
 37797	-28.7066
 37798	-23.7632
 37799	-25.5387
 37800	-32.9858
 37801	-39.2791
 37802	-37.3996
 37803	-39.3167
 37804	-40.4221
 37805	-43.6438
 37806	-41.9938
 37807	-39.8223
 37808	-37.0554
 37809	-44.9921
 37810	-46.5433
 37811	-41.4304
 37812	-48.2352
 37813	-46.6964
 37814	-40.3161
 37815	-41.4053
 37816	-43.7922
 37817	-38.8564
 37818	-39.904
 37819	-44.6786
 37820	-38.9904
 37821	-35.5347
 37822	-40.3203
 37823	-41.4871
 37824	-37.2001
 37825	-37.0174
 37826	-38.5845
 37827	-43.7598
 37828	-46.4906
 37829	-45.336
 37830	-46.8914
 37831	-57.3644
 37832	-54.7808
 37833	-48.0012
 37834	-50.6005
 37835	-55.9211
 37836	-50.9192
 37837	-47.2069
 37838	-48.4686
 37839	-48.2833
 37840	-45.9813
 37841	-45.6688
 37842	-46.7383
 37843	-45.3797
 37844	-44.3894
 37845	-45.4967
 37846	-47.5086
 37847	-40.3635
 37848	-34.7351
 37849	-37.2997
 37850	-44.114
 37851	-32.0172
 37852	-22.8517
 37853	-26.6397
 37854	-32.3887
 37855	-30.8324
 37856	-23.4334
 37857	-22.8896
 37858	-27.4588
 37859	-26.7894
 37860	-20.6993
 37861	-20.3148
 37862	-23.6651
 37863	-24.8026
 37864	-24.3293
 37865	-25.672
 37866	-24.1178
 37867	-25.3765
 37868	-26.3391
 37869	-32.9543
 37870	-21.1119
 37871	-14.752
 37872	-22.9454
 37873	-26.1014
 37874	-17.6002
 37875	-11.3157
 37876	-16.8695
 37877	-22.6832
 37878	-14.7911
 37879	-7.45202
 37880	-11.3449
 37881	-14.9469
 37882	-12.2427
 37883	-11.5784
 37884	-8.38613
 37885	-7.42726
 37886	-12.7929
 37887	-15.9533
 37888	-19.9278
 37889	-16.305
 37890	-22.7609
 37891	-21.2035
 37892	-16.2837
 37893	-14.5591
 37894	-23.682
 37895	-25.5011
 37896	-21.6647
 37897	-23.4462
 37898	-24.3904
 37899	-26.6717
 37900	-28.3859
 37901	-33.8621
 37902	-36.636
 37903	-30.6219
 37904	-23.1088
 37905	-32.2415
 37906	-33.3943
 37907	-32.7425
 37908	-35.1169
 37909	-41.8688
 37910	-35.9328
 37911	-32.2844
 37912	-35.9837
 37913	-32.3228
 37914	-29.6445
 37915	-37.9389
 37916	-41.7657
 37917	-33.7981
 37918	-40.9894
 37919	-44.1717
 37920	-35.8233
 37921	-32.7612
 37922	-38.97
 37923	-30.8636
 37924	-23.7884
 37925	-27.4592
 37926	-31.1596
 37927	-29.2162
 37928	-24.512
 37929	-22.981
 37930	-23.0611
 37931	-21.3079
 37932	-24.4282
 37933	-28.3365
 37934	-23.8594
 37935	-23.2845
 37936	-25.9992
 37937	-24.3511
 37938	-15.5378
 37939	-19.4937
 37940	-25.4419
 37941	-21.5567
 37942	-16.1689
 37943	-24.3817
 37944	-31.9826
 37945	-28.7468
 37946	-27.4528
 37947	-34.4302
 37948	-32.3003
 37949	-28.0811
 37950	-39.1152
 37951	-39.4531
 37952	-37.5824
 37953	-40.9448
 37954	-46.1387
 37955	-40.4225
 37956	-34.101
 37957	-33.2738
 37958	-32.4236
 37959	-25.4938
 37960	-29.5898
 37961	-32.3069
 37962	-36.1863
 37963	-33.4463
 37964	-32.7029
 37965	-41.8159
 37966	-41.1537
 37967	-35.6395
 37968	-35.3212
 37969	-38.8358
 37970	-33.843
 37971	-31.61
 37972	-34.5726
 37973	-36.7702
 37974	-31.1377
 37975	-40.6522
 37976	-41.6733
 37977	-34.6315
 37978	-34.262
 37979	-38.6937
 37980	-30.0775
 37981	-21.736
 37982	-34.9801
 37983	-40.3131
 37984	-30.3861
 37985	-35.7409
 37986	-43.7986
 37987	-33.7731
 37988	-32.3328
 37989	-32.863
 37990	-33.9348
 37991	-31.141
 37992	-39.3247
 37993	-43.4727
 37994	-47.5174
 37995	-49.0676
 37996	-44.4029
 37997	-49.6129
 37998	-54.0332
 37999	-48.0184
 38000	-45.1816
 38001	-50.6548
 38002	-46.0495
 38003	-43.3674
 38004	-51.1407
 38005	-50.9598
 38006	-42.2851
 38007	-54.1902
 38008	-50.7203
 38009	-40.8937
 38010	-50.9466
 38011	-51.3172
 38012	-37.6672
 38013	-37.7231
 38014	-46.2298
 38015	-40.3462
 38016	-30.654
 38017	-31.3025
 38018	-34.4746
 38019	-34.8272
 38020	-37.437
 38021	-33.7423
 38022	-39.1992
 38023	-45.0515
 38024	-35.1695
 38025	-35.6774
 38026	-43.6512
 38027	-34.5789
 38028	-38.8586
 38029	-43.7896
 38030	-42.5292
 38031	-40.134
 38032	-41.3145
 38033	-35.8753
 38034	-25.7469
 38035	-25.8266
 38036	-28.3353
 38037	-20.3522
 38038	-14.5507
 38039	-23.7678
 38040	-22.9186
 38041	-17.3523
 38042	-25.6111
 38043	-22.8495
 38044	-11.2638
 38045	-19.7067
 38046	-23.867
 38047	-18.4875
 38048	-17.6693
 38049	-25.4567
 38050	-24.7388
 38051	-18.6387
 38052	-22.2684
 38053	-23.1906
 38054	-22.7931
 38055	-30.4
 38056	-34.6374
 38057	-34.9107
 38058	-41.1162
 38059	-41.9465
 38060	-45.9268
 38061	-40.7238
 38062	-32.1367
 38063	-37.2677
 38064	-42.7163
 38065	-35.7182
 38066	-33.315
 38067	-37.3966
 38068	-42.7029
 38069	-36.1177
 38070	-30.5866
 38071	-42.0783
 38072	-41.1369
 38073	-25.2411
 38074	-20.5567
 38075	-20.3486
 38076	-16.1965
 38077	-19.4092
 38078	-16.9893
 38079	-13.3692
 38080	-12.0639
 38081	-7.62972
 38082	-11.949
 38083	-9.36385
 38084	-8.56006
 38085	-19.849
 38086	-16.8371
 38087	-14.8884
 38088	-16.3981
 38089	-15.0269
 38090	-17.7617
 38091	-18.7913
 38092	-15.0484
 38093	-19.6833
 38094	-18.1679
 38095	-16.0087
 38096	-23.3246
 38097	-28.3064
 38098	-23.5872
 38099	-25.2362
 38100	-29.4741
 38101	-27.992
 38102	-22.8236
 38103	-26.846
 38104	-32.1274
 38105	-25.986
 38106	-20.7094
 38107	-24.2437
 38108	-24.7171
 38109	-20.2501
 38110	-22.6722
 38111	-15.3644
 38112	-16.2144
 38113	-25.4007
 38114	-22.2644
 38115	-21.0525
 38116	-22.5839
 38117	-19.6337
 38118	-13.5748
 38119	-6.79954
 38120	-11.1286
 38121	-13.217
 38122	-10.4036
 38123	-21.2516
 38124	-20.5403
 38125	-17.4096
 38126	-20.6706
 38127	-22.8167
 38128	-23.4728
 38129	-23.6045
 38130	-19.0336
 38131	-23.2532
 38132	-24.7407
 38133	-21.2378
 38134	-20.3616
 38135	-25.2743
 38136	-29.285
 38137	-23.9093
 38138	-18.1708
 38139	-21.2245
 38140	-22.0683
 38141	-14.5479
 38142	-14.4764
 38143	-18.8549
 38144	-18.8003
 38145	-19.3659
 38146	-19.8686
 38147	-17.8271
 38148	-17.671
 38149	-19.5433
 38150	-21.1573
 38151	-24.7658
 38152	-24.9104
 38153	-29.7894
 38154	-31.5253
 38155	-31.6219
 38156	-33.4039
 38157	-34.7442
 38158	-39.3752
 38159	-40.0337
 38160	-38.1226
 38161	-46.2475
 38162	-43.009
 38163	-34.2556
 38164	-37.4326
 38165	-39.1521
 38166	-36.8728
 38167	-37.1161
 38168	-44.3179
 38169	-40.7178
 38170	-32.377
 38171	-35.7855
 38172	-38.2779
 38173	-25.2628
 38174	-25.2186
 38175	-28.889
 38176	-17.9514
 38177	-13.2424
 38178	-21.2714
 38179	-16.1027
 38180	-11.1871
 38181	-12.4039
 38182	-15.2197
 38183	-13.4759
 38184	-12.3589
 38185	-15.942
 38186	-15.8828
 38187	-17.317
 38188	-25.1548
 38189	-28.7554
 38190	-27.2915
 38191	-32.2375
 38192	-32.2525
 38193	-30.8746
 38194	-30.7887
 38195	-34.557
 38196	-41.1266
 38197	-39.6254
 38198	-33.0218
 38199	-36.3414
 38200	-35.4323
 38201	-34.5548
 38202	-33.2237
 38203	-35.2602
 38204	-39.9799
 38205	-44.7497
 38206	-41.0765
 38207	-40.5676
 38208	-46.4687
 38209	-43.7685
 38210	-41.0375
 38211	-37.5948
 38212	-43.0857
 38213	-46.7272
 38214	-43.1464
 38215	-44.1601
 38216	-49.0884
 38217	-46.1451
 38218	-41.704
 38219	-38.1872
 38220	-39.483
 38221	-38.8031
 38222	-35.231
 38223	-39.0886
 38224	-38.1999
 38225	-30.8088
 38226	-34.215
 38227	-35.8832
 38228	-28.9481
 38229	-22.2661
 38230	-21.5983
 38231	-29.8388
 38232	-33.9452
 38233	-26.1649
 38234	-18.2208
 38235	-30.2302
 38236	-37.388
 38237	-27.717
 38238	-23.587
 38239	-31.8973
 38240	-37.24
 38241	-32.608
 38242	-32.6219
 38243	-37.5039
 38244	-32.3743
 38245	-33.5327
 38246	-37.5819
 38247	-33.0981
 38248	-33.55
 38249	-37.0971
 38250	-39.4786
 38251	-34.0249
 38252	-27.9826
 38253	-32.3558
 38254	-36.1166
 38255	-39.8696
 38256	-39.0629
 38257	-29.2133
 38258	-35.6137
 38259	-33.8505
 38260	-31.4895
 38261	-30.7801
 38262	-32.1533
 38263	-38.8194
 38264	-35.2017
 38265	-26.8318
 38266	-28.6382
 38267	-29.9052
 38268	-29.2566
 38269	-23.5813
 38270	-25.1466
 38271	-25.1596
 38272	-18.8089
 38273	-22.452
 38274	-26.6202
 38275	-19.001
 38276	-17.6609
 38277	-27.5262
 38278	-33.7894
 38279	-30.1879
 38280	-30.4449
 38281	-36.8098
 38282	-38.253
 38283	-39.4971
 38284	-40.6871
 38285	-41.5165
 38286	-45.8643
 38287	-50.9562
 38288	-48.0699
 38289	-43.8157
 38290	-52.0934
 38291	-53.2833
 38292	-42.4818
 38293	-50.129
 38294	-48.3039
 38295	-36.9366
 38296	-38.457
 38297	-36.842
 38298	-33.2016
 38299	-28.4136
 38300	-28.2391
 38301	-27.5153
 38302	-16.4571
 38303	-9.75506
 38304	-11.697
 38305	-11.5277
 38306	-7.26392
 38307	-8.16255
 38308	-21.736
 38309	-23.0855
 38310	-14.5472
 38311	-18.8141
 38312	-27.7498
 38313	-31.033
 38314	-29.5782
 38315	-36.9984
 38316	-43.1918
 38317	-41.3576
 38318	-45.466
 38319	-47.0577
 38320	-46.7204
 38321	-42.7975
 38322	-39.7432
 38323	-42.5665
 38324	-36.9321
 38325	-37.6174
 38326	-41.1295
 38327	-41.8845
 38328	-45.8648
 38329	-41.4231
 38330	-36.6849
 38331	-41.958
 38332	-43.2695
 38333	-41.4491
 38334	-37.7247
 38335	-44.0683
 38336	-48.9125
 38337	-40.874
 38338	-40.8685
 38339	-39.6118
 38340	-39.6029
 38341	-39.8404
 38342	-33.5474
 38343	-37.5378
 38344	-44.1236
 38345	-40.9833
 38346	-38.1731
 38347	-40.6319
 38348	-42.9613
 38349	-38.0414
 38350	-37.6276
 38351	-39.8166
 38352	-40.3626
 38353	-44.8308
 38354	-41.334
 38355	-39.5876
 38356	-45.4054
 38357	-49.7356
 38358	-40.0488
 38359	-34.4282
 38360	-43.6052
 38361	-43.701
 38362	-33.4573
 38363	-42.1366
 38364	-43.5145
 38365	-44.5577
 38366	-44.2205
 38367	-36.0379
 38368	-42.2709
 38369	-43.997
 38370	-35.7714
 38371	-34.6311
 38372	-40.5311
 38373	-46.3262
 38374	-39.1131
 38375	-38.1104
 38376	-47.3829
 38377	-43.5331
 38378	-44.494
 38379	-43.3115
 38380	-42.7607
 38381	-43.6345
 38382	-36.261
 38383	-36.7737
 38384	-41.7637
 38385	-44.0189
 38386	-40.2906
 38387	-41.0373
 38388	-44.982
 38389	-38.8303
 38390	-37.5791
 38391	-37.6961
 38392	-37.5155
 38393	-38.1435
 38394	-34.1384
 38395	-39.1795
 38396	-43.9836
 38397	-42.293
 38398	-43.1411
 38399	-41.1288
 38400	-44.5398
 38401	-41.3182
 38402	-40.3605
 38403	-45.9529
 38404	-43.7052
 38405	-46.1006
 38406	-57.6575
 38407	-50.0309
 38408	-49.5227
 38409	-48.6957
 38410	-49.7463
 38411	-47.4204
 38412	-46.3088
 38413	-54.1024
 38414	-53.5597
 38415	-45.4848
 38416	-53.0109
 38417	-52.9098
 38418	-50.2918
 38419	-46.0902
 38420	-47.1416
 38421	-53.1172
 38422	-49.9417
 38423	-46.5195
 38424	-51.3366
 38425	-51.8673
 38426	-43.5269
 38427	-40.8156
 38428	-48.6895
 38429	-44.2659
 38430	-40.8128
 38431	-46.7272
 38432	-48.1157
 38433	-43.8308
 38434	-45.7893
 38435	-48.2439
 38436	-42.4472
 38437	-38.4696
 38438	-45.104
 38439	-42.5146
 38440	-43.4513
 38441	-45.3391
 38442	-37.4919
 38443	-41.1379
 38444	-43.259
 38445	-35.4252
 38446	-32.5655
 38447	-30.9016
 38448	-38.1489
 38449	-36.835
 38450	-31.9868
 38451	-36.8579
 38452	-43.8233
 38453	-42.096
 38454	-32.3496
 38455	-36.8503
 38456	-47.2848
 38457	-34.9324
 38458	-29.0241
 38459	-41.3884
 38460	-40.7896
 38461	-40.4366
 38462	-42.878
 38463	-51.0513
 38464	-41.3079
 38465	-34.5095
 38466	-39.531
 38467	-42.2777
 38468	-32.622
 38469	-28.73
 38470	-35.527
 38471	-38.9132
 38472	-32.7242
 38473	-37.1722
 38474	-44.0326
 38475	-42.9055
 38476	-34.7661
 38477	-35.2488
 38478	-38.5918
 38479	-29.6521
 38480	-24.3648
 38481	-28.2579
 38482	-25.874
 38483	-17.6921
 38484	-21.575
 38485	-29.0944
 38486	-28.3162
 38487	-28.0832
 38488	-34.7513
 38489	-34.2602
 38490	-32.2478
 38491	-34.7308
 38492	-38.6512
 38493	-40.2958
 38494	-36.4689
 38495	-32.6211
 38496	-30.7213
 38497	-32.2574
 38498	-37.0035
 38499	-36.58
 38500	-37.3739
 38501	-43.5205
 38502	-41.8398
 38503	-39.5852
 38504	-41.1924
 38505	-44.4544
 38506	-38.8125
 38507	-34.8929
 38508	-35.9277
 38509	-39.615
 38510	-39.1145
 38511	-41.2366
 38512	-44.3033
 38513	-44.2844
 38514	-40.9775
 38515	-42.0254
 38516	-49.0694
 38517	-53.2663
 38518	-47.4688
 38519	-45.8154
 38520	-55.3969
 38521	-46.713
 38522	-39.6504
 38523	-45.4368
 38524	-47.1371
 38525	-39.8689
 38526	-34.3261
 38527	-37.1017
 38528	-40.864
 38529	-37.6888
 38530	-44.2998
 38531	-45.5011
 38532	-45.4396
 38533	-49.1322
 38534	-48.6123
 38535	-42.0775
 38536	-37.6274
 38537	-36.6325
 38538	-34.2903
 38539	-26.1032
 38540	-23.7693
 38541	-29.0359
 38542	-34.6353
 38543	-31.508
 38544	-28.7767
 38545	-34.9619
 38546	-40.3631
 38547	-37.0784
 38548	-35.7533
 38549	-40.763
 38550	-36.7428
 38551	-35.8646
 38552	-36.0162
 38553	-30.7053
 38554	-33.5413
 38555	-43.4364
 38556	-40.4078
 38557	-32.8723
 38558	-38.3171
 38559	-42.0405
 38560	-38.8051
 38561	-35.2755
 38562	-40.9679
 38563	-40.967
 38564	-42.8572
 38565	-47.5564
 38566	-47.0264
 38567	-44.9153
 38568	-47.1645
 38569	-42.706
 38570	-40.7821
 38571	-40.9994
 38572	-46.1045
 38573	-45.5818
 38574	-40.3953
 38575	-39.1259
 38576	-46.4709
 38577	-50.7876
 38578	-42.3741
 38579	-44.4807
 38580	-52.6268
 38581	-48.1094
 38582	-41.5368
 38583	-41.2021
 38584	-40.4179
 38585	-34.7937
 38586	-33.5864
 38587	-41.0203
 38588	-38.2145
 38589	-38.5097
 38590	-41.617
 38591	-36.9462
 38592	-32.1779
 38593	-31.5688
 38594	-31.5025
 38595	-32.5531
 38596	-28.0605
 38597	-30.2064
 38598	-32.9496
 38599	-28.9096
 38600	-24.8726
 38601	-20.2151
 38602	-25.7625
 38603	-28.9545
 38604	-24.9393
 38605	-25.5966
 38606	-28.9521
 38607	-34.2104
 38608	-39.1075
 38609	-38.9114
 38610	-39.5601
 38611	-43.213
 38612	-52.9104
 38613	-48.1943
 38614	-43.3591
 38615	-49.414
 38616	-51.7585
 38617	-51.081
 38618	-44.5932
 38619	-47.1291
 38620	-49.2001
 38621	-43.1675
 38622	-40.9802
 38623	-38.4748
 38624	-39.9565
 38625	-45.3053
 38626	-39.0161
 38627	-34.5709
 38628	-32.1789
 38629	-34.2769
 38630	-31.0294
 38631	-23.3297
 38632	-25.6294
 38633	-30.675
 38634	-32.5032
 38635	-30.1455
 38636	-21.6824
 38637	-28.863
 38638	-43.6528
 38639	-39.6332
 38640	-35.1718
 38641	-39.5384
 38642	-48.7508
 38643	-54.4735
 38644	-54.0016
 38645	-54.9273
 38646	-55.0022
 38647	-54.5646
 38648	-47.7896
 38649	-42.0905
 38650	-45.7338
 38651	-43.9245
 38652	-34.682
 38653	-31.5822
 38654	-30.482
 38655	-31.0826
 38656	-29.9449
 38657	-31.5548
 38658	-26.795
 38659	-24.925
 38660	-30.6287
 38661	-30.424
 38662	-28.2107
 38663	-35.3541
 38664	-46.8697
 38665	-52.7212
 38666	-49.0665
 38667	-52.5524
 38668	-58.6573
 38669	-63.865
 38670	-64.0746
 38671	-58.9603
 38672	-57.1352
 38673	-61.5372
 38674	-55.6935
 38675	-54.0404
 38676	-55.7301
 38677	-59.5997
 38678	-55.5456
 38679	-39.8411
 38680	-39.9574
 38681	-41.8462
 38682	-39.6147
 38683	-32.4991
 38684	-27.8845
 38685	-32.1914
 38686	-31.7329
 38687	-28.4202
 38688	-31.2114
 38689	-30.8566
 38690	-35.9708
 38691	-43.831
 38692	-43.596
 38693	-43.5921
 38694	-49.7446
 38695	-55.9495
 38696	-49.5263
 38697	-50.763
 38698	-52.1018
 38699	-54.4735
 38700	-52.8011
 38701	-48.4613
 38702	-42.2438
 38703	-42.6611
 38704	-35.8747
 38705	-27.6941
 38706	-23.3531
 38707	-29.6949
 38708	-32.9889
 38709	-25.1212
 38710	-26.8973
 38711	-31.8617
 38712	-35.5513
 38713	-31.8914
 38714	-33.4468
 38715	-32.1459
 38716	-33.0347
 38717	-40.6467
 38718	-43.4144
 38719	-38.7611
 38720	-46.4123
 38721	-45.0202
 38722	-44.6804
 38723	-46.6116
 38724	-46.1278
 38725	-43.4969
 38726	-42.4553
 38727	-45.1328
 38728	-39.0634
 38729	-34.1857
 38730	-39.2587
 38731	-36.6413
 38732	-27.5353
 38733	-31.6824
 38734	-33.8217
 38735	-34.9613
 38736	-35.6287
 38737	-37.3863
 38738	-37.2396
 38739	-40.5193
 38740	-40.9522
 38741	-39.6343
 38742	-39.2814
 38743	-47.4159
 38744	-46.4176
 38745	-44.1268
 38746	-47.4691
 38747	-45.5806
 38748	-44.2906
 38749	-44.9348
 38750	-46.0727
 38751	-40.1875
 38752	-44.2516
 38753	-43.5878
 38754	-34.9513
 38755	-38.2091
 38756	-40.559
 38757	-33.3223
 38758	-30.6997
 38759	-34.374
 38760	-36.8551
 38761	-34.7907
 38762	-40.9035
 38763	-37.3361
 38764	-31.7276
 38765	-40.3775
 38766	-36.3393
 38767	-32.4674
 38768	-38.2274
 38769	-40.215
 38770	-38.1781
 38771	-38.0439
 38772	-41.8971
 38773	-37.8782
 38774	-37.8836
 38775	-41.6264
 38776	-38.5882
 38777	-41.6052
 38778	-45.6375
 38779	-44.774
 38780	-38.6614
 38781	-38.9203
 38782	-35.08
 38783	-33.84
 38784	-32.3461
 38785	-28.9517
 38786	-29.7788
 38787	-41.7253
 38788	-38.003
 38789	-35.616
 38790	-42.2446
 38791	-43.2095
 38792	-39.8975
 38793	-37.6006
 38794	-39.0796
 38795	-41.4485
 38796	-35.398
 38797	-37.5075
 38798	-40.2303
 38799	-38.6496
 38800	-44.1496
 38801	-38.2275
 38802	-34.638
 38803	-31.4589
 38804	-36.6944
 38805	-33.1474
 38806	-29.0563
 38807	-32.8619
 38808	-33.3969
 38809	-30.3588
 38810	-27.9901
 38811	-23.7312
 38812	-28.3115
 38813	-25.783
 38814	-24.5877
 38815	-25.9361
 38816	-29.9439
 38817	-29.6981
 38818	-29.0165
 38819	-32.7446
 38820	-26.3689
 38821	-24.1577
 38822	-34.5714
 38823	-33.0875
 38824	-25.4924
 38825	-36.0822
 38826	-40.8588
 38827	-33.3292
 38828	-28.9564
 38829	-38.6751
 38830	-39.829
 38831	-37.156
 38832	-41.2795
 38833	-49.9432
 38834	-41.882
 38835	-45.7988
 38836	-49.1916
 38837	-48.3166
 38838	-45.8906
 38839	-44.3067
 38840	-49.0227
 38841	-46.5577
 38842	-48.054
 38843	-48.2797
 38844	-52.0816
 38845	-51.656
 38846	-42.7659
 38847	-41.2567
 38848	-46.2555
 38849	-32.5505
 38850	-30.448
 38851	-35.7042
 38852	-32.4734
 38853	-24.9394
 38854	-23.877
 38855	-27.3682
 38856	-24.3619
 38857	-17.7966
 38858	-14.1576
 38859	-14.3034
 38860	-13.7921
 38861	-13.9093
 38862	-12.0581
 38863	-15.9287
 38864	-12.0042
 38865	-14.367
 38866	-15.386
 38867	-17.215
 38868	-14.1567
 38869	-10.1647
 38870	-22.4493
 38871	-24.3574
 38872	-18.2102
 38873	-25.5385
 38874	-26.0477
 38875	-25.7823
 38876	-27.0062
 38877	-24.6611
 38878	-23.9556
 38879	-28.5486
 38880	-43.6949
 38881	-36.7158
 38882	-33.1306
 38883	-42.4952
 38884	-44.4254
 38885	-35.6552
 38886	-37.1909
 38887	-37.3942
 38888	-38.3489
 38889	-32.4127
 38890	-37.1171
 38891	-34.8682
 38892	-37.1083
 38893	-38.9663
 38894	-36.7146
 38895	-36.2489
 38896	-43.0873
 38897	-43.3755
 38898	-41.1848
 38899	-39.3292
 38900	-44.346
 38901	-43.214
 38902	-35.8173
 38903	-39.5453
 38904	-35.5863
 38905	-38.8945
 38906	-37.5459
 38907	-30.7807
 38908	-32.4377
 38909	-37.8327
 38910	-34.8206
 38911	-32.4428
 38912	-34.7529
 38913	-39.3524
 38914	-33.5484
 38915	-32.8299
 38916	-37.3458
 38917	-41.1419
 38918	-48.7366
 38919	-40.7298
 38920	-38.3187
 38921	-41.1367
 38922	-40.6536
 38923	-37.9463
 38924	-38.9574
 38925	-37.0261
 38926	-36.611
 38927	-34.7561
 38928	-37.5413
 38929	-36.123
 38930	-31.1783
 38931	-30.3354
 38932	-32.344
 38933	-34.6193
 38934	-36.0022
 38935	-36.0628
 38936	-38.9435
 38937	-43.3974
 38938	-40.7685
 38939	-40.8616
 38940	-40.0103
 38941	-40.62
 38942	-31.8755
 38943	-38.6168
 38944	-42.1389
 38945	-36.9045
 38946	-37.2055
 38947	-36.956
 38948	-39.0985
 38949	-36.1734
 38950	-36.8285
 38951	-38.9536
 38952	-35.5296
 38953	-39.5754
 38954	-41.066
 38955	-41.305
 38956	-46.8236
 38957	-41.7448
 38958	-44.5724
 38959	-42.9292
 38960	-43.0253
 38961	-42.1781
 38962	-39.55
 38963	-38.5662
 38964	-38.8743
 38965	-44.5038
 38966	-44.2328
 38967	-46.5444
 38968	-44.1146
 38969	-44.048
 38970	-44.005
 38971	-44.8767
 38972	-34.5042
 38973	-31.7728
 38974	-29.013
 38975	-32.6816
 38976	-28.086
 38977	-25.2286
 38978	-24.9656
 38979	-27.4127
 38980	-22.9354
 38981	-22.3106
 38982	-23.3555
 38983	-22.7081
 38984	-23.0046
 38985	-19.2232
 38986	-19.7241
 38987	-13.8629
 38988	-22.6054
 38989	-23.9674
 38990	-13.0209
 38991	-16.2769
 38992	-25.9888
 38993	-21.1194
 38994	-16.1557
 38995	-14.7573
 38996	-20.4252
 38997	-17.3483
 38998	-16.0824
 38999	-15.0303
 39000	-15.9625
 39001	-25.2604
 39002	-22.9772
 39003	-25.8515
 39004	-23.3337
 39005	-28.5375
 39006	-25.4004
 39007	-23.6432
 39008	-22.4816
 39009	-25.2879
 39010	-25.0397
 39011	-31.5683
 39012	-29.0349
 39013	-32.4918
 39014	-35.9244
 39015	-37.5192
 39016	-35.0717
 39017	-26.6329
 39018	-28.1706
 39019	-23.7542
 39020	-30.0773
 39021	-30.7525
 39022	-24.7405
 39023	-22.3768
 39024	-36.3153
 39025	-36.8843
 39026	-30.1466
 39027	-36.5085
 39028	-51.1489
 39029	-47.753
 39030	-47.1787
 39031	-56.2646
 39032	-55.9775
 39033	-60.4296
 39034	-61.6974
 39035	-65.7193
 39036	-53.5897
 39037	-50.9073
 39038	-52.9733
 39039	-45.4617
 39040	-36.7878
 39041	-43.8022
 39042	-36.739
 39043	-35.3627
 39044	-38.1489
 39045	-40.3232
 39046	-40.1262
 39047	-41.3873
 39048	-47.1159
 39049	-42.3645
 39050	-45.9251
 39051	-46.2957
 39052	-46.0718
 39053	-49.8028
 39054	-47.9311
 39055	-38.3755
 39056	-38.6982
 39057	-34.0596
 39058	-33.8106
 39059	-29.8386
 39060	-35.796
 39061	-39.2633
 39062	-37.7889
 39063	-39.1436
 39064	-42.1948
 39065	-44.2807
 39066	-52.1572
 39067	-54.5944
 39068	-53.8878
 39069	-55.7064
 39070	-56.9893
 39071	-58.0025
 39072	-55.4425
 39073	-59.0955
 39074	-47.029
 39075	-42.6673
 39076	-40.6329
 39077	-39.8842
 39078	-37.8419
 39079	-43.4305
 39080	-45.9026
 39081	-42.6528
 39082	-42.9952
 39083	-48.3671
 39084	-41.3782
 39085	-47.1662
 39086	-47.0478
 39087	-35.9841
 39088	-42.08
 39089	-41.3356
 39090	-38.7858
 39091	-39.2033
 39092	-43.4692
 39093	-40.694
 39094	-37.2229
 39095	-34.9903
 39096	-42.572
 39097	-40.8473
 39098	-48.6832
 39099	-44.7615
 39100	-44.1842
 39101	-50.4277
 39102	-47.2186
 39103	-42.3742
 39104	-46.9981
 39105	-48.7049
 39106	-44.1923
 39107	-43.5973
 39108	-47.8023
 39109	-48.1369
 39110	-51.0432
 39111	-50.568
 39112	-42.4911
 39113	-51.84
 39114	-46.0556
 39115	-40.2616
 39116	-41.1991
 39117	-45.0645
 39118	-39.057
 39119	-32.1799
 39120	-35.4678
 39121	-36.938
 39122	-27.4445
 39123	-31.0727
 39124	-28.4552
 39125	-25.5349
 39126	-26.1233
 39127	-26.0774
 39128	-32.4955
 39129	-41.6593
 39130	-42.9951
 39131	-38.6234
 39132	-46.5881
 39133	-49.3716
 39134	-42.6813
 39135	-42.9039
 39136	-48.6727
 39137	-40.511
 39138	-40.7814
 39139	-47.3843
 39140	-42.4572
 39141	-37.3096
 39142	-42.6753
 39143	-37.2017
 39144	-32.5913
 39145	-47.0664
 39146	-49.2113
 39147	-41.6791
 39148	-52.1552
 39149	-50.5735
 39150	-44.916
 39151	-45.2562
 39152	-40.0765
 39153	-40.7148
 39154	-39.6794
 39155	-40.7002
 39156	-42.3599
 39157	-40.7486
 39158	-47.8209
 39159	-46.9624
 39160	-48.3183
 39161	-54.077
 39162	-51.3166
 39163	-51.4978
 39164	-53.9065
 39165	-53.3373
 39166	-54.8774
 39167	-50.864
 39168	-44.4716
 39169	-39.5208
 39170	-43.1879
 39171	-43.9853
 39172	-38.3621
 39173	-42.4873
 39174	-45.4721
 39175	-44.6057
 39176	-44.2936
 39177	-49.0627
 39178	-46.546
 39179	-43.7948
 39180	-45.7782
 39181	-43.3329
 39182	-48.1317
 39183	-54.9453
 39184	-51.5568
 39185	-52.1682
 39186	-51.7235
 39187	-52.2574
 39188	-54.0369
 39189	-48.8734
 39190	-42.0685
 39191	-46.8671
 39192	-51.122
 39193	-44.7257
 39194	-37.3321
 39195	-46.8814
 39196	-46.8524
 39197	-39.1886
 39198	-41.0656
 39199	-40.0166
 39200	-37.773
 39201	-41.406
 39202	-40.3506
 39203	-40.097
 39204	-40.5471
 39205	-43.7811
 39206	-50.5066
 39207	-46.8203
 39208	-48.658
 39209	-55.2995
 39210	-53.1539
 39211	-46.1823
 39212	-47.6575
 39213	-52.4475
 39214	-53.0708
 39215	-48.3181
 39216	-48.1834
 39217	-41.0205
 39218	-39.8668
 39219	-38.5748
 39220	-35.4075
 39221	-26.608
 39222	-22.6057
 39223	-29.0776
 39224	-32.881
 39225	-30.5353
 39226	-32.3816
 39227	-34.0956
 39228	-33.5222
 39229	-34.5236
 39230	-36.7693
 39231	-37.4562
 39232	-45.3936
 39233	-45.0415
 39234	-44.0508
 39235	-44.8037
 39236	-40.3113
 39237	-43.8783
 39238	-42.9895
 39239	-42.8598
 39240	-41.086
 39241	-44.7022
 39242	-47.0192
 39243	-35.8112
 39244	-37.9551
 39245	-44.7715
 39246	-40.9129
 39247	-34.525
 39248	-38.5517
 39249	-43.7993
 39250	-40.6351
 39251	-42.266
 39252	-45.33
 39253	-41.8795
 39254	-41.3069
 39255	-42.3859
 39256	-46.4634
 39257	-39.4687
 39258	-39.5727
 39259	-46.7092
 39260	-42.2128
 39261	-42.1002
 39262	-44.7853
 39263	-48.2926
 39264	-45.3417
 39265	-46.4809
 39266	-45.7313
 39267	-44.0664
 39268	-42.4738
 39269	-44.8685
 39270	-36.6814
 39271	-35.8738
 39272	-37.3261
 39273	-38.9427
 39274	-32.3538
 39275	-32.7017
 39276	-32.0169
 39277	-34.1944
 39278	-36.2145
 39279	-35.3952
 39280	-35.6398
 39281	-39.032
 39282	-43.4477
 39283	-38.3605
 39284	-39.0319
 39285	-42.8161
 39286	-40.6786
 39287	-40.3783
 39288	-44.2215
 39289	-36.6938
 39290	-34.8243
 39291	-39.2699
 39292	-41.3723
 39293	-38.3965
 39294	-41.8828
 39295	-39.4294
 39296	-41.2657
 39297	-41.3056
 39298	-41.0138
 39299	-41.9756
 39300	-45.3314
 39301	-44.2631
 39302	-40.3636
 39303	-41.7383
 39304	-40.5929
 39305	-41.9113
 39306	-40.2928
 39307	-37.0151
 39308	-39.0382
 39309	-42.4999
 39310	-38.7257
 39311	-36.1315
 39312	-40.7138
 39313	-41.8252
 39314	-35.3222
 39315	-39.5008
 39316	-41.0891
 39317	-39.3106
 39318	-45.3707
 39319	-44.7607
 39320	-42.4296
 39321	-41.3699
 39322	-44.6403
 39323	-36.1741
 39324	-36.7108
 39325	-39.0818
 39326	-41.8992
 39327	-38.9505
 39328	-41.6736
 39329	-41.0618
 39330	-44.9593
 39331	-39.2734
 39332	-34.3613
 39333	-26.6992
 39334	-32.0521
 39335	-28.4903
 39336	-24.285
 39337	-28.2259
 39338	-33.8044
 39339	-34.5616
 39340	-30.6347
 39341	-30.2599
 39342	-32.7535
 39343	-39.3334
 39344	-39.3244
 39345	-39.5531
 39346	-41.1683
 39347	-47.0033
 39348	-45.5892
 39349	-45.7406
 39350	-45.6706
 39351	-45.9802
 39352	-43.9425
 39353	-47.8786
 39354	-41.8523
 39355	-39.6343
 39356	-48.8825
 39357	-49.4157
 39358	-41.6524
 39359	-42.3291
 39360	-45.6593
 39361	-40.4739
 39362	-40.1588
 39363	-36.1838
 39364	-40.4456
 39365	-43.9572
 39366	-41.8141
 39367	-40.1589
 39368	-48.4293
 39369	-54.2067
 39370	-46.2931
 39371	-48.2518
 39372	-49.9517
 39373	-44.292
 39374	-39.974
 39375	-43.161
 39376	-37.83
 39377	-33.3399
 39378	-29.4703
 39379	-30.3033
 39380	-26.0549
 39381	-26.5588
 39382	-23.127
 39383	-28.1511
 39384	-24.6602
 39385	-24.0305
 39386	-23.2447
 39387	-28.4026
 39388	-28.9037
 39389	-28.8606
 39390	-31.0626
 39391	-33.9123
 39392	-37.4862
 39393	-41.6366
 39394	-46.4107
 39395	-45.4374
 39396	-46.6399
 39397	-48.3782
 39398	-48.7055
 39399	-42.205
 39400	-47.0483
 39401	-41.1913
 39402	-42.4926
 39403	-41.1164
 39404	-39.5014
 39405	-41.0976
 39406	-45.4691
 39407	-39.4128
 39408	-36.2271
 39409	-39.7603
 39410	-36.1636
 39411	-35.4438
 39412	-40.1011
 39413	-40.6669
 39414	-40.1966
 39415	-39.2339
 39416	-29.8239
 39417	-26.262
 39418	-32.3514
 39419	-25.6974
 39420	-13.9315
 39421	-20.1723
 39422	-23.4182
 39423	-20.1834
 39424	-21.2465
 39425	-35.7369
 39426	-33.5649
 39427	-32.2129
 39428	-43.7326
 39429	-43.1694
 39430	-42.35
 39431	-47.1315
 39432	-44.1918
 39433	-35.1609
 39434	-36.8781
 39435	-38.0834
 39436	-39.8378
 39437	-42.2023
 39438	-44.1933
 39439	-41.0581
 39440	-45.5939
 39441	-46.1087
 39442	-40.7388
 39443	-44.3124
 39444	-47.9913
 39445	-38.4595
 39446	-42.5005
 39447	-47.7036
 39448	-41.335
 39449	-41.7886
 39450	-50.1926
 39451	-48.1504
 39452	-41.0795
 39453	-50.849
 39454	-48.4593
 39455	-43.8528
 39456	-42.9522
 39457	-47.6015
 39458	-47.6204
 39459	-48.7228
 39460	-47.0103
 39461	-51.1652
 39462	-55.2331
 39463	-63.0946
 39464	-63.8862
 39465	-64.0151
 39466	-63.8894
 39467	-60.3261
 39468	-53.6827
 39469	-50.196
 39470	-45.6011
 39471	-45.8683
 39472	-44.8137
 39473	-39.1641
 39474	-37.5354
 39475	-36.0983
 39476	-39.0748
 39477	-36.5149
 39478	-38.3436
 39479	-36.5638
 39480	-30.6921
 39481	-37.0483
 39482	-37.9737
 39483	-28.7828
 39484	-30.9408
 39485	-38.9234
 39486	-33.6632
 39487	-25.1255
 39488	-32.1419
 39489	-40.1384
 39490	-41.2456
 39491	-43.0967
 39492	-40.6119
 39493	-40.1995
 39494	-42.261
 39495	-47.3936
 39496	-45.5182
 39497	-40.1667
 39498	-41.4903
 39499	-45.8947
 39500	-43.1971
 39501	-42.6925
 39502	-47.9223
 39503	-51.3216
 39504	-49.9465
 39505	-47.0345
 39506	-45.6894
 39507	-45.2142
 39508	-47.2212
 39509	-49.7175
 39510	-43.8144
 39511	-42.7693
 39512	-44.7347
 39513	-41.7785
 39514	-44.84
 39515	-37.7
 39516	-40.0536
 39517	-43.2262
 39518	-43.6829
 39519	-42.6291
 39520	-45.1443
 39521	-53.3094
 39522	-57.0822
 39523	-46.5798
 39524	-41.3745
 39525	-38.55
 39526	-46.1468
 39527	-39.9795
 39528	-33.4712
 39529	-36.4077
 39530	-41.3073
 39531	-38.8736
 39532	-35.0428
 39533	-35.4845
 39534	-36.7031
 39535	-36.2248
 39536	-30.7135
 39537	-24.3825
 39538	-27.7454
 39539	-33.3483
 39540	-31.1067
 39541	-29.2098
 39542	-27.7096
 39543	-24.7489
 39544	-24.759
 39545	-27.0712
 39546	-27.8261
 39547	-24.4708
 39548	-26.5403
 39549	-39.3439
 39550	-36.666
 39551	-33.2229
 39552	-43.2545
 39553	-43.6089
 39554	-34.0506
 39555	-33.1252
 39556	-36.9675
 39557	-35.0602
 39558	-32.4074
 39559	-35.1394
 39560	-30.7044
 39561	-29.895
 39562	-33.4723
 39563	-30.7731
 39564	-35.1076
 39565	-36.6796
 39566	-38.4834
 39567	-38.0432
 39568	-39.6366
 39569	-39.3307
 39570	-39.5244
 39571	-46.5662
 39572	-41.9803
 39573	-40.4157
 39574	-46.5137
 39575	-45.4623
 39576	-43.2353
 39577	-46.259
 39578	-44.4548
 39579	-48.2207
 39580	-45.7262
 39581	-47.2892
 39582	-39.3231
 39583	-41.6103
 39584	-40.9954
 39585	-37.5471
 39586	-33.3966
 39587	-39.1332
 39588	-33.5696
 39589	-28.6835
 39590	-22.0834
 39591	-20.418
 39592	-22.1379
 39593	-19.1888
 39594	-18.1892
 39595	-21.905
 39596	-22.227
 39597	-23.8461
 39598	-24.5528
 39599	-23.7049
 39600	-20.222
 39601	-11.5247
 39602	-13.5563
 39603	-10.5991
 39604	-11.4935
 39605	-11.7638
 39606	-15.0862
 39607	-11.3288
 39608	-6.23502
 39609	-9.53139
 39610	-10.5047
 39611	-12.3308
 39612	-15.8107
 39613	-7.77365
 39614	-9.21222
 39615	-11.5785
 39616	-10.8751
 39617	-6.3739
 39618	1.56849
 39619	-8.0266
 39620	-10.407
 39621	-6.33065
 39622	-12.2078
 39623	-17.5068
 39624	-10.5242
 39625	-16.1553
 39626	-25.0916
 39627	-22.1944
 39628	-17.8732
 39629	-30.3768
 39630	-36.5333
 39631	-27.1464
 39632	-22.2628
 39633	-30.5841
 39634	-35.3176
 39635	-32.2309
 39636	-32.1168
 39637	-36.6386
 39638	-34.6157
 39639	-32.8215
 39640	-37.9158
 39641	-31.5735
 39642	-35.8255
 39643	-31.9509
 39644	-35.0613
 39645	-35.1342
 39646	-29.5705
 39647	-25.997
 39648	-32.9591
 39649	-33.5275
 39650	-30.5306
 39651	-24.9425
 39652	-30.3942
 39653	-35.6794
 39654	-32.8904
 39655	-35.3273
 39656	-34.0862
 39657	-38.366
 39658	-42.3508
 39659	-39.7614
 39660	-35.9938
 39661	-42.664
 39662	-39.4074
 39663	-36.5682
 39664	-36.9341
 39665	-35.4544
 39666	-31.9659
 39667	-36.6577
 39668	-31.1906
 39669	-22.4921
 39670	-26.983
 39671	-31.5924
 39672	-33.3309
 39673	-33.9758
 39674	-39.0429
 39675	-39.6134
 39676	-38.888
 39677	-40.0781
 39678	-38.5359
 39679	-33.0623
 39680	-39.0364
 39681	-27.7644
 39682	-20.2248
 39683	-27.8986
 39684	-29.8837
 39685	-17.843
 39686	-22.362
 39687	-28.8575
 39688	-21.8252
 39689	-11.1231
 39690	-22.3339
 39691	-27.2335
 39692	-14.8338
 39693	-19.4297
 39694	-26.0793
 39695	-29.839
 39696	-25.3795
 39697	-25.6514
 39698	-25.2873
 39699	-28.623
 39700	-31.6108
 39701	-29.7083
 39702	-31.3987
 39703	-40.9078
 39704	-35.9002
 39705	-44.258
 39706	-44.2589
 39707	-39.9531
 39708	-43.3427
 39709	-45.3916
 39710	-43.4985
 39711	-33.9683
 39712	-33.196
 39713	-35.9604
 39714	-32.0294
 39715	-29.2789
 39716	-24.3541
 39717	-18.2031
 39718	-19.1583
 39719	-19.858
 39720	-22.1196
 39721	-19.8941
 39722	-27.6504
 39723	-28.137
 39724	-24.0522
 39725	-24.6572
 39726	-22.1516
 39727	-25.3344
 39728	-24.1104
 39729	-20.5196
 39730	-20.5949
 39731	-20.2882
 39732	-19.6416
 39733	-20.4353
 39734	-18.402
 39735	-15.6594
 39736	-11.2097
 39737	-11.1942
 39738	-13.8874
 39739	-5.78333
 39740	-7.30948
 39741	-18.7254
 39742	-12.0815
 39743	-7.19665
 39744	-12.4303
 39745	-16.2588
 39746	-8.00437
 39747	-10.2055
 39748	-16.032
 39749	-15.6843
 39750	-19.392
 39751	-20.759
 39752	-22.9101
 39753	-25.3572
 39754	-27.1693
 39755	-34.2589
 39756	-24.6616
 39757	-23.9443
 39758	-34.0171
 39759	-34.1075
 39760	-40.2343
 39761	-38.7198
 39762	-37.4283
 39763	-43.2698
 39764	-41.0551
 39765	-42.5492
 39766	-39.4956
 39767	-42.7091
 39768	-51.161
 39769	-46.6771
 39770	-47.7078
 39771	-53.4608
 39772	-45.7524
 39773	-47.1055
 39774	-48.5807
 39775	-39.8414
 39776	-33.9757
 39777	-38.3767
 39778	-41.0727
 39779	-38.6457
 39780	-38.7511
 39781	-37.0601
 39782	-35.9795
 39783	-40.4385
 39784	-37.4984
 39785	-33.4276
 39786	-38.5296
 39787	-41.3173
 39788	-36.6566
 39789	-30.0004
 39790	-39.9663
 39791	-39.9106
 39792	-34.9055
 39793	-37.8094
 39794	-33.1882
 39795	-35.1779
 39796	-38.1842
 39797	-35.0626
 39798	-37.7055
 39799	-41.7174
 39800	-41.8146
 39801	-37.7591
 39802	-35.5023
 39803	-39.6892
 39804	-31.9489
 39805	-39.93
 39806	-39.6277
 39807	-34.3596
 39808	-39.6537
 39809	-48.1091
 39810	-41.3067
 39811	-45.0289
 39812	-53.9025
 39813	-54.4437
 39814	-46.77
 39815	-53.8604
 39816	-51.8174
 39817	-45.2292
 39818	-52.9112
 39819	-47.8309
 39820	-41.3668
 39821	-45.6869
 39822	-46.8477
 39823	-41.069
 39824	-44.8325
 39825	-44.2168
 39826	-45.5277
 39827	-50.9737
 39828	-55.6876
 39829	-41.4434
 39830	-42.6196
 39831	-51.5319
 39832	-41.3349
 39833	-39.3502
 39834	-45.4264
 39835	-45.1977
 39836	-39.8259
 39837	-38.9192
 39838	-36.6516
 39839	-32.6246
 39840	-35.0986
 39841	-34.7324
 39842	-30.4958
 39843	-40.0081
 39844	-42.3146
 39845	-39.657
 39846	-44.7078
 39847	-46.7666
 39848	-47.7228
 39849	-46.9706
 39850	-53.011
 39851	-52.5843
 39852	-40.7753
 39853	-46.0029
 39854	-50.9829
 39855	-46.1724
 39856	-46.4118
 39857	-42.5609
 39858	-48.4376
 39859	-49.8186
 39860	-46.9606
 39861	-45.4338
 39862	-47.8245
 39863	-50.4661
 39864	-47.3677
 39865	-47.6509
 39866	-48.3856
 39867	-41.1962
 39868	-43.667
 39869	-46.8642
 39870	-41.7812
 39871	-46.6962
 39872	-47.7513
 39873	-50.0832
 39874	-43.4392
 39875	-46.4828
 39876	-53.7458
 39877	-51.2042
 39878	-47.6043
 39879	-51.2344
 39880	-43.365
 39881	-50.4108
 39882	-47.0437
 39883	-41.6783
 39884	-44.934
 39885	-45.9937
 39886	-45.2286
 39887	-38.3047
 39888	-39.9317
 39889	-36.2439
 39890	-32.0882
 39891	-36.597
 39892	-38.7763
 39893	-34.2647
 39894	-41.9253
 39895	-43.4115
 39896	-38.1662
 39897	-38.3407
 39898	-47.0979
 39899	-42.4178
 39900	-39.5196
 39901	-44.0994
 39902	-37.632
 39903	-35.9749
 39904	-40.6575
 39905	-34.8885
 39906	-30.3641
 39907	-29.8648
 39908	-35.9578
 39909	-37.0997
 39910	-23.9302
 39911	-28.9214
 39912	-29.7259
 39913	-30.2608
 39914	-38.5983
 39915	-38.4192
 39916	-36.5197
 39917	-42.2807
 39918	-42.7173
 39919	-52.8462
 39920	-45.1192
 39921	-44.0128
 39922	-50.5683
 39923	-48.4766
 39924	-45.5557
 39925	-44.4197
 39926	-47.53
 39927	-48.2588
 39928	-49.7815
 39929	-48.7598
 39930	-49.279
 39931	-48.2292
 39932	-45.4356
 39933	-37.9001
 39934	-35.9075
 39935	-34.1379
 39936	-43.1229
 39937	-30.4644
 39938	-31.4158
 39939	-41.4147
 39940	-41.9063
 39941	-41.2622
 39942	-42.3417
 39943	-39.8953
 39944	-42.0145
 39945	-43.3047
 39946	-49.8783
 39947	-47.9972
 39948	-36.8048
 39949	-46.1978
 39950	-45.9204
 39951	-43.8855
 39952	-49.0531
 39953	-50.0437
 39954	-51.9201
 39955	-50.4694
 39956	-44.9726
 39957	-45.0372
 39958	-41.349
 39959	-45.6249
 39960	-41.1047
 39961	-38.314
 39962	-48.2335
 39963	-44.8071
 39964	-44.7115
 39965	-45.3971
 39966	-47.8468
 39967	-44.4351
 39968	-43.4798
 39969	-42.1006
 39970	-34.0899
 39971	-33.7753
 39972	-34.9654
 39973	-30.4972
 39974	-33.5472
 39975	-28.3765
 39976	-29.5706
 39977	-35.3521
 39978	-28.3437
 39979	-30.9581
 39980	-32.3709
 39981	-33.8697
 39982	-31.8957
 39983	-32.2374
 39984	-36.9447
 39985	-37.4565
 39986	-38.3188
 39987	-48.2942
 39988	-43.2673
 39989	-50.2424
 39990	-50.6386
 39991	-48.0198
 39992	-48.8525
 39993	-48.1236
 39994	-48.7329
 39995	-46.0232
 39996	-40.7442
 39997	-46.7117
 39998	-42.3488
 39999	-48.4101
 40000	-46.8665
 40001	-43.6376
 40002	-44.2441
 40003	-45.951
 40004	-45.0119
 40005	-39.2448
 40006	-41.4522
 40007	-49.5758
 40008	-38.4896
 40009	-37.8064
 40010	-42.6731
 40011	-43.9251
 40012	-39.0151
 40013	-35.1641
 40014	-39.242
 40015	-36.4515
 40016	-39.1379
 40017	-37.5338
 40018	-36.2933
 40019	-48.0041
 40020	-46.659
 40021	-38.5956
 40022	-49.2223
 40023	-49.0084
 40024	-47.8263
 40025	-44.8542
 40026	-45.8959
 40027	-43.3039
 40028	-40.7343
 40029	-43.8223
 40030	-37.6591
 40031	-31.3944
 40032	-36.0691
 40033	-27.6273
 40034	-21.4145
 40035	-22.982
 40036	-25.4196
 40037	-25.7882
 40038	-17.3406
 40039	-16.5752
 40040	-16.4661
 40041	-17.3022
 40042	-16.0718
 40043	-13.4757
 40044	-21.617
 40045	-24.6021
 40046	-22.6525
 40047	-29.0554
 40048	-32.4873
 40049	-31.1197
 40050	-28.1125
 40051	-29.9362
 40052	-32.4084
 40053	-30.399
 40054	-37.476
 40055	-39.1364
 40056	-33.3514
 40057	-41.1129
 40058	-40.8175
 40059	-37.6428
 40060	-41.8507
 40061	-45.6054
 40062	-47.1707
 40063	-43.9485
 40064	-51.1991
 40065	-53.6495
 40066	-46.6337
 40067	-50.5695
 40068	-48.141
 40069	-43.5776
 40070	-42.9983
 40071	-41.5897
 40072	-41.0236
 40073	-38.8139
 40074	-39.0199
 40075	-33.4214
 40076	-30.9544
 40077	-37.6206
 40078	-36.3339
 40079	-31.5398
 40080	-29.8096
 40081	-33.1641
 40082	-38.477
 40083	-36.5883
 40084	-39.3063
 40085	-42.3734
 40086	-44.1843
 40087	-45.133
 40088	-42.8891
 40089	-47.6588
 40090	-54.5828
 40091	-48.7073
 40092	-44.8364
 40093	-46.9038
 40094	-49.4804
 40095	-47.2003
 40096	-44.2388
 40097	-51.2267
 40098	-44.6166
 40099	-41.8208
 40100	-39.8703
 40101	-36.0333
 40102	-36.5441
 40103	-37.9749
 40104	-33.4177
 40105	-27.8732
 40106	-24.5242
 40107	-32.3967
 40108	-28.2112
 40109	-25.6488
 40110	-27.0566
 40111	-28.086
 40112	-27.4663
 40113	-24.7813
 40114	-29.5978
 40115	-31.8412
 40116	-26.3539
 40117	-25.4836
 40118	-27.3683
 40119	-24.0938
 40120	-22.8148
 40121	-26.6736
 40122	-28.4926
 40123	-16.2063
 40124	-12.6551
 40125	-19.7032
 40126	-14.366
 40127	-8.70219
 40128	-11.0415
 40129	-7.64972
 40130	-5.10611
 40131	-8.32363
 40132	-13.9402
 40133	-7.66699
 40134	2.51173
 40135	-1.30008
 40136	-6.39569
 40137	3.81628
 40138	10.7395
 40139	-3.30775
 40140	-6.33118
 40141	-3.01904
 40142	-0.909841
 40143	-3.55104
 40144	-13.6048
 40145	-12.1763
 40146	-11.9231
 40147	-22.1059
 40148	-21.1129
 40149	-19.8321
 40150	-24.1908
 40151	-24.3496
 40152	-16.6481
 40153	-23.6909
 40154	-26.9772
 40155	-26.6786
 40156	-23.4541
 40157	-33.6155
 40158	-26.2639
 40159	-21.2429
 40160	-19.8673
 40161	-15.4913
 40162	-15.2533
 40163	-18.7899
 40164	-17.6411
 40165	-15.7884
 40166	-17.595
 40167	-17.6391
 40168	-13.5807
 40169	-11.6265
 40170	-14.287
 40171	-12.1277
 40172	-18.7046
 40173	-22.512
 40174	-26.4981
 40175	-23.8789
 40176	-23.3581
 40177	-22.541
 40178	-23.7932
 40179	-23.318
 40180	-22.7775
 40181	-21.0406
 40182	-25.8513
 40183	-22.4939
 40184	-24.0931
 40185	-29.4131
 40186	-28.8028
 40187	-29.1221
 40188	-25.0322
 40189	-23.6996
 40190	-28.1889
 40191	-29.7224
 40192	-26.7035
 40193	-32.0019
 40194	-36.6965
 40195	-37.075
 40196	-35.472
 40197	-40.2239
 40198	-38.4516
 40199	-34.1225
 40200	-35.416
 40201	-38.0191
 40202	-37.623
 40203	-40.1953
 40204	-43.4268
 40205	-43.9433
 40206	-41.436
 40207	-42.1384
 40208	-39.5804
 40209	-38.9651
 40210	-44.1693
 40211	-37.0359
 40212	-34.7053
 40213	-36.8766
 40214	-37.7741
 40215	-28.1138
 40216	-24.0255
 40217	-30.2279
 40218	-26.3921
 40219	-18.7451
 40220	-25.1431
 40221	-25.0189
 40222	-19.7556
 40223	-19.9393
 40224	-21.0536
 40225	-16.8158
 40226	-8.05895
 40227	-8.38976
 40228	-11.9573
 40229	-7.36927
 40230	-7.30925
 40231	-13.5851
 40232	-9.84372
 40233	-0.94469
 40234	-2.88527
 40235	-3.21002
 40236	4.37476
 40237	-1.74063
 40238	-7.97217
 40239	-15.4627
 40240	-18.5014
 40241	-19.1592
 40242	-26.0295
 40243	-28.431
 40244	-23.2595
 40245	-21.5769
 40246	-25.7356
 40247	-29.3934
 40248	-23.0305
 40249	-22.4453
 40250	-26.1891
 40251	-23.9751
 40252	-27.7055
 40253	-25.839
 40254	-29.3889
 40255	-37.2501
 40256	-31.48
 40257	-30.0087
 40258	-31.963
 40259	-27.2486
 40260	-24.4523
 40261	-26.1603
 40262	-24.5864
 40263	-21.8418
 40264	-22.4811
 40265	-24.5563
 40266	-18.8137
 40267	-14.6522
 40268	-19.6605
 40269	-18.4457
 40270	-12.4958
 40271	-8.86673
 40272	-4.46318
 40273	-0.612017
 40274	-0.917641
 40275	3.45182
 40276	10.5036
 40277	0.637084
 40278	3.09295
 40279	10.1843
 40280	3.83337
 40281	2.40926
 40282	7.60335
 40283	6.34797
 40284	6.84197
 40285	7.52614
 40286	2.73449
 40287	-3.96213
 40288	-5.09327
 40289	-6.32381
 40290	-12.97
 40291	-16.6864
 40292	-13.7944
 40293	-16.101
 40294	-21.8042
 40295	-29.0732
 40296	-29.6566
 40297	-30.457
 40298	-37.1229
 40299	-38.6266
 40300	-44.3411
 40301	-48.9889
 40302	-56.1884
 40303	-52.0239
 40304	-55.4689
 40305	-63.4465
 40306	-63.6592
 40307	-58.3166
 40308	-61.4009
 40309	-61.3452
 40310	-60.8773
 40311	-54.852
 40312	-54.8517
 40313	-62.4814
 40314	-59.9472
 40315	-54.8152
 40316	-45.9423
 40317	-50.4218
 40318	-57.658
 40319	-46.6289
 40320	-35.7643
 40321	-44.5882
 40322	-48.753
 40323	-42.9118
 40324	-32.5132
 40325	-43.4547
 40326	-45.7681
 40327	-36.5376
 40328	-37.1099
 40329	-42.4014
 40330	-42.6016
 40331	-41.5717
 40332	-32.453
 40333	-25.1287
 40334	-24.7233
 40335	-25.8864
 40336	-25.8198
 40337	-23.2608
 40338	-30.2066
 40339	-32.1782
 40340	-34.6877
 40341	-35.212
 40342	-32.2209
 40343	-33.0778
 40344	-39.0749
 40345	-41.7567
 40346	-38.7031
 40347	-34.5248
 40348	-44.3128
 40349	-45.7119
 40350	-40.1896
 40351	-34.6679
 40352	-36.6272
 40353	-42.3819
 40354	-43.5718
 40355	-48.8634
 40356	-46.6669
 40357	-47.7733
 40358	-51.5776
 40359	-45.7932
 40360	-40.1277
 40361	-49.7816
 40362	-50.5039
 40363	-47.1074
 40364	-43.1323
 40365	-46.3124
 40366	-52.5701
 40367	-51.7978
 40368	-45.8644
 40369	-46.7239
 40370	-46.9739
 40371	-50.7048
 40372	-48.069
 40373	-45.3362
 40374	-48.4341
 40375	-46.862
 40376	-44.2311
 40377	-37.5993
 40378	-42.6607
 40379	-49.7777
 40380	-47.3386
 40381	-41.4925
 40382	-48.9359
 40383	-49.6681
 40384	-41.7293
 40385	-42.1334
 40386	-47.1403
 40387	-38.7192
 40388	-38.494
 40389	-38.6791
 40390	-42.4002
 40391	-42.8193
 40392	-47.862
 40393	-47.5023
 40394	-38.1991
 40395	-41.9309
 40396	-45.4782
 40397	-45.3378
 40398	-51.5658
 40399	-54.0298
 40400	-45.1009
 40401	-47.9787
 40402	-47.4765
 40403	-41.9858
 40404	-44.5465
 40405	-47.5213
 40406	-40.1676
 40407	-37.0509
 40408	-45.3283
 40409	-43.5814
 40410	-38.2256
 40411	-43.0047
 40412	-38.575
 40413	-31.1442
 40414	-42.891
 40415	-39.5479
 40416	-40.4244
 40417	-46.562
 40418	-47.7984
 40419	-44.8255
 40420	-47.083
 40421	-47.1206
 40422	-47.4132
 40423	-47.9892
 40424	-45.7148
 40425	-40.1632
 40426	-41.0183
 40427	-43.8304
 40428	-38.6919
 40429	-36.351
 40430	-38.0023
 40431	-39.4785
 40432	-30.8825
 40433	-30.9503
 40434	-28.5615
 40435	-28.14
 40436	-24.7128
 40437	-17.5002
 40438	-16.5222
 40439	-19.8208
 40440	-18.2701
 40441	-22.5053
 40442	-24.9502
 40443	-22.7608
 40444	-21.2545
 40445	-29.1555
 40446	-39.9073
 40447	-32.8743
 40448	-28.4524
 40449	-37.637
 40450	-36.2296
 40451	-35.7973
 40452	-42.6053
 40453	-38.0723
 40454	-37.0015
 40455	-41.677
 40456	-39.2529
 40457	-34.8599
 40458	-44.4749
 40459	-44.061
 40460	-39.3793
 40461	-45.8695
 40462	-44.0246
 40463	-39.3573
 40464	-41.0835
 40465	-44.2277
 40466	-43.5949
 40467	-34.3009
 40468	-36.0588
 40469	-40.257
 40470	-32.9956
 40471	-36.8751
 40472	-37.4574
 40473	-32.0072
 40474	-32.3111
 40475	-30.214
 40476	-25.5027
 40477	-28.7971
 40478	-30.7088
 40479	-32.1216
 40480	-28.0928
 40481	-27.2701
 40482	-30.6362
 40483	-29.0507
 40484	-29.581
 40485	-24.6313
 40486	-19.4537
 40487	-28.7184
 40488	-36.3907
 40489	-33.453
 40490	-36.9751
 40491	-46.4955
 40492	-39.2476
 40493	-35.0217
 40494	-43.5589
 40495	-42.8207
 40496	-44.5471
 40497	-46.1431
 40498	-47.6774
 40499	-49.2444
 40500	-41.975
 40501	-48.0223
 40502	-44.3641
 40503	-43.1813
 40504	-43.0324
 40505	-34.1358
 40506	-35.0545
 40507	-38.8898
 40508	-33.4375
 40509	-39.3987
 40510	-40.6281
 40511	-39.0268
 40512	-37.1734
 40513	-33.7759
 40514	-34.778
 40515	-30.1433
 40516	-28.9903
 40517	-24.4285
 40518	-27.2484
 40519	-34.9588
 40520	-36.2009
 40521	-26.0505
 40522	-32.6307
 40523	-39.9151
 40524	-33.1248
 40525	-34.3411
 40526	-49.813
 40527	-49.0538
 40528	-44.6418
 40529	-47.001
 40530	-48.8818
 40531	-50.1892
 40532	-49.4035
 40533	-50.3183
 40534	-45.9821
 40535	-44.3291
 40536	-50.7085
 40537	-42.652
 40538	-44.5942
 40539	-51.8383
 40540	-46.9468
 40541	-49.4923
 40542	-47.9337
 40543	-46.2991
 40544	-50.793
 40545	-50.6592
 40546	-45.9464
 40547	-43.1881
 40548	-47.866
 40549	-47.7946
 40550	-35.9407
 40551	-40.6995
 40552	-50.3338
 40553	-37.639
 40554	-36.5802
 40555	-45.7397
 40556	-41.1667
 40557	-37.3503
 40558	-42.4484
 40559	-36.2911
 40560	-29.3022
 40561	-28.6588
 40562	-33.2519
 40563	-32.5466
 40564	-26.946
 40565	-22.6733
 40566	-24.1617
 40567	-20.8799
 40568	-22.4436
 40569	-19.6947
 40570	-22.8117
 40571	-26.1993
 40572	-16.1727
 40573	-14.4209
 40574	-27.8289
 40575	-25.5605
 40576	-15.9812
 40577	-23.916
 40578	-31.3907
 40579	-20.8885
 40580	-17.931
 40581	-33.0737
 40582	-33.364
 40583	-25.8444
 40584	-26.808
 40585	-32.952
 40586	-39.1373
 40587	-41.3054
 40588	-35.7886
 40589	-40.5969
 40590	-49.4405
 40591	-41.6598
 40592	-40.7241
 40593	-47.9008
 40594	-49.5718
 40595	-41.8449
 40596	-46.9821
 40597	-48.913
 40598	-48.3664
 40599	-50.0398
 40600	-47.8832
 40601	-39.0617
 40602	-42.1515
 40603	-36.8674
 40604	-29.0496
 40605	-31.136
 40606	-38.3031
 40607	-33.4635
 40608	-28.3277
 40609	-27.4838
 40610	-25.3959
 40611	-31.1735
 40612	-32.6467
 40613	-25.9234
 40614	-22.5862
 40615	-30.0026
 40616	-29.1207
 40617	-18.6564
 40618	-19.9228
 40619	-34.4965
 40620	-23.4718
 40621	-13.4696
 40622	-22.3181
 40623	-26.4468
 40624	-17.8219
 40625	-22.2433
 40626	-25.7686
 40627	-19.8434
 40628	-17.3906
 40629	-25.6326
 40630	-28.092
 40631	-28.5379
 40632	-26.839
 40633	-20.155
 40634	-25.2523
 40635	-22.6085
 40636	-12.9035
 40637	-15.5483
 40638	-19.6323
 40639	-18.2787
 40640	-13.4245
 40641	-19.5
 40642	-24.6375
 40643	-24.6693
 40644	-24.9155
 40645	-22.6762
 40646	-21.4984
 40647	-23.2531
 40648	-16.2781
 40649	-20.0126
 40650	-17.5654
 40651	-12.6732
 40652	-14.7888
 40653	-17.1762
 40654	-15.393
 40655	-17.885
 40656	-22.3302
 40657	-31.2752
 40658	-23.5185
 40659	-27.9486
 40660	-34.9706
 40661	-39.5647
 40662	-42.106
 40663	-41.4907
 40664	-44.1626
 40665	-41.4802
 40666	-44.3734
 40667	-52.0572
 40668	-43.5694
 40669	-42.6617
 40670	-47.8635
 40671	-44.0955
 40672	-43.514
 40673	-39.8533
 40674	-41.8285
 40675	-43.4292
 40676	-40.909
 40677	-35.7687
 40678	-29.7358
 40679	-38.0581
 40680	-35.5782
 40681	-24.9679
 40682	-30.8695
 40683	-34.275
 40684	-30.0139
 40685	-19.6552
 40686	-23.1129
 40687	-27.7908
 40688	-17.3374
 40689	-16.7151
 40690	-19.8147
 40691	-17.1559
 40692	-13.4531
 40693	-18.4649
 40694	-18.5467
 40695	-12.7444
 40696	-20.3586
 40697	-27.3712
 40698	-19.6832
 40699	-18.5179
 40700	-22.7729
 40701	-21.0843
 40702	-26.4464
 40703	-20.2959
 40704	-19.9413
 40705	-26.361
 40706	-33.0219
 40707	-30.138
 40708	-26.677
 40709	-32.6914
 40710	-40.2371
 40711	-30.8506
 40712	-38.0226
 40713	-44.152
 40714	-44.5957
 40715	-46.7662
 40716	-52.1448
 40717	-48.1051
 40718	-39.0689
 40719	-47.3844
 40720	-46.6612
 40721	-34.9857
 40722	-42.7871
 40723	-43.0529
 40724	-42.0372
 40725	-41.6304
 40726	-39.9766
 40727	-43.1082
 40728	-40.3346
 40729	-42.9673
 40730	-42.1442
 40731	-41.8982
 40732	-48.1174
 40733	-41.4621
 40734	-46.5655
 40735	-42.6527
 40736	-34.4847
 40737	-37.2839
 40738	-39.1473
 40739	-31.9258
 40740	-32.7699
 40741	-38.9419
 40742	-41.8728
 40743	-35.9786
 40744	-37.8806
 40745	-39.2673
 40746	-38.6065
 40747	-42.3867
 40748	-38.6834
 40749	-35.6289
 40750	-42.4236
 40751	-49.5365
 40752	-45.7064
 40753	-43.231
 40754	-50.7691
 40755	-55.4333
 40756	-48.2677
 40757	-55.9056
 40758	-55.6248
 40759	-52.3237
 40760	-45.5853
 40761	-44.4629
 40762	-39.7982
 40763	-40.3364
 40764	-42.6927
 40765	-34.1982
 40766	-29.8553
 40767	-39.2132
 40768	-37.1921
 40769	-35.519
 40770	-31.6658
 40771	-25.8074
 40772	-31.2978
 40773	-37.922
 40774	-33.3722
 40775	-32.5357
 40776	-44.6439
 40777	-48.1903
 40778	-38.063
 40779	-41.6432
 40780	-51.0035
 40781	-44.492
 40782	-42.7001
 40783	-48.8128
 40784	-41.702
 40785	-37.3199
 40786	-46.5126
 40787	-46.1232
 40788	-34.9157
 40789	-35.9916
 40790	-39.9272
 40791	-36.8979
 40792	-35.4696
 40793	-35.6702
 40794	-37.1597
 40795	-43.3027
 40796	-38.9543
 40797	-33.6898
 40798	-38.3958
 40799	-49.847
 40800	-44.3432
 40801	-42.3442
 40802	-55.1635
 40803	-47.9876
 40804	-43.4428
 40805	-49.3872
 40806	-39.8404
 40807	-37.1311
 40808	-39.7332
 40809	-35.1403
 40810	-33.6894
 40811	-33.3122
 40812	-34.0305
 40813	-32.1065
 40814	-32.789
 40815	-27.2342
 40816	-20.9257
 40817	-30.3517
 40818	-32.9032
 40819	-26.3192
 40820	-33.9444
 40821	-42.88
 40822	-45.1527
 40823	-51.0288
 40824	-52.6624
 40825	-50.0453
 40826	-54.5524
 40827	-55.9489
 40828	-47.1604
 40829	-44.488
 40830	-49.6261
 40831	-45.0041
 40832	-39.855
 40833	-43.1118
 40834	-43.3265
 40835	-40.2134
 40836	-41.9487
 40837	-45.3006
 40838	-33.6221
 40839	-40.1622
 40840	-49.7609
 40841	-34.9878
 40842	-30.1394
 40843	-39.8621
 40844	-43.4525
 40845	-28.7155
 40846	-23.7206
 40847	-35.2246
 40848	-34.3965
 40849	-25.2124
 40850	-26.5231
 40851	-24.165
 40852	-27.6067
 40853	-31.3119
 40854	-31.0331
 40855	-35.0179
 40856	-33.0175
 40857	-33.3549
 40858	-38.7019
 40859	-31.7828
 40860	-33.2507
 40861	-39.6624
 40862	-44.3488
 40863	-50.8391
 40864	-48.6275
 40865	-49.0437
 40866	-56.9732
 40867	-62.0246
 40868	-57.62
 40869	-52.4143
 40870	-52.6067
 40871	-57.1494
 40872	-52.6587
 40873	-43.6451
 40874	-46.5284
 40875	-45.0187
 40876	-41.8198
 40877	-41.7937
 40878	-44.8282
 40879	-44.9236
 40880	-46.5779
 40881	-48.7981
 40882	-50.9431
 40883	-39.5806
 40884	-42.0035
 40885	-49.8195
 40886	-48.1935
 40887	-40.3122
 40888	-47.1328
 40889	-47.8347
 40890	-53.4129
 40891	-47.3177
 40892	-49.2897
 40893	-55.7424
 40894	-48.8301
 40895	-41.4736
 40896	-45.6151
 40897	-42.6377
 40898	-44.7899
 40899	-40.7332
 40900	-44.0813
 40901	-45.4447
 40902	-41.5283
 40903	-53.3393
 40904	-50.4761
 40905	-38.2256
 40906	-47.7406
 40907	-51.7087
 40908	-41.8326
 40909	-46.0477
 40910	-50.5598
 40911	-54.0272
 40912	-47.9435
 40913	-49.4912
 40914	-46.5369
 40915	-43.8237
 40916	-43.152
 40917	-44.1078
 40918	-39.0047
 40919	-47.7934
 40920	-48.4295
 40921	-46.6546
 40922	-45.6829
 40923	-50.0168
 40924	-46.6221
 40925	-44.1697
 40926	-38.4747
 40927	-38.7322
 40928	-47.7813
 40929	-45.3448
 40930	-40.8847
 40931	-50.1943
 40932	-49.0626
 40933	-50.6812
 40934	-50.9091
 40935	-52.2455
 40936	-54.0729
 40937	-56.024
 40938	-60.1025
 40939	-59.0654
 40940	-53.8752
 40941	-57.5616
 40942	-50.6173
 40943	-48.2876
 40944	-53.2409
 40945	-48.3811
 40946	-48.8373
 40947	-47.3306
 40948	-47.4829
 40949	-50.0279
 40950	-43.0885
 40951	-47.9095
 40952	-49.6093
 40953	-50.8922
 40954	-52.5039
 40955	-52.3375
 40956	-55.9495
 40957	-60.4701
 40958	-55.0544
 40959	-54.8395
 40960	-54.9342
 40961	-49.7585
 40962	-42.4089
 40963	-49.1784
 40964	-49.6848
 40965	-45.5254
 40966	-52.4369
 40967	-55.7485
 40968	-45.8492
 40969	-47.7394
 40970	-57.0166
 40971	-52.7596
 40972	-43.7575
 40973	-46.4305
 40974	-51.2864
 40975	-48.1209
 40976	-55.8898
 40977	-55.9725
 40978	-53.5557
 40979	-53.2486
 40980	-47.9287
 40981	-45.3276
 40982	-43.5875
 40983	-44.0795
 40984	-47.8796
 40985	-42.7102
 40986	-44.0705
 40987	-43.49
 40988	-49.4883
 40989	-52.3947
 40990	-40.8153
 40991	-43.2735
 40992	-48.1309
 40993	-38.6978
 40994	-37.6882
 40995	-40.2567
 40996	-45.7393
 40997	-44.1638
 40998	-42.8306
 40999	-43.0649
 41000	-48.1539
 41001	-51.6795
 41002	-54.1363
 41003	-50.6459
 41004	-53.9762
 41005	-51.9827
 41006	-42.8197
 41007	-46.0821
 41008	-50.8147
 41009	-46.9235
 41010	-45.8978
 41011	-49.2766
 41012	-43.4707
 41013	-47.4628
 41014	-50.8767
 41015	-44.296
 41016	-44.9038
 41017	-50.9977
 41018	-45.5773
 41019	-38.2108
 41020	-44.017
 41021	-48.7597
 41022	-42.8115
 41023	-46.6585
 41024	-48.678
 41025	-43.3694
 41026	-49.7431
 41027	-46.4828
 41028	-39.8734
 41029	-39.8151
 41030	-41.2748
 41031	-36.9712
 41032	-40.4507
 41033	-44.3817
 41034	-45.2297
 41035	-44.3109
 41036	-42.8741
 41037	-36.6877
 41038	-40.1628
 41039	-38.7378
 41040	-33.8579
 41041	-38.131
 41042	-41.717
 41043	-41.6274
 41044	-39.2812
 41045	-37.6904
 41046	-39.436
 41047	-40.4329
 41048	-37.3104
 41049	-36.3302
 41050	-40.906
 41051	-47.4331
 41052	-40.1116
 41053	-40.1488
 41054	-49.3631
 41055	-48.0061
 41056	-42.1998
 41057	-42.752
 41058	-43.5204
 41059	-40.2477
 41060	-44.0562
 41061	-44.529
 41062	-38.2054
 41063	-47.7307
 41064	-49.6403
 41065	-43.1511
 41066	-44.4824
 41067	-44.9126
 41068	-41.5084
 41069	-41.0344
 41070	-41.6993
 41071	-37.4587
 41072	-38.5557
 41073	-45.1737
 41074	-38.9488
 41075	-42.3697
 41076	-49.6241
 41077	-43.0958
 41078	-40.2226
 41079	-44.823
 41080	-44.4801
 41081	-43.94
 41082	-49.6602
 41083	-44.7064
 41084	-46.397
 41085	-49.3108
 41086	-50.939
 41087	-45.1718
 41088	-53.0408
 41089	-52.047
 41090	-52.4928
 41091	-56.9585
 41092	-57.2676
 41093	-53.9463
 41094	-58.7075
 41095	-54.0423
 41096	-48.7907
 41097	-50.0413
 41098	-51.7226
 41099	-41.2704
 41100	-40.1989
 41101	-44.7649
 41102	-35.0151
 41103	-35.721
 41104	-39.3931
 41105	-35.3792
 41106	-35.8652
 41107	-39.295
 41108	-35.6653
 41109	-29.4632
 41110	-34.0814
 41111	-38.0507
 41112	-26.8917
 41113	-32.8357
 41114	-36.0346
 41115	-34.6551
 41116	-40.3714
 41117	-42.5199
 41118	-40.8842
 41119	-42.7422
 41120	-40.9193
 41121	-34.3481
 41122	-31.7346
 41123	-39.4611
 41124	-39.2071
 41125	-29.385
 41126	-34.2419
 41127	-38.9217
 41128	-36.6034
 41129	-36.1785
 41130	-38.3471
 41131	-36.9356
 41132	-38.163
 41133	-37.0696
 41134	-36.4501
 41135	-41.8409
 41136	-45.8454
 41137	-43.1205
 41138	-40.5028
 41139	-48.0975
 41140	-45.0093
 41141	-44.4956
 41142	-44.9456
 41143	-49.6388
 41144	-47.5153
 41145	-50.9334
 41146	-46.3647
 41147	-49.9956
 41148	-52.9563
 41149	-53.7478
 41150	-49.5645
 41151	-59.7605
 41152	-55.3133
 41153	-57.3163
 41154	-55.2851
 41155	-53.4311
 41156	-55.306
 41157	-56.1847
 41158	-52.3594
 41159	-53.2635
 41160	-54.0565
 41161	-57.1492
 41162	-50.3611
 41163	-43.4927
 41164	-43.0861
 41165	-42.3676
 41166	-36.9938
 41167	-30.1135
 41168	-34.4855
 41169	-38.9589
 41170	-34.0482
 41171	-34.8607
 41172	-44.0426
 41173	-41.7915
 41174	-38.8027
 41175	-43.4356
 41176	-42.9189
 41177	-41.187
 41178	-44.7979
 41179	-46.3237
 41180	-43.3312
 41181	-49.4104
 41182	-49.1919
 41183	-46.0185
 41184	-50.9881
 41185	-49.7192
 41186	-47.6495
 41187	-51.4517
 41188	-48.2878
 41189	-44.7877
 41190	-43.3604
 41191	-45.1901
 41192	-37.3189
 41193	-35.5087
 41194	-46.3157
 41195	-39.5299
 41196	-37.3155
 41197	-39.14
 41198	-39.746
 41199	-36.6214
 41200	-35.6339
 41201	-41.9603
 41202	-38.2204
 41203	-36.2925
 41204	-47.9088
 41205	-38.567
 41206	-36.9207
 41207	-39.2782
 41208	-38.2429
 41209	-37.1532
 41210	-37.7594
 41211	-35.9736
 41212	-35.637
 41213	-45.1555
 41214	-44.0633
 41215	-38.4883
 41216	-43.5011
 41217	-45.5639
 41218	-40.9718
 41219	-44.3314
 41220	-42.7857
 41221	-41.4416
 41222	-44.3793
 41223	-40.8674
 41224	-34.4312
 41225	-41.9689
 41226	-43.9755
 41227	-34.2349
 41228	-40.9959
 41229	-49.7911
 41230	-43.5365
 41231	-48.0899
 41232	-54.2633
 41233	-41.1882
 41234	-39.2125
 41235	-43.9506
 41236	-40.5953
 41237	-27.0756
 41238	-25.6111
 41239	-39.7022
 41240	-36.2633
 41241	-31.3396
 41242	-35.7086
 41243	-32.1798
 41244	-36.2577
 41245	-35.5063
 41246	-30.8532
 41247	-37.0556
 41248	-42.8433
 41249	-41.5529
 41250	-40.5721
 41251	-44.8272
 41252	-42.6152
 41253	-42.3199
 41254	-47.0794
 41255	-42.3705
 41256	-36.4929
 41257	-53.0702
 41258	-59.8266
 41259	-45.7285
 41260	-42.5484
 41261	-57.0193
 41262	-49.2629
 41263	-41.8264
 41264	-48.423
 41265	-45.254
 41266	-45.0453
 41267	-46.7423
 41268	-41.1722
 41269	-42.6068
 41270	-43.6758
 41271	-39.4754
 41272	-32.3741
 41273	-25.9366
 41274	-32.8983
 41275	-37.2087
 41276	-36.5695
 41277	-38.0465
 41278	-35.6792
 41279	-43.7329
 41280	-44.6215
 41281	-35.7968
 41282	-39.8262
 41283	-44.8963
 41284	-46.2064
 41285	-48.3851
 41286	-45.703
 41287	-47.8476
 41288	-51.0397
 41289	-50.0638
 41290	-48.752
 41291	-45.8938
 41292	-50.5434
 41293	-54.4768
 41294	-52.3062
 41295	-51.5376
 41296	-52.5455
 41297	-45.5824
 41298	-42.3374
 41299	-47.3785
 41300	-43.4572
 41301	-46.1953
 41302	-48.2075
 41303	-40.3495
 41304	-39.5767
 41305	-42.2188
 41306	-40.4759
 41307	-38.444
 41308	-34.1816
 41309	-38.9975
 41310	-32.5656
 41311	-37.3114
 41312	-49.5061
 41313	-43.8723
 41314	-40.1382
 41315	-47.7835
 41316	-46.0323
 41317	-48.7675
 41318	-46.4779
 41319	-49.1316
 41320	-50.203
 41321	-41.6721
 41322	-45.6449
 41323	-46.6479
 41324	-42.7298
 41325	-49.254
 41326	-43.0552
 41327	-38.6901
 41328	-48.0451
 41329	-47.1618
 41330	-45.5609
 41331	-50.8272
 41332	-54.1408
 41333	-51.9386
 41334	-50.2001
 41335	-47.2475
 41336	-46.3635
 41337	-49.1578
 41338	-45.9481
 41339	-39.4189
 41340	-35.9628
 41341	-40.8592
 41342	-38.2364
 41343	-34.8295
 41344	-46.1693
 41345	-43.652
 41346	-37.541
 41347	-43.9497
 41348	-41.2623
 41349	-43.5866
 41350	-39.0526
 41351	-30.9455
 41352	-36.5685
 41353	-34.8871
 41354	-33.8196
 41355	-36.6509
 41356	-34.8183
 41357	-36.4043
 41358	-36.964
 41359	-36.9163
 41360	-39.2518
 41361	-38.0945
 41362	-42.6428
 41363	-39.9517
 41364	-40.9849
 41365	-43.9167
 41366	-47.3209
 41367	-45.8857
 41368	-47.0092
 41369	-46.9815
 41370	-46.4089
 41371	-43.2917
 41372	-45.9057
 41373	-44.1566
 41374	-42.8596
 41375	-41.2668
 41376	-41.816
 41377	-40.6532
 41378	-33.0099
 41379	-35.7823
 41380	-34.9404
 41381	-33.5757
 41382	-32.4845
 41383	-25.2665
 41384	-30.4704
 41385	-40.1487
 41386	-31.5949
 41387	-30.0856
 41388	-35.7716
 41389	-40.9363
 41390	-35.4628
 41391	-39.4317
 41392	-45.6689
 41393	-37.9882
 41394	-38.9794
 41395	-38.0486
 41396	-30.0292
 41397	-28.8804
 41398	-32.6306
 41399	-25.6401
 41400	-19.3915
 41401	-18.8448
 41402	-25.5291
 41403	-22.2567
 41404	-24.9579
 41405	-22.1805
 41406	-22.74
 41407	-26.7733
 41408	-25.1121
 41409	-24.3176
 41410	-27.8875
 41411	-35.786
 41412	-38.4324
 41413	-33.2622
 41414	-40.2159
 41415	-47.499
 41416	-42.5577
 41417	-41.6575
 41418	-37.9039
 41419	-43.8169
 41420	-40.9498
 41421	-40.4928
 41422	-43.3359
 41423	-45.8326
 41424	-44.3439
 41425	-44.2254
 41426	-47.8493
 41427	-47.9398
 41428	-46.592
 41429	-49.2711
 41430	-42.9118
 41431	-36.2093
 41432	-42.0457
 41433	-37.6921
 41434	-34.7066
 41435	-33.9178
 41436	-35.7958
 41437	-31.3015
 41438	-28.346
 41439	-32.9507
 41440	-35.5481
 41441	-35.349
 41442	-35.9157
 41443	-29.9295
 41444	-36.5691
 41445	-39.8352
 41446	-35.5714
 41447	-37.8931
 41448	-37.7707
 41449	-42.6762
 41450	-42.8668
 41451	-44.717
 41452	-44.0088
 41453	-45.6281
 41454	-42.8558
 41455	-43.7009
 41456	-42.8782
 41457	-45.1195
 41458	-45.4989
 41459	-48.1824
 41460	-41.4923
 41461	-39.2622
 41462	-40.8154
 41463	-38.949
 41464	-32.6346
 41465	-32.7313
 41466	-37.5342
 41467	-32.9846
 41468	-31.1226
 41469	-32.4476
 41470	-34.4845
 41471	-34.5729
 41472	-39.0247
 41473	-42.0448
 41474	-41.4492
 41475	-38.7157
 41476	-45.0268
 41477	-44.725
 41478	-37.7955
 41479	-40.8332
 41480	-47.8936
 41481	-41.775
 41482	-45.7322
 41483	-50.262
 41484	-50.5176
 41485	-50.8241
 41486	-41.8309
 41487	-43.3294
 41488	-44.0557
 41489	-41.62
 41490	-35.4081
 41491	-33.3981
 41492	-36.6974
 41493	-37.2057
 41494	-35.3698
 41495	-45.4154
 41496	-42.6553
 41497	-42.8721
 41498	-46.1037
 41499	-44.3222
 41500	-39.4396
 41501	-45.4703
 41502	-45.7298
 41503	-37.0289
 41504	-41.1892
 41505	-44.1642
 41506	-43.937
 41507	-48.4375
 41508	-45.5756
 41509	-42.4304
 41510	-44.8093
 41511	-39.8718
 41512	-38.2656
 41513	-34.7538
 41514	-39.7426
 41515	-36.1453
 41516	-27.5391
 41517	-32.4376
 41518	-34.5075
 41519	-34.8532
 41520	-35.9073
 41521	-34.9152
 41522	-39.5549
 41523	-31.4396
 41524	-34.62
 41525	-46.6126
 41526	-37.5129
 41527	-37.421
 41528	-42.1897
 41529	-39.1857
 41530	-36.0292
 41531	-34.7101
 41532	-40.1663
 41533	-42.5835
 41534	-37.0603
 41535	-37.8369
 41536	-44.2596
 41537	-44.3268
 41538	-39.8016
 41539	-36.8937
 41540	-35.0223
 41541	-30.4029
 41542	-29.6932
 41543	-28.135
 41544	-30.4068
 41545	-32.1618
 41546	-35.5983
 41547	-41.5076
 41548	-43.6799
 41549	-43.8242
 41550	-48.4514
 41551	-46.2008
 41552	-44.4605
 41553	-35.834
 41554	-36.7617
 41555	-42.469
 41556	-39.541
 41557	-38.4406
 41558	-37.5377
 41559	-37.8881
 41560	-38.7749
 41561	-33.5514
 41562	-39.6207
 41563	-39.0257
 41564	-35.9602
 41565	-40.8578
 41566	-34.7381
 41567	-34.7637
 41568	-39.3003
 41569	-34.3931
 41570	-28.0599
 41571	-19.8195
 41572	-25.0021
 41573	-29.1338
 41574	-23.5857
 41575	-22.9672
 41576	-28.4891
 41577	-26.2007
 41578	-17.9717
 41579	-13.8533
 41580	-18.4025
 41581	-17.2187
 41582	-14.2317
 41583	-15.8573
 41584	-21.5296
 41585	-22.0034
 41586	-20.2145
 41587	-21.6712
 41588	-22.2926
 41589	-17.3252
 41590	-15.5633
 41591	-22.73
 41592	-29.0047
 41593	-26.4317
 41594	-28.0283
 41595	-35.7782
 41596	-36.7598
 41597	-32.3485
 41598	-29.7803
 41599	-31.1083
 41600	-33.3888
 41601	-27.3723
 41602	-27.3519
 41603	-33.5837
 41604	-36.5132
 41605	-40.5194
 41606	-38.2687
 41607	-32.6726
 41608	-33.8434
 41609	-42.9545
 41610	-38.1417
 41611	-29.3933
 41612	-32.7856
 41613	-39.8016
 41614	-35.9943
 41615	-33.5034
 41616	-37.033
 41617	-40.214
 41618	-33.0934
 41619	-26.5442
 41620	-24.0188
 41621	-21.7131
 41622	-22.6151
 41623	-22.0254
 41624	-18.3291
 41625	-15.8468
 41626	-13.9772
 41627	-15.1297
 41628	-17.6254
 41629	-19.5729
 41630	-21.1657
 41631	-19.7903
 41632	-20.4147
 41633	-21.7107
 41634	-15.5659
 41635	-21.138
 41636	-20.4239
 41637	-16.7581
 41638	-17.9907
 41639	-22.9326
 41640	-23.6095
 41641	-22.9734
 41642	-23.9217
 41643	-26.3425
 41644	-22.8659
 41645	-22.0904
 41646	-19.1068
 41647	-19.6739
 41648	-20.1684
 41649	-22.6661
 41650	-22.538
 41651	-19.3284
 41652	-17.6103
 41653	-21.2361
 41654	-21.7965
 41655	-17.4149
 41656	-15.8156
 41657	-20.6032
 41658	-24.2933
 41659	-19.9621
 41660	-19.1653
 41661	-22.7502
 41662	-25.8322
 41663	-22.7171
 41664	-18.4626
 41665	-20.866
 41666	-20.578
 41667	-20.1738
 41668	-21.3848
 41669	-22.5699
 41670	-25.8265
 41671	-20.6207
 41672	-17.1734
 41673	-23.4119
 41674	-19.7855
 41675	-16.4301
 41676	-19.1516
 41677	-23.6124
 41678	-19.0415
 41679	-12.0547
 41680	-18.9337
 41681	-21.6422
 41682	-15.5291
 41683	-13.475
 41684	-16.0941
 41685	-11.7227
 41686	-5.64789
 41687	-3.79339
 41688	-5.84324
 41689	-6.16262
 41690	-4.67969
 41691	-0.0614494
 41692	-5.92882
 41693	-6.36455
 41694	-4.56047
 41695	-8.57588
 41696	-13.1346
 41697	-9.74161
 41698	-14.4299
 41699	-20.0473
 41700	-23.3285
 41701	-20.4887
 41702	-26.1334
 41703	-33.7902
 41704	-27.6077
 41705	-27.5318
 41706	-35.1086
 41707	-40.1531
 41708	-41.2356
 41709	-38.469
 41710	-38.2618
 41711	-40.678
 41712	-38.4234
 41713	-46.2958
 41714	-43.4046
 41715	-37.8076
 41716	-43.1333
 41717	-38.8283
 41718	-35.6489
 41719	-37.4943
 41720	-37.9186
 41721	-29.634
 41722	-23.8397
 41723	-18.237
 41724	-19.9794
 41725	-19.9849
 41726	-16.9854
 41727	-18.017
 41728	-17.6866
 41729	-16.0326
 41730	-17.5836
 41731	-13.31
 41732	-8.44394
 41733	-10.85
 41734	-11.7519
 41735	-8.95676
 41736	-6.72337
 41737	-13.2378
 41738	-21.7947
 41739	-12.8096
 41740	-8.98773
 41741	-20.7573
 41742	-16.9683
 41743	-11.8984
 41744	-19.8438
 41745	-24.114
 41746	-22.1659
 41747	-18.5909
 41748	-24.9388
 41749	-27.9533
 41750	-15.797
 41751	-18.5732
 41752	-22.5143
 41753	-15.3971
 41754	-11.4244
 41755	-16.3526
 41756	-16.82
 41757	-17.0571
 41758	-12.5987
 41759	-7.4487
 41760	-13.369
 41761	-4.62471
 41762	-0.0831092
 41763	-6.18652
 41764	-2.20644
 41765	2.82911
 41766	0.980001
 41767	5.8781
 41768	11.2449
 41769	12.8812
 41770	14.7384
 41771	16.6945
 41772	20.1436
 41773	19.1667
 41774	16.6063
 41775	19.3431
 41776	20.1874
 41777	23.0548
 41778	30.1483
 41779	25.7342
 41780	19.1108
 41781	20.2134
 41782	18.9315
 41783	11.0484
 41784	14.9146
 41785	16.5409
 41786	5.69519
 41787	4.26897
 41788	12.2586
 41789	8.66478
 41790	4.29886
 41791	5.8576
 41792	8.76542
 41793	4.50873
 41794	0.144762
 41795	0.188331
 41796	2.35765
 41797	-2.11644
 41798	-4.86479
 41799	-3.60509
 41800	-1.5004
 41801	-5.89745
 41802	-5.19768
 41803	-6.7303
 41804	-14.8581
 41805	-20.994
 41806	-15.9023
 41807	-13.9308
 41808	-19.2855
 41809	-19.8183
 41810	-11.3214
 41811	-14.6561
 41812	-23.6988
 41813	-15.539
 41814	-12.8462
 41815	-18.7563
 41816	-15.1495
 41817	-12.3509
 41818	-16.0326
 41819	-12.3831
 41820	-8.09329
 41821	-10.9294
 41822	-8.91746
 41823	-6.16123
 41824	-6.48399
 41825	1.84494
 41826	7.8867
 41827	-0.376423
 41828	4.05438
 41829	7.15309
 41830	6.36273
 41831	3.82542
 41832	2.41431
 41833	4.63397
 41834	6.11335
 41835	7.03436
 41836	8.99219
 41837	4.1267
 41838	-0.792275
 41839	-1.58548
 41840	-7.48575
 41841	-15.1951
 41842	-10.7094
 41843	-11.141
 41844	-15.5934
 41845	-8.88071
 41846	-11.9027
 41847	-19.8298
 41848	-12.5812
 41849	-6.52912
 41850	-13.7986
 41851	-16.1106
 41852	-14.7479
 41853	-9.66527
 41854	-16.2798
 41855	-18.2343
 41856	-15.3705
 41857	-16.6225
 41858	-21.6973
 41859	-22
 41860	-19.7163
 41861	-14.5156
 41862	-14.5181
 41863	-10.7292
 41864	-4.01562
 41865	-8.04596
 41866	-11.407
 41867	-2.88955
 41868	-1.70949
 41869	-11.5036
 41870	-13.3725
 41871	-8.21591
 41872	-9.66425
 41873	-14.7188
 41874	-12.6304
 41875	-14.7047
 41876	-19.2326
 41877	-16.1393
 41878	-13.8061
 41879	-22.5905
 41880	-16.8865
 41881	-12.9985
 41882	-19.3266
 41883	-17.7447
 41884	-17.0846
 41885	-17.9117
 41886	-13.6932
 41887	-17.1339
 41888	-17.7953
 41889	-12.9641
 41890	-11.1597
 41891	-6.82624
 41892	-1.96008
 41893	-1.91782
 41894	1.2542
 41895	-1.78244
 41896	-4.8867
 41897	0.160301
 41898	-6.23214
 41899	-7.55965
 41900	-1.33923
 41901	-1.54194
 41902	-3.99544
 41903	0.669255
 41904	-2.65162
 41905	-3.42325
 41906	-4.41428
 41907	-6.38135
 41908	-2.68894
 41909	-4.26633
 41910	-12.7183
 41911	-11.0673
 41912	-8.95794
 41913	-14.1664
 41914	-25.6617
 41915	-23.4248
 41916	-21.4767
 41917	-33.108
 41918	-34.7641
 41919	-28.7809
 41920	-29.3858
 41921	-30.5115
 41922	-33.2888
 41923	-34.9365
 41924	-34.8756
 41925	-34.8739
 41926	-42.4173
 41927	-47.2663
 41928	-48.3578
 41929	-43.8848
 41930	-41.1694
 41931	-40.9231
 41932	-38.959
 41933	-38.0363
 41934	-33.7854
 41935	-32.1655
 41936	-38.0869
 41937	-38.5978
 41938	-31.1941
 41939	-30.8025
 41940	-37.2868
 41941	-37.2297
 41942	-40.1223
 41943	-40.8419
 41944	-34.6061
 41945	-44.3798
 41946	-53.8435
 41947	-50.3545
 41948	-45.6196
 41949	-43.6467
 41950	-46.5699
 41951	-42.2992
 41952	-46.5076
 41953	-44.413
 41954	-40.6144
 41955	-38.1549
 41956	-33.7328
 41957	-33.573
 41958	-35.2054
 41959	-32.6945
 41960	-33.5857
 41961	-34.7057
 41962	-30.1733
 41963	-20.5624
 41964	-23.5243
 41965	-32.0645
 41966	-31.9615
 41967	-23.8521
 41968	-21.9466
 41969	-28.1755
 41970	-27.734
 41971	-26.1786
 41972	-21.6714
 41973	-20.9293
 41974	-22.3563
 41975	-24.7088
 41976	-20.6805
 41977	-24.9499
 41978	-27.7266
 41979	-24.8338
 41980	-16.9307
 41981	-18.135
 41982	-17.041
 41983	-19.7037
 41984	-20.1168
 41985	-19.1409
 41986	-15.9365
 41987	-19.1193
 41988	-19.172
 41989	-18.919
 41990	-22.5473
 41991	-21.51
 41992	-21.6416
 41993	-24.0599
 41994	-25.5721
 41995	-24.9218
 41996	-27.6778
 41997	-30.7311
 41998	-27.6027
 41999	-19.2089
 42000	-28.5273
 42001	-34.0207
 42002	-28.1437
 42003	-23.9266
 42004	-26.089
 42005	-22.5552
 42006	-19.1479
 42007	-25.0018
 42008	-17.9287
 42009	-11.4879
 42010	-19.1891
 42011	-20.7539
 42012	-14.4419
 42013	-16.5613
 42014	-16.9054
 42015	-14.9477
 42016	-7.04975
 42017	-7.01136
 42018	-6.40718
 42019	-9.9604
 42020	-10.4971
 42021	-2.7199
 42022	-3.62239
 42023	-8.84776
 42024	-2.18694
 42025	-1.38155
 42026	-9.77505
 42027	-3.41012
 42028	-5.16365
 42029	-14.0411
 42030	-12.5163
 42031	-10.2194
 42032	-20.1833
 42033	-18.1122
 42034	-9.30589
 42035	-12.3703
 42036	-24.1502
 42037	-18.3992
 42038	-17.8294
 42039	-27.745
 42040	-23.9097
 42041	-16.7573
 42042	-25.3122
 42043	-24.6506
 42044	-14.7177
 42045	-16.1991
 42046	-16.8401
 42047	-13.4267
 42048	-15.5648
 42049	-13.2717
 42050	-11.3907
 42051	-17.5206
 42052	-11.9012
 42053	-9.09638
 42054	-14.9802
 42055	-18.226
 42056	-16.8055
 42057	-12.4676
 42058	-15.734
 42059	-11.9512
 42060	-9.79128
 42061	-9.13416
 42062	-8.87307
 42063	-4.94855
 42064	-10.3457
 42065	-7.74083
 42066	-6.2009
 42067	-6.29166
 42068	-6.2458
 42069	-6.00203
 42070	-8.30779
 42071	0.720355
 42072	5.82707
 42073	-3.93603
 42074	-6.23904
 42075	2.74462
 42076	-2.734
 42077	-16.4769
 42078	-14.4157
 42079	-7.40991
 42080	-10.3931
 42081	-12.6648
 42082	-7.61158
 42083	-16.8327
 42084	-17.4146
 42085	-10.0613
 42086	-15.736
 42087	-22.8193
 42088	-13.4766
 42089	-8.71956
 42090	-6.28846
 42091	-6.56605
 42092	-8.00273
 42093	-5.43632
 42094	-1.0969
 42095	-8.7645
 42096	-15.6673
 42097	-5.24612
 42098	3.77372
 42099	-2.28777
 42100	-1.9012
 42101	10.0089
 42102	9.0086
 42103	4.1226
 42104	11.6944
 42105	10.305
 42106	8.62329
 42107	18.7467
 42108	14.4488
 42109	11.5456
 42110	12.3279
 42111	12.1644
 42112	9.03499
 42113	13.2963
 42114	7.5828
 42115	2.24234
 42116	12.0998
 42117	7.87766
 42118	-1.65126
 42119	-3.6822
 42120	6.31478
 42121	7.15944
 42122	-0.885428
 42123	-3.87216
 42124	2.12905
 42125	2.57627
 42126	2.20015
 42127	-6.0919
 42128	-1.71694
 42129	3.24561
 42130	0.331006
 42131	-4.95925
 42132	5.14795
 42133	9.23078
 42134	2.50636
 42135	11.5621
 42136	12.9788
 42137	3.82343
 42138	3.5264
 42139	10.5751
 42140	9.00947
 42141	5.54143
 42142	11.2771
 42143	13.2978
 42144	8.63193
 42145	10.4983
 42146	6.21999
 42147	0.411505
 42148	6.78845
 42149	3.64525
 42150	-5.65747
 42151	0.59969
 42152	1.16916
 42153	-13.0218
 42154	-8.54126
 42155	-10.3605
 42156	-19.0016
 42157	-20.4703
 42158	-10.4221
 42159	-16.6862
 42160	-17.6504
 42161	-14.1324
 42162	-13.6455
 42163	-22.4391
 42164	-21.5496
 42165	-22.4747
 42166	-21.7525
 42167	-21.0274
 42168	-18.5673
 42169	-16.8801
 42170	-9.85338
 42171	-13.1276
 42172	-20.2087
 42173	-11.6075
 42174	-12.0895
 42175	-21.3652
 42176	-12.7122
 42177	1.48831
 42178	-5.74196
 42179	-2.83157
 42180	4.52881
 42181	3.8521
 42182	-0.0834366
 42183	4.31446
 42184	9.9543
 42185	11.2546
 42186	12.9226
 42187	17.9137
 42188	19.4387
 42189	18.1332
 42190	16.9346
 42191	12.166
 42192	13.7192
 42193	10.9622
 42194	5.02306
 42195	9.52715
 42196	12.7145
 42197	-0.752518
 42198	-3.05601
 42199	3.19884
 42200	1.9288
 42201	-5.73827
 42202	-4.79422
 42203	-3.45393
 42204	-1.45444
 42205	-9.86415
 42206	-6.56697
 42207	-2.2701
 42208	-6.41583
 42209	-2.4329
 42210	-4.09728
 42211	-6.61146
 42212	-2.84227
 42213	-6.34911
 42214	-5.46793
 42215	-3.65182
 42216	-14.2349
 42217	-3.26415
 42218	2.11188
 42219	-7.90045
 42220	-16.3755
 42221	-7.9577
 42222	-6.94977
 42223	-17.8338
 42224	-23.5117
 42225	-13.671
 42226	-23.0364
 42227	-22.5927
 42228	-10.7992
 42229	-11.8617
 42230	-17.3679
 42231	-12.1046
 42232	-10.6808
 42233	-24.2993
 42234	-18.3977
 42235	-13.3228
 42236	-17.282
 42237	-17.7153
 42238	-19.5054
 42239	-28.2864
 42240	-26.3702
 42241	-24.948
 42242	-25.846
 42243	-29.4247
 42244	-23.0764
 42245	-17.5752
 42246	-24.0653
 42247	-19.8346
 42248	-14.6402
 42249	-16.1803
 42250	-15.5345
 42251	-8.514
 42252	-11.757
 42253	-9.22718
 42254	-5.18604
 42255	-4.6636
 42256	-11.2665
 42257	-3.72176
 42258	-0.626963
 42259	-1.24289
 42260	-1.87668
 42261	0.295021
 42262	3.88026
 42263	2.3413
 42264	-4.11972
 42265	-6.35209
 42266	-2.90962
 42267	-4.26257
 42268	-9.58639
 42269	-4.99532
 42270	-1.63803
 42271	-6.06907
 42272	-3.9006
 42273	0.527263
 42274	0.134876
 42275	-0.477116
 42276	5.686
 42277	-0.287463
 42278	1.23318
 42279	2.5422
 42280	0.979809
 42281	-1.26293
 42282	-1.83954
 42283	-2.74005
 42284	-4.48729
 42285	6.9045
 42286	1.77695
 42287	-6.54001
 42288	-0.408525
 42289	2.96145
 42290	-7.99529
 42291	-13.0573
 42292	0.280012
 42293	-0.341747
 42294	-9.9035
 42295	2.96878
 42296	5.48608
 42297	-5.01149
 42298	-3.56726
 42299	4.00209
 42300	-0.777511
 42301	-1.54299
 42302	2.17173
 42303	4.42053
 42304	4.00967
 42305	0.00739519
 42306	1.89016
 42307	0.651396
 42308	-1.6134
 42309	-5.19822
 42310	0.707103
 42311	0.783296
 42312	0.181126
 42313	3.59533
 42314	8.47266
 42315	3.40514
 42316	-1.09995
 42317	2.40718
 42318	0.928182
 42319	-0.567596
 42320	6.16951
 42321	-4.80639
 42322	-2.38368
 42323	6.88091
 42324	0.072742
 42325	-5.3247
 42326	0.536254
 42327	4.07376
 42328	-0.523639
 42329	4.67767
 42330	9.76685
 42331	10.1022
 42332	2.7227
 42333	4.39137
 42334	9.61869
 42335	2.49982
 42336	3.6204
 42337	13.0906
 42338	14.2932
 42339	9.06792
 42340	7.11607
 42341	5.89919
 42342	7.71333
 42343	-5.58852
 42344	-14.8637
 42345	-6.04762
 42346	-9.19381
 42347	-18.2507
 42348	-16.4294
 42349	-14.8014
 42350	-15.3537
 42351	-21.6106
 42352	-20.4878
 42353	-21.9474
 42354	-22.3439
 42355	-15.6446
 42356	-21.4
 42357	-25.7406
 42358	-18.7104
 42359	-13.427
 42360	-12.185
 42361	-10.3172
 42362	-9.88022
 42363	-10.3371
 42364	-0.154101
 42365	-0.807616
 42366	-8.65306
 42367	-6.31262
 42368	-4.04485
 42369	-6.45636
 42370	-4.1111
 42371	-2.47925
 42372	4.91367
 42373	6.9494
 42374	11.163
 42375	10.3009
 42376	-2.08441
 42377	2.72439
 42378	11.1531
 42379	6.06021
 42380	5.30977
 42381	7.60728
 42382	8.12258
 42383	9.22113
 42384	4.00078
 42385	4.9679
 42386	7.01403
 42387	4.02826
 42388	-0.477082
 42389	2.73153
 42390	3.42226
 42391	1.18262
 42392	1.62855
 42393	4.44172
 42394	-3.55362
 42395	-7.92322
 42396	-4.10953
 42397	3.20156
 42398	-5.49509
 42399	-11.1708
 42400	-3.79198
 42401	-3.7023
 42402	-4.17768
 42403	-3.97263
 42404	-9.11208
 42405	-2.95337
 42406	0.419597
 42407	-8.77137
 42408	-12.0581
 42409	-7.30714
 42410	-2.93613
 42411	-16.6396
 42412	-15.5834
 42413	-7.75491
 42414	-4.93266
 42415	-5.13272
 42416	-4.04425
 42417	1.39262
 42418	3.21769
 42419	2.36341
 42420	0.0779553
 42421	-1.41816
 42422	-2.69027
 42423	0.929308
 42424	3.75263
 42425	5.34639
 42426	4.99557
 42427	13.4683
 42428	17.2001
 42429	16.6685
 42430	13.4979
 42431	16.96
 42432	23.4085
 42433	22.0597
 42434	22.7317
 42435	25.7958
 42436	21.8338
 42437	25.0245
 42438	30.4528
 42439	18.0076
 42440	15.7012
 42441	21.8697
 42442	18.6712
 42443	8.9382
 42444	13.3772
 42445	10.6942
 42446	7.74255
 42447	13.6404
 42448	14.8468
 42449	10.2968
 42450	13.9862
 42451	15.2323
 42452	12.0501
 42453	9.41538
 42454	12.1856
 42455	8.97855
 42456	8.82793
 42457	8.40222
 42458	8.88628
 42459	7.00364
 42460	10.3041
 42461	13.2472
 42462	7.74705
 42463	3.81272
 42464	1.76463
 42465	6.94486
 42466	5.68067
 42467	1.44676
 42468	-0.370178
 42469	10.982
 42470	10.2811
 42471	1.73151
 42472	9.08855
 42473	11.3391
 42474	2.3924
 42475	1.99823
 42476	7.25178
 42477	3.46052
 42478	5.85688
 42479	10.7677
 42480	10.4428
 42481	10.0688
 42482	14.1658
 42483	16.6846
 42484	17.0758
 42485	16.8606
 42486	16.1402
 42487	16.0051
 42488	16.5733
 42489	12.1162
 42490	5.11414
 42491	5.36168
 42492	4.59408
 42493	4.98429
 42494	1.62559
 42495	3.43964
 42496	2.91908
 42497	1.52027
 42498	-3.04336
 42499	-7.97237
 42500	-10.9517
 42501	-13.0236
 42502	-16.4197
 42503	-18.1391
 42504	-15.7138
 42505	-16.3107
 42506	-21.7561
 42507	-25.4022
 42508	-21.1249
 42509	-20.2695
 42510	-20.8821
 42511	-24.7885
 42512	-26.3873
 42513	-19.9928
 42514	-18.2988
 42515	-24.0896
 42516	-23.8257
 42517	-20.4689
 42518	-17.9735
 42519	-19.1395
 42520	-22.5979
 42521	-22.8904
 42522	-17.3502
 42523	-13.1472
 42524	-16.9631
 42525	-21.3017
 42526	-20.5088
 42527	-21.2468
 42528	-24.3788
 42529	-22.8992
 42530	-21.5573
 42531	-24.4032
 42532	-28.1119
 42533	-21.6698
 42534	-20.1739
 42535	-27.0748
 42536	-24.2938
 42537	-19.236
 42538	-26.7983
 42539	-38.7523
 42540	-32.9324
 42541	-24.8876
 42542	-32.8881
 42543	-38.9483
 42544	-37.4632
 42545	-36.0009
 42546	-39.396
 42547	-48.346
 42548	-43.0527
 42549	-45.0088
 42550	-49.2813
 42551	-46.5792
 42552	-49.8044
 42553	-48.5619
 42554	-45.1552
 42555	-47.9579
 42556	-45.3533
 42557	-38.0982
 42558	-40.2626
 42559	-42.1369
 42560	-39.4765
 42561	-31.5427
 42562	-33.6529
 42563	-33.9255
 42564	-35.5491
 42565	-38.6225
 42566	-37.3005
 42567	-39.613
 42568	-43.5824
 42569	-41.1407
 42570	-44.4945
 42571	-53.4004
 42572	-54.7325
 42573	-52.6003
 42574	-52.8706
 42575	-54.1828
 42576	-51.8136
 42577	-56.1758
 42578	-55.4552
 42579	-54.6166
 42580	-52.6063
 42581	-52.3887
 42582	-51.2537
 42583	-50.0803
 42584	-49.0994
 42585	-49.8453
 42586	-42.3984
 42587	-41.2682
 42588	-40.1656
 42589	-38.9246
 42590	-40.0729
 42591	-42.6733
 42592	-45.9222
 42593	-42.7863
 42594	-32.7551
 42595	-39.4983
 42596	-40.6909
 42597	-37.3349
 42598	-43.7994
 42599	-44.5089
 42600	-49.6727
 42601	-50.8344
 42602	-50.4803
 42603	-54.1591
 42604	-49.1705
 42605	-47.9174
 42606	-46.6867
 42607	-42.4356
 42608	-45.3259
 42609	-44.029
 42610	-43.5448
 42611	-44.3826
 42612	-42.8143
 42613	-43.288
 42614	-41.8156
 42615	-36.8772
 42616	-36.3413
 42617	-36.7771
 42618	-31.7416
 42619	-31.9368
 42620	-35.4555
 42621	-36.5761
 42622	-36.9384
 42623	-38.4509
 42624	-38.2081
 42625	-38.161
 42626	-40.5764
 42627	-41.9992
 42628	-38.418
 42629	-43.0099
 42630	-49.6868
 42631	-43.0658
 42632	-43.966
 42633	-48.6537
 42634	-42.7194
 42635	-42.3407
 42636	-42.1246
 42637	-36.1946
 42638	-42.7587
 42639	-45.717
 42640	-43.833
 42641	-40.5032
 42642	-46.885
 42643	-44.9907
 42644	-41.9816
 42645	-46.9283
 42646	-46.555
 42647	-32.9842
 42648	-38.6798
 42649	-39.9387
 42650	-31.5489
 42651	-34.7568
 42652	-43.3652
 42653	-40.347
 42654	-36.2631
 42655	-41.0132
 42656	-49.2282
 42657	-49.5014
 42658	-45.4756
 42659	-48.6193
 42660	-44.6898
 42661	-48.1945
 42662	-48.3134
 42663	-47.2367
 42664	-47.2195
 42665	-43.3459
 42666	-39.2624
 42667	-41.9207
 42668	-36.8437
 42669	-33.6746
 42670	-38.8984
 42671	-38.3611
 42672	-34.8136
 42673	-43.1371
 42674	-52.2626
 42675	-48.6016
 42676	-46.9422
 42677	-47.6011
 42678	-43.6298
 42679	-36.4733
 42680	-37.4784
 42681	-41.2617
 42682	-39.5014
 42683	-45.5909
 42684	-45.8145
 42685	-40.126
 42686	-41.814
 42687	-39.5797
 42688	-38.6634
 42689	-42.0923
 42690	-34.7598
 42691	-39.2245
 42692	-40.0719
 42693	-43.5503
 42694	-43.8468
 42695	-40.2973
 42696	-39.5778
 42697	-37.8539
 42698	-31.1375
 42699	-37.6398
 42700	-41.6767
 42701	-42.8657
 42702	-41.7056
 42703	-43.2304
 42704	-50.9565
 42705	-52.4429
 42706	-51.5083
 42707	-51.583
 42708	-49.8006
 42709	-45.4335
 42710	-52.6374
 42711	-53.6748
 42712	-48.5941
 42713	-46.0569
 42714	-49.5777
 42715	-44.3605
 42716	-43.4827
 42717	-44.0756
 42718	-49.8717
 42719	-48.2284
 42720	-52.5173
 42721	-53.5019
 42722	-47.6749
 42723	-50.937
 42724	-48.4689
 42725	-42.4025
 42726	-50.7807
 42727	-51.7396
 42728	-46.6628
 42729	-48.7515
 42730	-51.2779
 42731	-55.0224
 42732	-49.924
 42733	-48.2245
 42734	-48.8708
 42735	-44.2536
 42736	-48.3442
 42737	-50.4976
 42738	-50.4433
 42739	-56.9004
 42740	-53.5927
 42741	-41.8663
 42742	-42.2236
 42743	-39.5957
 42744	-38.5946
 42745	-33.7078
 42746	-40.6079
 42747	-47.2526
 42748	-50.2049
 42749	-46.477
 42750	-46.3229
 42751	-44.3428
 42752	-42.6408
 42753	-42.245
 42754	-44.0142
 42755	-44.7926
 42756	-48.1011
 42757	-48.6365
 42758	-53.5384
 42759	-52.4253
 42760	-50.6475
 42761	-54.8482
 42762	-52.0309
 42763	-52.2892
 42764	-56.3527
 42765	-51.7082
 42766	-50.0533
 42767	-52.0817
 42768	-51.3339
 42769	-47.5207
 42770	-43.9979
 42771	-48.088
 42772	-41.4957
 42773	-41.768
 42774	-50.3854
 42775	-40.6421
 42776	-36.5815
 42777	-43.7563
 42778	-39.5248
 42779	-36.2654
 42780	-37.6223
 42781	-37.9164
 42782	-36.9611
 42783	-39.3622
 42784	-42.3364
 42785	-38.7667
 42786	-40.1531
 42787	-36.6653
 42788	-26.7922
 42789	-24.991
 42790	-27.8411
 42791	-27.8979
 42792	-23.1815
 42793	-25.0556
 42794	-27.5726
 42795	-28.7701
 42796	-28.8915
 42797	-26.9673
 42798	-29.6979
 42799	-29.4614
 42800	-33.1594
 42801	-43.9114
 42802	-42.765
 42803	-42.9976
 42804	-45.6965
 42805	-46.3699
 42806	-47.8104
 42807	-43.583
 42808	-41.4737
 42809	-48.8052
 42810	-46.4446
 42811	-44.6698
 42812	-47.2462
 42813	-42.647
 42814	-44.1469
 42815	-39.4887
 42816	-36.1756
 42817	-44.1403
 42818	-43.1207
 42819	-40.7613
 42820	-43.1765
 42821	-48.1792
 42822	-47.9322
 42823	-47.1267
 42824	-46.6652
 42825	-41.1968
 42826	-41.5156
 42827	-42.9771
 42828	-44.7123
 42829	-44.3003
 42830	-50.6027
 42831	-54.1622
 42832	-48.2484
 42833	-54.6533
 42834	-60.4732
 42835	-49.9274
 42836	-50.805
 42837	-53.2966
 42838	-57.7365
 42839	-49.6421
 42840	-42.8041
 42841	-52.0903
 42842	-47.2465
 42843	-41.0451
 42844	-47.9872
 42845	-39.3636
 42846	-43.5723
 42847	-46.9781
 42848	-42.3564
 42849	-44.4444
 42850	-42.2109
 42851	-46.2521
 42852	-45.071
 42853	-42.206
 42854	-46.8406
 42855	-41.4484
 42856	-37.5369
 42857	-39.2819
 42858	-40.2945
 42859	-45.8466
 42860	-39.3484
 42861	-43.3352
 42862	-42.8029
 42863	-38.4561
 42864	-41.3227
 42865	-34.9752
 42866	-36.7949
 42867	-32.6769
 42868	-29.3374
 42869	-33.2261
 42870	-29.0702
 42871	-29.0731
 42872	-30.8904
 42873	-35.3128
 42874	-42.7076
 42875	-32.2384
 42876	-42.3325
 42877	-48.7533
 42878	-39.9979
 42879	-42.1544
 42880	-43.0788
 42881	-43.1973
 42882	-40.2294
 42883	-41.0399
 42884	-46.0698
 42885	-41.3108
 42886	-47.7141
 42887	-53.1507
 42888	-40.3489
 42889	-44.2449
 42890	-42.9481
 42891	-43.4156
 42892	-42.3176
 42893	-40.034
 42894	-41.5499
 42895	-41.6274
 42896	-42.4339
 42897	-41.7321
 42898	-43.9162
 42899	-47.1465
 42900	-37.0253
 42901	-37.2912
 42902	-44.7706
 42903	-44.1896
 42904	-43.821
 42905	-47.2012
 42906	-48.6773
 42907	-45.4065
 42908	-47.8825
 42909	-46.319
 42910	-39.4951
 42911	-44.4957
 42912	-48.8336
 42913	-42.6579
 42914	-42.8851
 42915	-44.7918
 42916	-45.8592
 42917	-46.4373
 42918	-46.3586
 42919	-43.6704
 42920	-42.991
 42921	-46.1464
 42922	-41.1225
 42923	-38.3123
 42924	-50.6348
 42925	-41.6314
 42926	-33.9421
 42927	-40.162
 42928	-43.8966
 42929	-43.3612
 42930	-47.0384
 42931	-46.5438
 42932	-42.8872
 42933	-42.5587
 42934	-44.1122
 42935	-37.1961
 42936	-41.4385
 42937	-44.4628
 42938	-43.1058
 42939	-42.6275
 42940	-49.4278
 42941	-48.632
 42942	-41.0646
 42943	-40.3905
 42944	-42.6135
 42945	-32.0546
 42946	-31.789
 42947	-34.9535
 42948	-37.1648
 42949	-41.0495
 42950	-36.827
 42951	-38.5679
 42952	-41.0593
 42953	-38.2243
 42954	-39.1226
 42955	-47.1567
 42956	-52.7689
 42957	-49.1446
 42958	-44.2686
 42959	-48.1762
 42960	-44.5691
 42961	-46.1139
 42962	-42.8844
 42963	-35.0068
 42964	-37.769
 42965	-39.5597
 42966	-37.9575
 42967	-39.6795
 42968	-42.4993
 42969	-44.3291
 42970	-36.5396
 42971	-43.8266
 42972	-43.1673
 42973	-34.9932
 42974	-37.1189
 42975	-31.5018
 42976	-26.3451
 42977	-27.3639
 42978	-29.2758
 42979	-31.9935
 42980	-31.2139
 42981	-36.6997
 42982	-39.4417
 42983	-35.8452
 42984	-38.0197
 42985	-35.0682
 42986	-32.5042
 42987	-36.9735
 42988	-35.6159
 42989	-31.529
 42990	-35.2019
 42991	-37.1616
 42992	-39.7513
 42993	-38.6389
 42994	-40.7537
 42995	-43.5851
 42996	-42.2544
 42997	-40.1222
 42998	-38.4692
 42999	-38.7696
 43000	-43.2387
 43001	-42.1821
 43002	-38.6098
 43003	-48.0946
 43004	-49.4318
 43005	-44.7739
 43006	-46.7282
 43007	-44.3365
 43008	-45.0999
 43009	-51.1359
 43010	-40.5905
 43011	-35.819
 43012	-33.6596
 43013	-35.5504
 43014	-34.8989
 43015	-42.087
 43016	-46.507
 43017	-40.2109
 43018	-40.8051
 43019	-50.6028
 43020	-45.1715
 43021	-38.9783
 43022	-38.9301
 43023	-36.3938
 43024	-39.4745
 43025	-37.057
 43026	-38.5278
 43027	-40.9194
 43028	-47.4201
 43029	-41.9707
 43030	-36.9522
 43031	-38.2317
 43032	-44.8056
 43033	-34.6948
 43034	-38.2862
 43035	-42.0133
 43036	-42.8854
 43037	-35.0378
 43038	-36.3632
 43039	-41.5786
 43040	-39.6035
 43041	-38.5277
 43042	-44.2154
 43043	-41.6542
 43044	-44.1375
 43045	-43.8348
 43046	-43.2541
 43047	-45.2815
 43048	-40.1856
 43049	-39.5692
 43050	-42.4039
 43051	-48.6078
 43052	-46.3482
 43053	-39.4604
 43054	-36.362
 43055	-37.9795
 43056	-39.5864
 43057	-42.6686
 43058	-36.3512
 43059	-37.1033
 43060	-39.2854
 43061	-33.7761
 43062	-31.8157
 43063	-32.6056
 43064	-34.4245
 43065	-32.8266
 43066	-28.9521
 43067	-24.3071
 43068	-24.906
 43069	-25.8677
 43070	-23.771
 43071	-16.1481
 43072	-15.0349
 43073	-10.4201
 43074	-12.5663
 43075	-2.7808
 43076	-4.27812
 43077	-7.03093
 43078	-1.1514
 43079	-3.44187
 43080	-3.79077
 43081	3.91239
 43082	0.182129
 43083	1.82314
 43084	0.369796
 43085	5.26112
 43086	7.85631
 43087	3.19165
 43088	-2.27648
 43089	2.01151
 43090	8.76227
 43091	-0.843603
 43092	-0.957796
 43093	6.6965
 43094	6.44526
 43095	-1.0248
 43096	3.73245
 43097	4.69362
 43098	2.39191
 43099	-3.77797
 43100	-1.41082
 43101	-2.0629
 43102	-6.12775
 43103	-0.607054
 43104	-4.40886
 43105	-4.33963
 43106	-1.07942
 43107	-5.76161
 43108	-4.15316
 43109	-6.86816
 43110	-8.05554
 43111	-3.71474
 43112	-8.29256
 43113	-6.07909
 43114	-6.83772
 43115	-3.75786
 43116	0.0378734
 43117	-0.163702
 43118	-0.88564
 43119	-0.875802
 43120	0.39573
 43121	11.3441
 43122	9.78908
 43123	2.43701
 43124	8.80836
 43125	16.836
 43126	6.9291
 43127	5.52632
 43128	20.2694
 43129	19.3622
 43130	19.5602
 43131	15.583
 43132	13.9284
 43133	19.038
 43134	15.4348
 43135	17.8515
 43136	20.2296
 43137	14.0113
 43138	18.2248
 43139	20.7082
 43140	15.6877
 43141	18.7634
 43142	15.2831
 43143	12.1133
 43144	20.3444
 43145	21.2213
 43146	18.943
 43147	19.1991
 43148	12.9898
 43149	12.4906
 43150	15.3524
 43151	8.18967
 43152	12.6132
 43153	18.7291
 43154	10.8182
 43155	11.1798
 43156	17.7861
 43157	16.1447
 43158	13.1593
 43159	14.9321
 43160	12.8392
 43161	13.2254
 43162	8.27399
 43163	12.9979
 43164	13.4013
 43165	3.71965
 43166	4.07793
 43167	0.14483
 43168	-6.99173
 43169	-0.0314384
 43170	0.368074
 43171	-8.90079
 43172	-1.44272
 43173	-0.0470563
 43174	0.17125
 43175	-4.79865
 43176	-2.14323
 43177	4.43523
 43178	-4.25253
 43179	-9.79759
 43180	-3.38987
 43181	-2.60393
 43182	-3.43303
 43183	-1.26125
 43184	-0.778157
 43185	-2.49127
 43186	-0.967133
 43187	1.79635
 43188	6.78452
 43189	2.71425
 43190	-2.81625
 43191	3.48306
 43192	-2.8028
 43193	-2.8188
 43194	5.03292
 43195	8.77159
 43196	4.20051
 43197	3.66503
 43198	10.7476
 43199	13.9673
 43200	2.08425
 43201	0.550793
 43202	5.80485
 43203	-4.68933
 43204	-1.11263
 43205	2.04232
 43206	0.55123
 43207	2.3207
 43208	1.21132
 43209	-4.5933
 43210	-4.68121
 43211	-4.37723
 43212	-8.13141
 43213	-7.16681
 43214	-8.91191
 43215	-15.8074
 43216	-14.4566
 43217	-14.6783
 43218	-21.9679
 43219	-19.7226
 43220	-23.4734
 43221	-22.5381
 43222	-22.8775
 43223	-16.4177
 43224	-14.8906
 43225	-26.6124
 43226	-26.0116
 43227	-22.6752
 43228	-30.5687
 43229	-27.5905
 43230	-27.3492
 43231	-29.9939
 43232	-35.7682
 43233	-32.0411
 43234	-22.0564
 43235	-30.8119
 43236	-31.9765
 43237	-25.1782
 43238	-31.8717
 43239	-37.1001
 43240	-33.4568
 43241	-33.1488
 43242	-39.785
 43243	-42.7469
 43244	-37.5687
 43245	-40.8911
 43246	-41.2239
 43247	-42.6868
 43248	-40.4971
 43249	-37.9082
 43250	-46.4322
 43251	-48.8344
 43252	-40.8631
 43253	-40.8238
 43254	-38.7077
 43255	-40.2337
 43256	-37.8588
 43257	-35.2191
 43258	-36.7992
 43259	-28.2188
 43260	-27.4699
 43261	-28.5942
 43262	-21.8018
 43263	-26.2976
 43264	-35.3698
 43265	-33.8068
 43266	-25.0813
 43267	-25.7988
 43268	-33.6453
 43269	-24.4747
 43270	-17.5386
 43271	-19.5505
 43272	-19.081
 43273	-12.7268
 43274	-14.1733
 43275	-18.09
 43276	-19.828
 43277	-20.1765
 43278	-18.2323
 43279	-19.4532
 43280	-21.0441
 43281	-17.488
 43282	-18.857
 43283	-23.8908
 43284	-22.2655
 43285	-19.4089
 43286	-19.3047
 43287	-21.87
 43288	-22.2808
 43289	-19.6604
 43290	-19.3279
 43291	-14.6889
 43292	-8.72353
 43293	-17.2692
 43294	-18.2411
 43295	-15.7846
 43296	-21.4006
 43297	-20.3777
 43298	-19.2452
 43299	-22.4338
 43300	-25.622
 43301	-27.0661
 43302	-25.0117
 43303	-29.5911
 43304	-30.9143
 43305	-27.6871
 43306	-27.8258
 43307	-34.2853
 43308	-39.9347
 43309	-39.8648
 43310	-38.287
 43311	-42.9962
 43312	-47.9622
 43313	-45.7942
 43314	-47.2312
 43315	-53.0927
 43316	-49.8614
 43317	-46.824
 43318	-48.9695
 43319	-42.304
 43320	-40.9812
 43321	-40.6261
 43322	-37.7953
 43323	-39.9308
 43324	-42.7146
 43325	-40.7942
 43326	-37.9866
 43327	-40.4904
 43328	-47.8428
 43329	-35.0679
 43330	-32.2838
 43331	-44.137
 43332	-40.3706
 43333	-34.5195
 43334	-39.8299
 43335	-40.2526
 43336	-43.1213
 43337	-39.2934
 43338	-44.0237
 43339	-46.4101
 43340	-45.2334
 43341	-46.5059
 43342	-39.8721
 43343	-42.6091
 43344	-48.0104
 43345	-44.7833
 43346	-37.8938
 43347	-46.5662
 43348	-43.2293
 43349	-41.1901
 43350	-40.7189
 43351	-44.7186
 43352	-46.7797
 43353	-46.7933
 43354	-40.6751
 43355	-53.9228
 43356	-54.7832
 43357	-49.4649
 43358	-41.6896
 43359	-44.9947
 43360	-48.5723
 43361	-44.1252
 43362	-43.1541
 43363	-49.1716
 43364	-48.5087
 43365	-43.9087
 43366	-45.2495
 43367	-40.7959
 43368	-45.6489
 43369	-38.5272
 43370	-34.7546
 43371	-38.2043
 43372	-37.6904
 43373	-37.7838
 43374	-43.3593
 43375	-42.3034
 43376	-47.1012
 43377	-36.2281
 43378	-30.0155
 43379	-30.1413
 43380	-28.5532
 43381	-23.3118
 43382	-20.1884
 43383	-26.5187
 43384	-33.7053
 43385	-32.6672
 43386	-30.0936
 43387	-40.1318
 43388	-36.6386
 43389	-31.1612
 43390	-30.9248
 43391	-34.9318
 43392	-38.4623
 43393	-35.8685
 43394	-36.0967
 43395	-41.3794
 43396	-39.2168
 43397	-42.6154
 43398	-45.8529
 43399	-43.8395
 43400	-43.6463
 43401	-45.5992
 43402	-46.0225
 43403	-46.9328
 43404	-49.1412
 43405	-48.2559
 43406	-47.559
 43407	-40.0795
 43408	-42.1418
 43409	-40.7535
 43410	-34.6716
 43411	-40.523
 43412	-43.8897
 43413	-41.3659
 43414	-40.5714
 43415	-36.6833
 43416	-45.1903
 43417	-46.5663
 43418	-36.89
 43419	-35.2945
 43420	-40.427
 43421	-38.9925
 43422	-37.648
 43423	-40.4198
 43424	-52.9477
 43425	-54.6909
 43426	-44.3494
 43427	-51.5288
 43428	-53.2719
 43429	-51.2286
 43430	-51.0303
 43431	-44.4644
 43432	-42.2792
 43433	-43.0097
 43434	-41.8043
 43435	-41.8061
 43436	-42.0427
 43437	-50.5879
 43438	-48.335
 43439	-38.5349
 43440	-36.5755
 43441	-46.5861
 43442	-41.5898
 43443	-38.621
 43444	-42.351
 43445	-40.0256
 43446	-39.3928
 43447	-43.0937
 43448	-49.258
 43449	-48.3578
 43450	-41.2432
 43451	-45.5029
 43452	-43.4531
 43453	-38.7081
 43454	-39.3276
 43455	-42.1093
 43456	-45.1959
 43457	-44.9468
 43458	-40.0316
 43459	-48.3602
 43460	-50.8035
 43461	-44.8893
 43462	-47.3888
 43463	-51.0989
 43464	-49.6848
 43465	-50.1536
 43466	-49.7449
 43467	-46.7501
 43468	-43.6074
 43469	-48.1234
 43470	-42.5138
 43471	-35.5105
 43472	-41.7955
 43473	-45.4569
 43474	-42.2685
 43475	-39.6692
 43476	-46.8437
 43477	-44.006
 43478	-48.2108
 43479	-50.8535
 43480	-47.4476
 43481	-51.588
 43482	-51.8534
 43483	-48.1788
 43484	-52.7582
 43485	-51.3611
 43486	-51.2732
 43487	-50.6567
 43488	-50.7738
 43489	-45.1443
 43490	-42.6934
 43491	-49.2377
 43492	-45.7253
 43493	-38.8838
 43494	-46.5256
 43495	-44.8437
 43496	-40.2675
 43497	-39.8024
 43498	-34.9309
 43499	-30.8353
 43500	-30.5826
 43501	-24.9804
 43502	-18.5917
 43503	-23.3497
 43504	-29.2518
 43505	-23.7601
 43506	-25.0449
 43507	-30.4319
 43508	-26.052
 43509	-17.4074
 43510	-20.346
 43511	-20.0886
 43512	-15.2011
 43513	-19.1676
 43514	-26.8229
 43515	-23.704
 43516	-17.1757
 43517	-21.283
 43518	-30.5504
 43519	-27.4814
 43520	-21.0491
 43521	-33.4739
 43522	-42.1303
 43523	-36.4843
 43524	-31.6463
 43525	-37.9097
 43526	-44.1875
 43527	-43.7077
 43528	-43.7608
 43529	-44.6617
 43530	-40.2437
 43531	-45.951
 43532	-45.8217
 43533	-45.7642
 43534	-54.4496
 43535	-58.9778
 43536	-51.6301
 43537	-52.8891
 43538	-51.3055
 43539	-51.5328
 43540	-48.205
 43541	-41.5895
 43542	-41.2443
 43543	-40.308
 43544	-43.269
 43545	-43.3348
 43546	-39.5361
 43547	-43.1409
 43548	-46.5599
 43549	-39.3888
 43550	-40.6532
 43551	-39.297
 43552	-44.0197
 43553	-53.8477
 43554	-48.0657
 43555	-41.4561
 43556	-49.4081
 43557	-52.8449
 43558	-43.4146
 43559	-47.0388
 43560	-57.4302
 43561	-54.2029
 43562	-40.7859
 43563	-40.7128
 43564	-45.0262
 43565	-40.7832
 43566	-36.6271
 43567	-41.9081
 43568	-38.3977
 43569	-38.299
 43570	-44.6195
 43571	-40.2506
 43572	-38.5796
 43573	-32.4886
 43574	-32.5929
 43575	-33.1519
 43576	-30.2742
 43577	-31.6178
 43578	-33.4118
 43579	-31.3812
 43580	-35.0236
 43581	-34.9437
 43582	-40.1456
 43583	-40.2212
 43584	-41.423
 43585	-47.2067
 43586	-41.2508
 43587	-39.4062
 43588	-51.1484
 43589	-47.7432
 43590	-35.3171
 43591	-39.2057
 43592	-50.268
 43593	-46.3756
 43594	-37.1877
 43595	-43.7423
 43596	-47.5858
 43597	-43.8069
 43598	-39.4947
 43599	-42.1903
 43600	-40.6725
 43601	-38.4571
 43602	-39.4031
 43603	-37.8391
 43604	-37.0334
 43605	-34.7501
 43606	-42.3578
 43607	-46.3513
 43608	-37.995
 43609	-33.3655
 43610	-42.7595
 43611	-43.2482
 43612	-40.6257
 43613	-45.1027
 43614	-52.0792
 43615	-50.4553
 43616	-45.1373
 43617	-48.8655
 43618	-54.096
 43619	-46.485
 43620	-49.9134
 43621	-47.7826
 43622	-36.959
 43623	-45.2795
 43624	-51.1405
 43625	-48.4192
 43626	-39.1863
 43627	-43.2959
 43628	-49.5676
 43629	-41.248
 43630	-42.2596
 43631	-47.6732
 43632	-40.871
 43633	-44.3518
 43634	-40.1335
 43635	-41.2919
 43636	-45.6637
 43637	-41.7059
 43638	-44.6173
 43639	-45.1998
 43640	-42.2857
 43641	-39.993
 43642	-41.3351
 43643	-41.195
 43644	-37.1151
 43645	-37.0269
 43646	-40.4078
 43647	-29.4455
 43648	-28.4291
 43649	-32.9206
 43650	-30.9415
 43651	-23.5844
 43652	-22.8483
 43653	-27.9515
 43654	-18.4499
 43655	-18.5515
 43656	-28.808
 43657	-26.1096
 43658	-17.784
 43659	-23.2914
 43660	-31.216
 43661	-32.4624
 43662	-27.6268
 43663	-35.9426
 43664	-39.2215
 43665	-39.1895
 43666	-40.9452
 43667	-40.8269
 43668	-48.8457
 43669	-45.4258
 43670	-48.3031
 43671	-53.3658
 43672	-46.7998
 43673	-48.7194
 43674	-50.9615
 43675	-42.5974
 43676	-42.3072
 43677	-39.9022
 43678	-45.9792
 43679	-37.644
 43680	-28.5859
 43681	-39.9627
 43682	-38.1376
 43683	-31.0828
 43684	-30.7586
 43685	-31.4521
 43686	-31.697
 43687	-24.3001
 43688	-21.2419
 43689	-23.9719
 43690	-14.9221
 43691	-19.047
 43692	-24.5583
 43693	-22.208
 43694	-15.8834
 43695	-21.4061
 43696	-22.7334
 43697	-15.72
 43698	-9.07916
 43699	-9.55902
 43700	-13.8926
 43701	-10.2448
 43702	-4.78484
 43703	-15.3835
 43704	-9.28264
 43705	3.99649
 43706	-3.92523
 43707	-4.31939
 43708	2.42372
 43709	0.524453
 43710	-1.05312
 43711	1.16729
 43712	9.19483
 43713	6.8876
 43714	4.68238
 43715	16.1364
 43716	11.3207
 43717	5.35236
 43718	4.3379
 43719	-2.59924
 43720	-7.82863
 43721	-10.7245
 43722	-6.12931
 43723	-6.37119
 43724	-15.4253
 43725	-17.8423
 43726	-8.86622
 43727	-11.8881
 43728	-23.1666
 43729	-20.9203
 43730	-9.60826
 43731	-15.954
 43732	-14.3475
 43733	-15.3332
 43734	-18.1571
 43735	-15.6316
 43736	-15.4587
 43737	-14.8484
 43738	-14.5503
 43739	-9.60725
 43740	-1.4078
 43741	-8.31205
 43742	-5.61512
 43743	1.58692
 43744	-6.34525
 43745	-0.202482
 43746	0.0955834
 43747	-1.82039
 43748	0.522659
 43749	-1.42091
 43750	-5.83499
 43751	-10.2317
 43752	-14.2528
 43753	-15.9345
 43754	-10.8924
 43755	-10.1211
 43756	-20.5917
 43757	-18.2515
 43758	-11.9058
 43759	-23.2722
 43760	-34.4428
 43761	-36.7975
 43762	-29.6406
 43763	-29.6569
 43764	-40.3432
 43765	-34.0501
 43766	-32.3375
 43767	-33.9269
 43768	-36.6817
 43769	-39.51
 43770	-37.4865
 43771	-40.5651
 43772	-36.4492
 43773	-36.2998
 43774	-43.8355
 43775	-39.9732
 43776	-38.395
 43777	-45.4136
 43778	-46.2878
 43779	-47.3816
 43780	-42.6477
 43781	-48.5933
 43782	-48.3593
 43783	-45.2815
 43784	-48.6018
 43785	-46.7683
 43786	-47.1132
 43787	-51.5328
 43788	-46.7626
 43789	-42.9054
 43790	-44.8827
 43791	-40.5272
 43792	-37.6031
 43793	-39.2984
 43794	-41.8162
 43795	-35.2571
 43796	-34.5731
 43797	-31.9398
 43798	-34.3714
 43799	-35.4186
 43800	-33.5103
 43801	-30.4159
 43802	-30.2323
 43803	-26.712
 43804	-29.0409
 43805	-26.2658
 43806	-29.2788
 43807	-25.2562
 43808	-18.2
 43809	-16.6915
 43810	-13.7572
 43811	-14.4166
 43812	-13.9407
 43813	-9.2299
 43814	-9.56282
 43815	-5.24884
 43816	2.42922
 43817	0.513164
 43818	3.39781
 43819	-0.998647
 43820	-0.867765
 43821	1.98314
 43822	3.32638
 43823	5.64782
 43824	3.03284
 43825	5.78012
 43826	9.16006
 43827	9.16835
 43828	2.57329
 43829	5.04143
 43830	11.8231
 43831	1.97523
 43832	1.98948
 43833	13.1525
 43834	11.1701
 43835	5.74381
 43836	3.7665
 43837	4.95592
 43838	0.037283
 43839	3.31876
 43840	8.11364
 43841	6.25903
 43842	1.64626
 43843	8.69834
 43844	9.14697
 43845	1.61131
 43846	1.73076
 43847	0.291383
 43848	1.04551
 43849	1.7768
 43850	6.01233
 43851	2.13239
 43852	-0.206708
 43853	4.79745
 43854	8.09696
 43855	1.90685
 43856	5.34088
 43857	10.6326
 43858	6.91494
 43859	-3.27892
 43860	-4.58202
 43861	-10.4398
 43862	-13.708
 43863	-16.7984
 43864	-22.5953
 43865	-29.4998
 43866	-34.2167
 43867	-32.5287
 43868	-34.6424
 43869	-41.6034
 43870	-44.5435
 43871	-42.8443
 43872	-44.3797
 43873	-45.0314
 43874	-51.0094
 43875	-43.0919
 43876	-38.1371
 43877	-45.9882
 43878	-43.5132
 43879	-37.1856
 43880	-32.2411
 43881	-31.7252
 43882	-25.6318
 43883	-20.3776
 43884	-23.3789
 43885	-25.4834
 43886	-17.8174
 43887	-14.4123
 43888	-17.3226
 43889	-10.1333
 43890	1.7957
 43891	-6.55001
 43892	-10.4395
 43893	-1.1344
 43894	2.29208
 43895	-8.42811
 43896	-11.0608
 43897	-1.36349
 43898	-4.27925
 43899	-12.9872
 43900	-11.9908
 43901	-11.855
 43902	-14.003
 43903	-19.3147
 43904	-24.7545
 43905	-21.8247
 43906	-18.6165
 43907	-26.2831
 43908	-30.9169
 43909	-32.6932
 43910	-35.893
 43911	-39.9397
 43912	-44.7446
 43913	-42.6025
 43914	-44.0404
 43915	-45.7234
 43916	-45.5042
 43917	-51.2989
 43918	-54.8357
 43919	-51.0287
 43920	-48.3111
 43921	-52.1943
 43922	-53.3708
 43923	-50.7513
 43924	-47.6728
 43925	-50.9525
 43926	-47.462
 43927	-47.3185
 43928	-43.7449
 43929	-42.4361
 43930	-43.0842
 43931	-41.6784
 43932	-38.1432
 43933	-36.9655
 43934	-35.7182
 43935	-36.0561
 43936	-31.0521
 43937	-27.6936
 43938	-23.6584
 43939	-27.3808
 43940	-27.4979
 43941	-19.8517
 43942	-22.6838
 43943	-31.8383
 43944	-31.0828
 43945	-23.1583
 43946	-22.5179
 43947	-25.1085
 43948	-23.9843
 43949	-26.1967
 43950	-31.393
 43951	-21.8558
 43952	-28.4108
 43953	-36.0772
 43954	-38.7708
 43955	-37.8393
 43956	-43.4452
 43957	-44.0808
 43958	-37.7736
 43959	-35.7258
 43960	-42.9016
 43961	-39.5236
 43962	-43.7852
 43963	-46.9925
 43964	-44.4043
 43965	-47.9126
 43966	-49.4162
 43967	-46.0207
 43968	-44.4936
 43969	-48.5388
 43970	-42.5641
 43971	-42.4763
 43972	-46.8078
 43973	-39.4596
 43974	-34.2407
 43975	-43.6593
 43976	-41.0492
 43977	-33.1184
 43978	-29.8129
 43979	-36.2893
 43980	-39.3919
 43981	-41.2886
 43982	-43.5281
 43983	-37.6816
 43984	-43.2657
 43985	-42.7494
 43986	-36.202
 43987	-40.7561
 43988	-49.6876
 43989	-43.9572
 43990	-44.5757
 43991	-40.0381
 43992	-43.7814
 43993	-47.9267
 43994	-50.3945
 43995	-37.4607
 43996	-41.0118
 43997	-47.1252
 43998	-43.0685
 43999	-38.9133
 44000	-48.254
 44001	-45.8998
 44002	-46.7477
 44003	-51.5014
 44004	-46.173
 44005	-39.132
 44006	-43.5085
 44007	-46.3107
 44008	-37.595
 44009	-44.2918
 44010	-46.435
 44011	-44.8787
 44012	-42.3355
 44013	-45.7006
 44014	-41.1144
 44015	-45.8974
 44016	-40.2217
 44017	-38.1296
 44018	-39.4568
 44019	-52.3949
 44020	-45.0427
 44021	-39.272
 44022	-41.6526
 44023	-45.9894
 44024	-39.935
 44025	-37.2139
 44026	-45.0891
 44027	-47.3959
 44028	-42.1732
 44029	-42.3322
 44030	-45.7024
 44031	-43.5161
 44032	-45.5754
 44033	-43.0773
 44034	-42.7861
 44035	-47.3089
 44036	-49.6056
 44037	-42.4576
 44038	-44.6694
 44039	-45.5738
 44040	-45.4133
 44041	-45.7898
 44042	-38.324
 44043	-38.7279
 44044	-43.9168
 44045	-39.8506
 44046	-32.7714
 44047	-39.5498
 44048	-35.6304
 44049	-33.703
 44050	-34.3998
 44051	-41.5227
 44052	-36.1409
 44053	-42.0063
 44054	-39.486
 44055	-34.0976
 44056	-39.3229
 44057	-43.701
 44058	-35.9156
 44059	-40.9937
 44060	-45.8274
 44061	-43.6224
 44062	-44.903
 44063	-47.932
 44064	-43.7478
 44065	-44.3752
 44066	-50.4106
 44067	-48.1593
 44068	-48.1834
 44069	-48.7932
 44070	-51.1562
 44071	-47.2886
 44072	-52.6821
 44073	-50.121
 44074	-47.8233
 44075	-45.9511
 44076	-48.9319
 44077	-48.3433
 44078	-54.1632
 44079	-47.9108
 44080	-49.6371
 44081	-49.5003
 44082	-49.0022
 44083	-47.9323
 44084	-47.872
 44085	-42.3923
 44086	-43.0131
 44087	-40.5251
 44088	-41.9712
 44089	-43.5221
 44090	-41.7877
 44091	-49.4598
 44092	-43.592
 44093	-42.5258
 44094	-47.2262
 44095	-49.8137
 44096	-47.4672
 44097	-52.8344
 44098	-54.4427
 44099	-55.5905
 44100	-49.051
 44101	-49.0398
 44102	-45.9794
 44103	-42.3766
 44104	-42.9833
 44105	-43.9062
 44106	-39.9855
 44107	-38.4482
 44108	-36.8576
 44109	-36.2352
 44110	-44.5371
 44111	-36.5779
 44112	-39.8898
 44113	-43.025
 44114	-40.1257
 44115	-38.5934
 44116	-38.6008
 44117	-37.5197
 44118	-39.7825
 44119	-38.938
 44120	-45.8054
 44121	-45.3912
 44122	-45.7067
 44123	-50.5468
 44124	-46.5185
 44125	-45.407
 44126	-43.6814
 44127	-39.7777
 44128	-33.563
 44129	-41.5409
 44130	-37.75
 44131	-38.0805
 44132	-39.6478
 44133	-39.8721
 44134	-40.7066
 44135	-45.1744
 44136	-43.2104
 44137	-47.9099
 44138	-46.422
 44139	-48.3801
 44140	-48.6922
 44141	-50.2212
 44142	-57.0963
 44143	-47.7857
 44144	-41.0485
 44145	-44.0124
 44146	-39.8935
 44147	-37.8735
 44148	-42.7808
 44149	-36.3896
 44150	-45.0164
 44151	-38.4005
 44152	-38.7027
 44153	-35.2472
 44154	-40.0706
 44155	-43.0914
 44156	-44.6286
 44157	-41.7474
 44158	-43.702
 44159	-43.1889
 44160	-45.1637
 44161	-44.6148
 44162	-42.4725
 44163	-42.8845
 44164	-42.9957
 44165	-38.3959
 44166	-38.2318
 44167	-46.8497
 44168	-39.8526
 44169	-36.6117
 44170	-33.7122
 44171	-34.1241
 44172	-32.8624
 44173	-30.3701
 44174	-31.7645
 44175	-30.5447
 44176	-23.1987
 44177	-25.3045
 44178	-22.6911
 44179	-22.7292
 44180	-26.2988
 44181	-15.9113
 44182	-16.9386
 44183	-18.2143
 44184	-16.2819
 44185	-18.9929
 44186	-21.1596
 44187	-18.9289
 44188	-22.4154
 44189	-20.7609
 44190	-26.797
 44191	-28.9157
 44192	-33.9325
 44193	-38.9211
 44194	-37.0151
 44195	-37.5543
 44196	-38.8577
 44197	-40.6693
 44198	-42.0442
 44199	-42.5222
 44200	-40.9725
 44201	-45.6218
 44202	-48.1135
 44203	-50.8992
 44204	-49.0512
 44205	-53.7928
 44206	-47.694
 44207	-45.5727
 44208	-42.9335
 44209	-42.2615
 44210	-40.9728
 44211	-36.7376
 44212	-37.6014
 44213	-32.6563
 44214	-28.7143
 44215	-34.9776
 44216	-25.9447
 44217	-21.3147
 44218	-22.9338
 44219	-12.4387
 44220	-15.8425
 44221	-15.9143
 44222	-11.7282
 44223	-11.0382
 44224	-13.0484
 44225	-13.2126
 44226	-9.45434
 44227	-7.89633
 44228	-10.6392
 44229	-3.4271
 44230	-0.796282
 44231	2.81841
 44232	1.89939
 44233	0.0947954
 44234	1.47245
 44235	-1.06567
 44236	5.13216
 44237	6.44607
 44238	6.10669
 44239	2.05231
 44240	-0.915157
 44241	3.6112
 44242	0.970223
 44243	-5.77139
 44244	6.40329
 44245	8.66967
 44246	3.51449
 44247	-0.866365
 44248	1.7707
 44249	9.10339
 44250	-1.90796
 44251	-4.21633
 44252	4.75138
 44253	-2.61482
 44254	-1.45328
 44255	5.24251
 44256	4.80293
 44257	-3.32487
 44258	-2.63407
 44259	2.19665
 44260	-5.07421
 44261	-3.52515
 44262	2.58934
 44263	0.289657
 44264	0.0538616
 44265	-6.21071
 44266	-4.16232
 44267	-0.124626
 44268	-5.30053
 44269	-2.87142
 44270	-5.11727
 44271	-6.42015
 44272	-6.23465
 44273	-7.12014
 44274	-0.838993
 44275	-8.5816
 44276	-10.2151
 44277	-1.69509
 44278	-6.71085
 44279	-6.66971
 44280	-0.750977
 44281	-2.76906
 44282	-8.20269
 44283	-6.52401
 44284	-1.29263
 44285	-5.69296
 44286	-2.47541
 44287	4.10583
 44288	-3.4535
 44289	-2.78393
 44290	-0.39541
 44291	0.425552
 44292	-2.33391
 44293	-2.29236
 44294	1.20707
 44295	-1.64865
 44296	-1.1178
 44297	5.37808
 44298	3.36469
 44299	10.7731
 44300	6.24962
 44301	5.31297
 44302	9.4555
 44303	6.60541
 44304	2.76138
 44305	3.28751
 44306	1.6575
 44307	-2.20788
 44308	-7.49248
 44309	-3.83598
 44310	-11.1071
 44311	-12.713
 44312	-13.6853
 44313	-19.7211
 44314	-25.7814
 44315	-26.2427
 44316	-22.6451
 44317	-29.0283
 44318	-34.5603
 44319	-32.3871
 44320	-39.1333
 44321	-42.3436
 44322	-36.47
 44323	-42.8856
 44324	-43.1164
 44325	-48.4062
 44326	-46.7736
 44327	-40.2332
 44328	-43.7957
 44329	-38.3019
 44330	-36.8059
 44331	-37.361
 44332	-38.1934
 44333	-36.6863
 44334	-36.4778
 44335	-35.595
 44336	-40.0817
 44337	-36.8998
 44338	-42.911
 44339	-37.8194
 44340	-45.2767
 44341	-47.2466
 44342	-50.1055
 44343	-46.9819
 44344	-44.7049
 44345	-43.7877
 44346	-41.9913
 44347	-40.0746
 44348	-40.6282
 44349	-40.1884
 44350	-43.926
 44351	-45.3026
 44352	-42.3753
 44353	-43.0327
 44354	-36.3892
 44355	-43.1697
 44356	-39.1139
 44357	-37.9799
 44358	-42.9575
 44359	-38.7616
 44360	-36.1547
 44361	-42.0253
 44362	-41.1783
 44363	-39.1844
 44364	-32.862
 44365	-39.606
 44366	-40.4535
 44367	-40.7857
 44368	-50.1675
 44369	-47.8235
 44370	-51.4623
 44371	-55.217
 44372	-53.2891
 44373	-49.8733
 44374	-46.3804
 44375	-44.7543
 44376	-41.5105
 44377	-36.069
 44378	-40.8704
 44379	-40.3235
 44380	-36.9213
 44381	-35.4925
 44382	-35.2942
 44383	-32.18
 44384	-27.4518
 44385	-36.9577
 44386	-35.9232
 44387	-38.5087
 44388	-46.7645
 44389	-45.0465
 44390	-33.5659
 44391	-42.6218
 44392	-41.6101
 44393	-39.803
 44394	-36.5374
 44395	-43.2136
 44396	-40.0014
 44397	-39.8952
 44398	-45.7969
 44399	-41.7908
 44400	-41.6969
 44401	-40.489
 44402	-30.7247
 44403	-31.6648
 44404	-38.9574
 44405	-37.5722
 44406	-26.8382
 44407	-20.1719
 44408	-30.7836
 44409	-23.0036
 44410	-18.3315
 44411	-19.4175
 44412	-20.7043
 44413	-19.3802
 44414	-15.417
 44415	-20.9645
 44416	-24.379
 44417	-26.0943
 44418	-28.8002
 44419	-28.8666
 44420	-29.7028
 44421	-32.7155
 44422	-35.0879
 44423	-43.8337
 44424	-37.2975
 44425	-44.3947
 44426	-43.8938
 44427	-38.9168
 44428	-36.4418
 44429	-38.728
 44430	-39.8514
 44431	-31.6938
 44432	-27.434
 44433	-36.0676
 44434	-36.9013
 44435	-36.6814
 44436	-36.7918
 44437	-36.4838
 44438	-42.4126
 44439	-36.0526
 44440	-39.299
 44441	-45.3722
 44442	-48.2747
 44443	-43.0386
 44444	-41.8707
 44445	-46.0999
 44446	-48.1271
 44447	-44.4959
 44448	-47.9075
 44449	-43.8882
 44450	-42.6964
 44451	-44.4463
 44452	-45.7585
 44453	-45.9122
 44454	-43.201
 44455	-45.5949
 44456	-41.7548
 44457	-39.7465
 44458	-39.2039
 44459	-29.922
 44460	-29.3945
 44461	-30.1731
 44462	-29.8468
 44463	-31.8066
 44464	-33.6615
 44465	-41.3736
 44466	-42.5765
 44467	-40.1608
 44468	-45.5269
 44469	-44.1488
 44470	-47.6765
 44471	-46.1211
 44472	-49.7684
 44473	-48.681
 44474	-44.9752
 44475	-45.8562
 44476	-47.6094
 44477	-45.2417
 44478	-51.6662
 44479	-47.4076
 44480	-40.4631
 44481	-42.8766
 44482	-45.7487
 44483	-36.2688
 44484	-28.0066
 44485	-37.0229
 44486	-37.7162
 44487	-24.8369
 44488	-24.8744
 44489	-29.6183
 44490	-29.3035
 44491	-21.2383
 44492	-12.9031
 44493	-11.3707
 44494	-6.93463
 44495	-9.55877
 44496	-10.8133
 44497	-7.98337
 44498	-8.94455
 44499	-5.16143
 44500	-0.717013
 44501	2.89816
 44502	1.05062
 44503	2.03663
 44504	3.5934
 44505	-3.82985
 44506	-1.60648
 44507	2.89229
 44508	-11.6401
 44509	-9.29426
 44510	-3.01543
 44511	-2.38932
 44512	-8.58262
 44513	-9.20174
 44514	-7.83799
 44515	-15.9325
 44516	-22.0608
 44517	-19.5246
 44518	-22.4669
 44519	-24.9068
 44520	-24.1304
 44521	-27.3748
 44522	-32.288
 44523	-32.2363
 44524	-28.6982
 44525	-32.3246
 44526	-36.5255
 44527	-33.1463
 44528	-30.1244
 44529	-32.5854
 44530	-34.962
 44531	-31.3833
 44532	-27.7208
 44533	-33.3235
 44534	-35.8321
 44535	-34.212
 44536	-29.1162
 44537	-33.9235
 44538	-41.8429
 44539	-35.4849
 44540	-40.9104
 44541	-42.9565
 44542	-38.8416
 44543	-39.2838
 44544	-34.7656
 44545	-37.2717
 44546	-37.7303
 44547	-37.5539
 44548	-38.1301
 44549	-34.4212
 44550	-38.8796
 44551	-42.8867
 44552	-34.7668
 44553	-31.5177
 44554	-33.6925
 44555	-41.031
 44556	-32.0114
 44557	-27.5982
 44558	-36.0233
 44559	-41.4148
 44560	-34.3004
 44561	-30.1707
 44562	-36.2447
 44563	-35.6071
 44564	-23.0678
 44565	-29.3757
 44566	-34.5769
 44567	-30.6984
 44568	-32.3698
 44569	-40.9273
 44570	-43.9377
 44571	-33.7521
 44572	-40.8484
 44573	-47.0618
 44574	-35.1562
 44575	-36.8591
 44576	-39.2402
 44577	-33.801
 44578	-40.0742
 44579	-40.565
 44580	-43.2468
 44581	-44.2243
 44582	-45.3947
 44583	-47.1516
 44584	-39.3412
 44585	-42.0091
 44586	-43.6956
 44587	-40.7656
 44588	-42.4095
 44589	-41.3018
 44590	-35.1994
 44591	-40.0594
 44592	-35.646
 44593	-27.0798
 44594	-24.928
 44595	-31.0275
 44596	-26.2526
 44597	-19.6659
 44598	-20.9024
 44599	-18.8365
 44600	-9.26237
 44601	-5.29088
 44602	-0.545377
 44603	2.86815
 44604	0.254023
 44605	-0.0799387
 44606	4.07974
 44607	4.19661
 44608	-0.273613
 44609	2.42533
 44610	-1.688
 44611	-3.61638
 44612	-0.75907
 44613	-10.224
 44614	-9.32893
 44615	-0.107971
 44616	-2.5136
 44617	-1.29958
 44618	-3.99722
 44619	-5.2152
 44620	-5.9457
 44621	-5.28617
 44622	-4.66827
 44623	-6.8076
 44624	-1.84495
 44625	2.66347
 44626	1.90169
 44627	-0.128673
 44628	2.08168
 44629	5.44367
 44630	4.82321
 44631	-1.03693
 44632	-0.379147
 44633	-2.00366
 44634	2.21285
 44635	-2.13013
 44636	-11.7507
 44637	-8.72653
 44638	-6.4634
 44639	-10.5029
 44640	-13.6212
 44641	-9.00396
 44642	-11.0087
 44643	-19.3057
 44644	-15.3411
 44645	-19.8733
 44646	-29.089
 44647	-18.6654
 44648	-20.9911
 44649	-35.9016
 44650	-42.2459
 44651	-37.4293
 44652	-39.902
 44653	-48.3821
 44654	-48.9972
 44655	-45.9101
 44656	-51.4838
 44657	-43.4367
 44658	-41.0368
 44659	-42.5162
 44660	-37.9632
 44661	-32.2874
 44662	-37.6035
 44663	-41.1589
 44664	-34.7982
 44665	-36.6517
 44666	-36.2843
 44667	-36.1655
 44668	-36.8806
 44669	-27.0752
 44670	-22.0966
 44671	-24.8063
 44672	-26.118
 44673	-22.1054
 44674	-17.1215
 44675	-25.3875
 44676	-27.1563
 44677	-25.9355
 44678	-22.7579
 44679	-12.9353
 44680	-11.414
 44681	-13.8299
 44682	-10.5462
 44683	-1.93022
 44684	-6.59487
 44685	-5.68015
 44686	-5.39765
 44687	-8.36606
 44688	-4.57578
 44689	1.37264
 44690	-5.57225
 44691	-14.8902
 44692	-11.7132
 44693	-8.30927
 44694	-20.3928
 44695	-28.0474
 44696	-29.7652
 44697	-30.8579
 44698	-41.1647
 44699	-36.3224
 44700	-41.4131
 44701	-46.2192
 44702	-34.4584
 44703	-43.5909
 44704	-51.7254
 44705	-49.0921
 44706	-46.214
 44707	-49.8251
 44708	-49.9623
 44709	-52.2486
 44710	-45.4629
 44711	-44.0448
 44712	-46.2651
 44713	-50.609
 44714	-41.2609
 44715	-41.5949
 44716	-46.6491
 44717	-37.864
 44718	-24.7209
 44719	-32.8613
 44720	-36.5902
 44721	-28.4147
 44722	-23.7972
 44723	-24.602
 44724	-29.1281
 44725	-32.5744
 44726	-32.0168
 44727	-26.2288
 44728	-33.836
 44729	-40.22
 44730	-40.3377
 44731	-38.6838
 44732	-45.2443
 44733	-40.4348
 44734	-36.5747
 44735	-39.6145
 44736	-44.1997
 44737	-38.8056
 44738	-45.8443
 44739	-41.5915
 44740	-37.2891
 44741	-43.5026
 44742	-39.1605
 44743	-33.7817
 44744	-37.262
 44745	-44.7482
 44746	-40.4728
 44747	-40.7807
 44748	-45.5367
 44749	-36.1224
 44750	-30.3478
 44751	-43.2777
 44752	-44.8658
 44753	-40.2631
 44754	-39.596
 44755	-45.5774
 44756	-43.4494
 44757	-54.1195
 44758	-52.8604
 44759	-48.3967
 44760	-54.4707
 44761	-55.0947
 44762	-53.359
 44763	-53.1651
 44764	-51.0779
 44765	-40.1853
 44766	-41.2565
 44767	-46.2439
 44768	-44.9283
 44769	-41.7135
 44770	-48.0808
 44771	-41.8935
 44772	-45.7692
 44773	-47.2114
 44774	-38.0497
 44775	-33.6282
 44776	-41.8519
 44777	-37.2529
 44778	-30.495
 44779	-38.6596
 44780	-40.6959
 44781	-28.9241
 44782	-29.0997
 44783	-37.2788
 44784	-32.0026
 44785	-28.7063
 44786	-32.7683
 44787	-33.5368
 44788	-28.8748
 44789	-41.8025
 44790	-40.8376
 44791	-37.0055
 44792	-37.0872
 44793	-41.5512
 44794	-38.1807
 44795	-40.6191
 44796	-36.8379
 44797	-36.8735
 44798	-35.0949
 44799	-39.1176
 44800	-35.0709
 44801	-33.0334
 44802	-33.8888
 44803	-31.8157
 44804	-33.5991
 44805	-30.5326
 44806	-24.0327
 44807	-23.0172
 44808	-24.6475
 44809	-23.5025
 44810	-17.009
 44811	-14.9671
 44812	-27.2823
 44813	-25.7996
 44814	-20.1806
 44815	-21.1982
 44816	-27.1626
 44817	-25.7862
 44818	-26.2201
 44819	-29.9895
 44820	-32.4185
 44821	-38.9351
 44822	-39.5054
 44823	-34.0736
 44824	-34.2837
 44825	-33.5996
 44826	-30.6275
 44827	-31.244
 44828	-24.8804
 44829	-23.9974
 44830	-22.2291
 44831	-20.0291
 44832	-12.1407
 44833	-9.13334
 44834	-9.37846
 44835	-3.73251
 44836	0.941921
 44837	-1.15678
 44838	2.08768
 44839	10.0255
 44840	4.53344
 44841	5.35296
 44842	13.6439
 44843	11.6563
 44844	4.34997
 44845	5.09331
 44846	2.789
 44847	1.55285
 44848	1.68301
 44849	-0.978969
 44850	-7.45268
 44851	-5.64235
 44852	-1.17127
 44853	-8.11465
 44854	-14.8168
 44855	-5.49891
 44856	-13.6753
 44857	-18.1232
 44858	-8.7273
 44859	-11.7857
 44860	-18.8083
 44861	-11.414
 44862	-11.3751
 44863	-21.9214
 44864	-19.9429
 44865	-16.2713
 44866	-16.9497
 44867	-16.5835
 44868	-18.5332
 44869	-21.6448
 44870	-21.6144
 44871	-19.7229
 44872	-21.0775
 44873	-27.9328
 44874	-19.3997
 44875	-19.4004
 44876	-29.7289
 44877	-18.9232
 44878	-14.4202
 44879	-22.6902
 44880	-26.1324
 44881	-22.4883
 44882	-18.7796
 44883	-18.4647
 44884	-21.8696
 44885	-22.1861
 44886	-22.4487
 44887	-18.2418
 44888	-20.7778
 44889	-19.994
 44890	-13.2368
 44891	-13.8033
 44892	-16.799
 44893	-10.1065
 44894	-14.6576
 44895	-23.5109
 44896	-14.324
 44897	-13.7451
 44898	-21.1316
 44899	-17.2772
 44900	-13.5798
 44901	-18.6176
 44902	-16.312
 44903	-19.3392
 44904	-23.6531
 44905	-22.9132
 44906	-18.9167
 44907	-13.5934
 44908	-17.3817
 44909	-15.7711
 44910	-11.858
 44911	-15.1646
 44912	-11.7715
 44913	-10.1612
 44914	-16.937
 44915	-8.8263
 44916	-3.69399
 44917	-5.83762
 44918	-6.83446
 44919	2.94052
 44920	3.04584
 44921	-6.99148
 44922	-1.80021
 44923	-1.92624
 44924	-12.9596
 44925	-9.73067
 44926	-8.4063
 44927	-9.16144
 44928	-16.2003
 44929	-18.0405
 44930	-18.3919
 44931	-18.6546
 44932	-19.5519
 44933	-27.1695
 44934	-26.2213
 44935	-27.6338
 44936	-32.8965
 44937	-30.5159
 44938	-26.1419
 44939	-26.8505
 44940	-28.4855
 44941	-27.9757
 44942	-25.7931
 44943	-27.3321
 44944	-28.1815
 44945	-27.5841
 44946	-29.5145
 44947	-24.7942
 44948	-22.8931
 44949	-29.8417
 44950	-35.0805
 44951	-31.4184
 44952	-32.1096
 44953	-40.7599
 44954	-41.9403
 44955	-35.0765
 44956	-41.9331
 44957	-38.526
 44958	-38.2232
 44959	-40.6248
 44960	-31.8455
 44961	-30.0997
 44962	-34.7285
 44963	-29.4204
 44964	-26.6706
 44965	-35.1489
 44966	-34.5767
 44967	-27.0236
 44968	-28.0548
 44969	-33.897
 44970	-22.0592
 44971	-14.0842
 44972	-13.3858
 44973	-13.6559
 44974	-3.91342
 44975	-7.1019
 44976	-13.5557
 44977	-9.73181
 44978	-10.6
 44979	-10.4365
 44980	-8.60711
 44981	-11.585
 44982	-10.8436
 44983	-10.295
 44984	-14.2055
 44985	-13.5417
 44986	-9.11668
 44987	-10.7327
 44988	-22.9796
 44989	-18.4565
 44990	-16.3698
 44991	-25.9069
 44992	-28.5224
 44993	-24.6954
 44994	-25.6984
 44995	-31.4775
 44996	-29.0919
 44997	-28.5108
 44998	-30.4112
 44999	-32.2877
 45000	-27.5436
 45001	-30.8796
 45002	-25.9886
 45003	-26.9086
 45004	-18.1118
 45005	-14.7573
 45006	-18.5235
 45007	-23.8394
 45008	-16.515
 45009	-14.9558
 45010	-21.2632
 45011	-27.1292
 45012	-21.2859
 45013	-17.0047
 45014	-24.5746
 45015	-18.3849
 45016	-14.5924
 45017	-11.2785
 45018	-7.66281
 45019	-1.54063
 45020	-10.7193
 45021	-10.5965
 45022	-6.0866
 45023	-5.06419
 45024	-12.3019
 45025	-6.64089
 45026	-5.22518
 45027	-1.8964
 45028	-1.90421
 45029	-9.44939
 45030	-12.8844
 45031	-10.3487
 45032	-5.50237
 45033	-11.1765
 45034	-5.79946
 45035	-1.6962
 45036	-5.43734
 45037	-7.82258
 45038	-6.38952
 45039	-12.7622
 45040	-7.65928
 45041	-6.8834
 45042	-7.02607
 45043	-8.70421
 45044	-3.60045
 45045	-2.53826
 45046	-11.0712
 45047	-8.22727
 45048	-8.59927
 45049	-8.78779
 45050	-8.69803
 45051	-5.42247
 45052	-3.94687
 45053	1.54467
 45054	-1.08409
 45055	1.84971
 45056	-3.54477
 45057	-0.344193
 45058	1.80817
 45059	7.20908
 45060	5.79312
 45061	5.11209
 45062	3.19786
 45063	6.86396
 45064	-2.27927
 45065	-4.29853
 45066	-2.25004
 45067	-4.13562
 45068	-2.08644
 45069	-5.48015
 45070	-3.10575
 45071	-4.1745
 45072	-3.62526
 45073	3.74437
 45074	3.56036
 45075	-3.76752
 45076	4.05612
 45077	2.38753
 45078	-4.24671
 45079	-6.7757
 45080	-3.67781
 45081	-8.10654
 45082	-7.15951
 45083	7.57467
 45084	1.5012
 45085	1.44361
 45086	3.50077
 45087	-2.0889
 45088	-7.68268
 45089	-5.54139
 45090	-5.30323
 45091	0.491097
 45092	-4.70071
 45093	-5.25894
 45094	-14.9245
 45095	-17.6127
 45096	-14.6363
 45097	-27.6181
 45098	-31.9903
 45099	-23.1596
 45100	-26.0245
 45101	-27.8819
 45102	-26.6935
 45103	-31.9703
 45104	-28.8523
 45105	-31.6884
 45106	-36.8734
 45107	-45.1517
 45108	-38.3381
 45109	-41.1969
 45110	-41.4055
 45111	-39.947
 45112	-41.0951
 45113	-43.6295
 45114	-36.337
 45115	-35.0288
 45116	-40.5686
 45117	-43.4952
 45118	-32.0593
 45119	-33.696
 45120	-41.0995
 45121	-27.2449
 45122	-27.4982
 45123	-28.2605
 45124	-27.9745
 45125	-32.5041
 45126	-31.6313
 45127	-20.5413
 45128	-17.5657
 45129	-15.7305
 45130	-17.3619
 45131	-16.1497
 45132	-15.8483
 45133	-18.5172
 45134	-20.2522
 45135	-23.4946
 45136	-21.4772
 45137	-16.1451
 45138	-18.5131
 45139	-25.1182
 45140	-18.4106
 45141	-23.5328
 45142	-32.0641
 45143	-35.2989
 45144	-36.5438
 45145	-41.665
 45146	-37.1901
 45147	-43.6217
 45148	-49.7024
 45149	-48.7605
 45150	-41.9858
 45151	-47.3565
 45152	-50.4275
 45153	-43.4613
 45154	-43.5549
 45155	-49.2949
 45156	-41.164
 45157	-39.9419
 45158	-41.1555
 45159	-28.9864
 45160	-26.5914
 45161	-28.4078
 45162	-30.8739
 45163	-27.9603
 45164	-22.0198
 45165	-25.2594
 45166	-33.536
 45167	-22.5473
 45168	-7.80198
 45169	-9.22877
 45170	-12.6695
 45171	-6.8275
 45172	-4.18004
 45173	-14.3133
 45174	-9.68981
 45175	-1.53592
 45176	-8.6424
 45177	-12.936
 45178	-7.24205
 45179	-14.035
 45180	-22.8003
 45181	-15.6981
 45182	-9.11004
 45183	-12.7636
 45184	-8.81769
 45185	-10.6392
 45186	-13.5221
 45187	-13.0002
 45188	-12.4138
 45189	-17.8854
 45190	-22.1753
 45191	-20.4085
 45192	-23.3392
 45193	-28.0826
 45194	-25.1858
 45195	-26.8948
 45196	-29.8637
 45197	-27.6533
 45198	-34.4232
 45199	-37.8461
 45200	-29.8389
 45201	-28.3993
 45202	-34.0743
 45203	-35.0913
 45204	-34.7614
 45205	-40.7956
 45206	-39.7084
 45207	-38.3542
 45208	-39.3843
 45209	-41.8338
 45210	-43.743
 45211	-52.6944
 45212	-54.4264
 45213	-45.5283
 45214	-47.2791
 45215	-54.2536
 45216	-47.5254
 45217	-40.478
 45218	-52.7524
 45219	-58.4423
 45220	-50.3622
 45221	-49.3525
 45222	-57.413
 45223	-56.6747
 45224	-54.4891
 45225	-52.5414
 45226	-52.2571
 45227	-45.5939
 45228	-47.2827
 45229	-45.4153
 45230	-45.3009
 45231	-42.8583
 45232	-36.0649
 45233	-41.7866
 45234	-43.9588
 45235	-36.367
 45236	-36.9782
 45237	-42.6797
 45238	-40.5493
 45239	-31.481
 45240	-30.2954
 45241	-36.5202
 45242	-34.9972
 45243	-37.2525
 45244	-39.3864
 45245	-36.4975
 45246	-38.4224
 45247	-41.2896
 45248	-35.5558
 45249	-35.7795
 45250	-38.52
 45251	-39.0715
 45252	-37.0327
 45253	-33.9574
 45254	-41.6497
 45255	-43.4053
 45256	-40.5395
 45257	-46.5703
 45258	-44.6931
 45259	-46.909
 45260	-51.3194
 45261	-47.1134
 45262	-51.2201
 45263	-53.1561
 45264	-51.7442
 45265	-51.2219
 45266	-56.076
 45267	-56.7857
 45268	-51.2662
 45269	-52.0825
 45270	-48.3757
 45271	-44.9954
 45272	-46.4215
 45273	-49.4765
 45274	-43.6691
 45275	-35.9238
 45276	-38.1977
 45277	-32.6346
 45278	-25.8558
 45279	-26.0178
 45280	-22.9605
 45281	-20.4494
 45282	-25.4181
 45283	-24.58
 45284	-17.4343
 45285	-15.0563
 45286	-15.6343
 45287	-11.5811
 45288	-1.98263
 45289	-0.184592
 45290	-8.82712
 45291	-0.974277
 45292	1.70908
 45293	9.25371
 45294	10.6178
 45295	13.9273
 45296	20.9608
 45297	17.8101
 45298	17.2096
 45299	19.4202
 45300	20.304
 45301	15.7286
 45302	12.6882
 45303	17.727
 45304	8.32054
 45305	6.45209
 45306	17.3779
 45307	9.27741
 45308	4.13652
 45309	6.18021
 45310	10.9721
 45311	5.61271
 45312	1.93753
 45313	5.66533
 45314	2.40825
 45315	-3.30182
 45316	4.74516
 45317	2.83992
 45318	3.13997
 45319	2.59173
 45320	3.08173
 45321	-1.12469
 45322	-5.08077
 45323	-2.16827
 45324	-5.93127
 45325	-6.78285
 45326	-8.34159
 45327	-6.12175
 45328	-8.5969
 45329	-11.2588
 45330	-11.7188
 45331	-12.7143
 45332	-16.1312
 45333	-9.77688
 45334	-15.2977
 45335	-16.0217
 45336	-11.477
 45337	-13.0582
 45338	-14.4177
 45339	-21.6991
 45340	-23.0071
 45341	-15.5418
 45342	-25.5622
 45343	-30.15
 45344	-21.5011
 45345	-19.0066
 45346	-21.1132
 45347	-24.8521
 45348	-17.866
 45349	-17.1487
 45350	-23.8526
 45351	-26.6034
 45352	-24.0558
 45353	-22.6176
 45354	-26.1048
 45355	-25.9193
 45356	-17.0886
 45357	-16.8225
 45358	-14.1956
 45359	-14.2015
 45360	-1.0246
 45361	-4.89602
 45362	-12.9341
 45363	-5.78943
 45364	0.582935
 45365	-1.12948
 45366	-2.84896
 45367	9.00552
 45368	9.80238
 45369	5.04588
 45370	10.5134
 45371	12.1961
 45372	9.17619
 45373	11.2181
 45374	10.0603
 45375	9.20842
 45376	5.95848
 45377	-3.31241
 45378	1.7735
 45379	4.45094
 45380	-4.60602
 45381	-11.5149
 45382	-8.10829
 45383	-9.73935
 45384	-14.9328
 45385	-16.6635
 45386	-19.6135
 45387	-19.7579
 45388	-14.0313
 45389	-21.9123
 45390	-23.3531
 45391	-16.8361
 45392	-20.0284
 45393	-24.6265
 45394	-24.1432
 45395	-21.6487
 45396	-30.1277
 45397	-24.6311
 45398	-10.7026
 45399	-23.0664
 45400	-24.0971
 45401	-11.4381
 45402	-12.1381
 45403	-15.1405
 45404	-19.7926
 45405	-7.60589
 45406	-9.79814
 45407	-18.044
 45408	-7.28606
 45409	-9.63268
 45410	-7.55996
 45411	-5.31611
 45412	-7.08365
 45413	-2.82758
 45414	-1.7369
 45415	0.0106045
 45416	1.52887
 45417	-2.17359
 45418	0.0135357
 45419	3.52577
 45420	4.78972
 45421	-2.65159
 45422	-1.89759
 45423	5.67043
 45424	1.99772
 45425	-1.29997
 45426	1.59004
 45427	6.12551
 45428	3.09451
 45429	0.0509426
 45430	8.93556
 45431	7.8051
 45432	5.7547
 45433	15.7033
 45434	7.92053
 45435	6.70141
 45436	7.1885
 45437	-0.152975
 45438	-0.935653
 45439	-4.50306
 45440	-8.71911
 45441	-1.04235
 45442	-3.25989
 45443	-6.7061
 45444	-8.74991
 45445	-6.98954
 45446	-5.81637
 45447	-11.6896
 45448	-13.6324
 45449	-12.0288
 45450	-13.6589
 45451	-13.1009
 45452	-11.5924
 45453	-13.4036
 45454	-13.659
 45455	-5.30182
 45456	-6.28375
 45457	-12.7574
 45458	-4.33738
 45459	-4.53371
 45460	-4.53877
 45461	-8.98903
 45462	-9.56546
 45463	-5.95543
 45464	-9.23623
 45465	-7.63266
 45466	-8.9732
 45467	-13.4295
 45468	-8.94288
 45469	-9.47794
 45470	-10.9953
 45471	-11.661
 45472	-14.9567
 45473	-10.5209
 45474	-13.1415
 45475	-19.6509
 45476	-23.0485
 45477	-16.279
 45478	-20.9625
 45479	-23.0068
 45480	-26.4602
 45481	-23.9196
 45482	-20.7742
 45483	-24.812
 45484	-21.7118
 45485	-15.7683
 45486	-15.511
 45487	-12.6889
 45488	-15.1578
 45489	-12.6865
 45490	-5.08544
 45491	-12.2691
 45492	-15.3744
 45493	-6.93512
 45494	-6.71858
 45495	-16.5504
 45496	-11.3043
 45497	-6.05885
 45498	-9.21957
 45499	-12.1045
 45500	-6.10614
 45501	-3.10959
 45502	-1.85686
 45503	5.23215
 45504	7.3405
 45505	-3.6678
 45506	6.91855
 45507	5.34122
 45508	1.11211
 45509	2.19026
 45510	2.81977
 45511	3.32793
 45512	0.237433
 45513	0.697068
 45514	-0.126065
 45515	7.0113
 45516	-1.05392
 45517	-3.46993
 45518	1.39022
 45519	-2.79434
 45520	-9.7335
 45521	-7.53706
 45522	-4.45368
 45523	-12.2676
 45524	-19.1796
 45525	-5.57499
 45526	-11.3531
 45527	-18.5526
 45528	-5.60617
 45529	-7.3904
 45530	-14.1427
 45531	-8.00854
 45532	-8.13284
 45533	-11.7183
 45534	-10.5659
 45535	-9.12452
 45536	-7.52996
 45537	-20.9895
 45538	-18.233
 45539	-16.7148
 45540	-22.7466
 45541	-27.8184
 45542	-23.1377
 45543	-22.0784
 45544	-20.4134
 45545	-26.0241
 45546	-20.3013
 45547	-19.3865
 45548	-28.1005
 45549	-35.7446
 45550	-34.6316
 45551	-38.4723
 45552	-46.2013
 45553	-42.4453
 45554	-47.636
 45555	-43.8922
 45556	-43.4018
 45557	-37.0876
 45558	-42.8013
 45559	-42.5327
 45560	-39.1581
 45561	-36.9154
 45562	-46.101
 45563	-40.4786
 45564	-39.3629
 45565	-39.1916
 45566	-35.5583
 45567	-36.1121
 45568	-30.2725
 45569	-23.0366
 45570	-18.6536
 45571	-19.3943
 45572	-11.0638
 45573	-7.74969
 45574	-7.66913
 45575	-8.05416
 45576	-2.81707
 45577	0.0112003
 45578	0.962282
 45579	1.69254
 45580	8.52542
 45581	11.9531
 45582	12.8881
 45583	13.5764
 45584	7.73729
 45585	10.7596
 45586	16.5671
 45587	12.8433
 45588	8.1445
 45589	1.70412
 45590	-5.07739
 45591	-3.32483
 45592	-13.6775
 45593	-17.8066
 45594	-18.8637
 45595	-19.2698
 45596	-18.3418
 45597	-19.9312
 45598	-21.1845
 45599	-17.5914
 45600	-19.5837
 45601	-23.1688
 45602	-23.445
 45603	-17.9034
 45604	-16.5503
 45605	-18.0415
 45606	-15.2083
 45607	-14.0487
 45608	-19.1972
 45609	-21.0759
 45610	-9.86384
 45611	-13.8041
 45612	-17.2285
 45613	-11.4819
 45614	-7.72591
 45615	-11.1168
 45616	-11.1242
 45617	-11.0412
 45618	-5.22287
 45619	-10.2201
 45620	-12.4045
 45621	-3.08698
 45622	-4.33715
 45623	-5.48801
 45624	-0.597757
 45625	-2.33238
 45626	-2.52184
 45627	-4.01602
 45628	-7.1566
 45629	-5.54113
 45630	-11.7814
 45631	-8.94752
 45632	-12.7925
 45633	-14.0267
 45634	-9.115
 45635	-12.9353
 45636	-15.4097
 45637	-16.463
 45638	-20.2047
 45639	-22.873
 45640	-18.922
 45641	-19.7912
 45642	-24.1475
 45643	-25.3318
 45644	-26.9046
 45645	-29.1059
 45646	-27.46
 45647	-32.4665
 45648	-28.5194
 45649	-26.016
 45650	-23.8394
 45651	-25.4227
 45652	-20.5821
 45653	-18.1779
 45654	-22.5092
 45655	-22.4743
 45656	-15.919
 45657	-20.2688
 45658	-15.0299
 45659	-7.3989
 45660	-8.69085
 45661	-5.83614
 45662	-4.85946
 45663	-6.40662
 45664	-5.54792
 45665	-6.79129
 45666	-5.24963
 45667	-6.80251
 45668	-3.76423
 45669	0.625108
 45670	-10.3317
 45671	-14.0911
 45672	-13.5246
 45673	-17.9972
 45674	-17.3974
 45675	-17.1783
 45676	-7.90128
 45677	-3.79252
 45678	-5.7259
 45679	-10.1149
 45680	-12.0087
 45681	-12.5178
 45682	-15.2218
 45683	-16.8928
 45684	-13.7312
 45685	-15.3668
 45686	-14.2467
 45687	-16.0091
 45688	-15.1855
 45689	-16.9315
 45690	-19.7825
 45691	-18.1694
 45692	-11.0593
 45693	-6.25351
 45694	-3.63768
 45695	-4.24657
 45696	4.90185
 45697	0.370604
 45698	-9.24184
 45699	-4.69233
 45700	-4.26377
 45701	-8.57684
 45702	-12.4273
 45703	-2.8435
 45704	2.72425
 45705	-4.96835
 45706	-5.20528
 45707	-1.20239
 45708	-5.68831
 45709	-7.5495
 45710	-8.58896
 45711	-6.0167
 45712	-9.60618
 45713	-10.7384
 45714	-3.5778
 45715	-6.49261
 45716	-11.7521
 45717	-7.10181
 45718	-2.27509
 45719	-8.08983
 45720	-13.3506
 45721	-6.94168
 45722	-2.97074
 45723	-9.61897
 45724	-9.47708
 45725	-11.5013
 45726	-8.26292
 45727	-8.08642
 45728	-11.2778
 45729	-14.6496
 45730	-12.5987
 45731	-5.6242
 45732	-9.5162
 45733	-16.5847
 45734	-12.6672
 45735	-7.05246
 45736	-7.52109
 45737	-11.3469
 45738	-12.0743
 45739	-11.9929
 45740	-20.2675
 45741	-17.0573
 45742	-16.0807
 45743	-19.9616
 45744	-20.6244
 45745	-12.1493
 45746	-18.4163
 45747	-22.026
 45748	-18.8703
 45749	-12.9453
 45750	-19.9706
 45751	-26.205
 45752	-22.5981
 45753	-22.9639
 45754	-22.6637
 45755	-24.5562
 45756	-30.7722
 45757	-31.278
 45758	-32.9943
 45759	-37.2637
 45760	-37.0141
 45761	-26.2795
 45762	-24.7252
 45763	-26.0987
 45764	-23.8154
 45765	-26.4266
 45766	-26.7152
 45767	-27.1985
 45768	-29.7689
 45769	-29.6469
 45770	-31.6228
 45771	-27.5037
 45772	-22.9676
 45773	-20.9559
 45774	-18.3128
 45775	-18.963
 45776	-21.1359
 45777	-24.1334
 45778	-28.7017
 45779	-20.8307
 45780	-14.3202
 45781	-17.0926
 45782	-19.0444
 45783	-13.4284
 45784	-14.388
 45785	-14.2185
 45786	-17.5018
 45787	-14.4857
 45788	-10.2647
 45789	-7.57689
 45790	-5.39424
 45791	-1.05909
 45792	3.42331
 45793	3.41155
 45794	0.861718
 45795	-1.54206
 45796	0.801444
 45797	-3.61233
 45798	-2.21208
 45799	-0.435639
 45800	-7.16663
 45801	-11.0011
 45802	-3.56263
 45803	-8.23736
 45804	-11.645
 45805	-9.34486
 45806	-4.77033
 45807	-12.527
 45808	-16.9056
 45809	-13.9488
 45810	-13.8244
 45811	-14.3573
 45812	-17.6843
 45813	-18.0779
 45814	-17.1419
 45815	-9.49968
 45816	-5.981
 45817	-8.82891
 45818	-7.10723
 45819	-5.71873
 45820	-10.9925
 45821	-2.73445
 45822	-8.1532
 45823	-8.81122
 45824	-1.81021
 45825	-5.45628
 45826	-2.35753
 45827	-1.26163
 45828	-1.43594
 45829	5.95341
 45830	7.16959
 45831	9.68369
 45832	7.58246
 45833	8.1595
 45834	15.8044
 45835	5.37391
 45836	0.437388
 45837	7.43413
 45838	8.52773
 45839	9.17131
 45840	8.69183
 45841	8.8677
 45842	1.97216
 45843	0.183661
 45844	6.20473
 45845	-7.45378
 45846	-5.13332
 45847	3.29264
 45848	4.40859
 45849	-1.57603
 45850	-3.44902
 45851	2.17355
 45852	0.539502
 45853	-11.2771
 45854	-5.47369
 45855	-1.67693
 45856	-0.158192
 45857	1.91558
 45858	3.41874
 45859	6.60627
 45860	-5.08305
 45861	-4.85775
 45862	4.73722
 45863	-11.5258
 45864	-10.3107
 45865	4.76398
 45866	4.58171
 45867	-7.75217
 45868	-6.62605
 45869	6.52793
 45870	-3.28991
 45871	-3.68537
 45872	9.3518
 45873	5.51826
 45874	-0.216528
 45875	-2.01523
 45876	-0.824061
 45877	-8.45227
 45878	-20.2603
 45879	-14.7505
 45880	-13.009
 45881	-24.1269
 45882	-21.9
 45883	-21.8773
 45884	-23.424
 45885	-24.0999
 45886	-24.9224
 45887	-20.3828
 45888	-23.8603
 45889	-18.5702
 45890	-10.6489
 45891	-24.6388
 45892	-28.4492
 45893	-27.3646
 45894	-26.5966
 45895	-30.5997
 45896	-35.877
 45897	-27.9706
 45898	-28.6903
 45899	-36.7647
 45900	-30.8512
 45901	-31.0498
 45902	-31.102
 45903	-28.2235
 45904	-23.3075
 45905	-29.2087
 45906	-33.8948
 45907	-16.3286
 45908	-15.2585
 45909	-24.7493
 45910	-20.9142
 45911	-15.5426
 45912	-21.1259
 45913	-34.8202
 45914	-28.7745
 45915	-20.0353
 45916	-28.4464
 45917	-27.8796
 45918	-27.6256
 45919	-24.3431
 45920	-20.4989
 45921	-27.302
 45922	-28.4898
 45923	-26.3585
 45924	-31.7615
 45925	-34.5196
 45926	-35.633
 45927	-35.8964
 45928	-37.2638
 45929	-42.7619
 45930	-41.5674
 45931	-48.6488
 45932	-42.932
 45933	-40.6732
 45934	-48.7235
 45935	-44.6556
 45936	-45.1436
 45937	-51.7562
 45938	-54.2507
 45939	-47.749
 45940	-49.2765
 45941	-54.7176
 45942	-45.8077
 45943	-45.9811
 45944	-48.5903
 45945	-41.7415
 45946	-42.6737
 45947	-38.604
 45948	-36.2789
 45949	-40.1847
 45950	-40.5314
 45951	-41.7373
 45952	-38.9234
 45953	-40.6361
 45954	-38.0773
 45955	-27.8906
 45956	-32.3869
 45957	-31.2249
 45958	-23.4344
 45959	-21.2126
 45960	-22.7544
 45961	-22.6305
 45962	-20.1126
 45963	-13.1587
 45964	-15.7979
 45965	-13.0596
 45966	-9.53905
 45967	-12.068
 45968	-7.11236
 45969	-9.57696
 45970	-12.8512
 45971	-11.4864
 45972	-10.1943
 45973	-12.7408
 45974	-15.1305
 45975	-14.9362
 45976	-12.4184
 45977	-11.1884
 45978	-17.1434
 45979	-23.6509
 45980	-22.9413
 45981	-25.9438
 45982	-24.6152
 45983	-30.9558
 45984	-32.659
 45985	-22.212
 45986	-22.0621
 45987	-25.529
 45988	-29.5243
 45989	-26.8921
 45990	-22.0866
 45991	-35.2369
 45992	-37.2804
 45993	-29.3808
 45994	-31.7877
 45995	-31.409
 45996	-34.2501
 45997	-42.9538
 45998	-41.88
 45999	-38.9139
 46000	-38.4241
 46001	-42.6656
 46002	-40.3909
 46003	-36.2579
 46004	-48.4481
 46005	-51.5248
 46006	-41.4959
 46007	-45.1038
 46008	-40.8414
 46009	-37.7792
 46010	-38.2957
 46011	-39.8196
 46012	-37.087
 46013	-43.5727
 46014	-41.7305
 46015	-38.5358
 46016	-40.3521
 46017	-41.159
 46018	-35.0923
 46019	-42.8186
 46020	-36.8077
 46021	-30.3764
 46022	-34.0775
 46023	-42.2426
 46024	-42.5274
 46025	-36.1987
 46026	-42.6445
 46027	-43.1987
 46028	-41.5784
 46029	-38.472
 46030	-36.4816
 46031	-33.3117
 46032	-35.3649
 46033	-27.3604
 46034	-29.7193
 46035	-31.2048
 46036	-35.4237
 46037	-31.3261
 46038	-21.1377
 46039	-24.16
 46040	-30.1425
 46041	-26.4184
 46042	-21.5871
 46043	-21.7972
 46044	-22.5091
 46045	-25.6683
 46046	-15.1152
 46047	-16.2494
 46048	-20.3791
 46049	-20.8394
 46050	-19.1634
 46051	-28.0183
 46052	-25.2902
 46053	-26.0944
 46054	-27.3765
 46055	-25.9987
 46056	-20.94
 46057	-24.4069
 46058	-27.7627
 46059	-26.9626
 46060	-29.4957
 46061	-30.4549
 46062	-29.5369
 46063	-21.8699
 46064	-22.9444
 46065	-24.1247
 46066	-26.1993
 46067	-29.7735
 46068	-31.613
 46069	-29.3666
 46070	-35.0675
 46071	-31.3903
 46072	-27.0181
 46073	-23.6357
 46074	-27.9792
 46075	-29.9989
 46076	-32.6623
 46077	-31.7973
 46078	-32.7032
 46079	-32.3435
 46080	-32.3899
 46081	-27.4363
 46082	-28.0058
 46083	-28.1471
 46084	-18.4472
 46085	-16.1017
 46086	-19.7076
 46087	-8.07553
 46088	-7.74402
 46089	-14.5466
 46090	-2.22736
 46091	-1.94442
 46092	-3.59438
 46093	-3.94563
 46094	-8.23336
 46095	-9.90775
 46096	-9.47052
 46097	-6.36324
 46098	-2.50212
 46099	-1.55211
 46100	-0.309161
 46101	-4.86701
 46102	-0.656257
 46103	4.92017
 46104	-1.69811
 46105	-3.81523
 46106	6.54195
 46107	-1.59682
 46108	-2.87015
 46109	2.04004
 46110	5.70791
 46111	-0.78234
 46112	-0.30668
 46113	4.87653
 46114	1.64375
 46115	0.123326
 46116	4.52717
 46117	10.586
 46118	-0.68591
 46119	-6.82161
 46120	-0.0124067
 46121	-3.92721
 46122	-6.83868
 46123	-18.2593
 46124	-20.8461
 46125	-11.0408
 46126	-17.7492
 46127	-22.757
 46128	-19.1619
 46129	-19.7961
 46130	-17.101
 46131	-25.9894
 46132	-29.7281
 46133	-17.6876
 46134	-18.8356
 46135	-18.352
 46136	-12.819
 46137	-14.6843
 46138	-12.2443
 46139	-6.1319
 46140	-7.07099
 46141	-5.30472
 46142	-2.85099
 46143	-3.39216
 46144	2.62725
 46145	2.76783
 46146	2.43502
 46147	6.51719
 46148	8.24152
 46149	5.54374
 46150	0.427575
 46151	1.46474
 46152	-0.369721
 46153	0.203797
 46154	0.0779601
 46155	2.40017
 46156	0.826876
 46157	5.34549
 46158	7.27243
 46159	-0.533738
 46160	3.60258
 46161	-0.788177
 46162	-8.34312
 46163	-8.49389
 46164	-7.8345
 46165	-5.30256
 46166	-10.5695
 46167	-12.3089
 46168	-9.42851
 46169	-13.3042
 46170	-16.6376
 46171	-10.1445
 46172	-21.5488
 46173	-22.0667
 46174	-18.6551
 46175	-27.4985
 46176	-24.0465
 46177	-18.3003
 46178	-31.229
 46179	-31.9909
 46180	-29.4722
 46181	-29.6333
 46182	-30.4985
 46183	-33.2958
 46184	-31.161
 46185	-35.7363
 46186	-44.2874
 46187	-41.2335
 46188	-42.9083
 46189	-40.1021
 46190	-38.991
 46191	-47.61
 46192	-46.1795
 46193	-44.1927
 46194	-46.756
 46195	-36.7372
 46196	-36.7304
 46197	-35.7128
 46198	-34.0091
 46199	-37.8784
 46200	-37.1212
 46201	-30.0124
 46202	-33.0077
 46203	-26.6337
 46204	-32.9161
 46205	-36.0153
 46206	-30.2513
 46207	-31.4514
 46208	-35.802
 46209	-30.7258
 46210	-30.9982
 46211	-19.854
 46212	-18.3494
 46213	-15.9347
 46214	-9.53675
 46215	-14.4108
 46216	-13.0124
 46217	-8.6277
 46218	-7.43061
 46219	1.22036
 46220	1.04419
 46221	5.26471
 46222	9.9329
 46223	-1.34244
 46224	6.71304
 46225	10.4999
 46226	-1.17998
 46227	3.58651
 46228	8.18071
 46229	-3.55455
 46230	0.939248
 46231	5.14074
 46232	-0.776207
 46233	-0.0414937
 46234	-3.44675
 46235	-5.36041
 46236	-1.0863
 46237	-10.1828
 46238	-13.0397
 46239	-7.52909
 46240	-17.6449
 46241	-15.7544
 46242	-20.5314
 46243	-28.4201
 46244	-24.0852
 46245	-33.8579
 46246	-39.3654
 46247	-34.8895
 46248	-42.2378
 46249	-42.5817
 46250	-40.9023
 46251	-44.6426
 46252	-42.4905
 46253	-54.8318
 46254	-54.9065
 46255	-50.8789
 46256	-52.5834
 46257	-54.5898
 46258	-53.8264
 46259	-50.1868
 46260	-45.205
 46261	-48.9385
 46262	-38.855
 46263	-38.128
 46264	-44.6724
 46265	-37.666
 46266	-29.3199
 46267	-27.7468
 46268	-25.4858
 46269	-26.8982
 46270	-29.9941
 46271	-23.1273
 46272	-24.9228
 46273	-35.3226
 46274	-35.3615
 46275	-40.5734
 46276	-39.5775
 46277	-42.6836
 46278	-46.8985
 46279	-40.7654
 46280	-50.6946
 46281	-59.502
 46282	-55.9686
 46283	-59.3
 46284	-55.4924
 46285	-60.5585
 46286	-69.1106
 46287	-63.5374
 46288	-56.0684
 46289	-56.6357
 46290	-63.0493
 46291	-64.2864
 46292	-47.9744
 46293	-44.873
 46294	-47.1501
 46295	-44.1247
 46296	-44.2176
 46297	-39.3171
 46298	-34.0644
 46299	-34.6078
 46300	-24.6016
 46301	-18.6112
 46302	-21.173
 46303	-16.8636
 46304	-17.769
 46305	-19.6912
 46306	-14.1386
 46307	-8.41977
 46308	-20.9279
 46309	-21.6692
 46310	-16.639
 46311	-16.4443
 46312	-19.9625
 46313	-21.5802
 46314	-21.8834
 46315	-21.7596
 46316	-25.0543
 46317	-24.3919
 46318	-29.1289
 46319	-25.3309
 46320	-26.5153
 46321	-37.0493
 46322	-40.7272
 46323	-40.3766
 46324	-34.1719
 46325	-35.5597
 46326	-45.609
 46327	-44.9765
 46328	-39.3984
 46329	-45.3594
 46330	-46.6021
 46331	-42.3432
 46332	-37.3672
 46333	-41.182
 46334	-45.1478
 46335	-44.6711
 46336	-38.9946
 46337	-38.7836
 46338	-33.4279
 46339	-35.1407
 46340	-39.988
 46341	-39.593
 46342	-28.5418
 46343	-24.7233
 46344	-35.2865
 46345	-33.6177
 46346	-24.516
 46347	-19.0847
 46348	-22.3076
 46349	-22.0063
 46350	-15.665
 46351	-14.7233
 46352	-8.84496
 46353	-13.5015
 46354	-22.3107
 46355	-5.81589
 46356	-6.15922
 46357	-14.6233
 46358	-17.0427
 46359	-10.8112
 46360	-10.0338
 46361	-8.16828
 46362	-11.7863
 46363	-19.8182
 46364	-17.5497
 46365	-14.0027
 46366	-26.1517
 46367	-28.8576
 46368	-21.7537
 46369	-17.3187
 46370	-18.281
 46371	-18.6307
 46372	-21.4084
 46373	-24.7092
 46374	-15.9496
 46375	-18.7921
 46376	-24.6531
 46377	-15.4945
 46378	-14.9304
 46379	-15.6413
 46380	-14.9922
 46381	-23.5493
 46382	-27.4448
 46383	-28.7413
 46384	-35.1643
 46385	-39.2017
 46386	-41.1535
 46387	-38.1077
 46388	-39.8228
 46389	-44.5224
 46390	-50.9414
 46391	-51.2184
 46392	-49.2178
 46393	-52.6207
 46394	-66.4682
 46395	-60.3375
 46396	-47.4615
 46397	-47.7491
 46398	-57.3963
 46399	-50.6013
 46400	-48.4168
 46401	-53.972
 46402	-48.6173
 46403	-48.2441
 46404	-53.5794
 46405	-44.0433
 46406	-36.811
 46407	-35.3898
 46408	-41.3988
 46409	-32.9333
 46410	-26.6983
 46411	-31.0042
 46412	-33.5621
 46413	-39.451
 46414	-39.2365
 46415	-28.305
 46416	-26.5751
 46417	-28.1852
 46418	-32.332
 46419	-28.9416
 46420	-21.116
 46421	-24.4757
 46422	-33.58
 46423	-32.3837
 46424	-19.3174
 46425	-21.8149
 46426	-29.0353
 46427	-25.8154
 46428	-17.3136
 46429	-21.9146
 46430	-23.4764
 46431	-16.5587
 46432	-10.8071
 46433	-18.0395
 46434	-6.92722
 46435	-7.14251
 46436	-16.4251
 46437	-17.4108
 46438	-18.6054
 46439	-19.582
 46440	-21.9529
 46441	-21.1009
 46442	-13.0117
 46443	-10.4711
 46444	-15.4331
 46445	-16.5227
 46446	-18.3427
 46447	-13.4403
 46448	-19.5223
 46449	-19.367
 46450	-9.41801
 46451	-14.6704
 46452	-14.131
 46453	-10.558
 46454	-12.4574
 46455	-13.7644
 46456	-15.5465
 46457	-13.5165
 46458	-13.3061
 46459	-15.4716
 46460	-12.8196
 46461	-18.2316
 46462	-14.4189
 46463	-15.2683
 46464	-16.9017
 46465	-20.642
 46466	-21.4493
 46467	-15.7381
 46468	-23.6577
 46469	-19.8842
 46470	-9.17352
 46471	-19.5546
 46472	-17.611
 46473	-12.619
 46474	-15.3703
 46475	-11.9304
 46476	-13.8472
 46477	-3.06928
 46478	-4.54063
 46479	-8.38714
 46480	-1.2069
 46481	-3.02802
 46482	-8.74131
 46483	-7.04035
 46484	-7.28614
 46485	-1.63341
 46486	1.40596
 46487	3.52222
 46488	-5.55757
 46489	-0.817726
 46490	0.688903
 46491	-9.73656
 46492	-8.65156
 46493	-9.67426
 46494	-15.3173
 46495	-6.68761
 46496	-10.9101
 46497	-16.7393
 46498	-11.0786
 46499	-8.94823
 46500	-11.9473
 46501	-12.874
 46502	-5.85753
 46503	-4.53318
 46504	-12.3947
 46505	-8.79876
 46506	-14.4304
 46507	-18.9403
 46508	-16.8882
 46509	-21.4871
 46510	-18.8232
 46511	-24.3897
 46512	-25.031
 46513	-18.4724
 46514	-27.9208
 46515	-38.0496
 46516	-35.5434
 46517	-29.0273
 46518	-30.4195
 46519	-38.073
 46520	-37.8914
 46521	-34.8177
 46522	-36.1506
 46523	-38.4503
 46524	-43.9982
 46525	-42.45
 46526	-38.2497
 46527	-34.396
 46528	-34.7227
 46529	-37.8875
 46530	-32.0265
 46531	-27.1916
 46532	-31.6535
 46533	-33.5163
 46534	-38.8728
 46535	-30.7528
 46536	-30.1322
 46537	-35.9462
 46538	-31.9114
 46539	-23.961
 46540	-23.5878
 46541	-28.6597
 46542	-28.8846
 46543	-23.9998
 46544	-31.8006
 46545	-32.4402
 46546	-28.0035
 46547	-25.0262
 46548	-27.1931
 46549	-28.1066
 46550	-18.2882
 46551	-22.4463
 46552	-29.9773
 46553	-19.1399
 46554	-8.27108
 46555	-13.6649
 46556	-9.1917
 46557	-0.737286
 46558	2.10516
 46559	-3.20805
 46560	-2.00327
 46561	-2.30141
 46562	3.30239
 46563	5.24612
 46564	0.0796413
 46565	0.523525
 46566	4.6523
 46567	1.6614
 46568	-4.77128
 46569	-6.5854
 46570	-6.91919
 46571	-15.3215
 46572	-14.9354
 46573	-12.1959
 46574	-22.5328
 46575	-21.3221
 46576	-18.0676
 46577	-22.5859
 46578	-25.9899
 46579	-23.1976
 46580	-18.7607
 46581	-18.9062
 46582	-20.0605
 46583	-19.0516
 46584	-23.9171
 46585	-18.9779
 46586	-13.6872
 46587	-20.9402
 46588	-14.5309
 46589	-11.7122
 46590	-19.9394
 46591	-18.1386
 46592	-12.9588
 46593	-16.0922
 46594	-14.7429
 46595	-16.1335
 46596	-21.2586
 46597	-27.4706
 46598	-27.6656
 46599	-25.4422
 46600	-24.5507
 46601	-31.5401
 46602	-30.8669
 46603	-30.2749
 46604	-20.9349
 46605	-16.5758
 46606	-20.1009
 46607	-13.6158
 46608	-13.6843
 46609	-19.7398
 46610	-18.4584
 46611	-11.8056
 46612	-18.0443
 46613	-19.0291
 46614	-12.6818
 46615	-12.6261
 46616	-16.2701
 46617	-13.9523
 46618	-9.97473
 46619	-11.5928
 46620	-13.0825
 46621	-6.70529
 46622	-10.0469
 46623	-8.44348
 46624	-0.804493
 46625	-7.24642
 46626	-11.4129
 46627	-10.2428
 46628	-9.94563
 46629	-5.97594
 46630	0.536766
 46631	-3.58893
 46632	-4.34302
 46633	-4.85828
 46634	-6.88142
 46635	-5.89647
 46636	-5.88128
 46637	-8.65918
 46638	-14.3478
 46639	-19.5526
 46640	-16.5676
 46641	-21.0811
 46642	-22.5498
 46643	-17.7951
 46644	-28.1681
 46645	-33.0254
 46646	-29.4015
 46647	-37.7555
 46648	-45.1686
 46649	-38.9841
 46650	-40.2693
 46651	-48.4279
 46652	-52.3306
 46653	-40.3563
 46654	-34.4092
 46655	-41.7452
 46656	-43.5307
 46657	-44.7975
 46658	-45.872
 46659	-41.5405
 46660	-44.3361
 46661	-36.6511
 46662	-33.8575
 46663	-33.3998
 46664	-32.4966
 46665	-33.6482
 46666	-30.3855
 46667	-24.0444
 46668	-21.2477
 46669	-19.8161
 46670	-22.6432
 46671	-13.4315
 46672	-9.01651
 46673	-8.58569
 46674	-10.3577
 46675	-9.36845
 46676	-10.8776
 46677	-12.6391
 46678	-6.99903
 46679	-12.6733
 46680	-16.8066
 46681	-9.0319
 46682	-14.6925
 46683	-15.3693
 46684	-11.0386
 46685	-15.9388
 46686	-15.2061
 46687	-14.9755
 46688	-20.0041
 46689	-26.567
 46690	-31.1101
 46691	-21.0991
 46692	-14.5592
 46693	-19.4094
 46694	-13.8661
 46695	-13.5571
 46696	-10.0224
 46697	-10.1728
 46698	-12.863
 46699	-11.9639
 46700	-5.24646
 46701	-4.79
 46702	-2.94849
 46703	4.51472
 46704	7.65344
 46705	6.80526
 46706	15.9153
 46707	13.6183
 46708	7.36285
 46709	9.44597
 46710	14.4061
 46711	14.8002
 46712	7.7547
 46713	14.0471
 46714	15.0256
 46715	1.15963
 46716	-0.371801
 46717	-1.89186
 46718	-7.74321
 46719	-7.05705
 46720	-6.9961
 46721	-12.7786
 46722	-8.82237
 46723	-7.59348
 46724	-8.81882
 46725	-8.59464
 46726	-12.8209
 46727	-11.6699
 46728	-11.2065
 46729	-3.93039
 46730	-3.8754
 46731	-2.37042
 46732	1.87302
 46733	5.91455
 46734	2.20266
 46735	4.0805
 46736	5.87526
 46737	4.77658
 46738	14.2416
 46739	13.4528
 46740	8.26938
 46741	18.5723
 46742	15.8494
 46743	3.47799
 46744	4.14099
 46745	6.18674
 46746	3.08836
 46747	3.63465
 46748	10.0355
 46749	13.0019
 46750	1.07564
 46751	1.89481
 46752	10.8852
 46753	5.20502
 46754	0.937642
 46755	8.79867
 46756	12.5143
 46757	5.37236
 46758	7.7101
 46759	5.39778
 46760	10.9204
 46761	4.81866
 46762	-7.16893
 46763	1.99148
 46764	6.39309
 46765	-5.27497
 46766	-7.99846
 46767	-7.3048
 46768	-7.68972
 46769	-14.1689
 46770	-12.8748
 46771	-5.28654
 46772	-12.2102
 46773	-10.5682
 46774	-1.75921
 46775	-3.76088
 46776	-9.54551
 46777	-2.71294
 46778	-7.31992
 46779	-13.9647
 46780	-17.8872
 46781	-18.8723
 46782	-18.9439
 46783	-17.9705
 46784	-21.3407
 46785	-17.6082
 46786	-21.8143
 46787	-24.4129
 46788	-20.494
 46789	-22.8138
 46790	-21.0207
 46791	-15.9958
 46792	-12.3773
 46793	-9.03174
 46794	-8.08675
 46795	-7.97996
 46796	-4.54865
 46797	-17.2236
 46798	-19.9557
 46799	-19.9077
 46800	-25.3627
 46801	-25.9024
 46802	-23.0867
 46803	-26.8683
 46804	-24.7234
 46805	-22.5241
 46806	-17.3117
 46807	-20.0997
 46808	-29.1479
 46809	-24.5661
 46810	-23.0736
 46811	-30.8387
 46812	-35.49
 46813	-34.4734
 46814	-38.2933
 46815	-37.2058
 46816	-35.5428
 46817	-33.0668
 46818	-30.8851
 46819	-29.3413
 46820	-21.5959
 46821	-21.965
 46822	-31.8446
 46823	-27.3007
 46824	-18.6985
 46825	-23.742
 46826	-25.5592
 46827	-22.2991
 46828	-14.624
 46829	-18.1311
 46830	-25.2686
 46831	-23.4858
 46832	-25.6528
 46833	-31.2113
 46834	-28.1506
 46835	-29.481
 46836	-28.1162
 46837	-29.7662
 46838	-29.6431
 46839	-27.6204
 46840	-29.477
 46841	-32.732
 46842	-32.3943
 46843	-32.5031
 46844	-32.3492
 46845	-35.8852
 46846	-46.5591
 46847	-43.3776
 46848	-36.1571
 46849	-45.6058
 46850	-49.564
 46851	-47.9181
 46852	-50.5311
 46853	-54.5135
 46854	-64.3546
 46855	-54.2918
 46856	-49.7624
 46857	-55.1635
 46858	-53.5856
 46859	-48.9381
 46860	-46.3567
 46861	-47.0766
 46862	-54.8756
 46863	-53.6015
 46864	-47.552
 46865	-41.9724
 46866	-46.5282
 46867	-46.988
 46868	-40.0491
 46869	-38.1496
 46870	-39.7203
 46871	-34.125
 46872	-26.1997
 46873	-25.6732
 46874	-26.4147
 46875	-22.9035
 46876	-19.7848
 46877	-20.1381
 46878	-24.9599
 46879	-21.4715
 46880	-18.4525
 46881	-28.5055
 46882	-30.8979
 46883	-27.4382
 46884	-19.3806
 46885	-19.1646
 46886	-25.8328
 46887	-19.0552
 46888	-11.2579
 46889	-26.7107
 46890	-29.8889
 46891	-23.3622
 46892	-16.6548
 46893	-25.4746
 46894	-29.4316
 46895	-20.2978
 46896	-21.1338
 46897	-31.4078
 46898	-34.694
 46899	-37.8988
 46900	-38.6656
 46901	-40.563
 46902	-44.1358
 46903	-40.6591
 46904	-41.9135
 46905	-35.0196
 46906	-37.8991
 46907	-39.2243
 46908	-38.0003
 46909	-35.7622
 46910	-40.5567
 46911	-38.5086
 46912	-35.9756
 46913	-34.6293
 46914	-36.4655
 46915	-29.6015
 46916	-32.1786
 46917	-34.8577
 46918	-34.7789
 46919	-33.6975
 46920	-33.9492
 46921	-39.6305
 46922	-32.6029
 46923	-25.93
 46924	-33.6856
 46925	-36.2806
 46926	-36.7935
 46927	-36.9839
 46928	-34.9054
 46929	-43.0351
 46930	-41.8988
 46931	-39.8566
 46932	-40.7728
 46933	-41.4407
 46934	-46.5332
 46935	-43.0023
 46936	-43.1833
 46937	-44.9381
 46938	-46.3
 46939	-43.5372
 46940	-42.7512
 46941	-34.8181
 46942	-36.43
 46943	-39.3846
 46944	-41.8223
 46945	-38.9457
 46946	-43.2741
 46947	-42.9017
 46948	-42.6307
 46949	-41.1919
 46950	-42.7608
 46951	-40.3626
 46952	-36.8712
 46953	-36.3328
 46954	-37.1181
 46955	-40.6608
 46956	-47.9403
 46957	-46.0296
 46958	-38.3562
 46959	-43.3122
 46960	-42.1684
 46961	-43.9025
 46962	-41.681
 46963	-44.233
 46964	-48.5403
 46965	-49.6366
 46966	-41.9271
 46967	-40.8027
 46968	-40.2616
 46969	-42.439
 46970	-38.313
 46971	-38.5441
 46972	-36.6782
 46973	-38.8885
 46974	-39.4115
 46975	-37.7959
 46976	-38.0216
 46977	-44.5332
 46978	-42.5881
 46979	-36.6496
 46980	-35.5507
 46981	-37.2667
 46982	-34.3531
 46983	-32.3055
 46984	-30.166
 46985	-24.0472
 46986	-24.1845
 46987	-30.9031
 46988	-25.697
 46989	-18.0376
 46990	-23.4491
 46991	-34.2245
 46992	-33.2895
 46993	-27.9397
 46994	-35.6439
 46995	-40.3833
 46996	-36.679
 46997	-36.7524
 46998	-34.494
 46999	-38.6819
 47000	-40.3927
 47001	-38.9606
 47002	-35.0023
 47003	-39.556
 47004	-41.5675
 47005	-38.1208
 47006	-36.7142
 47007	-39.9511
 47008	-38.0585
 47009	-35.5622
 47010	-33.5882
 47011	-34.44
 47012	-27.5867
 47013	-29.2575
 47014	-26.6511
 47015	-23.4005
 47016	-25.6937
 47017	-23.0129
 47018	-16.905
 47019	-15.9844
 47020	-14.4461
 47021	-15.3809
 47022	-12.1894
 47023	-18.526
 47024	-23.3418
 47025	-17.524
 47026	-27.2059
 47027	-36.3334
 47028	-28.8883
 47029	-28.1004
 47030	-32.4026
 47031	-39.1748
 47032	-38.5677
 47033	-40.8264
 47034	-49.4349
 47035	-52.2881
 47036	-48.5015
 47037	-53.0993
 47038	-53.8389
 47039	-53.627
 47040	-52.5053
 47041	-50.0505
 47042	-47.8358
 47043	-49.0157
 47044	-49.1701
 47045	-45.0042
 47046	-45.7395
 47047	-46.2121
 47048	-42.7317
 47049	-36.3294
 47050	-35.8878
 47051	-33.2884
 47052	-25.4315
 47053	-14.2511
 47054	-16.0213
 47055	-11.4037
 47056	-7.07116
 47057	-3.09318
 47058	-9.99941
 47059	-16.0332
 47060	-5.25207
 47061	-2.97284
 47062	-11.0505
 47063	-4.88112
 47064	0.234275
 47065	-3.759
 47066	-4.76556
 47067	4.5013
 47068	7.13273
 47069	0.881966
 47070	-1.97735
 47071	7.29725
 47072	5.51717
 47073	-1.58234
 47074	-1.03189
 47075	-0.440788
 47076	-0.613039
 47077	-4.6366
 47078	-3.22057
 47079	-2.53191
 47080	0.785252
 47081	-1.21128
 47082	-2.08247
 47083	1.8446
 47084	-0.504336
 47085	-0.0737471
 47086	3.67754
 47087	0.602133
 47088	-3.43634
 47089	0.746318
 47090	-2.87432
 47091	-8.91296
 47092	-9.56761
 47093	-8.76667
 47094	-10.9242
 47095	-7.11841
 47096	-8.4975
 47097	-9.23964
 47098	-6.78283
 47099	-6.42264
 47100	-20.1302
 47101	-17.6177
 47102	-10.5575
 47103	-13.4761
 47104	-22.6391
 47105	-16.5426
 47106	-14.5475
 47107	-24.7768
 47108	-27.4844
 47109	-20.782
 47110	-16.6651
 47111	-23.8344
 47112	-24.7332
 47113	-23.7031
 47114	-21.6541
 47115	-23.6675
 47116	-24.692
 47117	-27.5407
 47118	-32.4395
 47119	-39.1189
 47120	-33.6737
 47121	-28.1536
 47122	-35.5693
 47123	-41.7392
 47124	-34.3884
 47125	-33.5679
 47126	-38.2737
 47127	-43.7215
 47128	-40.3248
 47129	-40.2876
 47130	-39.9478
 47131	-40.6016
 47132	-43.0103
 47133	-39.7973
 47134	-34.3865
 47135	-41.6387
 47136	-44.8662
 47137	-42.9365
 47138	-44.9626
 47139	-41.1791
 47140	-44.255
 47141	-47.1368
 47142	-40.5285
 47143	-35.7369
 47144	-38.0409
 47145	-42.8422
 47146	-35.9284
 47147	-30.6416
 47148	-36.7915
 47149	-35.9444
 47150	-31.1358
 47151	-36.7446
 47152	-36.1395
 47153	-29.3965
 47154	-26.6584
 47155	-29.2063
 47156	-27.8395
 47157	-24.1414
 47158	-23.5963
 47159	-29.9911
 47160	-27.2167
 47161	-27.1841
 47162	-24.5753
 47163	-23.029
 47164	-25.3237
 47165	-20.1809
 47166	-9.37487
 47167	-14.3488
 47168	-17.7699
 47169	-14.9101
 47170	-14.6317
 47171	-21.2884
 47172	-24.1681
 47173	-22.6308
 47174	-19.8432
 47175	-25.3566
 47176	-25.3891
 47177	-28.2101
 47178	-25.1325
 47179	-19.2814
 47180	-19.0035
 47181	-28.2518
 47182	-25.5876
 47183	-24.2237
 47184	-25.3073
 47185	-25.7594
 47186	-26.5205
 47187	-28.492
 47188	-27.4091
 47189	-30.5044
 47190	-33.3492
 47191	-31.3807
 47192	-31.5809
 47193	-27.5425
 47194	-33.8406
 47195	-38.381
 47196	-33.1118
 47197	-27.8698
 47198	-33.0053
 47199	-39.6385
 47200	-41.8546
 47201	-42.0228
 47202	-46.0245
 47203	-40.0594
 47204	-37.8995
 47205	-42.515
 47206	-42.0397
 47207	-44.6126
 47208	-50.3672
 47209	-50.7999
 47210	-44.9252
 47211	-45.3844
 47212	-47.8403
 47213	-51.2469
 47214	-40.4216
 47215	-39.9255
 47216	-39.8519
 47217	-33.9081
 47218	-30.943
 47219	-30.1806
 47220	-33.254
 47221	-38.893
 47222	-34.8416
 47223	-27.2118
 47224	-31.7807
 47225	-38.535
 47226	-32.9725
 47227	-25.6689
 47228	-32.2392
 47229	-33.5153
 47230	-33.5935
 47231	-33.4458
 47232	-38.5773
 47233	-39.233
 47234	-41.5609
 47235	-31.5662
 47236	-24.2782
 47237	-27.9807
 47238	-33.3146
 47239	-30.5546
 47240	-28.326
 47241	-30.9858
 47242	-38.2532
 47243	-38.1713
 47244	-30.7741
 47245	-34.3784
 47246	-38.5043
 47247	-37.9648
 47248	-30.849
 47249	-26.2838
 47250	-28.1148
 47251	-37.0651
 47252	-33.3385
 47253	-30.8211
 47254	-27.9169
 47255	-25.9062
 47256	-26.1028
 47257	-18.0871
 47258	-20.4947
 47259	-21.4016
 47260	-19.1772
 47261	-18.4227
 47262	-13.4681
 47263	-11.37
 47264	-11.9417
 47265	-10.884
 47266	-9.40525
 47267	-0.494048
 47268	-8.13774
 47269	-16.049
 47270	-11.9259
 47271	-8.54975
 47272	-15.8313
 47273	-18.6567
 47274	-15.3334
 47275	-16.3133
 47276	-20.5256
 47277	-20.5495
 47278	-25.2624
 47279	-22.3938
 47280	-16.6136
 47281	-18.2368
 47282	-23.7643
 47283	-19.5485
 47284	-9.08812
 47285	-13.6785
 47286	-18.8173
 47287	-13.9143
 47288	-10.0096
 47289	-7.35749
 47290	-6.47196
 47291	-8.63015
 47292	1.48578
 47293	5.06371
 47294	-4.29963
 47295	-0.874217
 47296	4.98858
 47297	6.75351
 47298	3.1432
 47299	2.80875
 47300	4.41207
 47301	0.198792
 47302	0.767571
 47303	-3.94831
 47304	-6.10087
 47305	-3.48483
 47306	-2.2428
 47307	-8.66373
 47308	-6.54224
 47309	0.351905
 47310	-7.9771
 47311	-15.0238
 47312	-11.1918
 47313	-18.587
 47314	-19.6705
 47315	-11.4708
 47316	-12.6496
 47317	-15.8707
 47318	-14.0264
 47319	-9.0102
 47320	-12.3479
 47321	-15.3403
 47322	-13.0188
 47323	-14.8915
 47324	-17.1802
 47325	-20.6362
 47326	-23.9055
 47327	-19.7287
 47328	-15.4017
 47329	-24.5228
 47330	-27.0168
 47331	-18.0687
 47332	-14.2843
 47333	-20.5158
 47334	-18.9554
 47335	-17.2409
 47336	-21.1754
 47337	-23.4561
 47338	-20.9117
 47339	-23.1389
 47340	-26.1913
 47341	-24.7274
 47342	-26.6751
 47343	-37.5707
 47344	-33.7367
 47345	-28.8613
 47346	-29.3556
 47347	-33.6395
 47348	-39.9571
 47349	-39.9937
 47350	-34.6195
 47351	-30.9519
 47352	-34.4041
 47353	-35.3079
 47354	-31.109
 47355	-35.4277
 47356	-39.0086
 47357	-30.0414
 47358	-33.2886
 47359	-41.3563
 47360	-40.2381
 47361	-37.0653
 47362	-38.8041
 47363	-34.2736
 47364	-28.6808
 47365	-34.0947
 47366	-43.4908
 47367	-43.5944
 47368	-44.4535
 47369	-45.998
 47370	-44.0701
 47371	-48.5931
 47372	-46.3137
 47373	-42.0439
 47374	-39.8979
 47375	-41.7333
 47376	-38.8029
 47377	-39.8086
 47378	-43.4418
 47379	-43.8042
 47380	-44.4526
 47381	-45.9708
 47382	-33.718
 47383	-37.6752
 47384	-33.3177
 47385	-26.384
 47386	-24.2992
 47387	-31.0215
 47388	-32.704
 47389	-24.2178
 47390	-27.3442
 47391	-35.4579
 47392	-26.244
 47393	-20.7088
 47394	-18.3475
 47395	-12.6054
 47396	-14.9419
 47397	-13.8973
 47398	-10.355
 47399	-7.62704
 47400	-11.5712
 47401	-10.5081
 47402	0.164403
 47403	-1.2419
 47404	-7.84859
 47405	0.749753
 47406	6.12567
 47407	2.74413
 47408	5.83714
 47409	11.3427
 47410	8.43636
 47411	8.09629
 47412	13.7134
 47413	13.0974
 47414	11.4156
 47415	9.79689
 47416	14.3675
 47417	10.4203
 47418	6.96095
 47419	10.5845
 47420	9.51837
 47421	6.10783
 47422	4.72507
 47423	5.41684
 47424	9.78
 47425	12.041
 47426	10.2381
 47427	12.6537
 47428	9.81667
 47429	5.27394
 47430	13.9459
 47431	11.6818
 47432	4.12917
 47433	3.84051
 47434	2.77617
 47435	4.00162
 47436	-1.46387
 47437	-1.70863
 47438	-5.36507
 47439	-7.09466
 47440	-5.06358
 47441	-5.43734
 47442	-12.3175
 47443	-2.99389
 47444	-2.3723
 47445	-9.08997
 47446	-4.27637
 47447	4.49599
 47448	-0.484449
 47449	4.13138
 47450	3.5779
 47451	5.64082
 47452	0.567968
 47453	0.622908
 47454	-0.164167
 47455	-5.14527
 47456	-4.0161
 47457	-2.99442
 47458	-5.74934
 47459	-5.63012
 47460	-3.06264
 47461	-6.48317
 47462	0.235983
 47463	4.24885
 47464	-2.33776
 47465	-1.80429
 47466	2.4233
 47467	2.22712
 47468	5.63337
 47469	5.83319
 47470	4.99488
 47471	1.90949
 47472	3.10604
 47473	2.29599
 47474	-0.779022
 47475	4.0964
 47476	10.5737
 47477	7.65495
 47478	1.53404
 47479	4.74224
 47480	1.15547
 47481	0.537135
 47482	-3.46678
 47483	-7.03292
 47484	-4.99721
 47485	1.74118
 47486	-6.03086
 47487	-7.39266
 47488	-3.11681
 47489	-10.2595
 47490	-13.4093
 47491	-12.5049
 47492	-12.9237
 47493	-13.9435
 47494	-17.6138
 47495	-17.1612
 47496	-19.6086
 47497	-30.143
 47498	-27.9228
 47499	-22.7724
 47500	-19.568
 47501	-26.1236
 47502	-31.6907
 47503	-28.6341
 47504	-23.2147
 47505	-30.7871
 47506	-38.4849
 47507	-36.7173
 47508	-38.2681
 47509	-41.379
 47510	-36.0589
 47511	-36.192
 47512	-44.6554
 47513	-44.7673
 47514	-42.7217
 47515	-44.5681
 47516	-48.2784
 47517	-35.0663
 47518	-36.5057
 47519	-40.3235
 47520	-30.6804
 47521	-29.5928
 47522	-34.3426
 47523	-27.5633
 47524	-24.8687
 47525	-26.8051
 47526	-30.4911
 47527	-26.6698
 47528	-17.9001
 47529	-23.1326
 47530	-26.9232
 47531	-29.6378
 47532	-29.6188
 47533	-24.0525
 47534	-21.6556
 47535	-28.3766
 47536	-22.4063
 47537	-18.8447
 47538	-18.2817
 47539	-21.1833
 47540	-17.1462
 47541	-12.4652
 47542	-9.62034
 47543	-15.4566
 47544	-21.9525
 47545	-16.3206
 47546	-15.2956
 47547	-22.4655
 47548	-16.7146
 47549	-7.1463
 47550	-11.0542
 47551	-19.4313
 47552	-13.4082
 47553	-5.16742
 47554	-27.5294
 47555	-30.4443
 47556	-26.7624
 47557	-33.9618
 47558	-40.6385
 47559	-36.9923
 47560	-40.9033
 47561	-42.5955
 47562	-48.8658
 47563	-42.6742
 47564	-41.1396
 47565	-48.5818
 47566	-41.651
 47567	-50.3134
 47568	-52.9011
 47569	-46.7525
 47570	-40.9361
 47571	-42.8277
 47572	-37.6504
 47573	-46.3612
 47574	-39.9499
 47575	-38.5128
 47576	-44.7909
 47577	-45.871
 47578	-42.9268
 47579	-45.2216
 47580	-43.9396
 47581	-36.9113
 47582	-35.2136
 47583	-42.8262
 47584	-39.6276
 47585	-27.7681
 47586	-31.0275
 47587	-34.1099
 47588	-27.9227
 47589	-21.6465
 47590	-22.0514
 47591	-23.6641
 47592	-21.9659
 47593	-15.8012
 47594	-8.83187
 47595	-10.7899
 47596	-9.50583
 47597	-4.81221
 47598	-14.8549
 47599	-16.2311
 47600	-16.4562
 47601	-18.9722
 47602	-17.9807
 47603	-16.4925
 47604	-10.1105
 47605	-15.4389
 47606	-18.1456
 47607	-12.362
 47608	-11.3951
 47609	-14.1914
 47610	-15.6481
 47611	-23.5186
 47612	-22.0078
 47613	-14.997
 47614	-19.0957
 47615	-29.0501
 47616	-26.2637
 47617	-27.3755
 47618	-31.7172
 47619	-39.9281
 47620	-39.0238
 47621	-43.989
 47622	-43.3193
 47623	-43.5034
 47624	-43.9463
 47625	-43.9538
 47626	-37.4158
 47627	-33.4421
 47628	-36.6038
 47629	-36.1273
 47630	-32.7133
 47631	-29.9972
 47632	-31.3087
 47633	-36.8542
 47634	-43.1764
 47635	-33.4498
 47636	-36.2995
 47637	-41.067
 47638	-42.1874
 47639	-38.4267
 47640	-35.1565
 47641	-37.7947
 47642	-36.2827
 47643	-29.2088
 47644	-35.3241
 47645	-33.3108
 47646	-22.9093
 47647	-26.0587
 47648	-31.587
 47649	-36.3019
 47650	-32.9492
 47651	-32.6956
 47652	-39.732
 47653	-46.0132
 47654	-36.7195
 47655	-41.9925
 47656	-42.3696
 47657	-38.8562
 47658	-36.08
 47659	-40.1461
 47660	-37.5096
 47661	-36.1356
 47662	-38.1336
 47663	-39.524
 47664	-38.9229
 47665	-43.9704
 47666	-48.7526
 47667	-41.5552
 47668	-42.9313
 47669	-42.5699
 47670	-35.7053
 47671	-40.2263
 47672	-51.2567
 47673	-38.3008
 47674	-40.0478
 47675	-44.4444
 47676	-42.787
 47677	-46.1821
 47678	-42.8519
 47679	-38.4501
 47680	-41.893
 47681	-40.4038
 47682	-46.1741
 47683	-41.1524
 47684	-42.0627
 47685	-52.0638
 47686	-41.6866
 47687	-43.6963
 47688	-48.3926
 47689	-42.6117
 47690	-40.3637
 47691	-45.6286
 47692	-40.4006
 47693	-37.6771
 47694	-38.1823
 47695	-42.5422
 47696	-43.5193
 47697	-47.3057
 47698	-45.687
 47699	-41.9449
 47700	-43.8856
 47701	-43.6122
 47702	-40.8311
 47703	-41.1647
 47704	-44.848
 47705	-40.7007
 47706	-42.8065
 47707	-41.9421
 47708	-39.4142
 47709	-40.587
 47710	-40.6531
 47711	-22.7889
 47712	-21.4632
 47713	-24.5009
 47714	-26.8532
 47715	-26.8072
 47716	-31.6372
 47717	-31.7641
 47718	-37.2838
 47719	-41.9445
 47720	-38.1919
 47721	-40.1904
 47722	-45.5898
 47723	-40.4914
 47724	-42.8892
 47725	-48.046
 47726	-47.9026
 47727	-38.3823
 47728	-38.2016
 47729	-52.6652
 47730	-44.7992
 47731	-31.4443
 47732	-29.8481
 47733	-33.7914
 47734	-30.6063
 47735	-24.7752
 47736	-31.1742
 47737	-39.6918
 47738	-40.1384
 47739	-42.1268
 47740	-43.5579
 47741	-45.7816
 47742	-43.3731
 47743	-46.3787
 47744	-47.4191
 47745	-44.7971
 47746	-47.6497
 47747	-51.7631
 47748	-48.5538
 47749	-45.5681
 47750	-42.3291
 47751	-41.3171
 47752	-39.6133
 47753	-37.6727
 47754	-36.7039
 47755	-28.9764
 47756	-31.2185
 47757	-32.0073
 47758	-24.886
 47759	-17.7152
 47760	-19.7509
 47761	-21.5269
 47762	-16.3859
 47763	-4.63836
 47764	-4.96882
 47765	-7.66139
 47766	-8.95173
 47767	-6.48402
 47768	-2.6269
 47769	-7.52638
 47770	-3.79583
 47771	-6.05848
 47772	-9.75832
 47773	-4.02542
 47774	-2.51253
 47775	-17.6526
 47776	-15.2678
 47777	-4.26167
 47778	-9.69331
 47779	-17.7612
 47780	-24.9669
 47781	-19.5927
 47782	-20.3504
 47783	-29.7587
 47784	-22.4945
 47785	-20.6839
 47786	-29.5957
 47787	-25.8951
 47788	-16.0422
 47789	-16.0872
 47790	-26.3445
 47791	-22.5017
 47792	-14.0107
 47793	-27.8741
 47794	-33.0676
 47795	-25.4041
 47796	-17.0884
 47797	-23.6794
 47798	-25.267
 47799	-16.4582
 47800	-22.3789
 47801	-21.4216
 47802	-12.3878
 47803	-16.0389
 47804	-15.1566
 47805	-13.5639
 47806	-9.01197
 47807	-4.0272
 47808	-6.61309
 47809	5.36548
 47810	6.61154
 47811	-4.32829
 47812	2.54018
 47813	3.00282
 47814	7.99187
 47815	4.08062
 47816	5.85069
 47817	18.106
 47818	14.3943
 47819	12.8909
 47820	20.3413
 47821	18.4493
 47822	13.9311
 47823	13.8373
 47824	15.6463
 47825	10.6458
 47826	11.4966
 47827	20.421
 47828	21.1923
 47829	13.5165
 47830	12.3074
 47831	21.5453
 47832	23.5101
 47833	12.266
 47834	15.6949
 47835	15.5547
 47836	10.5585
 47837	11.42
 47838	10.003
 47839	13.9888
 47840	12.214
 47841	6.68926
 47842	7.38625
 47843	4.33804
 47844	3.3754
 47845	4.88326
 47846	0.718676
 47847	-2.60375
 47848	-2.98863
 47849	1.95937
 47850	4.26221
 47851	3.74211
 47852	1.67015
 47853	-2.1379
 47854	-1.01733
 47855	0.492676
 47856	1.78298
 47857	-0.263932
 47858	-2.71953
 47859	1.71517
 47860	0.417487
 47861	-1.02105
 47862	3.27039
 47863	3.40607
 47864	-1.29941
 47865	-4.15263
 47866	-5.48715
 47867	-5.09933
 47868	-5.77318
 47869	-0.525382
 47870	-0.606338
 47871	-4.57857
 47872	-3.08635
 47873	0.924396
 47874	3.77831
 47875	5.16373
 47876	2.33353
 47877	2.70823
 47878	2.14643
 47879	4.34652
 47880	2.44832
 47881	0.630821
 47882	6.28221
 47883	4.20819
 47884	2.86485
 47885	3.28682
 47886	12.1171
 47887	12.8151
 47888	1.91611
 47889	6.21037
 47890	4.35684
 47891	2.44825
 47892	2.64762
 47893	0.688139
 47894	9.34678
 47895	7.8871
 47896	5.73229
 47897	7.73863
 47898	9.16937
 47899	8.58786
 47900	7.92323
 47901	6.83896
 47902	7.03687
 47903	8.83096
 47904	10.2923
 47905	7.06259
 47906	8.39432
 47907	9.0223
 47908	4.33001
 47909	10.5971
 47910	8.547
 47911	6.08987
 47912	6.97969
 47913	4.73004
 47914	13.3743
 47915	11.8409
 47916	6.22003
 47917	12.1548
 47918	20.8121
 47919	18.6535
 47920	13.9932
 47921	14.6623
 47922	16.3048
 47923	10.9386
 47924	14.9193
 47925	16.3276
 47926	24.2175
 47927	20.5267
 47928	20.2667
 47929	28.9712
 47930	23.2408
 47931	19.3112
 47932	28.3455
 47933	20.8553
 47934	12.477
 47935	8.89329
 47936	13.6549
 47937	10.5758
 47938	6.93555
 47939	15.7035
 47940	12.1679
 47941	6.32634
 47942	10.0723
 47943	9.99106
 47944	-0.280873
 47945	-3.99821
 47946	-2.17734
 47947	-2.58704
 47948	-11.8259
 47949	-9.3419
 47950	-8.23412
 47951	-9.58635
 47952	-9.97215
 47953	-16.46
 47954	-17.3373
 47955	-15.822
 47956	-22.9181
 47957	-28.024
 47958	-27.374
 47959	-33.986
 47960	-35.6721
 47961	-34.1298
 47962	-32.2207
 47963	-39.5488
 47964	-34.7675
 47965	-33.6205
 47966	-42.0028
 47967	-42.2771
 47968	-45.5937
 47969	-53.62
 47970	-46.4128
 47971	-48.9007
 47972	-48.4835
 47973	-45.0603
 47974	-41.6759
 47975	-36.6524
 47976	-42.5934
 47977	-35.3614
 47978	-35.3966
 47979	-42.7471
 47980	-39.0018
 47981	-39.2737
 47982	-41.1877
 47983	-35.5585
 47984	-37.899
 47985	-33.0294
 47986	-26.1542
 47987	-25.9631
 47988	-29.0722
 47989	-35.8111
 47990	-31.1133
 47991	-36.1323
 47992	-42.9825
 47993	-40.2951
 47994	-31.9787
 47995	-35.1791
 47996	-32.597
 47997	-27.1514
 47998	-30.8335
 47999	-34.2626
 48000	-31.4592
 48001	-35.9798
 48002	-37.2219
 48003	-37.3467
 48004	-40.9163
 48005	-37.885
 48006	-40.034
 48007	-37.5507
 48008	-45.3819
 48009	-43.3794
 48010	-41.5683
 48011	-46.3546
 48012	-52.3127
 48013	-40.5483
 48014	-47.9437
 48015	-45.871
 48016	-38.4855
 48017	-32.0522
 48018	-36.0264
 48019	-30.6412
 48020	-26.3085
 48021	-30.498
 48022	-34.9651
 48023	-33.61
 48024	-37.2588
 48025	-35.9809
 48026	-32.6892
 48027	-35.5956
 48028	-39.4318
 48029	-37.9789
 48030	-33.4662
 48031	-46.373
 48032	-43.9831
 48033	-39.0301
 48034	-39.4783
 48035	-42.2251
 48036	-40.9447
 48037	-34.7068
 48038	-35.8876
 48039	-44.3613
 48040	-42.5488
 48041	-30.0235
 48042	-30.1122
 48043	-30.8816
 48044	-28.1135
 48045	-18.7783
 48046	-28.4135
 48047	-33.2498
 48048	-29.5884
 48049	-28.7565
 48050	-34.5061
 48051	-33.0728
 48052	-21.1602
 48053	-18.9435
 48054	-23.4954
 48055	-20.7059
 48056	-18.2942
 48057	-11.755
 48058	-15.964
 48059	-22.8904
 48060	-16.0019
 48061	-11.4714
 48062	-14.2551
 48063	-21.0612
 48064	-13.3097
 48065	-3.19405
 48066	-12.3841
 48067	-4.31923
 48068	-2.54961
 48069	-6.93016
 48070	-3.15596
 48071	-1.59608
 48072	-1.60307
 48073	-2.78716
 48074	-2.0511
 48075	-2.11262
 48076	-0.591267
 48077	4.04327
 48078	2.2571
 48079	6.53269
 48080	10.4932
 48081	11.8207
 48082	13.8136
 48083	12.0148
 48084	10.4907
 48085	16.4799
 48086	11.9783
 48087	16.0789
 48088	18.732
 48089	17.9241
 48090	24.8539
 48091	15.7433
 48092	13.6126
 48093	12.5525
 48094	6.70346
 48095	3.15168
 48096	2.63234
 48097	-1.70456
 48098	-2.23213
 48099	-1.44672
 48100	-1.62512
 48101	-8.75964
 48102	-0.968937
 48103	-3.8726
 48104	-6.57574
 48105	-4.54103
 48106	-6.79217
 48107	-10.2587
 48108	-13.0686
 48109	-8.48857
 48110	-12.3481
 48111	-19.905
 48112	-8.78874
 48113	-4.69944
 48114	-20.0512
 48115	-18.6437
 48116	-17.7761
 48117	-17.3511
 48118	-28.3606
 48119	-34.9134
 48120	-25.4201
 48121	-31.1249
 48122	-40.5546
 48123	-37.6223
 48124	-35.86
 48125	-39.822
 48126	-43.1323
 48127	-46.968
 48128	-39.8247
 48129	-44.8969
 48130	-41.9539
 48131	-40.4522
 48132	-39.0109
 48133	-46.6696
 48134	-37.3956
 48135	-34.9203
 48136	-35.0759
 48137	-32.6752
 48138	-34.6251
 48139	-37.8686
 48140	-27.7338
 48141	-27.3052
 48142	-29.1391
 48143	-29.9677
 48144	-23.6896
 48145	-23.0009
 48146	-36.5567
 48147	-32.9551
 48148	-30.8751
 48149	-35.0812
 48150	-34.69
 48151	-34.1338
 48152	-33.7952
 48153	-36.7462
 48154	-36.9432
 48155	-31.0388
 48156	-39.82
 48157	-40.4934
 48158	-35.379
 48159	-42.0166
 48160	-38.6377
 48161	-36.6068
 48162	-34.9795
 48163	-40.3676
 48164	-40.5671
 48165	-44.3817
 48166	-42.7109
 48167	-39.2544
 48168	-41.0287
 48169	-49.7909
 48170	-43.3713
 48171	-45.7075
 48172	-47.347
 48173	-44.7703
 48174	-46.545
 48175	-44.3238
 48176	-43.8376
 48177	-39.0574
 48178	-35.1872
 48179	-40.8857
 48180	-42.7142
 48181	-30.2093
 48182	-29.0729
 48183	-27.0914
 48184	-28.2282
 48185	-14.4888
 48186	-15.9364
 48187	-18.3014
 48188	-17.471
 48189	-15.8905
 48190	-18.5952
 48191	-19.19
 48192	-11.9987
 48193	-15.6674
 48194	-11.525
 48195	-7.05177
 48196	-12.8498
 48197	-11.9913
 48198	-8.40639
 48199	-7.97825
 48200	-10.9934
 48201	-13.0779
 48202	-5.66128
 48203	-8.47965
 48204	-12.5236
 48205	0.350071
 48206	-1.39656
 48207	-7.18746
 48208	2.11093
 48209	5.09529
 48210	1.5905
 48211	4.52177
 48212	6.46416
 48213	13.4496
 48214	7.59152
 48215	7.85069
 48216	13.2226
 48217	15.2117
 48218	11.3579
 48219	14.9939
 48220	21.6194
 48221	20.1442
 48222	14.485
 48223	17.4542
 48224	17.3043
 48225	14.6098
 48226	10.4115
 48227	17.9514
 48228	16.869
 48229	11.4722
 48230	19.0675
 48231	18.9553
 48232	12.5705
 48233	8.94269
 48234	5.18057
 48235	10.0439
 48236	5.37009
 48237	4.84414
 48238	15.1289
 48239	9.89975
 48240	7.35883
 48241	16.3895
 48242	6.83409
 48243	3.29562
 48244	3.99944
 48245	1.06931
 48246	2.93858
 48247	2.95536
 48248	1.20173
 48249	5.02486
 48250	2.65827
 48251	-0.845222
 48252	1.84712
 48253	-1.22105
 48254	-2.44745
 48255	7.18708
 48256	-0.089358
 48257	-0.805448
 48258	4.06993
 48259	-0.251391
 48260	2.31625
 48261	1.38518
 48262	3.99592
 48263	9.82853
 48264	2.84274
 48265	5.71458
 48266	17.0751
 48267	12.9491
 48268	14.7477
 48269	21.8914
 48270	24.1225
 48271	16.6433
 48272	20.7151
 48273	26.7916
 48274	15.8653
 48275	11.1921
 48276	15.4396
 48277	10.9657
 48278	6.35223
 48279	6.77276
 48280	7.84661
 48281	3.57738
 48282	3.27861
 48283	1.63731
 48284	-3.06329
 48285	3.99579
 48286	-4.12724
 48287	-14.4913
 48288	-12.9944
 48289	-18.9204
 48290	-15.3255
 48291	-17.4378
 48292	-20.8523
 48293	-19.4861
 48294	-18.6181
 48295	-12.0351
 48296	-11.9863
 48297	-23.2842
 48298	-17.2849
 48299	-19.4581
 48300	-23.3287
 48301	-14.4657
 48302	-12.8806
 48303	-7.72039
 48304	-6.87747
 48305	-2.56026
 48306	-1.80437
 48307	1.95259
 48308	15.5744
 48309	14.353
 48310	15.9
 48311	28.4987
 48312	26.4715
 48313	33.0446
 48314	34.8059
 48315	34.159
 48316	34.197
 48317	34.7905
 48318	43.1401
 48319	38.8181
 48320	34.8266
 48321	36.2145
 48322	36.4003
 48323	30.8786
 48324	25.8372
 48325	34.0368
 48326	29.983
 48327	19.2812
 48328	16.2522
 48329	15.4256
 48330	15.0558
 48331	12.8498
 48332	5.29999
 48333	9.08662
 48334	8.98256
 48335	3.74138
 48336	9.11552
 48337	4.41062
 48338	2.71122
 48339	2.07568
 48340	-2.75119
 48341	-7.14682
 48342	-4.32926
 48343	6.62135
 48344	1.35906
 48345	8.54041
 48346	14.3555
 48347	9.5826
 48348	13.3005
 48349	12.2504
 48350	8.77217
 48351	7.20782
 48352	4.4081
 48353	10.7373
 48354	6.13711
 48355	1.99036
 48356	6.78521
 48357	5.96002
 48358	1.31622
 48359	0.623348
 48360	1.63883
 48361	3.45576
 48362	2.40332
 48363	4.19941
 48364	3.84305
 48365	2.913
 48366	5.24703
 48367	8.1503
 48368	10.8015
 48369	7.75373
 48370	10.3893
 48371	15.794
 48372	13.7562
 48373	8.60119
 48374	10.1545
 48375	7.28589
 48376	1.75097
 48377	3.44392
 48378	7.77571
 48379	5.48244
 48380	7.72754
 48381	8.69245
 48382	2.35663
 48383	-0.0699581
 48384	-2.19937
 48385	1.64696
 48386	6.25042
 48387	1.30407
 48388	6.59275
 48389	11.3209
 48390	13.4362
 48391	11.8647
 48392	10.0964
 48393	17.8543
 48394	17.4838
 48395	17.125
 48396	16.3721
 48397	21.3202
 48398	23.1525
 48399	16.4821
 48400	18.3798
 48401	13.7097
 48402	13.8583
 48403	20.4168
 48404	16.169
 48405	17.6464
 48406	18.3114
 48407	11.2049
 48408	13.5987
 48409	9.27469
 48410	6.14268
 48411	6.02753
 48412	9.95454
 48413	10.8988
 48414	5.30959
 48415	8.92976
 48416	12.4091
 48417	7.47183
 48418	5.14612
 48419	5.30624
 48420	12.9118
 48421	15.3403
 48422	18.3642
 48423	23.4878
 48424	25.6378
 48425	24.7382
 48426	24.8999
 48427	21.7537
 48428	25.4933
 48429	28.2143
 48430	24.1492
 48431	32.2284
 48432	28.2642
 48433	23.1875
 48434	25.7491
 48435	28.8534
 48436	23.3891
 48437	18.3629
 48438	27.1366
 48439	21.5022
 48440	21.8834
 48441	16.1552
 48442	11.0861
 48443	15.7646
 48444	13.695
 48445	10.1519
 48446	10.6726
 48447	13.3034
 48448	11.266
 48449	7.30966
 48450	11.6953
 48451	9.18576
 48452	7.63829
 48453	11.0363
 48454	13.0718
 48455	6.05846
 48456	-0.333423
 48457	6.89632
 48458	5.69866
 48459	2.00922
 48460	4.13926
 48461	6.70274
 48462	7.47621
 48463	7.81429
 48464	3.4959
 48465	5.7174
 48466	12.8601
 48467	8.4408
 48468	8.19446
 48469	14.8294
 48470	19.0635
 48471	13.4882
 48472	15.9941
 48473	22.796
 48474	13.5426
 48475	12.3756
 48476	21.7997
 48477	27.2398
 48478	22.8026
 48479	16.7122
 48480	25.8484
 48481	20.28
 48482	17.8784
 48483	18.8546
 48484	20.0716
 48485	23.5157
 48486	26.8997
 48487	26.9102
 48488	27.826
 48489	34.1568
 48490	31.2703
 48491	28.0516
 48492	30.1375
 48493	30.0653
 48494	29.8924
 48495	30.7171
 48496	28.2477
 48497	23.0985
 48498	26.0468
 48499	23.7607
 48500	17.4686
 48501	20.8435
 48502	25.8636
 48503	21.91
 48504	14.741
 48505	19.175
 48506	15.018
 48507	8.45178
 48508	8.25821
 48509	0.00877983
 48510	-1.87529
 48511	-2.57579
 48512	-5.35309
 48513	-6.27286
 48514	-3.13478
 48515	0.514933
 48516	-1.58429
 48517	-1.66754
 48518	7.58419
 48519	2.9206
 48520	2.60552
 48521	10.1796
 48522	6.98864
 48523	7.98195
 48524	10.8545
 48525	19.7105
 48526	13.8772
 48527	12.4575
 48528	13.3313
 48529	12.9202
 48530	16.3601
 48531	12.2573
 48532	11.3413
 48533	18.6385
 48534	12.4645
 48535	5.32105
 48536	4.8213
 48537	8.06022
 48538	8.2375
 48539	5.96977
 48540	9.40743
 48541	12.9387
 48542	5.21953
 48543	6.97352
 48544	9.63363
 48545	2.05837
 48546	2.63287
 48547	4.8376
 48548	0.539561
 48549	0.293287
 48550	-2.57639
 48551	-14.9792
 48552	-11.7933
 48553	-4.4702
 48554	-9.99772
 48555	-13.1929
 48556	-5.97599
 48557	2.6362
 48558	3.13624
 48559	-4.95955
 48560	-2.66564
 48561	2.57099
 48562	2.99467
 48563	5.77057
 48564	2.70354
 48565	6.18573
 48566	10.017
 48567	12.5487
 48568	11.7751
 48569	12.2287
 48570	11.7919
 48571	14.5906
 48572	14.4058
 48573	8.43344
 48574	11.3205
 48575	18.2407
 48576	15.0273
 48577	8.66302
 48578	12.0683
 48579	14.5812
 48580	4.50981
 48581	1.33206
 48582	2.93699
 48583	-0.516619
 48584	-3.02956
 48585	8.00224
 48586	5.55148
 48587	-0.43175
 48588	2.18727
 48589	3.93713
 48590	0.137203
 48591	-3.88667
 48592	2.12138
 48593	4.46683
 48594	4.91936
 48595	-1.69614
 48596	-1.98702
 48597	-3.24679
 48598	-7.53162
 48599	-10.0894
 48600	-7.95978
 48601	-4.42894
 48602	-2.16548
 48603	0.799761
 48604	2.12408
 48605	-6.91297
 48606	-12.5461
 48607	-8.12877
 48608	-13.2059
 48609	-19.9641
 48610	-11.7571
 48611	-10.9339
 48612	-13.8217
 48613	-12.0133
 48614	-15.6961
 48615	-23.0692
 48616	-18.0297
 48617	-9.36738
 48618	-19.5248
 48619	-19.3461
 48620	-10.131
 48621	-2.64382
 48622	-3.33688
 48623	-5.9648
 48624	-3.72797
 48625	-3.15927
 48626	-4.75228
 48627	1.32353
 48628	1.74195
 48629	9.82717
 48630	12.3708
 48631	13.3351
 48632	15.2302
 48633	11.319
 48634	13.4056
 48635	21.9583
 48636	22.3774
 48637	17.947
 48638	22.3869
 48639	27.4772
 48640	19.5725
 48641	12.5644
 48642	12.3406
 48643	10.5934
 48644	9.74913
 48645	18.0715
 48646	19.1023
 48647	12.1191
 48648	18.1303
 48649	24.0822
 48650	15.985
 48651	15.2473
 48652	17.9346
 48653	20.8604
 48654	17.7704
 48655	15.9701
 48656	14.2895
 48657	15.3533
 48658	17.2677
 48659	12.0513
 48660	8.05796
 48661	7.10194
 48662	7.62884
 48663	9.78843
 48664	9.51565
 48665	7.22886
 48666	8.4039
 48667	14.0147
 48668	11.569
 48669	8.46591
 48670	12.2492
 48671	16.9016
 48672	15.9082
 48673	16.1775
 48674	18.7088
 48675	14.3878
 48676	19.0592
 48677	20.5776
 48678	11.6389
 48679	12.0421
 48680	18.6891
 48681	17.3676
 48682	12.6094
 48683	14.8136
 48684	10.8259
 48685	8.97245
 48686	7.97359
 48687	5.03225
 48688	2.34366
 48689	3.4214
 48690	7.31042
 48691	6.32462
 48692	1.12581
 48693	0.955175
 48694	5.19784
 48695	2.6145
 48696	-0.43363
 48697	-1.34298
 48698	3.34796
 48699	9.37737
 48700	11.568
 48701	12.4737
 48702	19.2698
 48703	18.5094
 48704	23.294
 48705	24.6223
 48706	28.2237
 48707	33.5212
 48708	38.8555
 48709	38.089
 48710	32.4721
 48711	37.0837
 48712	37.086
 48713	37.798
 48714	41.8681
 48715	39.6553
 48716	39.7902
 48717	38.0542
 48718	40.8207
 48719	36.0036
 48720	30.8032
 48721	26.8378
 48722	21.4987
 48723	20.8783
 48724	14.4136
 48725	12.7161
 48726	13.4299
 48727	12.3929
 48728	9.7325
 48729	15.0801
 48730	12.2681
 48731	9.34217
 48732	11.4384
 48733	3.37985
 48734	0.291404
 48735	-0.502923
 48736	4.17272
 48737	8.68793
 48738	7.77598
 48739	3.34553
 48740	6.004
 48741	14.3007
 48742	4.42997
 48743	-3.20866
 48744	4.6839
 48745	12.142
 48746	12.2053
 48747	10.8904
 48748	12.5289
 48749	16.9831
 48750	12.6288
 48751	10.0493
 48752	9.1291
 48753	8.18177
 48754	11.351
 48755	14.1242
 48756	12.7369
 48757	16.6521
 48758	15.3994
 48759	19.0897
 48760	23.2706
 48761	23.5299
 48762	21.3678
 48763	21.594
 48764	29.319
 48765	30.001
 48766	25.5508
 48767	26.0047
 48768	26.7151
 48769	26.0773
 48770	28.3384
 48771	22.7344
 48772	24.6491
 48773	32.111
 48774	30.6619
 48775	22.8205
 48776	24.4077
 48777	29.0574
 48778	22.721
 48779	22.8167
 48780	20.9525
 48781	16.7885
 48782	19.9081
 48783	21.2184
 48784	18.2444
 48785	11.3683
 48786	8.99134
 48787	9.01119
 48788	4.00258
 48789	3.71992
 48790	3.76696
 48791	2.0441
 48792	8.82163
 48793	7.79976
 48794	0.285506
 48795	4.58816
 48796	11.8423
 48797	7.79807
 48798	5.07117
 48799	9.59951
 48800	9.2405
 48801	12.2569
 48802	16.8288
 48803	7.49761
 48804	6.28681
 48805	13.1232
 48806	12.8413
 48807	8.74409
 48808	11.6633
 48809	14.428
 48810	10.3438
 48811	12.9114
 48812	12.9646
 48813	7.5954
 48814	9.89799
 48815	11.9483
 48816	10.4554
 48817	9.12106
 48818	9.47575
 48819	7.92438
 48820	9.73374
 48821	6.0934
 48822	-0.459168
 48823	2.90675
 48824	8.82509
 48825	1.48001
 48826	-0.363944
 48827	5.43393
 48828	8.18781
 48829	0.778026
 48830	3.82194
 48831	7.8829
 48832	2.85353
 48833	10.692
 48834	18.7996
 48835	8.48529
 48836	11.3144
 48837	25.1902
 48838	16.5184
 48839	13.9032
 48840	21.7653
 48841	23.5345
 48842	21.1608
 48843	20.4238
 48844	26.6309
 48845	25.6479
 48846	23.9765
 48847	26.5588
 48848	26.8848
 48849	25.6492
 48850	23.314
 48851	27.4907
 48852	28.5288
 48853	31.7894
 48854	28.9599
 48855	24.497
 48856	28.6043
 48857	24.0643
 48858	18.2812
 48859	23.4656
 48860	23.2357
 48861	19.4041
 48862	20.9259
 48863	17.5232
 48864	19.8383
 48865	18.2915
 48866	15.1185
 48867	13.8552
 48868	18.1589
 48869	25.3304
 48870	21.5458
 48871	30.9317
 48872	31.4023
 48873	21.6343
 48874	23.871
 48875	26.2126
 48876	22.297
 48877	23.1166
 48878	29.1904
 48879	35.3722
 48880	26.4707
 48881	29.2731
 48882	26.196
 48883	22.8048
 48884	21.0562
 48885	26.5663
 48886	18.7114
 48887	16.0429
 48888	22.907
 48889	21.7388
 48890	11.2026
 48891	11.7868
 48892	15.8915
 48893	13.1504
 48894	18.4268
 48895	19.3477
 48896	17.2802
 48897	22.5405
 48898	20.0127
 48899	13.9086
 48900	18.4599
 48901	14.9569
 48902	10.6275
 48903	19.4777
 48904	21.1291
 48905	16.8752
 48906	19.2333
 48907	24.9066
 48908	18.5227
 48909	8.48119
 48910	20.095
 48911	24.5077
 48912	18.6972
 48913	24.5616
 48914	31.1775
 48915	29.9346
 48916	32.3323
 48917	34.8742
 48918	33.9551
 48919	39.2356
 48920	53.8631
 48921	51.2544
 48922	46.0846
 48923	52.1659
 48924	53.3954
 48925	45.5164
 48926	45.7022
 48927	48.6173
 48928	54.1826
 48929	55.2875
 48930	54.6103
 48931	49.8139
 48932	50.4509
 48933	45.0318
 48934	41.2604
 48935	42.7224
 48936	39.0203
 48937	35.5618
 48938	43.071
 48939	39.485
 48940	29.3242
 48941	27.7605
 48942	30.8135
 48943	25.1381
 48944	15.4265
 48945	22.3825
 48946	27.8858
 48947	19.9856
 48948	20.0763
 48949	18.7973
 48950	12.8934
 48951	15.2771
 48952	15.4302
 48953	10.6664
 48954	11.5914
 48955	15.3087
 48956	10.0107
 48957	10.1442
 48958	15.7494
 48959	6.47387
 48960	6.64894
 48961	13.9218
 48962	13.4069
 48963	8.19638
 48964	13.6444
 48965	19.4331
 48966	15.2171
 48967	13.4561
 48968	11.7493
 48969	15.4596
 48970	17.1889
 48971	16.0567
 48972	12.653
 48973	15.6438
 48974	17.0742
 48975	9.37532
 48976	11.6078
 48977	16.177
 48978	5.53717
 48979	11.4736
 48980	15.4355
 48981	13.9849
 48982	10.5067
 48983	17.7226
 48984	17.0437
 48985	10.3456
 48986	16.572
 48987	15.879
 48988	14.0597
 48989	20.5338
 48990	19.2448
 48991	14.041
 48992	15.887
 48993	21.0644
 48994	20.5734
 48995	15.2813
 48996	21.8282
 48997	30.6629
 48998	29.7195
 48999	26.6494
 49000	26.9983
 49001	35.4801
 49002	38.8938
 49003	30.2727
 49004	34.7464
 49005	41.6709
 49006	39.9485
 49007	35.2736
 49008	41.49
 49009	42.0849
 49010	32.7619
 49011	36.2534
 49012	48.2408
 49013	43.0926
 49014	29.6702
 49015	34.9117
 49016	39.6346
 49017	29.8322
 49018	22.743
 49019	27.637
 49020	25.6373
 49021	17.3595
 49022	16.0773
 49023	13.938
 49024	13.0821
 49025	10.5085
 49026	5.89302
 49027	6.87387
 49028	6.25304
 49029	9.85973
 49030	15.3955
 49031	11.2391
 49032	10.3651
 49033	16.2816
 49034	19.3478
 49035	12.5105
 49036	11.239
 49037	20.756
 49038	18.631
 49039	8.89307
 49040	14.4743
 49041	13.9397
 49042	3.24996
 49043	3.31767
 49044	16.0034
 49045	8.58548
 49046	2.26816
 49047	17.4834
 49048	25.0146
 49049	13.4967
 49050	6.7231
 49051	16.4584
 49052	12.319
 49053	6.42567
 49054	10.8412
 49055	13.1469
 49056	15.5606
 49057	8.86819
 49058	11.3792
 49059	14.9397
 49060	9.7372
 49061	11.1407
 49062	13.056
 49063	13.1021
 49064	11.6694
 49065	10.6115
 49066	9.56401
 49067	6.82862
 49068	3.65657
 49069	11.4344
 49070	14.1034
 49071	20.2133
 49072	26.2131
 49073	23.8466
 49074	23.7307
 49075	21.1009
 49076	18.9807
 49077	10.798
 49078	16.0757
 49079	31.3756
 49080	23.9952
 49081	19.753
 49082	28.1084
 49083	31.0393
 49084	20.3717
 49085	18.3241
 49086	25.3518
 49087	22.6621
 49088	19.5639
 49089	16.1802
 49090	9.80008
 49091	5.53817
 49092	2.30025
 49093	1.46379
 49094	0.0763102
 49095	2.90577
 49096	3.39406
 49097	0.641684
 49098	0.281269
 49099	-5.96167
 49100	-6.85698
 49101	2.5189
 49102	2.13486
 49103	0.56572
 49104	11.3714
 49105	17.8702
 49106	18.1304
 49107	19.2681
 49108	20.0316
 49109	22.6014
 49110	28.9546
 49111	32.4364
 49112	28.1242
 49113	33.1345
 49114	38.6841
 49115	33.0224
 49116	30.2532
 49117	31.0693
 49118	38.1889
 49119	38.7071
 49120	37.1646
 49121	34.0044
 49122	29.4673
 49123	31.5287
 49124	26.2935
 49125	22.9655
 49126	30.0795
 49127	29.316
 49128	21.2073
 49129	21.8257
 49130	21.7328
 49131	12.6971
 49132	15.7228
 49133	17.9011
 49134	9.00941
 49135	9.71422
 49136	21.9074
 49137	14.7346
 49138	11.8427
 49139	15.5621
 49140	9.42226
 49141	12.0906
 49142	21.8384
 49143	24.533
 49144	17.7856
 49145	25.0281
 49146	31.3215
 49147	21.7347
 49148	25.2054
 49149	31.5594
 49150	38.6514
 49151	41.6449
 49152	42.5833
 49153	48.5761
 49154	49.5225
 49155	53.9597
 49156	54.3842
 49157	49.1654
 49158	57.7103
 49159	57.3811
 49160	53.275
 49161	59.5911
 49162	64.6936
 49163	54.045
 49164	54.5312
 49165	57.4428
 49166	45.7964
 49167	40.1731
 49168	50.1869
 49169	46.4943
 49170	38.7033
 49171	39.4131
 49172	38.879
 49173	36.8021
 49174	28.3973
 49175	20.7678
 49176	22.9154
 49177	20.5293
 49178	16.1108
 49179	10.2206
 49180	14.4391
 49181	12.9258
 49182	3.11086
 49183	7.69763
 49184	7.63628
 49185	8.41672
 49186	10.0124
 49187	11.8948
 49188	11.4537
 49189	10.8635
 49190	20.7214
 49191	15.63
 49192	6.93127
 49193	17.0459
 49194	19.0557
 49195	9.77847
 49196	15.9371
 49197	21.4151
 49198	7.02557
 49199	13.5368
 49200	21.3704
 49201	9.94942
 49202	9.69059
 49203	21.7169
 49204	19.9635
 49205	13.9894
 49206	16.4471
 49207	21.3827
 49208	18.007
 49209	15.8383
 49210	13.2445
 49211	16.4137
 49212	20.4924
 49213	18.2954
 49214	16.2336
 49215	20.7507
 49216	27.1158
 49217	23.314
 49218	25.8349
 49219	26.389
 49220	27.8615
 49221	35.2623
 49222	31.3226
 49223	27.9952
 49224	31.841
 49225	42.8355
 49226	34.7147
 49227	25.5654
 49228	34.4877
 49229	42.5761
 49230	35.3998
 49231	33.1741
 49232	42.7064
 49233	35.7917
 49234	29.6867
 49235	35.7606
 49236	30.8971
 49237	29.7293
 49238	34.194
 49239	33.5899
 49240	28.0885
 49241	30.2641
 49242	26.5601
 49243	26.7166
 49244	25.3071
 49245	23.9439
 49246	24.0119
 49247	29.2396
 49248	22.3808
 49249	21.3409
 49250	28.2407
 49251	29.3545
 49252	25.8482
 49253	26.7988
 49254	30.0999
 49255	33.0808
 49256	29.8918
 49257	32.8369
 49258	27.0022
 49259	22.9753
 49260	32.4197
 49261	29.1644
 49262	18.5877
 49263	23.3381
 49264	28.5392
 49265	18.9548
 49266	12.2311
 49267	18.3268
 49268	14.1218
 49269	9.21579
 49270	13.1858
 49271	12.6521
 49272	10.0446
 49273	19.607
 49274	16.208
 49275	8.93235
 49276	16.7111
 49277	17.9693
 49278	13.2202
 49279	13.9781
 49280	18.7369
 49281	26.95
 49282	24.9374
 49283	18.6088
 49284	22.1753
 49285	24.1457
 49286	10.8146
 49287	15.4623
 49288	17.283
 49289	15.0577
 49290	19.3638
 49291	13.7698
 49292	16.1216
 49293	14.91
 49294	16.9744
 49295	23.436
 49296	17.5072
 49297	22.3682
 49298	24.5133
 49299	16.0785
 49300	13.7248
 49301	14.84
 49302	12.4337
 49303	4.91032
 49304	15.3734
 49305	19.0568
 49306	14.296
 49307	13.4017
 49308	18.6263
 49309	11.8077
 49310	1.08904
 49311	5.80038
 49312	14.3797
 49313	3.27375
 49314	1.94434
 49315	12.7572
 49316	6.57666
 49317	5.90384
 49318	4.62278
 49319	8.41806
 49320	7.93076
 49321	0.141661
 49322	8.69281
 49323	6.56892
 49324	-2.5767
 49325	-1.31697
 49326	2.98322
 49327	-2.32742
 49328	-1.03631
 49329	7.01406
 49330	3.97462
 49331	-5.26642
 49332	2.90995
 49333	0.283002
 49334	-9.84136
 49335	-12.4068
 49336	-0.51708
 49337	-3.66894
 49338	-10.4765
 49339	2.6065
 49340	6.37424
 49341	-4.11922
 49342	0.907713
 49343	3.61592
 49344	-1.25296
 49345	-1.2604
 49346	5.50907
 49347	11.9046
 49348	8.91053
 49349	9.06183
 49350	12.901
 49351	8.66626
 49352	8.81531
 49353	9.85521
 49354	8.03794
 49355	5.4891
 49356	4.58519
 49357	6.83879
 49358	-0.632548
 49359	-3.86691
 49360	-3.91679
 49361	7.36207
 49362	1.30822
 49363	-4.9638
 49364	8.56663
 49365	6.97754
 49366	-8.39722
 49367	-7.10815
 49368	-0.59777
 49369	-3.4865
 49370	-8.51414
 49371	1.91134
 49372	-1.57803
 49373	-12.6822
 49374	-1.33433
 49375	7.53914
 49376	-4.53116
 49377	-5.78289
 49378	0.721294
 49379	-1.19829
 49380	-10.735
 49381	-6.93806
 49382	-9.71691
 49383	-14.1971
 49384	-8.51413
 49385	-15.6983
 49386	-12.2481
 49387	0.0209328
 49388	-7.80592
 49389	-2.83422
 49390	-1.04843
 49391	-7.8795
 49392	0.459522
 49393	2.15864
 49394	1.23782
 49395	-2.89814
 49396	4.48274
 49397	9.66105
 49398	-0.348507
 49399	6.03509
 49400	14.4857
 49401	4.35088
 49402	6.69697
 49403	12.2279
 49404	13.849
 49405	8.38039
 49406	12.9047
 49407	21.5351
 49408	8.94008
 49409	15.8868
 49410	21.2492
 49411	13.4562
 49412	23.5752
 49413	18.1266
 49414	10.8666
 49415	16.9538
 49416	17.5901
 49417	12.6383
 49418	1.49227
 49419	8.95067
 49420	6.40662
 49421	-0.0373002
 49422	11.7283
 49423	11.4231
 49424	10.8667
 49425	13.6436
 49426	9.5528
 49427	12.8102
 49428	10.4883
 49429	7.40193
 49430	10.5466
 49431	8.4143
 49432	14.6181
 49433	6.07192
 49434	11.5694
 49435	21.223
 49436	8.16792
 49437	9.72603
 49438	14.1962
 49439	5.96411
 49440	3.81301
 49441	5.67398
 49442	3.90108
 49443	0.114263
 49444	6.95415
 49445	4.29878
 49446	-5.83838
 49447	4.866
 49448	1.06414
 49449	-14.788
 49450	-4.01769
 49451	0.999997
 49452	-6.54982
 49453	-6.36521
 49454	-0.69042
 49455	-1.73035
 49456	-6.27388
 49457	-1.44501
 49458	1.15355
 49459	4.32546
 49460	7.24033
 49461	5.40092
 49462	11.7734
 49463	19.3256
 49464	12.8245
 49465	11.1334
 49466	18.852
 49467	18.0387
 49468	16.0701
 49469	20.3428
 49470	27.3598
 49471	14.9199
 49472	15.2557
 49473	18.3538
 49474	12.8072
 49475	8.96678
 49476	8.73471
 49477	8.36527
 49478	1.53165
 49479	6.93906
 49480	8.56189
 49481	-2.15861
 49482	6.48286
 49483	15.7829
 49484	6.36709
 49485	1.82416
 49486	6.55479
 49487	12.3819
 49488	1.13162
 49489	-4.72448
 49490	-1.17903
 49491	4.16864
 49492	-0.837626
 49493	-2.53902
 49494	1.09329
 49495	-2.6577
 49496	-12.3821
 49497	-9.39224
 49498	-2.03008
 49499	-2.31753
 49500	-9.77977
 49501	-11.2134
 49502	2.93846
 49503	-12.6372
 49504	-14.7926
 49505	-0.920537
 49506	-0.527938
 49507	-10.2374
 49508	-1.82492
 49509	0.49201
 49510	-1.88233
 49511	-5.38657
 49512	-1.22073
 49513	-11.7331
 49514	-10.6509
 49515	-6.2677
 49516	-8.74699
 49517	-5.58365
 49518	0.515543
 49519	-0.697704
 49520	-5.51401
 49521	-2.03811
 49522	-7.93543
 49523	-6.02946
 49524	-8.14951
 49525	-9.40738
 49526	-12.0135
 49527	-1.25275
 49528	-4.37118
 49529	-14.016
 49530	-0.587333
 49531	1.02479
 49532	-10.0995
 49533	-9.46788
 49534	4.88968
 49535	2.03601
 49536	-10.6036
 49537	2.12513
 49538	8.85569
 49539	-11.1811
 49540	-3.08988
 49541	2.9214
 49542	3.51512
 49543	1.71681
 49544	3.71066
 49545	3.80145
 49546	2.83475
 49547	2.47567
 49548	1.33644
 49549	-1.6042
 49550	1.56253
 49551	-2.6309
 49552	-1.91848
 49553	3.82922
 49554	-0.0414555
 49555	7.90227
 49556	4.64288
 49557	4.06293
 49558	1.13703
 49559	9.42031
 49560	6.95661
 49561	1.21781
 49562	12.0837
 49563	15.8625
 49564	5.62389
 49565	15.4072
 49566	24.2634
 49567	22.8743
 49568	19.036
 49569	29.2494
 49570	27.5576
 49571	23.3044
 49572	33.7415
 49573	32.26
 49574	31.2077
 49575	29.4522
 49576	29.2214
 49577	31.8545
 49578	36.8811
 49579	33.3468
 49580	31.0618
 49581	34.9346
 49582	33.8962
 49583	35.3452
 49584	37.0473
 49585	43.1041
 49586	43.257
 49587	40.0932
 49588	46.5737
 49589	51.1172
 49590	47.8125
 49591	49.1751
 49592	53.0155
 49593	48.0778
 49594	51.6233
 49595	55.4537
 49596	47.9002
 49597	47.9628
 49598	46.0442
 49599	41.6358
 49600	45.3221
 49601	45.2195
 49602	41.6916
 49603	44.6863
 49604	41.3467
 49605	31.2162
 49606	36.5362
 49607	41.8834
 49608	32.165
 49609	18.8547
 49610	28.0997
 49611	29.5983
 49612	18.984
 49613	19.885
 49614	32.1456
 49615	28.5118
 49616	26.0143
 49617	33.7415
 49618	37.1045
 49619	34.4482
 49620	32.8375
 49621	31.2377
 49622	33.2716
 49623	36.7844
 49624	42.8517
 49625	46.137
 49626	44.7389
 49627	44.2061
 49628	43.5246
 49629	45.7845
 49630	52.5527
 49631	52.5492
 49632	50.7098
 49633	55.255
 49634	54.9839
 49635	54.6767
 49636	54.5592
 49637	50.1301
 49638	50.6272
 49639	47.6879
 49640	39.2744
 49641	38.1479
 49642	44.8236
 49643	35.295
 49644	28.2357
 49645	32.2223
 49646	22.9897
 49647	18.6393
 49648	22.4788
 49649	16.3709
 49650	9.66182
 49651	3.81849
 49652	7.72558
 49653	7.08117
 49654	-6.2432
 49655	-4.93204
 49656	-6.95617
 49657	-17.6195
 49658	-16.009
 49659	-17.1506
 49660	-18.3278
 49661	-18.1645
 49662	-25.8605
 49663	-29.6452
 49664	-32.075
 49665	-30.7797
 49666	-37.5275
 49667	-37.3109
 49668	-34.5482
 49669	-36.5019
 49670	-38.9361
 49671	-30.0891
 49672	-32.4462
 49673	-36.6034
 49674	-38.0399
 49675	-36.5631
 49676	-39.6559
 49677	-35.6037
 49678	-26.1551
 49679	-26.8052
 49680	-28.3325
 49681	-28.2961
 49682	-32.256
 49683	-29.3199
 49684	-26.9952
 49685	-30.6651
 49686	-27.41
 49687	-24.5324
 49688	-20.2061
 49689	-21.8879
 49690	-19.1381
 49691	-13.7888
 49692	-22.5573
 49693	-23.5363
 49694	-12.9318
 49695	-16.1073
 49696	-13.0505
 49697	-6.79908
 49698	-12.543
 49699	-12.2409
 49700	-8.56175
 49701	-11.7167
 49702	-17.0764
 49703	-11.3845
 49704	-7.90989
 49705	-21.245
 49706	-19.2332
 49707	-7.27658
 49708	-11.6476
 49709	-20.7607
 49710	-15.9703
 49711	-18.8018
 49712	-27.1626
 49713	-20.4779
 49714	-20.9333
 49715	-27.6691
 49716	-27.2181
 49717	-28.7593
 49718	-32.0184
 49719	-36.7269
 49720	-34.9817
 49721	-31.5378
 49722	-35.1148
 49723	-36.9459
 49724	-38.7944
 49725	-37.5622
 49726	-31.1832
 49727	-35.4848
 49728	-34.438
 49729	-25.0927
 49730	-26.9309
 49731	-34.9979
 49732	-26.9274
 49733	-27.5952
 49734	-37.5764
 49735	-35.3468
 49736	-34.7051
 49737	-36.1241
 49738	-34.7517
 49739	-28.6998
 49740	-29.3139
 49741	-34.3411
 49742	-28.9492
 49743	-24.3016
 49744	-30.0663
 49745	-26.8892
 49746	-24.9388
 49747	-31.0302
 49748	-33.277
 49749	-25.239
 49750	-18.9622
 49751	-24.6372
 49752	-31.1523
 49753	-28.1906
 49754	-25.454
 49755	-28.7204
 49756	-27.0717
 49757	-31.6616
 49758	-29.3729
 49759	-32.8148
 49760	-36.5823
 49761	-27.2419
 49762	-26.1505
 49763	-34.1801
 49764	-32.094
 49765	-25.0558
 49766	-30.4215
 49767	-37.2683
 49768	-31.262
 49769	-34.4443
 49770	-36.0191
 49771	-26.876
 49772	-30.8557
 49773	-34.3567
 49774	-37.2178
 49775	-30.9143
 49776	-32.6761
 49777	-41.054
 49778	-40.8078
 49779	-37.1609
 49780	-39.8747
 49781	-37.1098
 49782	-40.842
 49783	-44.4317
 49784	-44.156
 49785	-44.9912
 49786	-45.4054
 49787	-44.2363
 49788	-44.7864
 49789	-42.845
 49790	-43.1372
 49791	-38.048
 49792	-34.9762
 49793	-35.39
 49794	-29.9291
 49795	-32.7495
 49796	-34.8317
 49797	-32.4543
 49798	-29.6511
 49799	-28.0468
 49800	-31.2909
 49801	-31.6856
 49802	-29.8706
 49803	-25.5911
 49804	-27.1438
 49805	-34.7052
 49806	-29.2678
 49807	-27.096
 49808	-36.0623
 49809	-36.4848
 49810	-32.0311
 49811	-38.389
 49812	-44.4672
 49813	-40.5688
 49814	-40.9447
 49815	-43.9336
 49816	-44.988
 49817	-45.5393
 49818	-50.1333
 49819	-48.5792
 49820	-46.4238
 49821	-57.1883
 49822	-55.1959
 49823	-45.5168
 49824	-46.8927
 49825	-46.8831
 49826	-46.9749
 49827	-45.9447
 49828	-42.5981
 49829	-35.55
 49830	-39.5282
 49831	-46.8842
 49832	-40.6434
 49833	-36.4668
 49834	-38.4102
 49835	-38.2849
 49836	-36.7201
 49837	-38.672
 49838	-37.3264
 49839	-30.9282
 49840	-37.0221
 49841	-41.9426
 49842	-30.5835
 49843	-28.8263
 49844	-38.8871
 49845	-43.0683
 49846	-34.8618
 49847	-34.7374
 49848	-37.1892
 49849	-37.6598
 49850	-35.8584
 49851	-37.6798
 49852	-38.6175
 49853	-32.979
 49854	-34.2063
 49855	-34.0519
 49856	-26.6701
 49857	-25.8296
 49858	-25.8878
 49859	-32.0626
 49860	-23.1084
 49861	-9.31309
 49862	-19.5713
 49863	-27.887
 49864	-25.7577
 49865	-19.648
 49866	-18.6752
 49867	-21.4646
 49868	-16.7793
 49869	-21.0853
 49870	-17.9547
 49871	-10.29
 49872	-12.1945
 49873	-13.526
 49874	-1.47014
 49875	-0.99254
 49876	-4.13487
 49877	-1.18396
 49878	-2.10427
 49879	-2.96913
 49880	-0.932126
 49881	-3.07983
 49882	-3.62133
 49883	-1.07437
 49884	5.30792
 49885	10.3499
 49886	7.81138
 49887	11.0246
 49888	13.3059
 49889	13.5985
 49890	17.1704
 49891	14.0129
 49892	12.7587
 49893	21.4434
 49894	20.6798
 49895	14.0767
 49896	18.6444
 49897	20.3053
 49898	10.8709
 49899	12.5395
 49900	15.2678
 49901	8.19064
 49902	7.28252
 49903	9.02512
 49904	9.60168
 49905	2.24298
 49906	3.83542
 49907	8.69111
 49908	8.53312
 49909	0.975291
 49910	-1.83507
 49911	-3.48749
 49912	-1.07111
 49913	-7.26879
 49914	-9.34119
 49915	-2.87515
 49916	-5.57256
 49917	-9.71688
 49918	-5.70502
 49919	-6.46356
 49920	-4.75869
 49921	-1.87985
 49922	-5.09096
 49923	-7.08229
 49924	-3.4911
 49925	1.15901
 49926	-8.85097
 49927	-3.37314
 49928	4.16078
 49929	0.66568
 49930	-0.0234306
 49931	16.1798
 49932	13.5017
 49933	0.941395
 49934	11.0535
 49935	12.0864
 49936	5.60589
 49937	7.47601
 49938	12.6388
 49939	21.6436
 49940	20.6891
 49941	21.1047
 49942	22.5673
 49943	25.7189
 49944	24.3357
 49945	21.3179
 49946	26.9886
 49947	27.5178
 49948	33.0221
 49949	33.1595
 49950	31.3329
 49951	34.6075
 49952	34.6767
 49953	40.8491
 49954	37.5436
 49955	37.6207
 49956	41.5919
 49957	42.5925
 49958	32.0559
 49959	32.2636
 49960	32.9623
 49961	28.3168
 49962	30.048
 49963	28.8135
 49964	21.764
 49965	20.5089
 49966	21.9029
 49967	13.1308
 49968	7.73219
 49969	4.36735
 49970	1.12442
 49971	-1.90889
 49972	-6.15525
 49973	-13.1812
 49974	-19.2188
 49975	-16.6184
 49976	-18.7049
 49977	-31.7044
 49978	-39.0398
 49979	-35.9395
 49980	-44.292
 49981	-47.0388
 49982	-52.2532
 49983	-51.7484
 49984	-46.9318
 49985	-51.0355
 49986	-54.0121
 49987	-46.6808
 49988	-41.1755
 49989	-37.999
 49990	-40.9639
 49991	-37.5023
 49992	-24.6069
 49993	-29.2229
 49994	-36.4336
 49995	-24.5318
 49996	-20.4936
 49997	-27.4392
 49998	-32.1744
 49999	-31.1312
 50000	-24.7216
 50001	-26.4568
