     1	153.942
     2	157.758
     3	153.302
     4	148.354
     5	152.025
     6	149.802
     7	143.726
     8	141.836
     9	147.344
    10	150.559
    11	150.311
    12	150.545
    13	149.263
    14	142.719
    15	137.989
    16	141.696
    17	140.76
    18	142.351
    19	143.666
    20	141.017
    21	139.29
    22	139.535
    23	139.48
    24	139.09
    25	136.075
    26	136.949
    27	140.222
    28	137.536
    29	132.073
    30	136.542
    31	139.641
    32	133.014
    33	122.776
    34	124.893
    35	133.03
    36	128.876
    37	123.066
    38	128.939
    39	133.178
    40	129.458
    41	130.863
    42	135.497
    43	135.635
    44	134.074
    45	136.761
    46	138.81
    47	136.337
    48	140.05
    49	144.97
    50	140.957
    51	138.972
    52	143.844
    53	143.972
    54	136.826
    55	137.299
    56	144.667
    57	145.145
    58	144.386
    59	150.995
    60	156.443
    61	151.564
    62	148.854
    63	156.832
    64	157.576
    65	151.194
    66	150.56
    67	156.086
    68	154.904
    69	149.268
    70	149.231
    71	155.212
    72	149.878
    73	145.574
    74	150.524
    75	155.911
    76	149.55
    77	150.001
    78	153.819
    79	152.352
    80	148.404
    81	151.563
    82	154.043
    83	153.594
    84	151.33
    85	157.049
    86	161.249
    87	153.662
    88	149.236
    89	156.543
    90	157.555
    91	149.125
    92	149.388
    93	155.157
    94	150.194
    95	143.263
    96	143.672
    97	140.164
    98	136.62
    99	144.464
   100	147.967
   101	142.142
   102	137.788
   103	137.14
   104	135.44
   105	129.828
   106	131.675
   107	137.597
   108	138.251
   109	131.846
   110	132.019
   111	133.629
   112	129.004
   113	125.408
   114	128.345
   115	132.4
   116	135.132
   117	133.755
   118	135.038
   119	133.11
   120	130.248
   121	133.114
   122	134.935
   123	135.565
   124	136.864
   125	140.233
   126	137.306
   127	133.199
   128	135.428
   129	140.72
   130	143.692
   131	142.683
   132	143.682
   133	144.998
   134	139.722
   135	136.367
   136	139.482
   137	143.678
   138	146.029
   139	150.614
   140	154.037
   141	154.299
   142	151.674
   143	153.138
   144	151.689
   145	148.534
   146	152.786
   147	156.576
   148	157.759
   149	157.302
   150	157.377
   151	156.702
   152	159.02
   153	159.649
   154	161.909
   155	160.535
   156	157.158
   157	152.592
   158	150.778
   159	146.98
   160	147.333
   161	145.762
   162	145.193
   163	140.103
   164	136.945
   165	136.965
   166	135.908
   167	131.528
   168	131.401
   169	134.288
   170	134.948
   171	137.127
   172	138.433
   173	137.953
   174	133.208
   175	129.303
   176	126.814
   177	127.3
   178	127.857
   179	132.751
   180	133.749
   181	130.19
   182	132.807
   183	137.845
   184	136.78
   185	138.054
   186	139.604
   187	135.74
   188	133.915
   189	139.15
   190	139.293
   191	136.182
   192	135.035
   193	140.758
   194	141.495
   195	135.959
   196	135.1
   197	136.432
   198	132.319
   199	130.192
   200	136.924
   201	142.558
   202	142.719
   203	136.885
   204	133.941
   205	134.175
   206	131.544
   207	131.934
   208	137.315
   209	138.522
   210	138.13
   211	140.902
   212	142.998
   213	139.042
   214	136.794
   215	143.669
   216	145.899
   217	137.533
   218	135.399
   219	137.837
   220	137.022
   221	135.061
   222	140.623
   223	148.384
   224	145.609
   225	137.786
   226	136.798
   227	136.58
   228	137.406
   229	142.542
   230	144.812
   231	145.383
   232	145.992
   233	145.86
   234	143.747
   235	142.99
   236	142.684
   237	143.903
   238	144.409
   239	142.463
   240	138.882
   241	136.105
   242	139.068
   243	144.923
   244	140.324
   245	136.12
   246	140.329
   247	147.174
   248	143.931
   249	137.546
   250	137.475
   251	141.224
   252	142.063
   253	138.769
   254	138.461
   255	141.306
   256	140.107
   257	136.921
   258	135.535
   259	131.988
   260	132.244
   261	128.835
   262	129.254
   263	136.466
   264	140.654
   265	137.329
   266	132.821
   267	131.529
   268	138.369
   269	138.157
   270	137.852
   271	139.364
   272	145.053
   273	141.289
   274	134.014
   275	130.36
   276	135.814
   277	139.113
   278	140.091
   279	135.739
   280	133.497
   281	135.976
   282	139.624
   283	139.284
   284	142.037
   285	146.319
   286	150.671
   287	149.709
   288	148.828
   289	144.864
   290	141.01
   291	141.032
   292	149.36
   293	147.306
   294	140.05
   295	140.525
   296	142.703
   297	137.871
   298	134.343
   299	136.188
   300	136.199
   301	134.545
   302	136.736
   303	140.242
   304	137.132
   305	129.612
   306	133.478
   307	141.721
   308	139.722
   309	134.441
   310	137.854
   311	142.903
   312	142.162
   313	141.06
   314	139.17
   315	139.392
   316	138.343
   317	141.473
   318	145.806
   319	141.147
   320	134.203
   321	134.096
   322	133.135
   323	129.157
   324	132.849
   325	140.499
   326	139.436
   327	140.381
   328	144.266
   329	139.352
   330	129.301
   331	131.476
   332	135.965
   333	135.829
   334	135.83
   335	138.042
   336	136.422
   337	135.141
   338	133.55
   339	131.723
   340	132.005
   341	136.86
   342	142.418
   343	138.83
   344	131.733
   345	134.221
   346	139.451
   347	137.072
   348	137.932
   349	147.42
   350	149.742
   351	146.423
   352	148.403
   353	150.35
   354	147.994
   355	145.053
   356	150.447
   357	155.735
   358	152.039
   359	144.501
   360	143.883
   361	148.827
   362	152.581
   363	149.802
   364	149.477
   365	153.835
   366	157.901
   367	157.607
   368	153.788
   369	152.528
   370	153.663
   371	150.186
   372	145.349
   373	148.219
   374	151.17
   375	146.417
   376	139.915
   377	139.818
   378	141.077
   379	137.384
   380	138.782
   381	149.15
   382	150.407
   383	145.822
   384	143.259
   385	140.373
   386	140.141
   387	148.964
   388	153.012
   389	155.766
   390	158.022
   391	156.389
   392	148.776
   393	139.89
   394	140.56
   395	151.456
   396	153.897
   397	151.467
   398	148.918
   399	147.195
   400	141.903
   401	134.668
   402	133.832
   403	137.376
   404	140.759
   405	139.828
   406	134.832
   407	125.724
   408	120.385
   409	122.659
   410	126.135
   411	120.83
   412	116.974
   413	118.007
   414	119.111
   415	113.922
   416	111.367
   417	116.185
   418	119.678
   419	124.528
   420	126.093
   421	120.811
   422	120.773
   423	124.659
   424	128.871
   425	131.338
   426	129.55
   427	132.183
   428	138.341
   429	135.708
   430	135.927
   431	135.655
   432	131.09
   433	132.594
   434	133.489
   435	129.369
   436	130.353
   437	127.261
   438	123.161
   439	132.152
   440	137.164
   441	135.656
   442	137.713
   443	135.154
   444	128.63
   445	127.244
   446	125.283
   447	122.955
   448	124.273
   449	130.239
   450	131.647
   451	129.167
   452	133.491
   453	136.485
   454	128.334
   455	123.884
   456	131.227
   457	140.968
   458	137.824
   459	129.344
   460	130.4
   461	130.417
   462	125.724
   463	131.806
   464	134.008
   465	132.287
   466	137.483
   467	138.674
   468	136.844
   469	139.677
   470	137.675
   471	135.534
   472	140.087
   473	141.64
   474	136.032
   475	131.507
   476	134.715
   477	140.108
   478	136.445
   479	135.504
   480	140.467
   481	138.791
   482	134.86
   483	136.302
   484	133.873
   485	131.093
   486	137.682
   487	144.716
   488	145.31
   489	148.057
   490	148.51
   491	145.354
   492	144.977
   493	149.214
   494	149.295
   495	147.332
   496	150.238
   497	151.398
   498	146.754
   499	147.2
   500	148.372
   501	145.443
   502	148.824
   503	153.414
   504	151.813
   505	148.535
   506	148.015
   507	147.894
   508	144.534
   509	145.721
   510	151.911
   511	152.609
   512	150.883
   513	149.767
   514	145.368
   515	142.772
   516	145.916
   517	150.092
   518	152.639
   519	149.806
   520	146.375
   521	146.036
   522	145.098
   523	143.447
   524	146.498
   525	147.653
   526	145.934
   527	152.164
   528	157.794
   529	155.937
   530	154.515
   531	156.715
   532	155.328
   533	151.81
   534	150.192
   535	151.733
   536	148.273
   537	142.967
   538	140.569
   539	141.754
   540	148.083
   541	149.669
   542	146.35
   543	144.815
   544	142.228
   545	140.876
   546	142.645
   547	143.435
   548	145.298
   549	146.248
   550	145.13
   551	141.787
   552	139.016
   553	139.145
   554	137.026
   555	128.229
   556	123.946
   557	129.652
   558	131.088
   559	126.338
   560	129.572
   561	126.779
   562	119.754
   563	120.368
   564	122.561
   565	117.53
   566	112.794
   567	115.616
   568	120.24
   569	117.993
   570	118.804
   571	120.73
   572	116.438
   573	111.79
   574	116.871
   575	123.767
   576	121.443
   577	115.319
   578	120.974
   579	123.023
   580	118.745
   581	109.226
   582	106.002
   583	106.944
   584	108.292
   585	104.299
   586	106.727
   587	112.922
   588	109.833
   589	104.485
   590	108.424
   591	104.366
   592	102.421
   593	106.962
   594	107.076
   595	103.413
   596	110.613
   597	114.987
   598	114.673
   599	118.291
   600	120.634
   601	121.944
   602	124.465
   603	124.993
   604	127.348
   605	131.178
   606	127.938
   607	127.123
   608	129.086
   609	129.879
   610	130.9
   611	128.846
   612	128.968
   613	130.724
   614	132.581
   615	133.504
   616	132.717
   617	131.777
   618	130.312
   619	123.922
   620	120.142
   621	125.967
   622	127.549
   623	120.838
   624	117.125
   625	117.787
   626	115.637
   627	110.178
   628	110.055
   629	112.644
   630	115.784
   631	119.394
   632	119.018
   633	119.276
   634	118.112
   635	114.989
   636	112.417
   637	115.239
   638	115.42
   639	116.784
   640	118.103
   641	117.424
   642	116.469
   643	120.011
   644	117.562
   645	118.64
   646	126.093
   647	125.875
   648	121.692
   649	125.659
   650	126.017
   651	124.472
   652	126.135
   653	121.637
   654	119.303
   655	121.366
   656	117.874
   657	110.886
   658	118.086
   659	120.133
   660	119.682
   661	123.201
   662	127.431
   663	127.804
   664	129.844
   665	132.283
   666	130.775
   667	130.443
   668	130.993
   669	130.25
   670	132.529
   671	132.761
   672	129.936
   673	125.528
   674	124.297
   675	124.163
   676	119.932
   677	117.596
   678	117.871
   679	121.079
   680	128.592
   681	135.449
   682	134.818
   683	131.772
   684	130.526
   685	130.699
   686	125.089
   687	124.273
   688	121.963
   689	117.821
   690	120.57
   691	120.791
   692	113.396
   693	117.173
   694	117.546
   695	113.209
   696	118.946
   697	127.073
   698	126.313
   699	129.134
   700	129.699
   701	127.354
   702	129.947
   703	134.528
   704	132.291
   705	130.622
   706	131.551
   707	135.888
   708	138.106
   709	136.641
   710	137.405
   711	141.318
   712	139.368
   713	132.329
   714	130.039
   715	135.562
   716	132.279
   717	130.177
   718	132.137
   719	128.113
   720	121.793
   721	122.716
   722	122.461
   723	125.119
   724	126.069
   725	126.231
   726	125.382
   727	125.784
   728	124.935
   729	126.994
   730	125.704
   731	124.864
   732	125.38
   733	127.84
   734	122.466
   735	119.833
   736	115.692
   737	115.914
   738	124.363
   739	130.061
   740	130.849
   741	129.351
   742	122.794
   743	122.379
   744	126.31
   745	128.388
   746	127.166
   747	127.19
   748	126.546
   749	123.55
   750	115.481
   751	107.444
   752	104.748
   753	109.655
   754	114.457
   755	115.429
   756	114.22
   757	112.715
   758	115.325
   759	120.919
   760	120.948
   761	123.57
   762	126.334
   763	123.583
   764	122.116
   765	124.346
   766	122.06
   767	121.266
   768	122.768
   769	121.92
   770	124.952
   771	129.208
   772	123.478
   773	124.533
   774	130.491
   775	130.834
   776	134.604
   777	137.281
   778	134.032
   779	131.756
   780	133.494
   781	139.157
   782	142.315
   783	138.967
   784	142.628
   785	149.551
   786	145.021
   787	138.303
   788	141.972
   789	143.446
   790	136.178
   791	137.556
   792	144.371
   793	144.179
   794	143.852
   795	144
   796	138.96
   797	136.427
   798	138.649
   799	136.77
   800	131.254
   801	132.153
   802	133.229
   803	129.892
   804	126.743
   805	127.08
   806	127.698
   807	124.131
   808	117.706
   809	124.744
   810	126.703
   811	122.696
   812	123.044
   813	125.065
   814	125.711
   815	122.844
   816	122.337
   817	127.739
   818	129.781
   819	127.173
   820	125.336
   821	127.293
   822	122.986
   823	122.886
   824	132.944
   825	142.182
   826	136.108
   827	126.495
   828	128.041
   829	131.473
   830	128.39
   831	129.249
   832	131.427
   833	128.895
   834	130.068
   835	133.855
   836	129.546
   837	121.632
   838	124.921
   839	132.015
   840	128.373
   841	114.71
   842	115.74
   843	123.939
   844	115.511
   845	111.164
   846	115.631
   847	113.443
   848	109.771
   849	109.761
   850	118.141
   851	120.044
   852	115.919
   853	115.537
   854	124.929
   855	124.429
   856	122.765
   857	123.204
   858	126.385
   859	124.043
   860	126.743
   861	131.488
   862	131.956
   863	132.75
   864	138.64
   865	139.224
   866	138.023
   867	136.567
   868	134.701
   869	133.616
   870	136.14
   871	137.048
   872	135.383
   873	126.85
   874	122.984
   875	128.888
   876	130.313
   877	122.656
   878	120.206
   879	121.961
   880	119.681
   881	117.137
   882	114.644
   883	114.249
   884	120.188
   885	119.846
   886	123.466
   887	126.277
   888	126.033
   889	124.633
   890	126.545
   891	123.151
   892	121.842
   893	125.699
   894	131.121
   895	131.471
   896	133.33
   897	130.974
   898	126.188
   899	121.987
   900	120.362
   901	123.489
   902	125.742
   903	127.344
   904	132.039
   905	131.761
   906	128.87
   907	126.13
   908	123.527
   909	128.806
   910	136.799
   911	138.878
   912	131.872
   913	128.857
   914	131.048
   915	130.962
   916	128.26
   917	130.827
   918	131.736
   919	131.754
   920	130.212
   921	122.955
   922	119.246
   923	125.709
   924	129.033
   925	127.793
   926	128.02
   927	128.971
   928	125.731
   929	120.568
   930	120.185
   931	128.063
   932	130.056
   933	130.345
   934	137.153
   935	135.963
   936	131.661
   937	134.102
   938	131.54
   939	127.188
   940	129.243
   941	135.303
   942	138.004
   943	135.815
   944	138.147
   945	142.118
   946	139.576
   947	137.363
   948	141.104
   949	143.719
   950	141.093
   951	140.768
   952	143.041
   953	146.232
   954	150.723
   955	150.95
   956	144.896
   957	139.645
   958	142.201
   959	145.393
   960	140.255
   961	137.974
   962	141.493
   963	140.308
   964	134.261
   965	134.59
   966	137.491
   967	135.29
   968	134.706
   969	138.767
   970	137.902
   971	136.253
   972	138.855
   973	141.725
   974	142.287
   975	141.02
   976	138.561
   977	135.107
   978	132.087
   979	135.314
   980	141.462
   981	142.14
   982	141.422
   983	148.711
   984	149.425
   985	138.325
   986	136.112
   987	139.152
   988	134.551
   989	133.713
   990	138.246
   991	134.467
   992	128.479
   993	129.777
   994	131.137
   995	134.824
   996	138.114
   997	138.695
   998	137.974
   999	137.599
  1000	136.179
  1001	132.111
  1002	130.787
  1003	132.669
  1004	134.648
  1005	133.115
  1006	126.813
  1007	123.418
  1008	127.387
  1009	129.15
  1010	126.777
  1011	129.742
  1012	132.759
  1013	137.264
  1014	138.589
  1015	142.119
  1016	145.756
  1017	145.015
  1018	145.337
  1019	148.88
  1020	147.38
  1021	141.549
  1022	142.466
  1023	145.848
  1024	144.37
  1025	146.795
  1026	148.887
  1027	145.362
  1028	140.998
  1029	143.271
  1030	144.316
  1031	145.263
  1032	144.061
  1033	143.867
  1034	143.285
  1035	142.033
  1036	139.834
  1037	140.836
  1038	141.422
  1039	144.719
  1040	149.607
  1041	152.378
  1042	144.463
  1043	139.233
  1044	140.247
  1045	138.402
  1046	138.424
  1047	144.776
  1048	149.325
  1049	150.074
  1050	148.449
  1051	144.31
  1052	140.556
  1053	142.981
  1054	144.552
  1055	144.733
  1056	142.136
  1057	139.617
  1058	136.793
  1059	131.625
  1060	133.164
  1061	139.045
  1062	139.31
  1063	136.891
  1064	138.574
  1065	138.174
  1066	137.959
  1067	137.933
  1068	140.997
  1069	143.993
  1070	146.134
  1071	147.538
  1072	147.164
  1073	148.306
  1074	154.756
  1075	154.528
  1076	154.654
  1077	158.311
  1078	159.416
  1079	158.379
  1080	160.96
  1081	160.621
  1082	158.379
  1083	157.982
  1084	160.484
  1085	159.54
  1086	155.283
  1087	150.88
  1088	150.617
  1089	150.605
  1090	151.633
  1091	152.001
  1092	149.644
  1093	147.043
  1094	148.252
  1095	149.45
  1096	151.349
  1097	149.233
  1098	150.719
  1099	154.09
  1100	151.759
  1101	149.544
  1102	147.762
  1103	142.52
  1104	141.047
  1105	140.018
  1106	141.687
  1107	143.434
  1108	142.925
  1109	142.807
  1110	144.931
  1111	143.356
  1112	146.595
  1113	149.645
  1114	145.281
  1115	146.302
  1116	149.84
  1117	142.795
  1118	139.377
  1119	143.445
  1120	145.238
  1121	144.612
  1122	147.795
  1123	148.199
  1124	147.954
  1125	146.612
  1126	141.297
  1127	141.864
  1128	148.417
  1129	149.947
  1130	147.055
  1131	147.959
  1132	148.355
  1133	142.206
  1134	138.795
  1135	138.171
  1136	135.97
  1137	134.91
  1138	135.437
  1139	133.456
  1140	132.727
  1141	129.965
  1142	128.286
  1143	130.977
  1144	133.753
  1145	135.724
  1146	136.291
  1147	137.813
  1148	146.03
  1149	148.067
  1150	144.767
  1151	143.898
  1152	145.784
  1153	145.727
  1154	146.137
  1155	150.578
  1156	156.35
  1157	153.811
  1158	152.767
  1159	152.354
  1160	151.249
  1161	149.514
  1162	146.426
  1163	145.267
  1164	146.693
  1165	142.623
  1166	136.913
  1167	135.192
  1168	135.22
  1169	141.229
  1170	146.575
  1171	144.653
  1172	146.33
  1173	149.438
  1174	141.984
  1175	135.774
  1176	140.855
  1177	146.805
  1178	148.717
  1179	152.09
  1180	152.174
  1181	152.603
  1182	154.05
  1183	150.74
  1184	149.283
  1185	152.75
  1186	154.423
  1187	148.014
  1188	144.922
  1189	146.076
  1190	142.725
  1191	139.036
  1192	140.564
  1193	145.529
  1194	145.609
  1195	141.685
  1196	141.462
  1197	142.107
  1198	141.976
  1199	142.202
  1200	141.512
  1201	138.71
  1202	138.39
  1203	138.312
  1204	134.45
  1205	135.547
  1206	136.619
  1207	139.698
  1208	141.266
  1209	141.227
  1210	140.173
  1211	142.179
  1212	134.674
  1213	133.512
  1214	138.386
  1215	139.182
  1216	137.722
  1217	138.144
  1218	131.964
  1219	131.789
  1220	136.178
  1221	140.683
  1222	142.163
  1223	148.979
  1224	150.596
  1225	148.471
  1226	152.303
  1227	154.964
  1228	147.931
  1229	144.147
  1230	140.336
  1231	142.477
  1232	143.408
  1233	141.821
  1234	146.692
  1235	149.382
  1236	145.792
  1237	147.15
  1238	144.739
  1239	143.774
  1240	140.286
  1241	134.618
  1242	128.13
  1243	131.813
  1244	136.949
  1245	130.681
  1246	125.538
  1247	131.891
  1248	126.808
  1249	120.848
  1250	122.872
  1251	125.543
  1252	124.131
  1253	122.813
  1254	122.575
  1255	120.664
  1256	120.457
  1257	121.791
  1258	122.142
  1259	127.408
  1260	131.172
  1261	133.293
  1262	134.43
  1263	136.532
  1264	145.642
  1265	146.061
  1266	141.379
  1267	146.562
  1268	156.52
  1269	161.833
  1270	161.564
  1271	156.153
  1272	152.792
  1273	153.93
  1274	157.234
  1275	153.526
  1276	150.979
  1277	154.769
  1278	151.867
  1279	146.166
  1280	141.951
  1281	137.19
  1282	139.207
  1283	136.507
  1284	134.622
  1285	139.247
  1286	141.083
  1287	134.382
  1288	130.867
  1289	129.518
  1290	129.055
  1291	125.415
  1292	118.993
  1293	122.25
  1294	129.999
  1295	130.588
  1296	126.785
  1297	127.899
  1298	125.707
  1299	125.724
  1300	132.358
  1301	127.999
  1302	124.866
  1303	127.243
  1304	133.303
  1305	132.44
  1306	130.745
  1307	132.808
  1308	134.478
  1309	127.571
  1310	127.235
  1311	134.359
  1312	136.226
  1313	131.869
  1314	131.844
  1315	131.484
  1316	131.635
  1317	130.313
  1318	128.495
  1319	123.289
  1320	122.986
  1321	124.704
  1322	124.091
  1323	123.625
  1324	127.122
  1325	127.862
  1326	126.452
  1327	128.624
  1328	134.652
  1329	134.333
  1330	131.636
  1331	131.854
  1332	132.377
  1333	130.944
  1334	136.708
  1335	142.706
  1336	141.321
  1337	140.98
  1338	143.566
  1339	141.756
  1340	141.65
  1341	141.497
  1342	139.585
  1343	136.653
  1344	136.028
  1345	133.285
  1346	135.772
  1347	137.733
  1348	140.477
  1349	145.15
  1350	150.313
  1351	150.458
  1352	149.794
  1353	146.233
  1354	142.05
  1355	138.864
  1356	140.623
  1357	143.462
  1358	142.16
  1359	138.771
  1360	137.726
  1361	140.909
  1362	140.816
  1363	136.499
  1364	141.644
  1365	145.246
  1366	139.595
  1367	134.225
  1368	134.885
  1369	132.234
  1370	128.424
  1371	130.651
  1372	135.47
  1373	134.904
  1374	129.225
  1375	128.608
  1376	125.972
  1377	123.591
  1378	120.727
  1379	119.773
  1380	122.111
  1381	124.792
  1382	126.771
  1383	125.834
  1384	121.758
  1385	119.863
  1386	124.239
  1387	129.35
  1388	125.609
  1389	126.448
  1390	127.944
  1391	122.308
  1392	119.643
  1393	120.053
  1394	121.643
  1395	129.357
  1396	126.936
  1397	129.779
  1398	131.51
  1399	124.305
  1400	118.452
  1401	124.978
  1402	125.323
  1403	129.202
  1404	135.862
  1405	137.341
  1406	136.337
  1407	140.271
  1408	139.045
  1409	137.224
  1410	138.003
  1411	138.579
  1412	136.887
  1413	138.713
  1414	141.657
  1415	144.71
  1416	142.026
  1417	143.786
  1418	149.121
  1419	148.199
  1420	142.624
  1421	139.89
  1422	138.444
  1423	140.987
  1424	144.909
  1425	149.695
  1426	145.284
  1427	142.67
  1428	139.317
  1429	128.38
  1430	125.748
  1431	131.09
  1432	128.884
  1433	132.65
  1434	135.346
  1435	133.224
  1436	135.714
  1437	132.307
  1438	127.964
  1439	132.079
  1440	131.86
  1441	133.713
  1442	134.922
  1443	132.691
  1444	130.242
  1445	131.491
  1446	128.54
  1447	128.906
  1448	139.385
  1449	144.62
  1450	141.485
  1451	147.388
  1452	151.322
  1453	148.288
  1454	145.369
  1455	145.296
  1456	142.887
  1457	141.161
  1458	136.915
  1459	133.327
  1460	129.577
  1461	127.251
  1462	128.702
  1463	132.756
  1464	129.88
  1465	127.657
  1466	131.29
  1467	133.836
  1468	135.632
  1469	142.055
  1470	137.087
  1471	134.996
  1472	142.251
  1473	141.712
  1474	140.206
  1475	136.758
  1476	132.308
  1477	137.001
  1478	141.028
  1479	140.942
  1480	141.745
  1481	141.583
  1482	140.598
  1483	139.428
  1484	136.561
  1485	135.469
  1486	137.909
  1487	136.477
  1488	137.342
  1489	142.296
  1490	141.306
  1491	138.228
  1492	140.328
  1493	142.563
  1494	142.756
  1495	145.465
  1496	144.208
  1497	138.325
  1498	138.751
  1499	142.862
  1500	147.438
  1501	154.183
  1502	158.379
  1503	151.531
  1504	151.015
  1505	150.512
  1506	142.796
  1507	138.528
  1508	141.494
  1509	145.041
  1510	147.041
  1511	146.998
  1512	146.703
  1513	143.912
  1514	141.543
  1515	139.408
  1516	140.127
  1517	141.065
  1518	138.791
  1519	133.425
  1520	132.27
  1521	133.695
  1522	136.073
  1523	135.299
  1524	134.107
  1525	142.055
  1526	146.853
  1527	141.063
  1528	142.77
  1529	144.448
  1530	141.401
  1531	141.593
  1532	146.11
  1533	141.981
  1534	138.854
  1535	137.717
  1536	132.569
  1537	132.051
  1538	138.537
  1539	140.914
  1540	138.339
  1541	136.877
  1542	144.417
  1543	146.005
  1544	140.654
  1545	139.782
  1546	144.288
  1547	141.566
  1548	140.515
  1549	144.245
  1550	139.308
  1551	137.074
  1552	144.083
  1553	145.36
  1554	143.243
  1555	146.711
  1556	148.652
  1557	144.362
  1558	144.899
  1559	146.886
  1560	144.071
  1561	143.218
  1562	142.322
  1563	138.124
  1564	135.613
  1565	132.008
  1566	126.222
  1567	125.183
  1568	130.672
  1569	134.365
  1570	132.24
  1571	121.841
  1572	119.707
  1573	122.682
  1574	115.216
  1575	115.923
  1576	129.183
  1577	135.265
  1578	133.486
  1579	134.464
  1580	133.335
  1581	127.29
  1582	126.839
  1583	126.616
  1584	127.585
  1585	134.172
  1586	137.683
  1587	129.446
  1588	123.31
  1589	125.92
  1590	128.74
  1591	127.864
  1592	129.87
  1593	134.497
  1594	139.52
  1595	142.054
  1596	144.309
  1597	149.478
  1598	151.908
  1599	147.419
  1600	145.256
  1601	143.211
  1602	141.257
  1603	144.28
  1604	146.694
  1605	145.111
  1606	149.352
  1607	151.317
  1608	148.599
  1609	141.862
  1610	140.751
  1611	146.531
  1612	150.665
  1613	151.676
  1614	155.409
  1615	155.839
  1616	148.538
  1617	142.186
  1618	141.625
  1619	139.457
  1620	139.711
  1621	141.393
  1622	141.863
  1623	141.828
  1624	142.068
  1625	138.505
  1626	135.14
  1627	139.197
  1628	144.237
  1629	141.103
  1630	136.9
  1631	139.182
  1632	143.216
  1633	139.873
  1634	133.619
  1635	134.217
  1636	133.316
  1637	130.639
  1638	130.35
  1639	129.343
  1640	122.006
  1641	123.973
  1642	127.076
  1643	123.923
  1644	123.496
  1645	130.496
  1646	133.659
  1647	132.753
  1648	131.297
  1649	134.084
  1650	138.426
  1651	140.074
  1652	136.79
  1653	141.402
  1654	145.722
  1655	141.556
  1656	136.679
  1657	135.861
  1658	132.603
  1659	132.266
  1660	139.682
  1661	141.655
  1662	138.763
  1663	143.002
  1664	143.956
  1665	136.942
  1666	134.85
  1667	140.546
  1668	146.938
  1669	146.525
  1670	145.289
  1671	146.328
  1672	146.901
  1673	143.043
  1674	146.13
  1675	149.334
  1676	150.398
  1677	150.064
  1678	149.254
  1679	146.675
  1680	152.466
  1681	153.962
  1682	150.836
  1683	150.655
  1684	152.946
  1685	152.34
  1686	150.351
  1687	144.965
  1688	139.711
  1689	143.471
  1690	143.956
  1691	137.493
  1692	133.965
  1693	131.479
  1694	132.597
  1695	132.343
  1696	130.856
  1697	135.46
  1698	139.902
  1699	136.185
  1700	132.49
  1701	132.947
  1702	137.148
  1703	137.962
  1704	138.016
  1705	139.394
  1706	141.61
  1707	140.718
  1708	132.921
  1709	130.466
  1710	138.556
  1711	141.656
  1712	141.198
  1713	141.053
  1714	142.785
  1715	146.098
  1716	145.997
  1717	146.253
  1718	151.613
  1719	157.878
  1720	157.654
  1721	154.073
  1722	151.61
  1723	148.803
  1724	147.856
  1725	149.653
  1726	147.493
  1727	146.511
  1728	148.15
  1729	144.767
  1730	141.995
  1731	146.432
  1732	152.827
  1733	157.683
  1734	159.302
  1735	153.139
  1736	146.417
  1737	144.813
  1738	143.214
  1739	143.847
  1740	148.631
  1741	148.228
  1742	146.564
  1743	146.44
  1744	141.815
  1745	138.984
  1746	143.375
  1747	145.618
  1748	146.437
  1749	147.883
  1750	147.141
  1751	144.72
  1752	139.237
  1753	138.916
  1754	144.993
  1755	153.856
  1756	155.3
  1757	152.182
  1758	156.198
  1759	159.765
  1760	157.03
  1761	154.422
  1762	154.098
  1763	155.577
  1764	152.33
  1765	146.256
  1766	150.363
  1767	151.037
  1768	140.392
  1769	137.608
  1770	143.646
  1771	144.564
  1772	140.288
  1773	140.32
  1774	140.587
  1775	136.958
  1776	133.952
  1777	131.047
  1778	129.071
  1779	134.559
  1780	139.156
  1781	140.376
  1782	139.111
  1783	137.938
  1784	139.637
  1785	137.398
  1786	130.499
  1787	126.851
  1788	127.976
  1789	127.446
  1790	125.245
  1791	128.032
  1792	127.177
  1793	127.83
  1794	127.088
  1795	124.139
  1796	126.11
  1797	134.124
  1798	131.409
  1799	126.07
  1800	127.858
  1801	133.068
  1802	129.82
  1803	124.425
  1804	124.678
  1805	134.497
  1806	138.345
  1807	135.445
  1808	133.738
  1809	137.536
  1810	135.369
  1811	134.908
  1812	136.589
  1813	131.559
  1814	127.59
  1815	132.455
  1816	127.629
  1817	126.501
  1818	132.205
  1819	133.353
  1820	129.714
  1821	130.577
  1822	130.954
  1823	135.986
  1824	142.888
  1825	140.459
  1826	135.452
  1827	144.061
  1828	144.272
  1829	132.391
  1830	131.586
  1831	134.942
  1832	132.342
  1833	130.805
  1834	130.148
  1835	129.654
  1836	131.762
  1837	131.226
  1838	130.075
  1839	130.435
  1840	127.094
  1841	128.92
  1842	134.852
  1843	137.123
  1844	138.372
  1845	138.991
  1846	136.769
  1847	138.652
  1848	137.923
  1849	132.569
  1850	131.142
  1851	132.428
  1852	134.451
  1853	135.085
  1854	135.349
  1855	136.751
  1856	135.746
  1857	132.941
  1858	128.78
  1859	128.175
  1860	134.313
  1861	129.509
  1862	124.546
  1863	128.624
  1864	126.525
  1865	119.563
  1866	118.636
  1867	117.741
  1868	119.097
  1869	122.351
  1870	117.593
  1871	118.709
  1872	128.887
  1873	127.19
  1874	127.351
  1875	132.963
  1876	128.407
  1877	127.825
  1878	137.067
  1879	136.307
  1880	134.156
  1881	141.871
  1882	147.633
  1883	145.045
  1884	145.972
  1885	149.922
  1886	144.117
  1887	139.054
  1888	144.409
  1889	143.048
  1890	136.859
  1891	135.889
  1892	135.192
  1893	131.628
  1894	130.751
  1895	135.83
  1896	137.444
  1897	131.19
  1898	134.045
  1899	138.858
  1900	132.006
  1901	129.856
  1902	132.169
  1903	132.045
  1904	134.054
  1905	134.883
  1906	137.731
  1907	141.403
  1908	142.839
  1909	144.23
  1910	147.022
  1911	146.263
  1912	142.542
  1913	145.278
  1914	138.668
  1915	134.51
  1916	135.016
  1917	133.043
  1918	130.405
  1919	135.045
  1920	137.733
  1921	135.265
  1922	130.533
  1923	128.044
  1924	128.569
  1925	127.282
  1926	123.744
  1927	122.682
  1928	126.004
  1929	126.604
  1930	124.433
  1931	127.92
  1932	126.511
  1933	121.038
  1934	126.336
  1935	130.849
  1936	131.431
  1937	129.283
  1938	131.642
  1939	131.967
  1940	134.575
  1941	137.497
  1942	141.447
  1943	138.165
  1944	132.092
  1945	132.566
  1946	133.755
  1947	125.906
  1948	127.75
  1949	135.017
  1950	135.653
  1951	136.478
  1952	137.454
  1953	130.264
  1954	129.775
  1955	137.962
  1956	143.174
  1957	141.359
  1958	141.954
  1959	142.132
  1960	133.396
  1961	125.518
  1962	125.13
  1963	126.227
  1964	136.207
  1965	142.246
  1966	143.278
  1967	142.493
  1968	145.019
  1969	145.98
  1970	142.91
  1971	138.137
  1972	141.967
  1973	141.347
  1974	132.427
  1975	130.941
  1976	137.861
  1977	136.955
  1978	134.898
  1979	137.435
  1980	140.356
  1981	138.939
  1982	134.824
  1983	129.216
  1984	138.177
  1985	151.982
  1986	151.883
  1987	143.862
  1988	145.304
  1989	150.744
  1990	149.396
  1991	143.612
  1992	142.353
  1993	147.075
  1994	147.989
  1995	144.484
  1996	147.477
  1997	148.887
  1998	146.191
  1999	145.896
  2000	148.36
  2001	146.292
  2002	148.392
  2003	148.666
  2004	144.158
  2005	146.355
  2006	156.54
  2007	153.331
  2008	141.891
  2009	141.749
  2010	150.251
  2011	145.862
  2012	141.502
  2013	145.757
  2014	144.125
  2015	140.82
  2016	147.833
  2017	144.383
  2018	137.157
  2019	142.802
  2020	150.873
  2021	144.171
  2022	137.587
  2023	145.037
  2024	142.199
  2025	130.383
  2026	132.499
  2027	139.034
  2028	136.643
  2029	128.814
  2030	131.579
  2031	127.593
  2032	122.75
  2033	123.478
  2034	123.336
  2035	119.35
  2036	126.368
  2037	129.177
  2038	125.89
  2039	123.679
  2040	123.187
  2041	121.813
  2042	126.105
  2043	122.227
  2044	126.353
  2045	132.602
  2046	130.992
  2047	130.485
  2048	134.559
  2049	131.544
  2050	129.772
  2051	132.559
  2052	135.511
  2053	139.274
  2054	139.61
  2055	138.268
  2056	141.683
  2057	140.904
  2058	131.103
  2059	126.835
  2060	132.08
  2061	132.34
  2062	128.533
  2063	126.647
  2064	129.451
  2065	129.126
  2066	124.632
  2067	119.423
  2068	120.277
  2069	120.124
  2070	117.856
  2071	115.601
  2072	116.58
  2073	116.955
  2074	116.178
  2075	114.8
  2076	111.293
  2077	113.041
  2078	117.277
  2079	123.777
  2080	133.244
  2081	136.42
  2082	139.701
  2083	144.622
  2084	146.543
  2085	145.567
  2086	142.014
  2087	136.513
  2088	139.301
  2089	143.749
  2090	143.191
  2091	144.061
  2092	148.501
  2093	146.454
  2094	141.545
  2095	145.069
  2096	149.987
  2097	147.913
  2098	143.914
  2099	147.187
  2100	147.103
  2101	145.746
  2102	141.763
  2103	140.923
  2104	136.229
  2105	134.249
  2106	137.735
  2107	142.015
  2108	136.15
  2109	132.685
  2110	137.538
  2111	137.762
  2112	128.947
  2113	130.916
  2114	134.398
  2115	131.926
  2116	129.512
  2117	136.752
  2118	139.602
  2119	135.837
  2120	132.161
  2121	135.548
  2122	132.048
  2123	124.455
  2124	116.706
  2125	118.723
  2126	119.611
  2127	117.317
  2128	123.642
  2129	129.079
  2130	119.107
  2131	112.221
  2132	111.743
  2133	112.422
  2134	110.515
  2135	115.735
  2136	117.781
  2137	114.551
  2138	107.644
  2139	106.267
  2140	105.348
  2141	109.426
  2142	106.229
  2143	110.744
  2144	116.521
  2145	117.854
  2146	112.933
  2147	114.218
  2148	115.195
  2149	115.371
  2150	120.115
  2151	132.3
  2152	131.129
  2153	125.696
  2154	129.439
  2155	136.035
  2156	132.019
  2157	129.832
  2158	134.816
  2159	139.729
  2160	131.268
  2161	125.812
  2162	125.268
  2163	125.715
  2164	122.972
  2165	128.181
  2166	130.665
  2167	128.453
  2168	125.512
  2169	128.349
  2170	125.393
  2171	123.696
  2172	127.81
  2173	136.965
  2174	133.283
  2175	129.255
  2176	132.818
  2177	134.526
  2178	128.414
  2179	132.308
  2180	138.421
  2181	136.329
  2182	131.025
  2183	132.403
  2184	130.956
  2185	129.057
  2186	132.035
  2187	130.863
  2188	128.856
  2189	135.497
  2190	141.518
  2191	139.305
  2192	137.134
  2193	138.938
  2194	141.947
  2195	136.972
  2196	134.133
  2197	139.483
  2198	140.663
  2199	135.202
  2200	138.071
  2201	146.565
  2202	143.19
  2203	137.66
  2204	141.175
  2205	143.589
  2206	137.647
  2207	136.511
  2208	142.813
  2209	142.651
  2210	137.733
  2211	139.524
  2212	142.786
  2213	138.851
  2214	132.997
  2215	134.354
  2216	135.174
  2217	129.724
  2218	131.924
  2219	137.328
  2220	134.232
  2221	127.459
  2222	126.825
  2223	127.287
  2224	130.867
  2225	133.138
  2226	139.062
  2227	140.192
  2228	133.434
  2229	128.004
  2230	124.73
  2231	118.391
  2232	118.803
  2233	121.573
  2234	117.372
  2235	114.28
  2236	118.947
  2237	112.858
  2238	103.382
  2239	106.367
  2240	111.874
  2241	108.371
  2242	108.561
  2243	118.457
  2244	120.933
  2245	116.272
  2246	118.186
  2247	120.098
  2248	118.681
  2249	117.708
  2250	122.82
  2251	126.541
  2252	124.199
  2253	120.586
  2254	122.262
  2255	120.011
  2256	119.131
  2257	122.404
  2258	124.784
  2259	125.951
  2260	130.079
  2261	134
  2262	136.46
  2263	136.575
  2264	138.297
  2265	129.647
  2266	124.591
  2267	122.839
  2268	127.792
  2269	130.21
  2270	127.936
  2271	126.299
  2272	127.727
  2273	125.581
  2274	123.262
  2275	123.318
  2276	127.101
  2277	126.225
  2278	125.292
  2279	119.446
  2280	114.61
  2281	109.414
  2282	112.074
  2283	112.515
  2284	114.028
  2285	119.297
  2286	126.345
  2287	120.755
  2288	122.016
  2289	129.422
  2290	130.747
  2291	127.277
  2292	129.584
  2293	131.719
  2294	129.113
  2295	123.336
  2296	123.595
  2297	120.956
  2298	122.871
  2299	120.569
  2300	115.218
  2301	110.9
  2302	112.023
  2303	110.408
  2304	112.718
  2305	112.954
  2306	113.99
  2307	111.896
  2308	110.925
  2309	109.973
  2310	113.724
  2311	116.713
  2312	118.759
  2313	119.854
  2314	124.632
  2315	126.264
  2316	126.113
  2317	120.996
  2318	117.499
  2319	122.918
  2320	128.599
  2321	126.611
  2322	121.658
  2323	123.633
  2324	128.531
  2325	126.635
  2326	126.82
  2327	132.118
  2328	136.465
  2329	134.061
  2330	133.414
  2331	135.805
  2332	141.06
  2333	140.393
  2334	132.805
  2335	129.322
  2336	130.816
  2337	130.229
  2338	130.458
  2339	129.633
  2340	128.494
  2341	128.019
  2342	125.698
  2343	120.186
  2344	120.856
  2345	111.996
  2346	109.256
  2347	117.77
  2348	121.876
  2349	122.777
  2350	125.084
  2351	122.492
  2352	122.963
  2353	123.546
  2354	124.421
  2355	128.416
  2356	132.025
  2357	125.752
  2358	124.492
  2359	124.218
  2360	120.106
  2361	120.203
  2362	125.309
  2363	124.974
  2364	121.8
  2365	123.502
  2366	128.365
  2367	127.985
  2368	126.254
  2369	125.878
  2370	131.542
  2371	130.089
  2372	121.023
  2373	118.176
  2374	122.698
  2375	121.454
  2376	124.784
  2377	130.894
  2378	133.733
  2379	136.529
  2380	136.366
  2381	130.134
  2382	133.637
  2383	136.714
  2384	130.708
  2385	134.592
  2386	144.167
  2387	143.906
  2388	144.712
  2389	144.672
  2390	143.329
  2391	144.598
  2392	147.723
  2393	147.488
  2394	149.167
  2395	149.02
  2396	149.863
  2397	153.469
  2398	155.132
  2399	150.347
  2400	145.341
  2401	148.87
  2402	151.409
  2403	145.965
  2404	139.286
  2405	137.861
  2406	137.892
  2407	137.441
  2408	136.55
  2409	131.648
  2410	124
  2411	127.478
  2412	133.5
  2413	135.932
  2414	134.672
  2415	143.17
  2416	144.55
  2417	143.098
  2418	145.992
  2419	143.074
  2420	137.851
  2421	139.959
  2422	141.287
  2423	145.126
  2424	144.907
  2425	141.011
  2426	141.957
  2427	144.949
  2428	142.604
  2429	141.171
  2430	137.488
  2431	137.883
  2432	138.439
  2433	142.305
  2434	140.174
  2435	133.649
  2436	130.589
  2437	132.162
  2438	134.69
  2439	133.466
  2440	130.546
  2441	131.223
  2442	131.918
  2443	131.192
  2444	128.903
  2445	131.275
  2446	135.327
  2447	131.847
  2448	131.729
  2449	136.508
  2450	132.492
  2451	129.374
  2452	136.792
  2453	141.035
  2454	137.875
  2455	140.085
  2456	142.584
  2457	141.94
  2458	144.05
  2459	147.529
  2460	143.753
  2461	142.276
  2462	144.447
  2463	140.482
  2464	136.897
  2465	136.419
  2466	137.087
  2467	142.444
  2468	144.933
  2469	144.379
  2470	144.916
  2471	144.817
  2472	145.051
  2473	151.137
  2474	151.496
  2475	147.403
  2476	148.176
  2477	148.67
  2478	146.858
  2479	147.077
  2480	142.69
  2481	136.399
  2482	139.343
  2483	140.804
  2484	136.672
  2485	131.122
  2486	132.31
  2487	137.765
  2488	135.972
  2489	135.142
  2490	134.806
  2491	134.677
  2492	134.095
  2493	136.255
  2494	138.966
  2495	140.486
  2496	137.42
  2497	137.854
  2498	140.446
  2499	148.645
  2500	154.255
  2501	157.362
  2502	159.761
  2503	160.831
  2504	156.028
  2505	152.613
  2506	150.358
  2507	151.246
  2508	150.769
  2509	151.378
  2510	147.825
  2511	143.661
  2512	140.275
  2513	141.272
  2514	146.289
  2515	148.648
  2516	149.475
  2517	152.399
  2518	152.105
  2519	149.1
  2520	146.809
  2521	150.477
  2522	152.118
  2523	151.362
  2524	158.426
  2525	160.874
  2526	154.814
  2527	156.051
  2528	157.821
  2529	154.258
  2530	156.179
  2531	158.826
  2532	152.723
  2533	145.848
  2534	146.85
  2535	149.113
  2536	151.166
  2537	154.81
  2538	154.625
  2539	153.25
  2540	154.18
  2541	151.562
  2542	147
  2543	149.426
  2544	149.633
  2545	146.755
  2546	145.976
  2547	146.185
  2548	142.218
  2549	134.723
  2550	133.584
  2551	135.694
  2552	135.509
  2553	134.606
  2554	136.101
  2555	137.045
  2556	138.157
  2557	138.805
  2558	135.381
  2559	135.611
  2560	138.734
  2561	136.214
  2562	132.55
  2563	137.842
  2564	143.128
  2565	144.342
  2566	140.969
  2567	142.497
  2568	141.808
  2569	134.358
  2570	130.569
  2571	131.997
  2572	133.163
  2573	133.846
  2574	134.738
  2575	136.868
  2576	132.075
  2577	132.772
  2578	134.63
  2579	132.971
  2580	134.405
  2581	140.285
  2582	138.698
  2583	138.302
  2584	137.991
  2585	138.082
  2586	133.086
  2587	129.042
  2588	128.685
  2589	134.94
  2590	135.453
  2591	133.103
  2592	134.659
  2593	138.449
  2594	135.553
  2595	137.384
  2596	141.964
  2597	144.373
  2598	144.319
  2599	146.99
  2600	145.169
  2601	144.997
  2602	148.252
  2603	149.814
  2604	145.469
  2605	152.524
  2606	157.343
  2607	151.105
  2608	151.601
  2609	156.048
  2610	152.693
  2611	152.936
  2612	157.685
  2613	158.554
  2614	153.449
  2615	152.627
  2616	153.46
  2617	149.956
  2618	154.035
  2619	162.11
  2620	159.649
  2621	155.538
  2622	162.544
  2623	163.036
  2624	160.352
  2625	167.03
  2626	174.01
  2627	167.878
  2628	163.046
  2629	168.175
  2630	171.018
  2631	167.16
  2632	168.784
  2633	175.484
  2634	172.433
  2635	165.938
  2636	165.762
  2637	166.773
  2638	167.224
  2639	164.791
  2640	163.433
  2641	166.01
  2642	167.088
  2643	161.513
  2644	153.075
  2645	149.499
  2646	154.062
  2647	153.634
  2648	150.696
  2649	152.619
  2650	157.597
  2651	154.306
  2652	147.76
  2653	151.088
  2654	159.683
  2655	157.98
  2656	152.178
  2657	151.543
  2658	153.705
  2659	155.133
  2660	153.38
  2661	154.827
  2662	161.441
  2663	166.239
  2664	162.121
  2665	158.373
  2666	157.372
  2667	154.757
  2668	152.117
  2669	153.034
  2670	152.972
  2671	149.968
  2672	151.151
  2673	154.1
  2674	153.637
  2675	156.066
  2676	162.445
  2677	160.996
  2678	154.343
  2679	161.717
  2680	174.07
  2681	165.667
  2682	158
  2683	167.586
  2684	171.562
  2685	165.237
  2686	162.25
  2687	160.57
  2688	159.221
  2689	162.13
  2690	170.457
  2691	172.649
  2692	171.817
  2693	174.166
  2694	169.949
  2695	165.143
  2696	169.867
  2697	175.136
  2698	173.061
  2699	172.926
  2700	172.401
  2701	166.545
  2702	166.243
  2703	172.079
  2704	170.413
  2705	171.903
  2706	-174.673
  2707	-172.32
  2708	174.59
  2709	170.578
  2710	173.097
  2711	171.426
  2712	169.506
  2713	172.024
  2714	170.637
  2715	165.605
  2716	162.866
  2717	162.881
  2718	163.722
  2719	166.923
  2720	170.845
  2721	168.21
  2722	162.866
  2723	165.001
  2724	165.374
  2725	157.195
  2726	153.701
  2727	158.87
  2728	160.911
  2729	158.164
  2730	154.087
  2731	149.244
  2732	146.014
  2733	148.922
  2734	151.656
  2735	148.219
  2736	147.749
  2737	147.357
  2738	145.544
  2739	146.811
  2740	157.698
  2741	164.28
  2742	156.848
  2743	156.399
  2744	165.769
  2745	162.229
  2746	151.755
  2747	152.633
  2748	159.877
  2749	157.811
  2750	157.272
  2751	164.436
  2752	162.766
  2753	159.809
  2754	167.095
  2755	170.442
  2756	170.487
  2757	178.542
  2758	175.531
  2759	163.22
  2760	161.678
  2761	164.492
  2762	158.516
  2763	154.511
  2764	160.627
  2765	166.183
  2766	165.617
  2767	160.016
  2768	152.411
  2769	150.386
  2770	155.257
  2771	155.453
  2772	150.768
  2773	147.001
  2774	153.281
  2775	157.963
  2776	155.544
  2777	156.389
  2778	163.033
  2779	161.611
  2780	156.057
  2781	161.228
  2782	165.576
  2783	162.139
  2784	157.854
  2785	152.682
  2786	150.241
  2787	146.185
  2788	139.687
  2789	139.803
  2790	141.755
  2791	142.798
  2792	148.724
  2793	155.985
  2794	154.978
  2795	151.038
  2796	154.882
  2797	157.013
  2798	156.235
  2799	153.537
  2800	152.551
  2801	153.995
  2802	154.56
  2803	151.859
  2804	150.749
  2805	153.589
  2806	157.416
  2807	155.464
  2808	155.076
  2809	160.798
  2810	164.796
  2811	161.004
  2812	160.867
  2813	161.016
  2814	156.115
  2815	152.781
  2816	157.017
  2817	162.656
  2818	166.599
  2819	171.884
  2820	174.143
  2821	168.48
  2822	163.049
  2823	158.895
  2824	157.095
  2825	159.806
  2826	160.923
  2827	160.233
  2828	163.98
  2829	161.304
  2830	155.068
  2831	156.06
  2832	159.653
  2833	160.983
  2834	164.893
  2835	168.804
  2836	168.292
  2837	162.044
  2838	158.283
  2839	156.573
  2840	154.41
  2841	154.341
  2842	159.737
  2843	163.32
  2844	163.106
  2845	167.341
  2846	169.938
  2847	166.096
  2848	164.668
  2849	168.329
  2850	167.594
  2851	164.359
  2852	164.142
  2853	160.12
  2854	156.286
  2855	157.335
  2856	155.195
  2857	152.236
  2858	154.678
  2859	154.508
  2860	155.895
  2861	159.632
  2862	160.383
  2863	156.792
  2864	155.574
  2865	157.707
  2866	159.894
  2867	161.932
  2868	164.014
  2869	161.007
  2870	158.242
  2871	162.691
  2872	165.795
  2873	159.454
  2874	157.373
  2875	162.076
  2876	159.574
  2877	158.118
  2878	161.287
  2879	158.251
  2880	156.935
  2881	162.435
  2882	165.857
  2883	164.243
  2884	162.335
  2885	163.576
  2886	163.232
  2887	160.844
  2888	165.189
  2889	170.824
  2890	170.023
  2891	169.612
  2892	171.84
  2893	171.809
  2894	167.143
  2895	167.322
  2896	168.578
  2897	164.167
  2898	158.948
  2899	160.903
  2900	166.356
  2901	168.893
  2902	166.836
  2903	165.736
  2904	162.406
  2905	156.444
  2906	157.154
  2907	162.82
  2908	159.468
  2909	156.001
  2910	155.631
  2911	153.305
  2912	155.25
  2913	160.589
  2914	159.756
  2915	157.847
  2916	160.231
  2917	162.399
  2918	161.761
  2919	161.744
  2920	166.165
  2921	170.203
  2922	172.077
  2923	174.525
  2924	174.107
  2925	173.605
  2926	175.748
  2927	178.526
  2928	176.532
  2929	174.116
  2930	175.83
  2931	175.044
  2932	167.137
  2933	167.17
  2934	169.573
  2935	162.619
  2936	156.347
  2937	159.101
  2938	158.989
  2939	158.635
  2940	159.095
  2941	159.251
  2942	158.985
  2943	160.611
  2944	158.79
  2945	155.87
  2946	157.182
  2947	159.257
  2948	155.978
  2949	154.26
  2950	158.896
  2951	161.916
  2952	161.649
  2953	161.102
  2954	159.859
  2955	153.577
  2956	151.246
  2957	153.617
  2958	153.516
  2959	154.377
  2960	157.906
  2961	161.461
  2962	156.221
  2963	151.43
  2964	154.536
  2965	157.908
  2966	159.887
  2967	165.878
  2968	172.404
  2969	170.969
  2970	167.145
  2971	170.283
  2972	172.77
  2973	170.925
  2974	171.744
  2975	176.021
  2976	173.636
  2977	172.304
  2978	168.683
  2979	163.922
  2980	161.28
  2981	164.217
  2982	160.184
  2983	156.062
  2984	157.788
  2985	155.972
  2986	148.476
  2987	151.541
  2988	162.197
  2989	166.895
  2990	164.898
  2991	166.507
  2992	167.854
  2993	165.887
  2994	164.533
  2995	167.348
  2996	169.034
  2997	171.22
  2998	173.899
  2999	171.68
  3000	168.22
  3001	170.566
  3002	171.365
  3003	167.646
  3004	163.6
  3005	164.443
  3006	163.901
  3007	158.98
  3008	156.262
  3009	160.722
  3010	158.697
  3011	151.286
  3012	153.037
  3013	158.381
  3014	156.687
  3015	156.586
  3016	155.4
  3017	154.134
  3018	157.112
  3019	162.841
  3020	162.543
  3021	160.423
  3022	160.616
  3023	157.631
  3024	152.45
  3025	154.13
  3026	163.369
  3027	164.807
  3028	158.581
  3029	158.09
  3030	162.108
  3031	160.91
  3032	157.043
  3033	159.313
  3034	163.336
  3035	162.256
  3036	165.129
  3037	169.448
  3038	165.173
  3039	162.074
  3040	163.007
  3041	161.557
  3042	163.64
  3043	170.277
  3044	170.018
  3045	163.737
  3046	158.036
  3047	155.737
  3048	155.951
  3049	158.893
  3050	163.212
  3051	160.077
  3052	152.442
  3053	154.051
  3054	154.052
  3055	152.132
  3056	154.89
  3057	159.196
  3058	158.498
  3059	158.507
  3060	169.41
  3061	169.745
  3062	159.126
  3063	159.04
  3064	168.449
  3065	169.087
  3066	166.185
  3067	168.868
  3068	167.807
  3069	164.459
  3070	164.309
  3071	166.336
  3072	164.808
  3073	161.263
  3074	160.964
  3075	160.369
  3076	156.732
  3077	157.135
  3078	158.553
  3079	155.83
  3080	157.663
  3081	165.374
  3082	161.603
  3083	154.579
  3084	158.416
  3085	159.844
  3086	153.079
  3087	155.243
  3088	163.21
  3089	163.607
  3090	161.208
  3091	163.656
  3092	162.503
  3093	158.232
  3094	158.627
  3095	158.561
  3096	153.209
  3097	152.96
  3098	155.434
  3099	152.695
  3100	152.034
  3101	154.54
  3102	154.663
  3103	151.097
  3104	150.21
  3105	153.763
  3106	152.28
  3107	150.659
  3108	152.582
  3109	152.271
  3110	150.863
  3111	152.661
  3112	153.111
  3113	148.094
  3114	149.319
  3115	152.978
  3116	152.736
  3117	151.975
  3118	154.716
  3119	153.363
  3120	149.911
  3121	152.066
  3122	154.299
  3123	148.336
  3124	145.604
  3125	149.509
  3126	151.304
  3127	146.266
  3128	144.087
  3129	144.096
  3130	142.271
  3131	139.267
  3132	137.603
  3133	135.684
  3134	136.586
  3135	137.193
  3136	137.815
  3137	137.479
  3138	139.626
  3139	138.466
  3140	138.624
  3141	137.745
  3142	137.436
  3143	138.44
  3144	137.605
  3145	136.245
  3146	145.083
  3147	149.535
  3148	143.309
  3149	146.767
  3150	157.15
  3151	157.321
  3152	151.899
  3153	148.223
  3154	148.097
  3155	148.694
  3156	152.077
  3157	155.597
  3158	154.123
  3159	153.467
  3160	149.041
  3161	141.312
  3162	138.514
  3163	141.27
  3164	145.811
  3165	145.252
  3166	148.973
  3167	153.9
  3168	149.707
  3169	139.685
  3170	135.978
  3171	138.461
  3172	135.916
  3173	130.432
  3174	134.751
  3175	136.354
  3176	132.688
  3177	133.667
  3178	132.144
  3179	126.747
  3180	130.579
  3181	133.678
  3182	133.701
  3183	133.801
  3184	135.045
  3185	137.222
  3186	138.538
  3187	134.854
  3188	132.534
  3189	132.392
  3190	130.786
  3191	132.605
  3192	136.162
  3193	138.304
  3194	141.759
  3195	137.891
  3196	133.119
  3197	137.961
  3198	143.338
  3199	140.983
  3200	137.575
  3201	140.393
  3202	141.854
  3203	136.005
  3204	141.888
  3205	150.229
  3206	147.079
  3207	142.252
  3208	144.013
  3209	145.892
  3210	143.429
  3211	144.654
  3212	149.538
  3213	145.44
  3214	139.8
  3215	142.225
  3216	139.495
  3217	128.844
  3218	132.209
  3219	141.317
  3220	142.923
  3221	139.988
  3222	138.88
  3223	136.031
  3224	129.986
  3225	125.385
  3226	128.304
  3227	135.813
  3228	139.063
  3229	143.204
  3230	143.318
  3231	138.913
  3232	137
  3233	137.936
  3234	139.782
  3235	138.011
  3236	139.216
  3237	140.916
  3238	138.529
  3239	137.49
  3240	139.926
  3241	139.046
  3242	137.517
  3243	139.121
  3244	141.069
  3245	138.758
  3246	135.206
  3247	134.084
  3248	132.639
  3249	128.604
  3250	128.752
  3251	132.486
  3252	133.623
  3253	132.733
  3254	135.434
  3255	136.425
  3256	130.713
  3257	131.534
  3258	134.932
  3259	135.144
  3260	139.534
  3261	142.74
  3262	138.852
  3263	139.677
  3264	141.57
  3265	138.34
  3266	132.654
  3267	134.992
  3268	139.92
  3269	144.09
  3270	141.289
  3271	138.985
  3272	140.613
  3273	138.883
  3274	129.517
  3275	135.492
  3276	140.807
  3277	137.348
  3278	136.166
  3279	135.235
  3280	133.801
  3281	136.009
  3282	131.729
  3283	135.712
  3284	136.067
  3285	137.932
  3286	136.434
  3287	137.231
  3288	138.946
  3289	143.199
  3290	143.017
  3291	143.372
  3292	146.294
  3293	149.341
  3294	145.141
  3295	145.503
  3296	149.43
  3297	151.423
  3298	151.814
  3299	158.525
  3300	155.263
  3301	148.42
  3302	146.509
  3303	147.962
  3304	148.255
  3305	147.99
  3306	149.079
  3307	152.781
  3308	151.122
  3309	145.582
  3310	146.623
  3311	150.563
  3312	155.784
  3313	155.758
  3314	156.816
  3315	162.285
  3316	163.463
  3317	156.234
  3318	153.555
  3319	156.926
  3320	158.066
  3321	158.11
  3322	161.341
  3323	165.19
  3324	163.164
  3325	161.542
  3326	162.172
  3327	156.427
  3328	155.019
  3329	162.652
  3330	161.174
  3331	157.576
  3332	159.285
  3333	160.644
  3334	158.856
  3335	164.222
  3336	166.142
  3337	161.778
  3338	157.833
  3339	158.786
  3340	155.882
  3341	149.836
  3342	149.356
  3343	157.639
  3344	157.39
  3345	154.894
  3346	160.441
  3347	163.548
  3348	157.101
  3349	154.612
  3350	158.26
  3351	158.511
  3352	157.372
  3353	160.697
  3354	163.634
  3355	159.005
  3356	155.628
  3357	155.508
  3358	157.416
  3359	153.489
  3360	152.431
  3361	151.589
  3362	143.764
  3363	142.033
  3364	153.815
  3365	156.884
  3366	151.004
  3367	150.648
  3368	155.913
  3369	149.644
  3370	146.373
  3371	145.532
  3372	146.585
  3373	149.831
  3374	145.31
  3375	138.577
  3376	135.177
  3377	128.773
  3378	126.261
  3379	129.392
  3380	123.715
  3381	121.482
  3382	124.223
  3383	124.156
  3384	121.451
  3385	121.105
  3386	124.643
  3387	126.326
  3388	126.682
  3389	128.364
  3390	133.071
  3391	132.984
  3392	130.508
  3393	138.172
  3394	147.807
  3395	146.198
  3396	141.066
  3397	145.36
  3398	147.732
  3399	147.197
  3400	148.705
  3401	151.589
  3402	152.968
  3403	149.795
  3404	151.105
  3405	153.882
  3406	152.789
  3407	147.488
  3408	147.481
  3409	149.626
  3410	142.199
  3411	138.725
  3412	145.02
  3413	147.568
  3414	146.769
  3415	147.822
  3416	149.596
  3417	153.496
  3418	157.903
  3419	162.113
  3420	161.054
  3421	157.496
  3422	161.667
  3423	164.097
  3424	161.352
  3425	154.439
  3426	155.758
  3427	159.759
  3428	160.947
  3429	160.481
  3430	157.532
  3431	150.597
  3432	148.71
  3433	148.196
  3434	149.603
  3435	156.207
  3436	156.739
  3437	144.865
  3438	142.528
  3439	148.659
  3440	142.348
  3441	138.515
  3442	141.598
  3443	144.57
  3444	150.077
  3445	150.212
  3446	146.644
  3447	151.891
  3448	150.101
  3449	146.794
  3450	147.629
  3451	150.184
  3452	151.513
  3453	150.109
  3454	146.539
  3455	149.622
  3456	152.99
  3457	149.719
  3458	147.078
  3459	146.937
  3460	142.03
  3461	138.633
  3462	143.082
  3463	145.437
  3464	145.193
  3465	144.34
  3466	137.446
  3467	133.373
  3468	135.157
  3469	127.298
  3470	128.552
  3471	136.804
  3472	136.639
  3473	135.208
  3474	135.185
  3475	135.986
  3476	133.617
  3477	137.838
  3478	142.133
  3479	145.091
  3480	144.378
  3481	144.496
  3482	145.35
  3483	139.426
  3484	136.979
  3485	145.456
  3486	146.224
  3487	139.71
  3488	139.847
  3489	142.531
  3490	140.791
  3491	138.432
  3492	141.497
  3493	143.345
  3494	139.316
  3495	136.743
  3496	141.901
  3497	146.247
  3498	148.007
  3499	151.253
  3500	153.676
  3501	150.574
  3502	148.711
  3503	147.46
  3504	151.745
  3505	156.668
  3506	155.73
  3507	153.652
  3508	154.347
  3509	159.02
  3510	161.225
  3511	159.81
  3512	161.228
  3513	166.757
  3514	167.031
  3515	162.099
  3516	159.035
  3517	157.817
  3518	152.084
  3519	144.256
  3520	143.18
  3521	148.587
  3522	152.487
  3523	145.434
  3524	139.482
  3525	135.349
  3526	135.178
  3527	138.541
  3528	145.638
  3529	154.097
  3530	155.947
  3531	156.786
  3532	160.176
  3533	163.339
  3534	165.064
  3535	170.205
  3536	177.764
  3537	-179.848
  3538	178.644
  3539	-176.846
  3540	-175.95
  3541	-177.198
  3542	-179.583
  3543	-175.315
  3544	-169.25
  3545	-166.184
  3546	-173.015
  3547	-179.773
  3548	179.898
  3549	-178.871
  3550	-179.334
  3551	-179.561
  3552	-178.213
  3553	175.904
  3554	167.706
  3555	164.029
  3556	167.96
  3557	166.011
  3558	160.686
  3559	160.415
  3560	163.89
  3561	157.56
  3562	151.891
  3563	158.79
  3564	163.596
  3565	158.756
  3566	161.78
  3567	168.242
  3568	169.777
  3569	167.234
  3570	170.52
  3571	174.303
  3572	171.49
  3573	170.847
  3574	174.843
  3575	175.271
  3576	175.091
  3577	171.509
  3578	166.89
  3579	161.314
  3580	160.753
  3581	160.317
  3582	160.447
  3583	161.292
  3584	160.464
  3585	155.338
  3586	146.739
  3587	146.849
  3588	151.446
  3589	149.638
  3590	150.82
  3591	156.29
  3592	158.025
  3593	151
  3594	151.623
  3595	159.474
  3596	155.662
  3597	150.528
  3598	153.973
  3599	158.046
  3600	153.352
  3601	150.844
  3602	154.504
  3603	155.486
  3604	146.638
  3605	148.099
  3606	157.271
  3607	157.857
  3608	155.08
  3609	159.988
  3610	162.455
  3611	162.654
  3612	159.78
  3613	160.271
  3614	159.402
  3615	163.011
  3616	165.147
  3617	158.314
  3618	151.326
  3619	154.22
  3620	156.67
  3621	153.443
  3622	152.046
  3623	157.327
  3624	162.873
  3625	158.188
  3626	155.506
  3627	158.342
  3628	161.349
  3629	166.011
  3630	165.55
  3631	163.256
  3632	164.078
  3633	164.582
  3634	162.549
  3635	162.356
  3636	168.93
  3637	172.647
  3638	165.959
  3639	158.282
  3640	158.174
  3641	160.456
  3642	160.685
  3643	160.069
  3644	160.647
  3645	156.305
  3646	150.729
  3647	153.625
  3648	156.276
  3649	154.249
  3650	155.852
  3651	155.787
  3652	149.848
  3653	147.616
  3654	152.104
  3655	154.352
  3656	153.461
  3657	151.49
  3658	152.021
  3659	149.512
  3660	150.198
  3661	155.778
  3662	156.208
  3663	154.171
  3664	156.3
  3665	156.696
  3666	152.961
  3667	155.588
  3668	162.845
  3669	161.454
  3670	153.188
  3671	159.692
  3672	165.424
  3673	160.908
  3674	155.832
  3675	162.874
  3676	166.911
  3677	161.734
  3678	156.909
  3679	160.246
  3680	159.59
  3681	152.174
  3682	149.866
  3683	149.18
  3684	144.812
  3685	144.4
  3686	144.474
  3687	139.442
  3688	139.959
  3689	143.704
  3690	149.39
  3691	146.597
  3692	147.572
  3693	149.213
  3694	150.052
  3695	145.155
  3696	146.681
  3697	152.945
  3698	152.191
  3699	146.178
  3700	147.52
  3701	145.058
  3702	145.936
  3703	151.958
  3704	154.549
  3705	148.334
  3706	144.323
  3707	141.91
  3708	139.136
  3709	136.766
  3710	141.47
  3711	142.176
  3712	135.579
  3713	134.593
  3714	144.43
  3715	148.493
  3716	142.386
  3717	141.661
  3718	147.688
  3719	144.831
  3720	138.289
  3721	142.424
  3722	147.378
  3723	142.491
  3724	141.247
  3725	143.939
  3726	146.392
  3727	140.938
  3728	139.521
  3729	145.604
  3730	142.102
  3731	138.476
  3732	150.097
  3733	153.533
  3734	140.664
  3735	139.899
  3736	144.619
  3737	136.74
  3738	132.13
  3739	145.957
  3740	150.2
  3741	142.191
  3742	141.67
  3743	142.928
  3744	138.569
  3745	138.477
  3746	148.083
  3747	153.539
  3748	142.97
  3749	138.508
  3750	150.546
  3751	150.508
  3752	140.979
  3753	146.564
  3754	152.061
  3755	145.781
  3756	136.488
  3757	136.649
  3758	145.703
  3759	142.484
  3760	136.588
  3761	140.394
  3762	143.349
  3763	142.46
  3764	143.871
  3765	145.31
  3766	144.652
  3767	145.243
  3768	146.902
  3769	146.482
  3770	141.946
  3771	147.36
  3772	149.078
  3773	146.892
  3774	153.702
  3775	155.896
  3776	148.883
  3777	145.964
  3778	147.269
  3779	148.297
  3780	147.4
  3781	145.504
  3782	149.614
  3783	145.618
  3784	141.634
  3785	144.278
  3786	144.842
  3787	143.588
  3788	147.529
  3789	146.029
  3790	144.98
  3791	145.202
  3792	151.99
  3793	153.26
  3794	146.799
  3795	144.466
  3796	149.313
  3797	145.646
  3798	143.52
  3799	151.803
  3800	163.568
  3801	160.663
  3802	151.29
  3803	153.824
  3804	157.095
  3805	155.861
  3806	164.116
  3807	170.067
  3808	164.862
  3809	162.512
  3810	163.408
  3811	162.056
  3812	159.471
  3813	162.798
  3814	166.889
  3815	161.604
  3816	157.583
  3817	160.613
  3818	161.144
  3819	156.599
  3820	156.305
  3821	155.087
  3822	151.939
  3823	150.758
  3824	153.764
  3825	150.322
  3826	148.167
  3827	151.889
  3828	148.798
  3829	143.512
  3830	156.738
  3831	164.065
  3832	160.391
  3833	160.867
  3834	162.506
  3835	162.236
  3836	163.444
  3837	164.44
  3838	165.06
  3839	163.9
  3840	164.043
  3841	161.788
  3842	160.235
  3843	161.574
  3844	158.345
  3845	155.161
  3846	157.017
  3847	157.046
  3848	152.779
  3849	151.906
  3850	153.406
  3851	151.18
  3852	151.694
  3853	154.945
  3854	153.958
  3855	146.999
  3856	151.478
  3857	154.895
  3858	148.881
  3859	141.885
  3860	147.13
  3861	147.487
  3862	142.421
  3863	144.145
  3864	152.644
  3865	154.825
  3866	148.249
  3867	150.592
  3868	154.539
  3869	152.549
  3870	153.7
  3871	156.662
  3872	151.997
  3873	151.83
  3874	150.748
  3875	149.617
  3876	151.919
  3877	157.752
  3878	157.463
  3879	154.052
  3880	148.6
  3881	151.71
  3882	154.889
  3883	158.323
  3884	162.338
  3885	160.293
  3886	155.946
  3887	156.517
  3888	155.662
  3889	155.031
  3890	159.931
  3891	166.502
  3892	164.939
  3893	154.649
  3894	154.084
  3895	160.228
  3896	160.746
  3897	157.903
  3898	159.322
  3899	161.368
  3900	160.661
  3901	154.898
  3902	154.616
  3903	158.401
  3904	158.656
  3905	155.252
  3906	151.372
  3907	151.942
  3908	158.372
  3909	158.954
  3910	154.706
  3911	157.949
  3912	160.879
  3913	159.157
  3914	158.826
  3915	165.942
  3916	170.72
  3917	166.685
  3918	163.384
  3919	163.965
  3920	163.263
  3921	158.11
  3922	150.446
  3923	149.67
  3924	152.791
  3925	153.334
  3926	153.837
  3927	154.793
  3928	152.555
  3929	150.944
  3930	147.653
  3931	146.973
  3932	153.846
  3933	159.568
  3934	156.026
  3935	155.736
  3936	160.538
  3937	158.18
  3938	153.379
  3939	158.956
  3940	160.742
  3941	155.403
  3942	151.746
  3943	155.115
  3944	155.136
  3945	150.77
  3946	148.693
  3947	151.562
  3948	150.421
  3949	148.913
  3950	154.572
  3951	156.978
  3952	152.798
  3953	155.076
  3954	154.05
  3955	147.112
  3956	142.996
  3957	146.457
  3958	145.475
  3959	141.466
  3960	141.374
  3961	144.593
  3962	144.67
  3963	143.195
  3964	143.971
  3965	147.556
  3966	149.136
  3967	149.712
  3968	149.327
  3969	150.317
  3970	152.538
  3971	157.27
  3972	153.704
  3973	153.274
  3974	159.527
  3975	160.001
  3976	155.545
  3977	158.373
  3978	157.397
  3979	152.176
  3980	152.807
  3981	154.808
  3982	153.107
  3983	150.149
  3984	150.533
  3985	156.645
  3986	159.575
  3987	161.208
  3988	164.237
  3989	165.124
  3990	161.124
  3991	162.57
  3992	166.904
  3993	167.122
  3994	166.299
  3995	168.076
  3996	163.231
  3997	155.17
  3998	155.513
  3999	158.481
  4000	156.108
  4001	153.362
  4002	149.92
  4003	150.176
  4004	152.003
  4005	150.994
  4006	152.882
  4007	153.476
  4008	149.738
  4009	150.343
  4010	157.559
  4011	163.012
  4012	162.615
  4013	163.114
  4014	169.69
  4015	167.098
  4016	162.105
  4017	166.059
  4018	178.112
  4019	179.622
  4020	171.754
  4021	166.63
  4022	167.778
  4023	164.16
  4024	161.177
  4025	159.925
  4026	157.879
  4027	156.377
  4028	155.596
  4029	150.804
  4030	149.864
  4031	154.626
  4032	159.944
  4033	159.54
  4034	159.919
  4035	162.717
  4036	166.322
  4037	162.775
  4038	158.241
  4039	158.181
  4040	161.719
  4041	157.614
  4042	153.741
  4043	155.903
  4044	158.55
  4045	157.524
  4046	156.529
  4047	154.291
  4048	152.459
  4049	151.789
  4050	149.552
  4051	151.123
  4052	157.821
  4053	158.812
  4054	155.41
  4055	153.999
  4056	158.071
  4057	164.691
  4058	169.112
  4059	175.935
  4060	176.238
  4061	172.194
  4062	169.365
  4063	168.279
  4064	163.485
  4065	162.34
  4066	162.909
  4067	160.43
  4068	154.421
  4069	151.873
  4070	151.798
  4071	152.979
  4072	153.437
  4073	153.189
  4074	151.089
  4075	154.75
  4076	158.608
  4077	159.448
  4078	164.105
  4079	163.976
  4080	159.836
  4081	157.293
  4082	158.616
  4083	155.458
  4084	154.339
  4085	153.499
  4086	151.27
  4087	145.63
  4088	143.856
  4089	148.948
  4090	153.119
  4091	146.398
  4092	142.988
  4093	146.169
  4094	141.647
  4095	136.13
  4096	142.859
  4097	150.57
  4098	150.696
  4099	150.207
  4100	153.121
  4101	153.833
  4102	150.915
  4103	149.926
  4104	154.794
  4105	158.995
  4106	154.676
  4107	148.806
  4108	151.297
  4109	149.512
  4110	140.231
  4111	145.641
  4112	153.649
  4113	153.232
  4114	155.223
  4115	161.701
  4116	161.333
  4117	161.501
  4118	164.597
  4119	164.096
  4120	160.808
  4121	158.653
  4122	158.845
  4123	162.877
  4124	161.694
  4125	161.614
  4126	166.702
  4127	165.696
  4128	158.649
  4129	159.581
  4130	167.592
  4131	167.889
  4132	160.07
  4133	157.589
  4134	159.647
  4135	164.035
  4136	163.333
  4137	161.946
  4138	166.7
  4139	172.214
  4140	169.102
  4141	163.421
  4142	163.284
  4143	167.396
  4144	167.902
  4145	163.323
  4146	162.617
  4147	163.46
  4148	161.197
  4149	163.145
  4150	166.818
  4151	166.969
  4152	168.796
  4153	174.152
  4154	171.618
  4155	162.606
  4156	162.479
  4157	168.199
  4158	163.141
  4159	156.612
  4160	156.059
  4161	155.19
  4162	148.961
  4163	148.003
  4164	153.453
  4165	158.822
  4166	158.66
  4167	159.077
  4168	159.962
  4169	160.35
  4170	159.729
  4171	159.586
  4172	159.095
  4173	160.664
  4174	158.925
  4175	157.734
  4176	158.412
  4177	158.108
  4178	158.138
  4179	158.846
  4180	154.976
  4181	152.091
  4182	151.429
  4183	149.904
  4184	145.023
  4185	143.002
  4186	149.366
  4187	150.844
  4188	151.034
  4189	154.624
  4190	157.785
  4191	159.312
  4192	159.594
  4193	163.31
  4194	166.096
  4195	163.317
  4196	161.012
  4197	163.34
  4198	162.999
  4199	158.936
  4200	160.104
  4201	158.301
  4202	154.55
  4203	153.473
  4204	156.703
  4205	158.088
  4206	156.456
  4207	154.855
  4208	154.172
  4209	154.029
  4210	154.815
  4211	156.71
  4212	159.963
  4213	161.742
  4214	160.606
  4215	157.387
  4216	156.333
  4217	155.808
  4218	154.3
  4219	153.878
  4220	153.71
  4221	152.21
  4222	148.337
  4223	151.914
  4224	157.896
  4225	152.992
  4226	149.278
  4227	154.189
  4228	151.475
  4229	145.596
  4230	146.178
  4231	153.29
  4232	152.773
  4233	151.036
  4234	148.843
  4235	147.2
  4236	152.108
  4237	159.431
  4238	157.716
  4239	157.342
  4240	165.157
  4241	169.151
  4242	160.354
  4243	154.7
  4244	156.665
  4245	157.692
  4246	152.646
  4247	154.066
  4248	153.27
  4249	152.095
  4250	152.626
  4251	156.475
  4252	156.028
  4253	159.91
  4254	163.812
  4255	158.403
  4256	154.555
  4257	161.902
  4258	166.702
  4259	163.787
  4260	161.127
  4261	167.29
  4262	166.141
  4263	160.057
  4264	163.683
  4265	171.502
  4266	172.881
  4267	170.829
  4268	169.392
  4269	167.598
  4270	165.123
  4271	164.095
  4272	168.227
  4273	166.901
  4274	166.905
  4275	164.572
  4276	159.275
  4277	154.309
  4278	158.762
  4279	163.114
  4280	165.356
  4281	163.744
  4282	165.446
  4283	163.486
  4284	159.973
  4285	155.998
  4286	156.807
  4287	159.077
  4288	158.765
  4289	153.628
  4290	152.433
  4291	153.97
  4292	152.955
  4293	148.757
  4294	151.56
  4295	156.674
  4296	154.59
  4297	151.797
  4298	155.412
  4299	161.316
  4300	159.487
  4301	153.611
  4302	153.377
  4303	155.444
  4304	157.386
  4305	159.317
  4306	160.972
  4307	160.508
  4308	161.299
  4309	162.245
  4310	158.7
  4311	152.606
  4312	153.347
  4313	160.541
  4314	158.927
  4315	151.941
  4316	156.031
  4317	163.783
  4318	159.632
  4319	153.152
  4320	157.27
  4321	160.139
  4322	154.994
  4323	149.829
  4324	151.977
  4325	156.227
  4326	154.08
  4327	148.981
  4328	148.465
  4329	154.14
  4330	156.675
  4331	153.481
  4332	150.521
  4333	154.888
  4334	158.077
  4335	153.239
  4336	150.323
  4337	155.861
  4338	162.662
  4339	161.738
  4340	158.165
  4341	161.61
  4342	164.421
  4343	159.005
  4344	154.525
  4345	155.787
  4346	160.753
  4347	161.296
  4348	156.499
  4349	155.653
  4350	160.361
  4351	164.729
  4352	164.824
  4353	161.494
  4354	165.751
  4355	169.859
  4356	166.954
  4357	162.951
  4358	169.772
  4359	176.946
  4360	173.381
  4361	167.846
  4362	171.689
  4363	177.453
  4364	178.316
  4365	175.598
  4366	172.518
  4367	171.386
  4368	170.336
  4369	162.916
  4370	155.351
  4371	156.171
  4372	159.621
  4373	157.234
  4374	153.298
  4375	153.73
  4376	155.891
  4377	150.369
  4378	142.507
  4379	143.236
  4380	147.083
  4381	140.658
  4382	133.367
  4383	137.471
  4384	141.772
  4385	138.175
  4386	134.449
  4387	132.11
  4388	135.613
  4389	139.777
  4390	141.411
  4391	145.158
  4392	146.003
  4393	145.489
  4394	147.053
  4395	148.984
  4396	151.312
  4397	156.238
  4398	157.52
  4399	159.342
  4400	162.41
  4401	162.956
  4402	161.757
  4403	166.976
  4404	169.795
  4405	166.961
  4406	163.28
  4407	164.157
  4408	161.805
  4409	158.014
  4410	157.638
  4411	159.121
  4412	160.42
  4413	159.043
  4414	151.195
  4415	148.929
  4416	150.044
  4417	151.961
  4418	156.476
  4419	155.154
  4420	147.752
  4421	146.995
  4422	144.561
  4423	141.96
  4424	143.602
  4425	142.235
  4426	140.09
  4427	143.815
  4428	146.965
  4429	145.092
  4430	143.734
  4431	146.546
  4432	145.164
  4433	143.128
  4434	142.12
  4435	143.807
  4436	146.098
  4437	146.875
  4438	149.903
  4439	154.09
  4440	149.914
  4441	143.391
  4442	146.116
  4443	150.972
  4444	153.017
  4445	156.752
  4446	162.655
  4447	163.443
  4448	158.652
  4449	150.42
  4450	150.276
  4451	158.704
  4452	163.316
  4453	162.825
  4454	164.907
  4455	166.37
  4456	159.073
  4457	153.064
  4458	153.197
  4459	153.227
  4460	151.134
  4461	150.283
  4462	148.315
  4463	144.611
  4464	140.832
  4465	141.342
  4466	143.211
  4467	139.417
  4468	136.017
  4469	138.046
  4470	135.466
  4471	136.589
  4472	145.447
  4473	146.4
  4474	140.412
  4475	137.037
  4476	135.606
  4477	132.834
  4478	135.258
  4479	140.681
  4480	142.452
  4481	142.467
  4482	142.008
  4483	136.023
  4484	132.537
  4485	135.549
  4486	136.709
  4487	136.685
  4488	137.505
  4489	136.586
  4490	139.479
  4491	141.421
  4492	140.72
  4493	143.225
  4494	139.762
  4495	136.727
  4496	138.61
  4497	136.245
  4498	133.968
  4499	141.124
  4500	145.612
  4501	141.356
  4502	138.212
  4503	136.067
  4504	133.663
  4505	131.612
  4506	134.074
  4507	138.216
  4508	137.964
  4509	142.537
  4510	145.958
  4511	144.126
  4512	145.055
  4513	148.717
  4514	149.152
  4515	147.169
  4516	148.266
  4517	151.94
  4518	148.179
  4519	144.337
  4520	144.275
  4521	144.46
  4522	142.881
  4523	144.159
  4524	150.393
  4525	154.019
  4526	152.813
  4527	153.846
  4528	155.66
  4529	153.163
  4530	150.263
  4531	150.947
  4532	157.353
  4533	162.701
  4534	160.642
  4535	159.334
  4536	163.552
  4537	162.91
  4538	164.614
  4539	167.991
  4540	174.289
  4541	174.308
  4542	172.448
  4543	171.841
  4544	174.003
  4545	172.041
  4546	172.092
  4547	177.398
  4548	-177.832
  4549	-175.132
  4550	-176.455
  4551	179.791
  4552	-178.232
  4553	-175.484
  4554	-176.72
  4555	179.493
  4556	176.456
  4557	173.082
  4558	172.763
  4559	174.239
  4560	174.064
  4561	167.594
  4562	163.126
  4563	161.744
  4564	162.076
  4565	161.913
  4566	159.707
  4567	152.68
  4568	149.029
  4569	147.389
  4570	148.881
  4571	151.098
  4572	150.807
  4573	150.813
  4574	151.514
  4575	149.316
  4576	150.398
  4577	159.256
  4578	162.356
  4579	162.941
  4580	166.24
  4581	167.087
  4582	162.736
  4583	167.486
  4584	174.247
  4585	174.747
  4586	170.902
  4587	173.284
  4588	175.282
  4589	175.143
  4590	175.111
  4591	179.309
  4592	-179.238
  4593	-176.68
  4594	-174.688
  4595	-178.558
  4596	-177.538
  4597	-173.042
  4598	-171.921
  4599	-178.48
  4600	-178.161
  4601	-176.744
  4602	177.879
  4603	174.194
  4604	179.779
  4605	-179.689
  4606	174.333
  4607	174.533
  4608	177.571
  4609	170.083
  4610	166.718
  4611	168.818
  4612	166.483
  4613	162.306
  4614	167.822
  4615	173.392
  4616	167.744
  4617	163.382
  4618	167.034
  4619	171.363
  4620	171.173
  4621	170.734
  4622	170.767
  4623	171.701
  4624	168.456
  4625	161.975
  4626	157.953
  4627	161.974
  4628	161.708
  4629	157.618
  4630	160.721
  4631	163.671
  4632	157.818
  4633	156.776
  4634	161.744
  4635	159.901
  4636	154.094
  4637	160.449
  4638	167.115
  4639	160.385
  4640	154.69
  4641	162.984
  4642	168.546
  4643	164.028
  4644	165.822
  4645	176.528
  4646	177.522
  4647	175.018
  4648	177.32
  4649	175.859
  4650	173.34
  4651	174.629
  4652	172.833
  4653	169.192
  4654	171.294
  4655	170.096
  4656	168.159
  4657	170.017
  4658	174.82
  4659	171.251
  4660	169.042
  4661	170.575
  4662	171.999
  4663	169.307
  4664	167.785
  4665	167.246
  4666	163.852
  4667	162.602
  4668	162.928
  4669	163.405
  4670	165.346
  4671	168.676
  4672	170.733
  4673	166.83
  4674	160.355
  4675	161.027
  4676	164.073
  4677	166.404
  4678	170.944
  4679	171.521
  4680	166.47
  4681	167.343
  4682	170.749
  4683	169.905
  4684	169.281
  4685	174.931
  4686	175.398
  4687	166.678
  4688	160.482
  4689	159.896
  4690	155.772
  4691	154.42
  4692	152.666
  4693	151.503
  4694	149.362
  4695	146.771
  4696	151.277
  4697	157.766
  4698	160.352
  4699	160.969
  4700	159.901
  4701	156.57
  4702	152.056
  4703	151.941
  4704	157.828
  4705	164.085
  4706	161.888
  4707	158.539
  4708	160.701
  4709	165.298
  4710	163.548
  4711	166.619
  4712	177.601
  4713	178.327
  4714	170.486
  4715	168.547
  4716	169.786
  4717	168.158
  4718	172.18
  4719	178.488
  4720	177.856
  4721	174.826
  4722	173.944
  4723	171.812
  4724	171.231
  4725	173.401
  4726	174.683
  4727	171.611
  4728	165.932
  4729	165.285
  4730	166.774
  4731	170.877
  4732	173.179
  4733	169.853
  4734	166.754
  4735	165.687
  4736	163.21
  4737	162.267
  4738	165.572
  4739	168.226
  4740	163.323
  4741	157.336
  4742	158.192
  4743	160.349
  4744	162.976
  4745	168.26
  4746	169.606
  4747	170.784
  4748	175.477
  4749	176.004
  4750	171.182
  4751	169.024
  4752	175.326
  4753	178.41
  4754	175.154
  4755	173.747
  4756	171.414
  4757	163.893
  4758	158.454
  4759	162.169
  4760	160.683
  4761	153.974
  4762	148.575
  4763	148.512
  4764	150.946
  4765	153.711
  4766	158.795
  4767	166.208
  4768	164.454
  4769	161.449
  4770	165.149
  4771	165.2
  4772	162.323
  4773	164.387
  4774	167.735
  4775	165.705
  4776	164.849
  4777	166.065
  4778	165.303
  4779	163.098
  4780	165.808
  4781	164.784
  4782	160.324
  4783	159.027
  4784	156.833
  4785	153.678
  4786	154.559
  4787	157.725
  4788	159.227
  4789	159.182
  4790	161.826
  4791	164.244
  4792	163.505
  4793	161.907
  4794	164.708
  4795	164.954
  4796	157.671
  4797	154.576
  4798	159.413
  4799	163.113
  4800	161.577
  4801	159.906
  4802	159.372
  4803	157.188
  4804	156.956
  4805	154.923
  4806	154.11
  4807	159.672
  4808	167.817
  4809	167.655
  4810	163.231
  4811	164.904
  4812	170.539
  4813	170.575
  4814	170.045
  4815	175.829
  4816	175.508
  4817	170.282
  4818	171.269
  4819	173.594
  4820	166.75
  4821	159.591
  4822	155.7
  4823	153.983
  4824	147.222
  4825	144.551
  4826	149.656
  4827	149.964
  4828	147.389
  4829	152.035
  4830	153.385
  4831	150.304
  4832	149.878
  4833	152.917
  4834	150.672
  4835	146.277
  4836	149.426
  4837	152.438
  4838	153.372
  4839	153.949
  4840	154.625
  4841	155.827
  4842	161.008
  4843	165.783
  4844	167.241
  4845	162.318
  4846	160.188
  4847	161.717
  4848	157.656
  4849	151.586
  4850	157.662
  4851	160.338
  4852	156.813
  4853	164.992
  4854	176.922
  4855	177.271
  4856	173.915
  4857	175.907
  4858	176.842
  4859	174.433
  4860	173.602
  4861	175.559
  4862	175.024
  4863	171.354
  4864	166.115
  4865	162.075
  4866	155.587
  4867	151.19
  4868	151.94
  4869	149.438
  4870	145.958
  4871	146.641
  4872	148.922
  4873	147.601
  4874	146.673
  4875	147.697
  4876	150.778
  4877	154.397
  4878	160.567
  4879	168.598
  4880	174.483
  4881	172.763
  4882	167.866
  4883	168.685
  4884	175.433
  4885	177.278
  4886	174.818
  4887	174.671
  4888	177.031
  4889	175
  4890	168.569
  4891	167.188
  4892	170.189
  4893	169.486
  4894	166.822
  4895	165.523
  4896	166.343
  4897	167.568
  4898	167.147
  4899	169.271
  4900	173.071
  4901	173.82
  4902	170.536
  4903	170.179
  4904	172.177
  4905	169.153
  4906	164.231
  4907	164.106
  4908	162.41
  4909	158.199
  4910	156.844
  4911	158.554
  4912	158.951
  4913	159.772
  4914	159.698
  4915	155.475
  4916	153.03
  4917	153.645
  4918	155.236
  4919	153.586
  4920	154.31
  4921	156.702
  4922	153.004
  4923	151.011
  4924	153.338
  4925	155.91
  4926	162.5
  4927	167.583
  4928	167.918
  4929	168.293
  4930	170.43
  4931	172.943
  4932	173.043
  4933	170.099
  4934	165.973
  4935	166.171
  4936	168.274
  4937	168.623
  4938	166.962
  4939	168.034
  4940	171.525
  4941	168.824
  4942	164.379
  4943	166.889
  4944	172.104
  4945	167.032
  4946	158.716
  4947	164.17
  4948	168.067
  4949	162.456
  4950	160.797
  4951	163.368
  4952	163.474
  4953	162.148
  4954	160.12
  4955	158.953
  4956	157.457
  4957	158.141
  4958	158.866
  4959	158.904
  4960	158.467
  4961	160.952
  4962	160.858
  4963	162.173
  4964	166.062
  4965	166.237
  4966	162.142
  4967	163.363
  4968	165.179
  4969	166.581
  4970	165.356
  4971	164.459
  4972	161.211
  4973	155.722
  4974	154.683
  4975	156.66
  4976	157.331
  4977	158.66
  4978	157.921
  4979	156.416
  4980	157.012
  4981	159.045
  4982	163.187
  4983	165.35
  4984	164.477
  4985	161.877
  4986	161.718
  4987	165.011
  4988	167.042
  4989	164.316
  4990	162.062
  4991	164.045
  4992	162.814
  4993	158.45
  4994	158.542
  4995	161.849
  4996	161.965
  4997	160.557
  4998	163.097
  4999	166.902
  5000	165.593
  5001	164.882
  5002	168.607
  5003	170.298
  5004	167.62
  5005	162.955
  5006	163.888
  5007	165.46
  5008	163.792
  5009	161.817
  5010	161.528
  5011	162.52
  5012	158.764
  5013	155.824
  5014	160.067
  5015	165.44
  5016	164.787
  5017	164.301
  5018	167.63
  5019	171.674
  5020	172.502
  5021	170.998
  5022	169.942
  5023	173.657
  5024	173.065
  5025	171.836
  5026	171.176
  5027	171.511
  5028	169.212
  5029	166.618
  5030	171.634
  5031	174.852
  5032	172.121
  5033	173.997
  5034	-178.451
  5035	-176.153
  5036	178.234
  5037	178.329
  5038	-174.947
  5039	-175.196
  5040	179.062
  5041	176.956
  5042	179.017
  5043	178.873
  5044	-179.579
  5045	178.287
  5046	176.088
  5047	178.611
  5048	179.584
  5049	171.923
  5050	169.335
  5051	177.385
  5052	179.383
  5053	174.536
  5054	175.638
  5055	178.383
  5056	174.183
  5057	172.238
  5058	179.818
  5059	-179.097
  5060	177.164
  5061	178.259
  5062	-178.872
  5063	175.886
  5064	168.339
  5065	171.866
  5066	173.529
  5067	168.279
  5068	168.194
  5069	176.352
  5070	176.206
  5071	170.778
  5072	174.612
  5073	179.941
  5074	179.801
  5075	-176.407
  5076	-174.888
  5077	-176.087
  5078	-177.546
  5079	-175.241
  5080	-179.803
  5081	179.56
  5082	-176.674
  5083	-174.93
  5084	179.683
  5085	179.628
  5086	-175.938
  5087	-175.689
  5088	-177.981
  5089	-174.119
  5090	-171.295
  5091	-172.815
  5092	-174.497
  5093	-172.551
  5094	-168.753
  5095	-168.465
  5096	-173.727
  5097	-177.655
  5098	-179.041
  5099	179.029
  5100	177.225
  5101	174.447
  5102	174.004
  5103	173.971
  5104	171.849
  5105	171.598
  5106	173.635
  5107	177.417
  5108	-176.678
  5109	-176.835
  5110	177.068
  5111	-179.532
  5112	-171.977
  5113	-167.607
  5114	-168.267
  5115	-165.566
  5116	-160.537
  5117	-157.57
  5118	-161.883
  5119	-165.825
  5120	-167.87
  5121	-168.27
  5122	-177.926
  5123	171.563
  5124	165.995
  5125	165.672
  5126	167.843
  5127	169.263
  5128	168.376
  5129	171.239
  5130	173.142
  5131	173.15
  5132	174.544
  5133	176.541
  5134	176.298
  5135	174.421
  5136	168.68
  5137	167.416
  5138	168.312
  5139	168.62
  5140	169.059
  5141	169.088
  5142	167.416
  5143	166.713
  5144	167.852
  5145	165.211
  5146	164.434
  5147	169.158
  5148	173.404
  5149	170.05
  5150	167.309
  5151	170.912
  5152	179.519
  5153	179.459
  5154	176.35
  5155	175.953
  5156	178.185
  5157	172.22
  5158	166.542
  5159	168.604
  5160	172.387
  5161	166.83
  5162	162.578
  5163	160.738
  5164	163.009
  5165	164.343
  5166	166.304
  5167	168.743
  5168	168.636
  5169	168.219
  5170	168.948
  5171	169.206
  5172	168.492
  5173	166.688
  5174	166.389
  5175	164.263
  5176	160.164
  5177	160.93
  5178	163.017
  5179	166.002
  5180	166.352
  5181	165.279
  5182	165.074
  5183	166.073
  5184	163.053
  5185	160.002
  5186	159.688
  5187	158.446
  5188	156.465
  5189	157.545
  5190	160.036
  5191	160.868
  5192	161.124
  5193	164.459
  5194	168.196
  5195	163.27
  5196	157.766
  5197	162.06
  5198	166.057
  5199	160.578
  5200	156.709
  5201	160.579
  5202	160.215
  5203	154.577
  5204	154.446
  5205	156.318
  5206	157.717
  5207	162.511
  5208	164.406
  5209	159.552
  5210	152.643
  5211	147.571
  5212	147.265
  5213	147.743
  5214	150.223
  5215	157.811
  5216	161.076
  5217	158.619
  5218	156.54
  5219	159.632
  5220	158.564
  5221	159.962
  5222	160.844
  5223	159.626
  5224	157.339
  5225	159.496
  5226	157.14
  5227	152.556
  5228	153.664
  5229	158.939
  5230	161.546
  5231	160.566
  5232	163.078
  5233	167.065
  5234	166.062
  5235	159.954
  5236	159.31
  5237	158.616
  5238	155.465
  5239	153.765
  5240	160.205
  5241	162.414
  5242	164.785
  5243	166.989
  5244	168.036
  5245	164.43
  5246	168.875
  5247	170.82
  5248	173.71
  5249	174.555
  5250	175.541
  5251	173.234
  5252	169.951
  5253	168.926
  5254	170.494
  5255	172.6
  5256	172.266
  5257	173.301
  5258	171.787
  5259	166.684
  5260	165.268
  5261	164.588
  5262	164.322
  5263	165.062
  5264	170.116
  5265	168.647
  5266	164.37
  5267	164.082
  5268	170.62
  5269	172.545
  5270	165.34
  5271	156.994
  5272	161.928
  5273	165.664
  5274	159.651
  5275	163.308
  5276	172.274
  5277	173.683
  5278	170.171
  5279	170.629
  5280	173.223
  5281	177.636
  5282	-178.813
  5283	-176.268
  5284	179.061
  5285	176.5
  5286	175.116
  5287	172.159
  5288	165.079
  5289	166.367
  5290	172.802
  5291	173.891
  5292	168.107
  5293	164.606
  5294	163.651
  5295	168.991
  5296	172.562
  5297	174.591
  5298	176.852
  5299	-179.973
  5300	177.958
  5301	172.186
  5302	173.841
  5303	175.54
  5304	174.229
  5305	173.489
  5306	172.956
  5307	171.858
  5308	172.518
  5309	173.998
  5310	176.682
  5311	174.979
  5312	171.264
  5313	173.299
  5314	177.017
  5315	173.388
  5316	172.255
  5317	174.891
  5318	171.771
  5319	165.763
  5320	169.319
  5321	172.331
  5322	171.611
  5323	176.587
  5324	176.888
  5325	172.706
  5326	173.638
  5327	175.917
  5328	172.979
  5329	170.645
  5330	173.746
  5331	173.774
  5332	167.6
  5333	163.716
  5334	164.679
  5335	167.884
  5336	167.535
  5337	169.008
  5338	172.901
  5339	172.875
  5340	172.171
  5341	176.266
  5342	178.682
  5343	-178.502
  5344	-174.672
  5345	-173.705
  5346	-174.266
  5347	-173.638
  5348	-172.141
  5349	-167.375
  5350	-168.49
  5351	-171.727
  5352	-175.909
  5353	178.168
  5354	170.145
  5355	171.198
  5356	174.982
  5357	174.46
  5358	173.866
  5359	172.016
  5360	166.785
  5361	165.636
  5362	169.535
  5363	172.956
  5364	172.801
  5365	172.561
  5366	173.618
  5367	172.052
  5368	171.878
  5369	172.074
  5370	173.457
  5371	172.21
  5372	169.555
  5373	167.561
  5374	172.054
  5375	173.571
  5376	173.296
  5377	172.801
  5378	169.274
  5379	166.759
  5380	166.375
  5381	166.406
  5382	171.589
  5383	177.857
  5384	176.268
  5385	172.673
  5386	172.212
  5387	174.578
  5388	-179.518
  5389	-175.814
  5390	-174.231
  5391	-171.737
  5392	-172.867
  5393	-174.167
  5394	-177.608
  5395	-177.513
  5396	-176
  5397	-179.085
  5398	178.328
  5399	178.496
  5400	175.851
  5401	171.741
  5402	168.243
  5403	166.233
  5404	169.199
  5405	169.573
  5406	172.088
  5407	171.89
  5408	171.203
  5409	174.716
  5410	174.564
  5411	170.868
  5412	170.611
  5413	170.998
  5414	171.665
  5415	171.973
  5416	176.528
  5417	-178.464
  5418	179.77
  5419	173.417
  5420	177.125
  5421	-177.016
  5422	-178.071
  5423	-176.779
  5424	-171.741
  5425	-172.647
  5426	-179.533
  5427	179.992
  5428	-179.468
  5429	178.408
  5430	176.933
  5431	177.129
  5432	171.628
  5433	171.213
  5434	178.54
  5435	-176.119
  5436	-178.075
  5437	-179.704
  5438	-179.046
  5439	-179.341
  5440	178.649
  5441	176.995
  5442	176.906
  5443	177.634
  5444	177.365
  5445	173.744
  5446	169.557
  5447	167.935
  5448	171.69
  5449	173.639
  5450	169.868
  5451	169.314
  5452	173.711
  5453	176.828
  5454	174.147
  5455	172.092
  5456	176.038
  5457	178.312
  5458	176.368
  5459	170.58
  5460	167.896
  5461	173.482
  5462	174.972
  5463	169.264
  5464	164.886
  5465	167.561
  5466	167.202
  5467	157.911
  5468	152.145
  5469	154.589
  5470	160.189
  5471	155.018
  5472	153.051
  5473	159.73
  5474	162
  5475	161.58
  5476	164.22
  5477	165.035
  5478	167.562
  5479	167.235
  5480	164.939
  5481	163.277
  5482	164.653
  5483	167.018
  5484	165.689
  5485	158.966
  5486	157.876
  5487	162.971
  5488	164.837
  5489	161.256
  5490	162.255
  5491	167.273
  5492	165.889
  5493	159.249
  5494	158.942
  5495	162.955
  5496	161.246
  5497	163.209
  5498	167.021
  5499	170.438
  5500	170.688
  5501	172.706
  5502	171.189
  5503	164.996
  5504	164.092
  5505	169.863
  5506	168.774
  5507	165.53
  5508	168.439
  5509	170.047
  5510	165.689
  5511	164.039
  5512	169.181
  5513	171.315
  5514	171.594
  5515	172.947
  5516	172.378
  5517	172.613
  5518	174.917
  5519	172.472
  5520	167.279
  5521	167.923
  5522	169.122
  5523	164.016
  5524	156.697
  5525	161.041
  5526	165.6
  5527	162.11
  5528	157.895
  5529	163.368
  5530	168.073
  5531	168.35
  5532	165.287
  5533	168.813
  5534	170.318
  5535	168.962
  5536	164.85
  5537	166.282
  5538	165.596
  5539	162.901
  5540	162.828
  5541	162.982
  5542	158.709
  5543	158.887
  5544	158.886
  5545	153.872
  5546	151.447
  5547	156.139
  5548	159.917
  5549	157.785
  5550	158.264
  5551	161.421
  5552	163.799
  5553	162.965
  5554	163.347
  5555	167.914
  5556	170.814
  5557	169.197
  5558	172.424
  5559	174.092
  5560	172.403
  5561	172.009
  5562	172.734
  5563	171.406
  5564	172.743
  5565	174.355
  5566	174.165
  5567	172.174
  5568	176.006
  5569	174.865
  5570	169.879
  5571	170.427
  5572	172.223
  5573	168.401
  5574	167.054
  5575	166.331
  5576	164.198
  5577	162.588
  5578	162.409
  5579	160.84
  5580	159.315
  5581	161.084
  5582	162.748
  5583	161.184
  5584	164.031
  5585	169.058
  5586	167.84
  5587	163.592
  5588	163.445
  5589	165.688
  5590	165.702
  5591	165.667
  5592	167.294
  5593	167.207
  5594	166.452
  5595	169.021
  5596	167.257
  5597	164.4
  5598	167.68
  5599	173.104
  5600	167.744
  5601	162.141
  5602	169.93
  5603	178.812
  5604	172.365
  5605	168.081
  5606	173.793
  5607	177.163
  5608	174.058
  5609	176.133
  5610	-178.213
  5611	179.705
  5612	176.977
  5613	178.581
  5614	177.916
  5615	176.155
  5616	-178.447
  5617	-175.522
  5618	174.392
  5619	165.678
  5620	164.14
  5621	163.219
  5622	158.128
  5623	158.382
  5624	162.851
  5625	163.077
  5626	159.096
  5627	159.049
  5628	160.724
  5629	162.024
  5630	165.421
  5631	166.518
  5632	159.699
  5633	157.389
  5634	160.423
  5635	166.673
  5636	169.169
  5637	169.844
  5638	173.174
  5639	172.351
  5640	167.335
  5641	164.991
  5642	164.704
  5643	170.291
  5644	169.569
  5645	162.169
  5646	157.114
  5647	153.226
  5648	150.739
  5649	148.881
  5650	149.231
  5651	156.414
  5652	160.691
  5653	156.238
  5654	154.565
  5655	160.763
  5656	163.28
  5657	160.844
  5658	164.666
  5659	172.875
  5660	174.645
  5661	170.416
  5662	169.738
  5663	172.039
  5664	173.385
  5665	172.753
  5666	172.939
  5667	170.174
  5668	167.18
  5669	169.748
  5670	169.794
  5671	165.542
  5672	167.701
  5673	169.471
  5674	162.526
  5675	161.634
  5676	173.114
  5677	175.955
  5678	169.048
  5679	169.979
  5680	171.018
  5681	164.558
  5682	166.564
  5683	177.381
  5684	-179.726
  5685	174.98
  5686	177.034
  5687	179.235
  5688	173.646
  5689	173.498
  5690	177.901
  5691	177.741
  5692	176.407
  5693	179.769
  5694	178.78
  5695	175.727
  5696	-179.848
  5697	-176.634
  5698	175.376
  5699	173.556
  5700	-175.555
  5701	-173.148
  5702	-179.176
  5703	-178.034
  5704	-176.664
  5705	175.387
  5706	167.553
  5707	169.254
  5708	171.829
  5709	172.384
  5710	168.688
  5711	160.007
  5712	154.521
  5713	158.42
  5714	158.93
  5715	153.444
  5716	156.745
  5717	169.936
  5718	169.751
  5719	160.229
  5720	165.581
  5721	174.521
  5722	170.481
  5723	168.857
  5724	174.355
  5725	178.783
  5726	177.94
  5727	176.076
  5728	172.525
  5729	169.089
  5730	173.102
  5731	177.025
  5732	170.254
  5733	165.036
  5734	170.107
  5735	169.783
  5736	160.444
  5737	159.09
  5738	165.842
  5739	163.225
  5740	156.056
  5741	158.347
  5742	165.22
  5743	164.945
  5744	159.702
  5745	156.188
  5746	158.03
  5747	159.812
  5748	157.202
  5749	159.458
  5750	165.038
  5751	163.349
  5752	162.859
  5753	166.294
  5754	165.357
  5755	165.66
  5756	170.522
  5757	168.474
  5758	165.251
  5759	162.693
  5760	161.975
  5761	162.986
  5762	162.179
  5763	161.023
  5764	162.131
  5765	167.827
  5766	171.782
  5767	169.33
  5768	167.382
  5769	168.575
  5770	169.296
  5771	163.886
  5772	159.255
  5773	166.166
  5774	170.559
  5775	161.449
  5776	158.393
  5777	165.14
  5778	161.561
  5779	153.773
  5780	155.226
  5781	158.731
  5782	155.659
  5783	153.555
  5784	159.318
  5785	162.361
  5786	155.077
  5787	151.949
  5788	156.539
  5789	154.741
  5790	153.982
  5791	162.9
  5792	161.825
  5793	153.249
  5794	150.672
  5795	147.47
  5796	143.983
  5797	149.344
  5798	155.241
  5799	154.773
  5800	155.027
  5801	155.278
  5802	148.776
  5803	144.988
  5804	151.203
  5805	154.717
  5806	150.368
  5807	149.79
  5808	154.231
  5809	154.884
  5810	148.685
  5811	156.898
  5812	166.527
  5813	165.528
  5814	163.309
  5815	168.989
  5816	172.077
  5817	169.601
  5818	173.845
  5819	179.912
  5820	175.402
  5821	168.21
  5822	170.798
  5823	172.317
  5824	170.44
  5825	171.401
  5826	173.45
  5827	169.817
  5828	162.508
  5829	156.572
  5830	155.913
  5831	159.89
  5832	164.118
  5833	164.59
  5834	161.209
  5835	157.247
  5836	154.395
  5837	156.6
  5838	163.94
  5839	171.054
  5840	175.035
  5841	172.022
  5842	169.87
  5843	172.299
  5844	171.965
  5845	173.451
  5846	174.49
  5847	170.623
  5848	164.031
  5849	161.764
  5850	163.641
  5851	167.895
  5852	170.231
  5853	169.004
  5854	164.079
  5855	158.965
  5856	155.75
  5857	160.488
  5858	166.887
  5859	171.143
  5860	170.489
  5861	167.122
  5862	161.46
  5863	160.168
  5864	164.156
  5865	166.432
  5866	167.666
  5867	171.095
  5868	169.412
  5869	162.16
  5870	159.699
  5871	161.291
  5872	162.122
  5873	163.262
  5874	162.693
  5875	163.84
  5876	165.612
  5877	162.77
  5878	162.354
  5879	164.55
  5880	168.455
  5881	168.139
  5882	161.289
  5883	156.994
  5884	165.122
  5885	171.155
  5886	168.62
  5887	166.603
  5888	173.569
  5889	176.518
  5890	171.476
  5891	169.919
  5892	176.081
  5893	179.181
  5894	176.748
  5895	173.4
  5896	174.687
  5897	175.302
  5898	176.117
  5899	176.112
  5900	175.745
  5901	170.712
  5902	167.325
  5903	166.5
  5904	165.804
  5905	168.867
  5906	170.863
  5907	170.449
  5908	167.708
  5909	164.646
  5910	162.966
  5911	165.249
  5912	167.582
  5913	171.304
  5914	173.795
  5915	175.249
  5916	173.098
  5917	170.603
  5918	169.853
  5919	172.113
  5920	172.28
  5921	172.574
  5922	171.975
  5923	172.919
  5924	171.683
  5925	167.254
  5926	163.345
  5927	164.251
  5928	167.164
  5929	170.07
  5930	165.971
  5931	161.256
  5932	161.038
  5933	161.222
  5934	159.378
  5935	161.213
  5936	161.462
  5937	161.684
  5938	161.793
  5939	165.317
  5940	167.981
  5941	168.718
  5942	169.475
  5943	171.329
  5944	167.668
  5945	162.836
  5946	165.211
  5947	170.257
  5948	168.423
  5949	165.75
  5950	165.74
  5951	162.747
  5952	158.099
  5953	158.445
  5954	158.062
  5955	153.728
  5956	153.718
  5957	154.038
  5958	151.876
  5959	146.944
  5960	146.157
  5961	150.277
  5962	150.067
  5963	147.555
  5964	150.096
  5965	152.492
  5966	150.231
  5967	151.354
  5968	153.126
  5969	149.367
  5970	145.681
  5971	153.354
  5972	159.112
  5973	153.31
  5974	150.67
  5975	155.24
  5976	155.487
  5977	155.046
  5978	158.964
  5979	161.992
  5980	158.99
  5981	157.015
  5982	153.016
  5983	152.685
  5984	150.758
  5985	152.456
  5986	154.385
  5987	153.674
  5988	151.594
  5989	154.042
  5990	151.353
  5991	147.755
  5992	149.736
  5993	150.864
  5994	148.984
  5995	152.252
  5996	155.285
  5997	156.665
  5998	155.844
  5999	154.714
  6000	156.248
  6001	160.716
  6002	164.265
  6003	166.531
  6004	170.319
  6005	176.114
  6006	178.485
  6007	177.042
  6008	173.318
  6009	171.346
  6010	171.217
  6011	168.074
  6012	168.056
  6013	172.75
  6014	171.221
  6015	168.524
  6016	170.301
  6017	170.579
  6018	166.688
  6019	164.437
  6020	168.031
  6021	171.887
  6022	170.201
  6023	166.632
  6024	170.961
  6025	167.854
  6026	162.8
  6027	162.963
  6028	162.759
  6029	163.647
  6030	168.912
  6031	170.803
  6032	165.974
  6033	158.831
  6034	160.647
  6035	156.841
  6036	148.577
  6037	151.037
  6038	158.943
  6039	155.444
  6040	144.406
  6041	140.421
  6042	141.376
  6043	141.62
  6044	143.273
  6045	152.47
  6046	151.138
  6047	148.646
  6048	150.012
  6049	149.136
  6050	144.546
  6051	150.126
  6052	161.99
  6053	167.09
  6054	159.403
  6055	157.064
  6056	161.484
  6057	158.148
  6058	151.147
  6059	159.771
  6060	164.974
  6061	165.913
  6062	164.596
  6063	166.121
  6064	164.891
  6065	166.77
  6066	165.63
  6067	163.534
  6068	163.933
  6069	166.679
  6070	164.173
  6071	159.576
  6072	162.812
  6073	167.966
  6074	160.419
  6075	152.864
  6076	152.059
  6077	154.339
  6078	154.845
  6079	155.328
  6080	158.56
  6081	156.25
  6082	153.172
  6083	148.757
  6084	144.664
  6085	148.231
  6086	156.959
  6087	157.815
  6088	154.198
  6089	151.642
  6090	154.448
  6091	155.144
  6092	156.925
  6093	160.677
  6094	163.581
  6095	161.935
  6096	160.353
  6097	161.424
  6098	163.705
  6099	162.031
  6100	162.981
  6101	163.573
  6102	162.257
  6103	159.606
  6104	162.773
  6105	164.028
  6106	157.897
  6107	151.898
  6108	149.599
  6109	146.21
  6110	141.2
  6111	142.487
  6112	152.268
  6113	153.089
  6114	150.28
  6115	153.592
  6116	156.339
  6117	153.463
  6118	154.789
  6119	159.036
  6120	160.149
  6121	161.837
  6122	161.172
  6123	155.064
  6124	150.844
  6125	151.774
  6126	152.388
  6127	150.893
  6128	154.838
  6129	160.072
  6130	154.139
  6131	151.092
  6132	154.238
  6133	154.188
  6134	148.933
  6135	145.766
  6136	152.57
  6137	154.421
  6138	154.585
  6139	158.002
  6140	157.119
  6141	151.947
  6142	149.915
  6143	151.027
  6144	154.082
  6145	155.393
  6146	152.96
  6147	149.511
  6148	146.036
  6149	139.458
  6150	140.752
  6151	144.116
  6152	150.108
  6153	152.823
  6154	147.784
  6155	146.444
  6156	150.531
  6157	145.874
  6158	143.374
  6159	146.821
  6160	150.921
  6161	148.624
  6162	143.005
  6163	149.727
  6164	156.633
  6165	154.416
  6166	152.789
  6167	153.332
  6168	152.167
  6169	146.773
  6170	147.336
  6171	154.673
  6172	156.596
  6173	148.122
  6174	143.629
  6175	145.763
  6176	142.825
  6177	139.818
  6178	143.803
  6179	150.27
  6180	145.039
  6181	130.996
  6182	131.153
  6183	136.219
  6184	131.67
  6185	132.716
  6186	139.55
  6187	139.095
  6188	136.614
  6189	140.934
  6190	145.516
  6191	143.936
  6192	143.966
  6193	149.461
  6194	148.062
  6195	145.035
  6196	145.562
  6197	149.38
  6198	153.549
  6199	148.945
  6200	150.083
  6201	154.165
  6202	150.968
  6203	148.307
  6204	147.341
  6205	146.15
  6206	150.827
  6207	149.855
  6208	141.265
  6209	139.194
  6210	136.396
  6211	136.892
  6212	139.904
  6213	143.962
  6214	146.253
  6215	144.338
  6216	144.877
  6217	150.692
  6218	157.881
  6219	162.216
  6220	161.691
  6221	162.672
  6222	160.058
  6223	160.33
  6224	160.245
  6225	163.181
  6226	168.545
  6227	172.642
  6228	168.232
  6229	158.292
  6230	153.492
  6231	150.925
  6232	152.917
  6233	154.267
  6234	155.702
  6235	151.363
  6236	149.494
  6237	148.667
  6238	148.435
  6239	151.898
  6240	153.105
  6241	157.667
  6242	151.829
  6243	148.109
  6244	145.247
  6245	146.85
  6246	152.904
  6247	155.139
  6248	150.706
  6249	147.931
  6250	149.492
  6251	150.133
  6252	147.742
  6253	150.631
  6254	157.933
  6255	158.041
  6256	148.131
  6257	141.926
  6258	142.426
  6259	142.631
  6260	141.444
  6261	146.578
  6262	153.05
  6263	148.119
  6264	139.228
  6265	138.085
  6266	139.159
  6267	137.278
  6268	136.394
  6269	137.783
  6270	143.402
  6271	137.12
  6272	133.645
  6273	143.035
  6274	143.82
  6275	140.291
  6276	140.607
  6277	144.285
  6278	147.593
  6279	148.708
  6280	147.825
  6281	148.766
  6282	144.763
  6283	139.82
  6284	142.663
  6285	141.039
  6286	140.428
  6287	145.255
  6288	147.141
  6289	143.705
  6290	140.166
  6291	141.38
  6292	143.126
  6293	146.519
  6294	151.031
  6295	156.687
  6296	154.749
  6297	151.196
  6298	151.072
  6299	155.112
  6300	157.262
  6301	147.744
  6302	146.967
  6303	152.777
  6304	150.469
  6305	147.065
  6306	145.53
  6307	147.11
  6308	150.198
  6309	151.7
  6310	148.052
  6311	150.473
  6312	158.296
  6313	159.87
  6314	154.181
  6315	149.82
  6316	154.409
  6317	156.935
  6318	155.563
  6319	153.759
  6320	152.829
  6321	152.333
  6322	148.841
  6323	143.12
  6324	143.955
  6325	141.372
  6326	146.744
  6327	152.833
  6328	148.251
  6329	146.396
  6330	154.929
  6331	152.544
  6332	147.895
  6333	151.079
  6334	159.251
  6335	159.193
  6336	159.507
  6337	163.257
  6338	164.947
  6339	161.689
  6340	158.649
  6341	156.915
  6342	156.264
  6343	157.602
  6344	156.143
  6345	154.571
  6346	151.718
  6347	151.616
  6348	153.026
  6349	150.935
  6350	145.976
  6351	149.318
  6352	146.93
  6353	141.079
  6354	144.143
  6355	151.297
  6356	149.779
  6357	142.668
  6358	138.816
  6359	141.048
  6360	140.847
  6361	141.936
  6362	147.745
  6363	153.2
  6364	155.777
  6365	151.993
  6366	151.299
  6367	150.716
  6368	147.844
  6369	150.039
  6370	155.211
  6371	150.803
  6372	154.088
  6373	163.8
  6374	157.833
  6375	154.733
  6376	164.13
  6377	165.941
  6378	161.592
  6379	161.101
  6380	167.171
  6381	166.15
  6382	163.894
  6383	167.556
  6384	168.103
  6385	158.209
  6386	151.771
  6387	151.943
  6388	147.934
  6389	147.384
  6390	152.77
  6391	151.812
  6392	142.764
  6393	140.453
  6394	147.654
  6395	148.243
  6396	143.773
  6397	146.643
  6398	146.62
  6399	145.873
  6400	147.973
  6401	142.686
  6402	138.569
  6403	142.118
  6404	144.56
  6405	142.557
  6406	142.544
  6407	142.772
  6408	142.341
  6409	144.63
  6410	148.888
  6411	146.587
  6412	142.92
  6413	142.946
  6414	141.685
  6415	143.812
  6416	146.866
  6417	145.828
  6418	150.713
  6419	153.423
  6420	149.76
  6421	152.664
  6422	156.762
  6423	152.868
  6424	155.308
  6425	155.908
  6426	151.503
  6427	157.179
  6428	160.378
  6429	153.774
  6430	148.528
  6431	153.618
  6432	160.046
  6433	157.376
  6434	151.72
  6435	154.114
  6436	161.147
  6437	161.378
  6438	158.621
  6439	155.768
  6440	152.133
  6441	148.406
  6442	147.033
  6443	149.804
  6444	150.662
  6445	151.808
  6446	146.715
  6447	136.017
  6448	139.088
  6449	148.371
  6450	144.433
  6451	145.352
  6452	150.151
  6453	154.36
  6454	147.817
  6455	142.692
  6456	148.087
  6457	153.179
  6458	152.703
  6459	151.455
  6460	149.396
  6461	147.57
  6462	151.374
  6463	153.541
  6464	147.956
  6465	147.077
  6466	145.661
  6467	145.992
  6468	146.239
  6469	146.524
  6470	149.38
  6471	150.237
  6472	143.629
  6473	140.521
  6474	142.191
  6475	140.251
  6476	133.832
  6477	128.261
  6478	131.513
  6479	134.55
  6480	129.759
  6481	127.324
  6482	128.586
  6483	133.351
  6484	135.661
  6485	137.061
  6486	140.852
  6487	145.275
  6488	146.466
  6489	140.498
  6490	135.142
  6491	140.97
  6492	152.098
  6493	148.956
  6494	148.145
  6495	152.474
  6496	152.079
  6497	152.069
  6498	151.664
  6499	147.039
  6500	149.763
  6501	151.217
  6502	146.804
  6503	141.661
  6504	142.972
  6505	146.617
  6506	149.213
  6507	150.81
  6508	151.983
  6509	146.586
  6510	144.61
  6511	143.523
  6512	144.295
  6513	144.721
  6514	144.68
  6515	142.402
  6516	144.115
  6517	147.234
  6518	146.738
  6519	144.032
  6520	146.153
  6521	150.199
  6522	149.181
  6523	146.002
  6524	150.382
  6525	149.25
  6526	144.174
  6527	142.584
  6528	144.375
  6529	143.286
  6530	145.535
  6531	150.938
  6532	148.525
  6533	143.757
  6534	147.99
  6535	147.178
  6536	136.533
  6537	136.471
  6538	140.102
  6539	142.924
  6540	147.384
  6541	148.228
  6542	143.105
  6543	140.781
  6544	138.738
  6545	135.787
  6546	138.949
  6547	144.632
  6548	141.851
  6549	135.207
  6550	135.004
  6551	139.574
  6552	138.065
  6553	137.621
  6554	141.255
  6555	143.058
  6556	143.944
  6557	140.219
  6558	135.125
  6559	138.351
  6560	143.564
  6561	138.53
  6562	135.234
  6563	142.705
  6564	150.261
  6565	147.408
  6566	148.85
  6567	150.643
  6568	145.048
  6569	138.68
  6570	139.604
  6571	140.092
  6572	142.014
  6573	141.481
  6574	137.141
  6575	130.848
  6576	133.137
  6577	139.254
  6578	140.098
  6579	133.114
  6580	132.476
  6581	131.395
  6582	121.908
  6583	119.121
  6584	122.228
  6585	119.171
  6586	113.264
  6587	114.315
  6588	112.654
  6589	109.951
  6590	107.853
  6591	108.304
  6592	113.584
  6593	115.853
  6594	113.271
  6595	116.618
  6596	113.682
  6597	106.8
  6598	109.409
  6599	116.173
  6600	111.088
  6601	111.724
  6602	114.305
  6603	119.227
  6604	119.658
  6605	117.18
  6606	118.96
  6607	123.034
  6608	122.562
  6609	119.393
  6610	120.087
  6611	122.874
  6612	131.093
  6613	138.642
  6614	138.862
  6615	137.831
  6616	141.171
  6617	138.76
  6618	135.805
  6619	141.229
  6620	150.418
  6621	148.847
  6622	144.002
  6623	142.783
  6624	148.472
  6625	153.503
  6626	154.958
  6627	158.465
  6628	158.974
  6629	156.048
  6630	156.918
  6631	157.597
  6632	150.888
  6633	151.741
  6634	152.509
  6635	152.253
  6636	154.316
  6637	155.457
  6638	155.436
  6639	157.207
  6640	156.439
  6641	153.454
  6642	147.394
  6643	146.887
  6644	148.073
  6645	148.053
  6646	142.182
  6647	138.412
  6648	136.05
  6649	135.05
  6650	132.784
  6651	141.277
  6652	145.886
  6653	140.17
  6654	140.714
  6655	144.58
  6656	142.812
  6657	141.467
  6658	140.554
  6659	139.832
  6660	142.904
  6661	146.629
  6662	145.305
  6663	148.116
  6664	147.113
  6665	149.066
  6666	150.642
  6667	144.058
  6668	142.525
  6669	144.63
  6670	142.476
  6671	137.184
  6672	135.418
  6673	137.786
  6674	143.299
  6675	139.253
  6676	133.347
  6677	137.815
  6678	140.918
  6679	139.589
  6680	134.182
  6681	137.185
  6682	139.232
  6683	132.91
  6684	128.807
  6685	127.977
  6686	130.38
  6687	135.148
  6688	136.086
  6689	134.467
  6690	138.241
  6691	137.589
  6692	136.091
  6693	137.077
  6694	135.277
  6695	136.587
  6696	133.282
  6697	131.273
  6698	136.795
  6699	135.671
  6700	132.275
  6701	134.806
  6702	129.788
  6703	122.383
  6704	124.862
  6705	127.01
  6706	123.368
  6707	123.038
  6708	127.465
  6709	130.505
  6710	124.327
  6711	118.788
  6712	119.75
  6713	116.254
  6714	118.479
  6715	121.165
  6716	121.324
  6717	120.195
  6718	120.584
  6719	116.378
  6720	113.573
  6721	118.722
  6722	124.88
  6723	124.977
  6724	123.988
  6725	130.551
  6726	133.299
  6727	135.236
  6728	131.268
  6729	127.094
  6730	131.913
  6731	136.618
  6732	132.093
  6733	132.728
  6734	137.941
  6735	139.676
  6736	136.153
  6737	133.041
  6738	137.829
  6739	139.121
  6740	135.433
  6741	142.084
  6742	147.868
  6743	142.567
  6744	136.888
  6745	138.171
  6746	137.286
  6747	133.53
  6748	133.14
  6749	133.917
  6750	128.038
  6751	121.066
  6752	120.598
  6753	112.493
  6754	111.882
  6755	116.914
  6756	119.286
  6757	115.903
  6758	118.279
  6759	120.295
  6760	122.254
  6761	115.228
  6762	114.356
  6763	119.769
  6764	116.083
  6765	113.359
  6766	116.533
  6767	111.558
  6768	112.598
  6769	112.326
  6770	109.341
  6771	109.287
  6772	113.021
  6773	112.346
  6774	113.401
  6775	114.818
  6776	122.572
  6777	125.972
  6778	128.578
  6779	128.162
  6780	126.119
  6781	124.445
  6782	128.552
  6783	131.293
  6784	129.079
  6785	127.921
  6786	129.411
  6787	125.056
  6788	119.97
  6789	121.548
  6790	125.104
  6791	120.422
  6792	121.744
  6793	125.235
  6794	126.689
  6795	126.134
  6796	128.036
  6797	128.229
  6798	131.668
  6799	134.289
  6800	136.965
  6801	142.669
  6802	144.931
  6803	141.785
  6804	138.726
  6805	136.054
  6806	135.983
  6807	137.741
  6808	141.164
  6809	138.658
  6810	135.277
  6811	138.559
  6812	144.514
  6813	145.876
  6814	147.789
  6815	149.394
  6816	148.255
  6817	147.602
  6818	149.387
  6819	153.671
  6820	158.343
  6821	161.705
  6822	161.149
  6823	155.731
  6824	154.096
  6825	157.851
  6826	156.826
  6827	153.656
  6828	155.09
  6829	155.356
  6830	150.157
  6831	147.064
  6832	150.547
  6833	151.286
  6834	149.769
  6835	153.668
  6836	156.864
  6837	155.213
  6838	156.437
  6839	159.931
  6840	158.53
  6841	152.814
  6842	150.264
  6843	151.595
  6844	150.503
  6845	146.577
  6846	147.644
  6847	147.033
  6848	142.124
  6849	136.512
  6850	132.929
  6851	134.116
  6852	133.911
  6853	129.631
  6854	131.532
  6855	129.58
  6856	128.552
  6857	132.88
  6858	132.631
  6859	129.82
  6860	130.217
  6861	130.904
  6862	123.197
  6863	122.793
  6864	127.36
  6865	126.154
  6866	123.747
  6867	127.347
  6868	126.856
  6869	123.008
  6870	123.186
  6871	127.467
  6872	130.579
  6873	133.405
  6874	136.204
  6875	141.676
  6876	139.112
  6877	134.693
  6878	137.919
  6879	138.647
  6880	134.44
  6881	133.617
  6882	131.77
  6883	130.985
  6884	130.877
  6885	130.629
  6886	129.429
  6887	128.878
  6888	128.6
  6889	126.662
  6890	123.919
  6891	129.824
  6892	134.977
  6893	133.209
  6894	129.974
  6895	129.956
  6896	128.659
  6897	131.676
  6898	134.162
  6899	136.061
  6900	135.55
  6901	136.201
  6902	137.199
  6903	137.033
  6904	130.403
  6905	134.991
  6906	137.384
  6907	132.466
  6908	126.571
  6909	133.133
  6910	133.459
  6911	125.141
  6912	117.628
  6913	121.607
  6914	121.39
  6915	119.45
  6916	122.942
  6917	121.856
  6918	115.704
  6919	113.125
  6920	112.032
  6921	115.755
  6922	115.59
  6923	117.185
  6924	117.926
  6925	116.173
  6926	119.315
  6927	122.252
  6928	117.738
  6929	118.84
  6930	118.784
  6931	119.452
  6932	121.433
  6933	122.782
  6934	125.626
  6935	130.283
  6936	129.127
  6937	127.558
  6938	127.948
  6939	130.815
  6940	130.116
  6941	131.575
  6942	131.775
  6943	132.537
  6944	128.966
  6945	131.907
  6946	133.617
  6947	135.336
  6948	140.392
  6949	144.346
  6950	142.266
  6951	144.631
  6952	153.249
  6953	155.134
  6954	150.805
  6955	149.31
  6956	151.57
  6957	146.439
  6958	145.75
  6959	149.216
  6960	146.837
  6961	146.997
  6962	145.488
  6963	142.418
  6964	144.737
  6965	146.971
  6966	146.726
  6967	143.791
  6968	141.086
  6969	148.359
  6970	150.393
  6971	140.346
  6972	140.152
  6973	143.532
  6974	138.556
  6975	140.795
  6976	147.988
  6977	147.707
  6978	140.426
  6979	140.37
  6980	138.592
  6981	141.097
  6982	143.153
  6983	144.918
  6984	143.32
  6985	139.949
  6986	139.974
  6987	145.66
  6988	146.762
  6989	142.903
  6990	144.659
  6991	144.613
  6992	137.852
  6993	137.521
  6994	147.435
  6995	148.759
  6996	148.141
  6997	145.736
  6998	141.241
  6999	139.222
  7000	134.008
  7001	134.775
  7002	139.159
  7003	134.916
  7004	135.397
  7005	131.097
  7006	125.282
  7007	130.443
  7008	138.499
  7009	138.675
  7010	133.826
  7011	135.783
  7012	140.306
  7013	139.13
  7014	132.325
  7015	133.721
  7016	135.493
  7017	134.895
  7018	129.805
  7019	131.253
  7020	136.94
  7021	135.415
  7022	129.533
  7023	130.415
  7024	134.506
  7025	136.256
  7026	134.828
  7027	131.497
  7028	134.278
  7029	135.622
  7030	129.752
  7031	130.102
  7032	131.293
  7033	128.958
  7034	130.017
  7035	130.648
  7036	131.797
  7037	138.306
  7038	139.596
  7039	138.554
  7040	138.318
  7041	133.336
  7042	142.301
  7043	145.011
  7044	142.075
  7045	141.602
  7046	141.615
  7047	141.548
  7048	139.181
  7049	141.011
  7050	147.971
  7051	149.767
  7052	148.162
  7053	148.973
  7054	148.502
  7055	152.355
  7056	153.646
  7057	150.606
  7058	150.478
  7059	154.682
  7060	160.372
  7061	159.588
  7062	155.776
  7063	163.087
  7064	165.744
  7065	157.781
  7066	155.703
  7067	159.425
  7068	162.088
  7069	159.902
  7070	156.508
  7071	157.551
  7072	160.347
  7073	158.258
  7074	157.982
  7075	154.742
  7076	157.456
  7077	159.307
  7078	152.941
  7079	147.595
  7080	153.605
  7081	154.868
  7082	148.729
  7083	144.421
  7084	151.354
  7085	156.801
  7086	153.029
  7087	150.868
  7088	152.343
  7089	148.707
  7090	147.275
  7091	147.649
  7092	147.916
  7093	149.135
  7094	150.007
  7095	151.045
  7096	149.806
  7097	154.827
  7098	160.33
  7099	158.046
  7100	151.987
  7101	156.162
  7102	161.501
  7103	157.509
  7104	153.358
  7105	157.13
  7106	161.503
  7107	158.767
  7108	158.582
  7109	163.329
  7110	162.131
  7111	156.85
  7112	153.287
  7113	151.141
  7114	153.417
  7115	155.656
  7116	157.903
  7117	157.944
  7118	158.548
  7119	159.481
  7120	155.8
  7121	155.694
  7122	157.003
  7123	155.776
  7124	153.276
  7125	151.242
  7126	148.914
  7127	145.838
  7128	139.865
  7129	140.675
  7130	140.739
  7131	136.507
  7132	131.604
  7133	135.908
  7134	138.907
  7135	135.639
  7136	134.816
  7137	138.19
  7138	139.873
  7139	144.229
  7140	149.417
  7141	149.419
  7142	151.23
  7143	159.751
  7144	162.988
  7145	161.524
  7146	164.67
  7147	168.932
  7148	168.796
  7149	164.959
  7150	170.365
  7151	175.796
  7152	170.742
  7153	164.522
  7154	162.515
  7155	158.007
  7156	155.855
  7157	159.309
  7158	163.116
  7159	163.861
  7160	161.882
  7161	158.117
  7162	155.842
  7163	157.389
  7164	158.138
  7165	157.772
  7166	153.62
  7167	153.771
  7168	152.61
  7169	154.351
  7170	151.948
  7171	149.569
  7172	147.043
  7173	142.401
  7174	134.729
  7175	136.222
  7176	140.604
  7177	142.617
  7178	138.724
  7179	140.206
  7180	143.564
  7181	144.858
  7182	146.166
  7183	148.789
  7184	151.96
  7185	154.38
  7186	154.717
  7187	150.962
  7188	146.981
  7189	144.984
  7190	139.443
  7191	135.611
  7192	142.387
  7193	147.327
  7194	147.104
  7195	148.434
  7196	152.29
  7197	153.206
  7198	146.676
  7199	143.76
  7200	150.228
  7201	151.922
  7202	148.902
  7203	153.653
  7204	150.819
  7205	145.813
  7206	143.371
  7207	140.12
  7208	132.484
  7209	132.971
  7210	138.943
  7211	139.049
  7212	138.1
  7213	143.58
  7214	145.298
  7215	142.858
  7216	140.002
  7217	143.349
  7218	149.949
  7219	152.43
  7220	146.796
  7221	144.688
  7222	142.308
  7223	138.56
  7224	137.905
  7225	138.508
  7226	141.105
  7227	146.225
  7228	146.516
  7229	141.667
  7230	141.313
  7231	140.684
  7232	139.683
  7233	133.233
  7234	131.77
  7235	141.064
  7236	143.139
  7237	136.509
  7238	135.082
  7239	137.653
  7240	135.732
  7241	132.348
  7242	135.114
  7243	140.705
  7244	146.391
  7245	149.474
  7246	148.047
  7247	146.582
  7248	149.747
  7249	145.176
  7250	140.509
  7251	138.042
  7252	142.364
  7253	143.658
  7254	137.25
  7255	136.255
  7256	141.191
  7257	135.396
  7258	132.986
  7259	136.261
  7260	138.464
  7261	139.788
  7262	145.648
  7263	145.042
  7264	145.88
  7265	143.635
  7266	143.726
  7267	143.149
  7268	146.467
  7269	152.254
  7270	154.862
  7271	150.36
  7272	149.771
  7273	150.44
  7274	144.413
  7275	137.291
  7276	139.122
  7277	144.196
  7278	139.064
  7279	134.281
  7280	142.029
  7281	139.427
  7282	133.834
  7283	135.382
  7284	138.207
  7285	137.299
  7286	136.762
  7287	140.05
  7288	139.036
  7289	134.157
  7290	135.994
  7291	136.06
  7292	132.121
  7293	137.777
  7294	143.94
  7295	140.204
  7296	139.053
  7297	142.225
  7298	142.883
  7299	138.728
  7300	137.887
  7301	141.41
  7302	139.207
  7303	135.245
  7304	136.94
  7305	135.25
  7306	131.015
  7307	133.165
  7308	129.039
  7309	124.015
  7310	125.045
  7311	128.902
  7312	128.637
  7313	127.144
  7314	124.781
  7315	126.418
  7316	127.394
  7317	128.269
  7318	124.835
  7319	125.748
  7320	128.436
  7321	123.309
  7322	120.642
  7323	122.91
  7324	123.193
  7325	122.465
  7326	116.102
  7327	113.008
  7328	117.107
  7329	118.788
  7330	115.431
  7331	117.235
  7332	119.817
  7333	122.497
  7334	117.778
  7335	109.705
  7336	119.313
  7337	123.26
  7338	117.539
  7339	119.742
  7340	129.278
  7341	129.226
  7342	127.212
  7343	127.684
  7344	129.816
  7345	131.846
  7346	134.176
  7347	135.796
  7348	134.898
  7349	135.523
  7350	138.599
  7351	132.992
  7352	127.697
  7353	128.313
  7354	133.034
  7355	130.186
  7356	128.232
  7357	134.256
  7358	136.053
  7359	127.121
  7360	128.956
  7361	135.054
  7362	131.793
  7363	129.508
  7364	128.44
  7365	121.577
  7366	123.917
  7367	121.926
  7368	114.503
  7369	115.068
  7370	123.641
  7371	125.197
  7372	127.656
  7373	130.824
  7374	132.927
  7375	130.64
  7376	127.66
  7377	128.359
  7378	135.719
  7379	139.46
  7380	140.296
  7381	139.97
  7382	140.973
  7383	145.014
  7384	146.857
  7385	143.018
  7386	140.418
  7387	143.314
  7388	141.561
  7389	136.257
  7390	138.399
  7391	138.74
  7392	134.614
  7393	132.395
  7394	132.993
  7395	135.514
  7396	138.494
  7397	137.94
  7398	135.04
  7399	133.302
  7400	128.012
  7401	123.817
  7402	121.327
  7403	122.673
  7404	122.079
  7405	123.313
  7406	124.645
  7407	125.035
  7408	125.951
  7409	126.597
  7410	126.916
  7411	127.221
  7412	121.643
  7413	121.591
  7414	123.928
  7415	125.852
  7416	123.996
  7417	128.091
  7418	127.456
  7419	128.523
  7420	129.422
  7421	128.541
  7422	127.544
  7423	129.492
  7424	127.544
  7425	128.614
  7426	134.172
  7427	138.533
  7428	134.916
  7429	133.229
  7430	134.946
  7431	136.213
  7432	134.618
  7433	132.573
  7434	130.701
  7435	129.662
  7436	129.159
  7437	131.742
  7438	134.416
  7439	139.725
  7440	138.876
  7441	136.313
  7442	138.793
  7443	143.158
  7444	145.327
  7445	141.849
  7446	138.674
  7447	138.467
  7448	137.004
  7449	134.861
  7450	131.345
  7451	132.376
  7452	132.359
  7453	130.678
  7454	130.34
  7455	133.358
  7456	139.287
  7457	139.77
  7458	133.457
  7459	132.333
  7460	139.679
  7461	142.884
  7462	140.077
  7463	145.726
  7464	151.514
  7465	150.574
  7466	146.819
  7467	148.605
  7468	148.168
  7469	146.099
  7470	143.362
  7471	143.937
  7472	143.242
  7473	139.781
  7474	135.9
  7475	135.765
  7476	130.525
  7477	126.166
  7478	129.754
  7479	132.963
  7480	130.833
  7481	137.871
  7482	139.385
  7483	132.299
  7484	132.245
  7485	138.527
  7486	136.256
  7487	136.466
  7488	142.685
  7489	149.301
  7490	146.639
  7491	140.343
  7492	138.482
  7493	146.701
  7494	143.394
  7495	134.071
  7496	134.098
  7497	143.051
  7498	144.838
  7499	145.938
  7500	146.416
  7501	143.801
  7502	141.821
  7503	141.3
  7504	138.023
  7505	140.029
  7506	144.282
  7507	148.579
  7508	144.98
  7509	139.493
  7510	138.251
  7511	142.599
  7512	138.751
  7513	136.447
  7514	145.288
  7515	149.868
  7516	146.231
  7517	144.333
  7518	144.658
  7519	144.075
  7520	144.532
  7521	142.276
  7522	139.391
  7523	139.08
  7524	139.903
  7525	133.257
  7526	126.352
  7527	134.538
  7528	138.03
  7529	130.771
  7530	125.375
  7531	129.976
  7532	131.849
  7533	125.079
  7534	123.965
  7535	128.031
  7536	131.588
  7537	128.23
  7538	129.613
  7539	133.413
  7540	129.944
  7541	130.418
  7542	129.006
  7543	122.022
  7544	112.498
  7545	116.346
  7546	124.646
  7547	122.416
  7548	120.377
  7549	124.15
  7550	122.465
  7551	117.044
  7552	118.136
  7553	120.442
  7554	120.718
  7555	119.343
  7556	121.904
  7557	120.557
  7558	118.847
  7559	119.346
  7560	122.458
  7561	122.102
  7562	126.185
  7563	136.708
  7564	137.966
  7565	134.533
  7566	141.138
  7567	144.675
  7568	141.675
  7569	140.239
  7570	148.191
  7571	143.833
  7572	136.138
  7573	135.368
  7574	139.19
  7575	138.474
  7576	137.951
  7577	137.832
  7578	137.268
  7579	134.115
  7580	132.955
  7581	134.879
  7582	131.623
  7583	125.189
  7584	131.345
  7585	133.386
  7586	127.641
  7587	126.941
  7588	131.032
  7589	127.237
  7590	125.715
  7591	123.802
  7592	119.436
  7593	117.298
  7594	116.668
  7595	118.244
  7596	121.603
  7597	121.457
  7598	121.807
  7599	126.72
  7600	127.4
  7601	125.279
  7602	131.156
  7603	128.544
  7604	122.075
  7605	122.287
  7606	123.171
  7607	120.2
  7608	121.273
  7609	121.658
  7610	119.178
  7611	117.706
  7612	117.946
  7613	121.344
  7614	123.859
  7615	118.872
  7616	117.198
  7617	118.583
  7618	112.115
  7619	110.116
  7620	115.01
  7621	114.464
  7622	110.843
  7623	113.783
  7624	114.358
  7625	110.231
  7626	111.761
  7627	110.552
  7628	105.245
  7629	105.3
  7630	104.372
  7631	105.057
  7632	107.888
  7633	110.628
  7634	109.757
  7635	111.069
  7636	111.375
  7637	111.172
  7638	116.355
  7639	115.616
  7640	119.132
  7641	120.67
  7642	114.018
  7643	116.353
  7644	118.849
  7645	113.078
  7646	112.97
  7647	119.443
  7648	120.548
  7649	118.193
  7650	118.171
  7651	117.92
  7652	116.276
  7653	113.303
  7654	114.016
  7655	115.763
  7656	114.948
  7657	113.89
  7658	115.577
  7659	113.947
  7660	112.38
  7661	111.337
  7662	109.048
  7663	106.803
  7664	108.868
  7665	111.185
  7666	108.441
  7667	113.663
  7668	116.35
  7669	109.127
  7670	110.037
  7671	118.048
  7672	117.599
  7673	112.492
  7674	114.081
  7675	114.711
  7676	113.015
  7677	114.542
  7678	116.221
  7679	113.188
  7680	109.862
  7681	115.783
  7682	116.278
  7683	117.186
  7684	121.221
  7685	125.113
  7686	122.213
  7687	119.323
  7688	122.081
  7689	129.549
  7690	130.844
  7691	133.084
  7692	131.844
  7693	130.372
  7694	127.333
  7695	128.676
  7696	131.607
  7697	132.865
  7698	132.558
  7699	132.03
  7700	120.998
  7701	120.959
  7702	126.098
  7703	128.57
  7704	125.764
  7705	125.701
  7706	128.194
  7707	131.972
  7708	131.233
  7709	133.636
  7710	136.149
  7711	131.414
  7712	131.624
  7713	134.973
  7714	128.937
  7715	127.516
  7716	131.959
  7717	133.57
  7718	131.162
  7719	132.49
  7720	132.706
  7721	125.739
  7722	118.733
  7723	119.293
  7724	122.677
  7725	123.749
  7726	123.344
  7727	126.282
  7728	132.366
  7729	132.515
  7730	128.91
  7731	130.981
  7732	133.306
  7733	134.279
  7734	136.115
  7735	136.672
  7736	137.089
  7737	141.022
  7738	140.683
  7739	135.956
  7740	134.827
  7741	137.158
  7742	133.266
  7743	123.933
  7744	127.951
  7745	132.342
  7746	125.547
  7747	122.378
  7748	120.976
  7749	118.287
  7750	122.947
  7751	130.593
  7752	131.304
  7753	133.681
  7754	138.482
  7755	134.238
  7756	129.63
  7757	132.747
  7758	137.168
  7759	130.038
  7760	125.944
  7761	131.098
  7762	134.388
  7763	127.937
  7764	125.714
  7765	128.831
  7766	127.753
  7767	125.796
  7768	129.275
  7769	126.882
  7770	124.045
  7771	131.944
  7772	135.166
  7773	128.502
  7774	128.569
  7775	132.076
  7776	128.314
  7777	123.309
  7778	124.265
  7779	127.101
  7780	123.972
  7781	115.862
  7782	115.988
  7783	115.037
  7784	110.251
  7785	112.421
  7786	114.833
  7787	110.721
  7788	115.157
  7789	118.741
  7790	110.601
  7791	106.032
  7792	113.319
  7793	112.342
  7794	110.281
  7795	112.939
  7796	115.618
  7797	114.531
  7798	119.763
  7799	122.856
  7800	122.826
  7801	118.805
  7802	119.852
  7803	119.319
  7804	120.826
  7805	120.644
  7806	123.858
  7807	124.594
  7808	124.332
  7809	126.66
  7810	128.383
  7811	128.012
  7812	130.283
  7813	129.191
  7814	132.56
  7815	135.977
  7816	135.005
  7817	131.017
  7818	133.222
  7819	135.686
  7820	136.713
  7821	136.366
  7822	134.86
  7823	131.568
  7824	129.289
  7825	131.485
  7826	130.557
  7827	127.909
  7828	131.695
  7829	136.284
  7830	131.361
  7831	130.08
  7832	135.425
  7833	140.323
  7834	141.557
  7835	141.159
  7836	142.252
  7837	139.804
  7838	133.236
  7839	126.007
  7840	126.321
  7841	128.911
  7842	127.731
  7843	127.264
  7844	127.775
  7845	127.987
  7846	132.024
  7847	135.115
  7848	132.898
  7849	129.384
  7850	129.891
  7851	129.601
  7852	129.338
  7853	127.463
  7854	129.613
  7855	131.749
  7856	128.997
  7857	122.885
  7858	120.198
  7859	119.478
  7860	122.5
  7861	122.594
  7862	118.54
  7863	120.364
  7864	122.638
  7865	119.426
  7866	119.912
  7867	124.254
  7868	128.193
  7869	126.893
  7870	126.188
  7871	128.654
  7872	130.741
  7873	125.309
  7874	124.234
  7875	125.328
  7876	124.658
  7877	121.032
  7878	119.506
  7879	123.621
  7880	126.047
  7881	128.275
  7882	131.747
  7883	127.402
  7884	123.749
  7885	129.279
  7886	131.124
  7887	125.32
  7888	121.457
  7889	126.74
  7890	131.098
  7891	124.362
  7892	125.328
  7893	131.162
  7894	136.86
  7895	136.07
  7896	134.997
  7897	135.941
  7898	141.699
  7899	143.035
  7900	136.821
  7901	137.898
  7902	142.456
  7903	141.49
  7904	135.873
  7905	131.276
  7906	130.465
  7907	130.562
  7908	130.225
  7909	126.569
  7910	125.748
  7911	130.238
  7912	129.863
  7913	122.526
  7914	122.748
  7915	130.503
  7916	128.683
  7917	122.041
  7918	121.745
  7919	127.216
  7920	125.148
  7921	119.787
  7922	118.126
  7923	117.981
  7924	119.384
  7925	117.667
  7926	114.419
  7927	115.192
  7928	121.798
  7929	122.243
  7930	117.933
  7931	114.024
  7932	117.513
  7933	121.907
  7934	118.269
  7935	119.602
  7936	125.474
  7937	126.412
  7938	120.494
  7939	118.547
  7940	120.396
  7941	114.443
  7942	111.109
  7943	115.89
  7944	115.462
  7945	104.31
  7946	110.268
  7947	113.402
  7948	107.162
  7949	106.809
  7950	114.369
  7951	115.138
  7952	113.531
  7953	114.238
  7954	118.362
  7955	114.904
  7956	112.912
  7957	112.614
  7958	111.005
  7959	109.979
  7960	117.676
  7961	119.754
  7962	114.5
  7963	111.115
  7964	117.434
  7965	113.288
  7966	106.087
  7967	108.642
  7968	117.199
  7969	113.433
  7970	107.616
  7971	106.573
  7972	107.611
  7973	112.696
  7974	111.381
  7975	112.678
  7976	115.987
  7977	122.569
  7978	123.565
  7979	118.976
  7980	116.263
  7981	121.314
  7982	118.344
  7983	108.924
  7984	112
  7985	119.726
  7986	119.224
  7987	116.559
  7988	115.221
  7989	120.989
  7990	124.085
  7991	120.72
  7992	111.573
  7993	114.48
  7994	120.714
  7995	118.855
  7996	119.779
  7997	122.506
  7998	122.488
  7999	122.902
  8000	122.845
  8001	123.859
  8002	124.322
  8003	123.703
  8004	118.504
  8005	115.762
  8006	118.371
  8007	118.189
  8008	111.044
  8009	109.578
  8010	119.305
  8011	123.09
  8012	114.875
  8013	119.033
  8014	128.252
  8015	121.942
  8016	116.184
  8017	123.325
  8018	127.513
  8019	122.941
  8020	123.194
  8021	126.71
  8022	125.429
  8023	123.807
  8024	128.633
  8025	127.653
  8026	120.175
  8027	121.385
  8028	125.802
  8029	120.949
  8030	118.981
  8031	123.012
  8032	124.047
  8033	120.166
  8034	125.092
  8035	125.764
  8036	120.616
  8037	118.401
  8038	120.829
  8039	118.39
  8040	114.654
  8041	118.674
  8042	125.096
  8043	121.118
  8044	116.184
  8045	121.248
  8046	118.89
  8047	108.932
  8048	108.057
  8049	108.901
  8050	105.749
  8051	101.842
  8052	107.595
  8053	108.052
  8054	108.786
  8055	111.286
  8056	111.571
  8057	113.834
  8058	116.307
  8059	116.198
  8060	114.987
  8061	117.354
  8062	119.665
  8063	123.69
  8064	122.588
  8065	122.217
  8066	123.785
  8067	124.299
  8068	126.538
  8069	132.721
  8070	139.263
  8071	138.413
  8072	136.431
  8073	138.054
  8074	137.235
  8075	137.679
  8076	136.682
  8077	134.682
  8078	135.432
  8079	139.521
  8080	138.404
  8081	135.289
  8082	132.067
  8083	135.439
  8084	132.305
  8085	126.092
  8086	123.969
  8087	127.191
  8088	123.796
  8089	119.05
  8090	124.742
  8091	130.144
  8092	129.581
  8093	126.221
  8094	127.679
  8095	132.168
  8096	132.527
  8097	131.874
  8098	129.048
  8099	132.659
  8100	139.681
  8101	139.086
  8102	137.3
  8103	134.833
  8104	138.877
  8105	141.136
  8106	139.781
  8107	139.026
  8108	139.367
  8109	133.071
  8110	122.526
  8111	117.156
  8112	121.434
  8113	120.293
  8114	117.661
  8115	121.318
  8116	119.905
  8117	118.215
  8118	119.894
  8119	116.041
  8120	111.266
  8121	110.97
  8122	111.5
  8123	105.939
  8124	103.592
  8125	111.112
  8126	114.801
  8127	113.127
  8128	109.536
  8129	110.835
  8130	115.743
  8131	114.336
  8132	108.445
  8133	109.525
  8134	110.69
  8135	103.191
  8136	100.71
  8137	108.725
  8138	108.532
  8139	106.499
  8140	110.379
  8141	116.183
  8142	117.26
  8143	115.208
  8144	112.329
  8145	111.823
  8146	110.074
  8147	113.062
  8148	115.599
  8149	113.435
  8150	113.077
  8151	113.528
  8152	113.668
  8153	120.619
  8154	123.853
  8155	116.107
  8156	114.105
  8157	120.235
  8158	121.095
  8159	116.874
  8160	119.142
  8161	121.219
  8162	121.079
  8163	123.081
  8164	129.072
  8165	129.368
  8166	126.606
  8167	127.84
  8168	130.701
  8169	128.691
  8170	127.775
  8171	129.086
  8172	134.287
  8173	135.802
  8174	135.348
  8175	138.675
  8176	142.555
  8177	142.166
  8178	140.694
  8179	144.636
  8180	142.8
  8181	136.521
  8182	137.802
  8183	146.16
  8184	146.132
  8185	145.858
  8186	150.356
  8187	152.278
  8188	150.52
  8189	151.142
  8190	151.194
  8191	149.059
  8192	145.69
  8193	142.01
  8194	141.338
  8195	141.904
  8196	138.105
  8197	132.85
  8198	137.562
  8199	143.318
  8200	138.78
  8201	130.863
  8202	128.944
  8203	131.881
  8204	130.183
  8205	123.441
  8206	123.456
  8207	129.93
  8208	131.146
  8209	123.789
  8210	127.87
  8211	137.699
  8212	142.51
  8213	139.282
  8214	140.597
  8215	141.592
  8216	141.634
  8217	140.689
  8218	141.274
  8219	147.488
  8220	147.323
  8221	141.305
  8222	137.528
  8223	137.109
  8224	142.4
  8225	145.332
  8226	139.817
  8227	136.158
  8228	134.115
  8229	134.471
  8230	132.212
  8231	131.547
  8232	130.854
  8233	134.195
  8234	133.923
  8235	133.866
  8236	130.87
  8237	132.715
  8238	130.945
  8239	126.39
  8240	126.336
  8241	130.436
  8242	130.624
  8243	131.928
  8244	136.854
  8245	140.568
  8246	142.568
  8247	142.968
  8248	144.822
  8249	148.778
  8250	144.658
  8251	140.943
  8252	139.399
  8253	141.917
  8254	144.524
  8255	139.065
  8256	136.137
  8257	136.087
  8258	137.674
  8259	137.441
  8260	135.122
  8261	133.631
  8262	136.369
  8263	133.372
  8264	122.982
  8265	119.698
  8266	122.901
  8267	125.175
  8268	125.312
  8269	127.329
  8270	131.786
  8271	126.037
  8272	124.154
  8273	127.717
  8274	124.992
  8275	121.812
  8276	125.441
  8277	124.621
  8278	122.453
  8279	127.676
  8280	129.22
  8281	123.538
  8282	121.006
  8283	126.649
  8284	130.894
  8285	125.103
  8286	125.118
  8287	128.824
  8288	134.958
  8289	128.749
  8290	124.904
  8291	127.922
  8292	127.761
  8293	123.576
  8294	123.043
  8295	125.463
  8296	126.811
  8297	126.03
  8298	121.573
  8299	118.214
  8300	119.662
  8301	122.865
  8302	122.168
  8303	120.432
  8304	120.907
  8305	122.436
  8306	113.929
  8307	107.693
  8308	112.495
  8309	112.152
  8310	111.174
  8311	117.548
  8312	117.161
  8313	110.015
  8314	112.18
  8315	120.622
  8316	117.725
  8317	116.936
  8318	123.722
  8319	122.757
  8320	114.405
  8321	114.634
  8322	120.404
  8323	125.844
  8324	121.24
  8325	118.833
  8326	121.527
  8327	118.145
  8328	113.875
  8329	117.752
  8330	119.126
  8331	120.434
  8332	119.193
  8333	121.821
  8334	123.839
  8335	125.432
  8336	128.783
  8337	133.018
  8338	129.961
  8339	125.902
  8340	128.096
  8341	125.309
  8342	119.222
  8343	123.525
  8344	128.381
  8345	127.134
  8346	123.641
  8347	122.008
  8348	119.532
  8349	121.707
  8350	124.019
  8351	122.287
  8352	125.287
  8353	128.814
  8354	127.105
  8355	128.277
  8356	128.43
  8357	133.186
  8358	134.468
  8359	131.195
  8360	131.328
  8361	130.468
  8362	130.039
  8363	131.05
  8364	132.842
  8365	137.063
  8366	141.85
  8367	134.186
  8368	127.295
  8369	130.523
  8370	135.706
  8371	134.186
  8372	137.937
  8373	141.41
  8374	134.612
  8375	131.041
  8376	134.077
  8377	129.107
  8378	131.719
  8379	139.044
  8380	135.802
  8381	132.664
  8382	138.192
  8383	143.417
  8384	141.957
  8385	137.892
  8386	136.937
  8387	140.522
  8388	133.143
  8389	126.615
  8390	131.621
  8391	134.393
  8392	130.062
  8393	131
  8394	135.088
  8395	133.508
  8396	131.497
  8397	137.302
  8398	141.159
  8399	142.77
  8400	144.452
  8401	145.708
  8402	143.405
  8403	143.17
  8404	145.865
  8405	147.069
  8406	147.014
  8407	144.622
  8408	144.455
  8409	138.156
  8410	134.043
  8411	137.462
  8412	136.519
  8413	129.51
  8414	136.366
  8415	142.577
  8416	134.526
  8417	133.031
  8418	142.961
  8419	140.648
  8420	136.772
  8421	138.134
  8422	139.699
  8423	137.62
  8424	134.439
  8425	135.354
  8426	140.475
  8427	140.366
  8428	138.229
  8429	138.341
  8430	134.71
  8431	132.281
  8432	134.27
  8433	133.763
  8434	128.001
  8435	127.993
  8436	132.915
  8437	133.619
  8438	127.302
  8439	122.499
  8440	123.769
  8441	124.839
  8442	117.576
  8443	113.418
  8444	119.008
  8445	122.779
  8446	117.31
  8447	117.781
  8448	118.996
  8449	114.877
  8450	114.545
  8451	112.467
  8452	107.746
  8453	113.519
  8454	116.299
  8455	107.268
  8456	102.928
  8457	104.756
  8458	110.083
  8459	106.298
  8460	102.659
  8461	109.343
  8462	114.08
  8463	107.918
  8464	108.109
  8465	114.003
  8466	113.141
  8467	112.075
  8468	113.736
  8469	116.911
  8470	120.11
  8471	122.091
  8472	117.587
  8473	117.216
  8474	121.292
  8475	120.666
  8476	118.05
  8477	116.427
  8478	110.137
  8479	109.222
  8480	112.772
  8481	114.094
  8482	109.536
  8483	110.82
  8484	112.796
  8485	109.237
  8486	104.698
  8487	104.415
  8488	110.408
  8489	113.066
  8490	109.247
  8491	110.483
  8492	111.461
  8493	110.66
  8494	110.736
  8495	115.098
  8496	118.263
  8497	122.368
  8498	125.235
  8499	125.331
  8500	126.908
  8501	130.603
  8502	132.143
  8503	132.52
  8504	135.042
  8505	136.182
  8506	137.467
  8507	137.474
  8508	138.691
  8509	137.988
  8510	139.09
  8511	137.861
  8512	135.405
  8513	133.612
  8514	138.523
  8515	147.647
  8516	149.977
  8517	148.102
  8518	146.799
  8519	145.952
  8520	148.592
  8521	147.146
  8522	145.344
  8523	147.805
  8524	150.905
  8525	149.731
  8526	148.215
  8527	149.69
  8528	149.828
  8529	141.359
  8530	135.933
  8531	140.998
  8532	134.863
  8533	125.309
  8534	127.67
  8535	126.653
  8536	123.253
  8537	126.873
  8538	133.001
  8539	130.757
  8540	127.542
  8541	130.117
  8542	128.795
  8543	122.601
  8544	124.99
  8545	130.329
  8546	126.303
  8547	120.342
  8548	122.724
  8549	127.158
  8550	125.072
  8551	124.151
  8552	124.964
  8553	123.109
  8554	119.233
  8555	119.351
  8556	121.799
  8557	127.629
  8558	129.937
  8559	124.585
  8560	122.01
  8561	126.181
  8562	126.302
  8563	122.108
  8564	120.354
  8565	126.258
  8566	129.242
  8567	126.178
  8568	124.593
  8569	128.646
  8570	137.065
  8571	137.955
  8572	131.379
  8573	131.479
  8574	133.75
  8575	129.583
  8576	125.677
  8577	132.629
  8578	143.423
  8579	138.559
  8580	131.402
  8581	140.439
  8582	141.576
  8583	135.056
  8584	136.623
  8585	137.106
  8586	135.29
  8587	136.602
  8588	135.876
  8589	131.822
  8590	127.366
  8591	128.798
  8592	132.45
  8593	127.707
  8594	130.349
  8595	135.416
  8596	133.686
  8597	132.371
  8598	136.92
  8599	137.696
  8600	136.667
  8601	133.278
  8602	134.416
  8603	134.747
  8604	135.756
  8605	137.091
  8606	138.305
  8607	132.99
  8608	132.399
  8609	126.685
  8610	123.718
  8611	122.209
  8612	121.382
  8613	124.381
  8614	130.479
  8615	130.221
  8616	129.914
  8617	130.192
  8618	132.271
  8619	135.381
  8620	138.468
  8621	139.826
  8622	138.086
  8623	136.517
  8624	139.972
  8625	138.192
  8626	136.607
  8627	136.601
  8628	139.452
  8629	136.125
  8630	134.536
  8631	142.009
  8632	146.98
  8633	143.862
  8634	140.733
  8635	141.36
  8636	143.139
  8637	144.374
  8638	145.76
  8639	149.118
  8640	147.003
  8641	140.545
  8642	139.291
  8643	139.102
  8644	140.398
  8645	141.077
  8646	141.212
  8647	140.131
  8648	141.206
  8649	136.72
  8650	134.93
  8651	136.291
  8652	136.103
  8653	138.372
  8654	137.286
  8655	131.496
  8656	130.751
  8657	130.554
  8658	129.623
  8659	130.781
  8660	136.809
  8661	137.044
  8662	133.522
  8663	133.335
  8664	138.924
  8665	139.391
  8666	142.114
  8667	146.759
  8668	152.695
  8669	154.168
  8670	152.357
  8671	156.906
  8672	161.152
  8673	153.521
  8674	149.284
  8675	151.237
  8676	151.689
  8677	148.224
  8678	146.302
  8679	147.118
  8680	143.612
  8681	137.043
  8682	137.031
  8683	136.032
  8684	136.494
  8685	139.659
  8686	138.523
  8687	134.976
  8688	136.892
  8689	139.771
  8690	135.573
  8691	130.893
  8692	136.341
  8693	137.369
  8694	130.625
  8695	130.687
  8696	136.16
  8697	135.798
  8698	133.511
  8699	139.714
  8700	144.266
  8701	140.831
  8702	137.986
  8703	140.553
  8704	141.679
  8705	140.594
  8706	141.091
  8707	137.994
  8708	135.627
  8709	134.616
  8710	140.622
  8711	144.168
  8712	144.268
  8713	141.487
  8714	143.29
  8715	143.284
  8716	143.21
  8717	147.076
  8718	149.018
  8719	145.647
  8720	141.24
  8721	140.851
  8722	143.006
  8723	142.612
  8724	140.95
  8725	148.719
  8726	147.867
  8727	142.815
  8728	143.391
  8729	142.958
  8730	138.689
  8731	132.769
  8732	134.331
  8733	137.96
  8734	131.734
  8735	129.064
  8736	130.178
  8737	127.354
  8738	126.699
  8739	127.887
  8740	125.087
  8741	121.653
  8742	121.709
  8743	122.4
  8744	119.43
  8745	120.474
  8746	128.808
  8747	125.381
  8748	118.352
  8749	119.473
  8750	128.34
  8751	127.208
  8752	119.793
  8753	123.864
  8754	131.206
  8755	124.507
  8756	119.579
  8757	126.529
  8758	129.296
  8759	126.381
  8760	128.772
  8761	129.715
  8762	126.96
  8763	124.238
  8764	123.834
  8765	121.164
  8766	120.137
  8767	121.119
  8768	126.327
  8769	125.033
  8770	121.589
  8771	125.349
  8772	131.384
  8773	133.793
  8774	133.61
  8775	135.301
  8776	137.183
  8777	141.41
  8778	142.07
  8779	141.753
  8780	147.566
  8781	150.642
  8782	149.484
  8783	146.684
  8784	144.597
  8785	148.373
  8786	153.401
  8787	154.187
  8788	152.916
  8789	160.842
  8790	162.317
  8791	155.29
  8792	151.586
  8793	156.469
  8794	160.292
  8795	154.885
  8796	149.264
  8797	154.296
  8798	154.985
  8799	149.241
  8800	148.541
  8801	151.121
  8802	154.372
  8803	152.053
  8804	149.34
  8805	148.927
  8806	148.907
  8807	150.053
  8808	151.988
  8809	150.995
  8810	153.008
  8811	151.917
  8812	151.849
  8813	149.455
  8814	150.835
  8815	150.203
  8816	147.359
  8817	140.454
  8818	142.49
  8819	142.65
  8820	144.741
  8821	148.652
  8822	147.445
  8823	143.113
  8824	145.128
  8825	144.888
  8826	146.191
  8827	146.357
  8828	149.354
  8829	148.874
  8830	145.463
  8831	145.89
  8832	149.129
  8833	146.936
  8834	144.83
  8835	144.697
  8836	147.3
  8837	145.833
  8838	142.209
  8839	139.428
  8840	141.597
  8841	145.431
  8842	144.737
  8843	139.943
  8844	138.726
  8845	142.633
  8846	142.662
  8847	141.322
  8848	141.872
  8849	143.727
  8850	146.446
  8851	143.381
  8852	140.634
  8853	145.068
  8854	150.064
  8855	153.459
  8856	152.514
  8857	151.792
  8858	152.551
  8859	152.688
  8860	151.538
  8861	156.947
  8862	161.67
  8863	162.213
  8864	157.785
  8865	156.1
  8866	157.588
  8867	161.693
  8868	162.756
  8869	162
  8870	158.727
  8871	161.402
  8872	155.814
  8873	146.382
  8874	150.128
  8875	157.662
  8876	153.374
  8877	151.139
  8878	152.89
  8879	154.873
  8880	153.217
  8881	152.526
  8882	157.862
  8883	157.751
  8884	153.496
  8885	153.438
  8886	156.337
  8887	160.872
  8888	162.518
  8889	159.166
  8890	158.19
  8891	162.302
  8892	167.701
  8893	165.235
  8894	164.56
  8895	166.966
  8896	168.608
  8897	166.424
  8898	168.059
  8899	165.264
  8900	164.857
  8901	166.648
  8902	169.84
  8903	171.772
  8904	175.957
  8905	174.009
  8906	170.262
  8907	167.923
  8908	167.816
  8909	164.182
  8910	163.015
  8911	164.924
  8912	165.104
  8913	164.62
  8914	169.268
  8915	169.652
  8916	168.6
  8917	168.814
  8918	165.942
  8919	161.626
  8920	160.605
  8921	162.513
  8922	160.53
  8923	152.974
  8924	150.929
  8925	150.477
  8926	148.806
  8927	148.9
  8928	152.585
  8929	155.715
  8930	154.855
  8931	155.307
  8932	155.977
  8933	150.667
  8934	143.365
  8935	150.307
  8936	150.443
  8937	144.032
  8938	142.69
  8939	143.818
  8940	138.471
  8941	134.411
  8942	136.073
  8943	139.681
  8944	138.898
  8945	139.066
  8946	134.965
  8947	131.943
  8948	133.997
  8949	141.011
  8950	139.653
  8951	135.453
  8952	130.44
  8953	133.178
  8954	130.856
  8955	128.321
  8956	130.565
  8957	131.269
  8958	128.897
  8959	123.996
  8960	116.058
  8961	115.501
  8962	119.779
  8963	116.576
  8964	116.534
  8965	118.241
  8966	118.778
  8967	120.765
  8968	124.804
  8969	127.56
  8970	128.19
  8971	129.418
  8972	134.394
  8973	132.304
  8974	134.375
  8975	141.114
  8976	141.337
  8977	135.932
  8978	137.458
  8979	139.392
  8980	135.729
  8981	131.677
  8982	138.213
  8983	143.965
  8984	140.742
  8985	140.03
  8986	144.476
  8987	140.157
  8988	138.608
  8989	139.565
  8990	143.035
  8991	143.405
  8992	141.72
  8993	137.524
  8994	134.129
  8995	132.623
  8996	136.297
  8997	136.413
  8998	135.278
  8999	136.218
  9000	139.709
  9001	139.809
  9002	140.12
  9003	143.161
  9004	148.842
  9005	149.175
  9006	149.865
  9007	150.037
  9008	147.524
  9009	141.266
  9010	137.73
  9011	138.648
  9012	138.188
  9013	140.031
  9014	143.356
  9015	143.257
  9016	141.502
  9017	144.524
  9018	142.229
  9019	140.733
  9020	140.105
  9021	144.257
  9022	146.228
  9023	143.898
  9024	141.895
  9025	142.569
  9026	139.613
  9027	137.676
  9028	141.161
  9029	148.188
  9030	146.932
  9031	145.927
  9032	149.931
  9033	150.112
  9034	145.593
  9035	143.866
  9036	145.931
  9037	146.097
  9038	144.255
  9039	145.151
  9040	151.036
  9041	152.499
  9042	149.152
  9043	149.471
  9044	150.549
  9045	145.066
  9046	141.882
  9047	147.418
  9048	149.704
  9049	144.807
  9050	140.523
  9051	141.175
  9052	139.46
  9053	133.935
  9054	133.618
  9055	136.378
  9056	134.782
  9057	133.737
  9058	137.31
  9059	140.276
  9060	135.084
  9061	136.338
  9062	141.278
  9063	138.353
  9064	129.576
  9065	134.545
  9066	137.779
  9067	136.532
  9068	133.792
  9069	140.161
  9070	139.054
  9071	131.922
  9072	130.585
  9073	133.606
  9074	134.8
  9075	132.091
  9076	136.326
  9077	140.776
  9078	133.473
  9079	127.331
  9080	132.585
  9081	132.528
  9082	127.075
  9083	128.776
  9084	134.344
  9085	135.076
  9086	131.834
  9087	132.83
  9088	140.062
  9089	140.96
  9090	131.26
  9091	129.231
  9092	133.108
  9093	131.772
  9094	130.229
  9095	133.53
  9096	131.957
  9097	126.022
  9098	128.019
  9099	128.767
  9100	123.121
  9101	123.998
  9102	130.329
  9103	128.511
  9104	122.131
  9105	126.389
  9106	126.303
  9107	124.104
  9108	124.545
  9109	126.535
  9110	126.632
  9111	125.621
  9112	123.083
  9113	124.427
  9114	124.472
  9115	124.04
  9116	129.188
  9117	133.683
  9118	134.447
  9119	129.954
  9120	124.499
  9121	124.939
  9122	128.362
  9123	127.308
  9124	127.338
  9125	125.483
  9126	127.816
  9127	125.937
  9128	124.142
  9129	125.832
  9130	127.132
  9131	124.24
  9132	122.165
  9133	116.622
  9134	118.885
  9135	124.49
  9136	118.564
  9137	114.065
  9138	122.662
  9139	121.374
  9140	113.348
  9141	114.453
  9142	122.218
  9143	126.691
  9144	121.938
  9145	118.902
  9146	127.283
  9147	131.032
  9148	119.751
  9149	118.586
  9150	125.237
  9151	123.187
  9152	122.253
  9153	126.088
  9154	125.928
  9155	127.123
  9156	132.386
  9157	130.232
  9158	126.517
  9159	130.402
  9160	127.902
  9161	121.57
  9162	121.519
  9163	123.295
  9164	129.701
  9165	136.366
  9166	133.634
  9167	129.773
  9168	133.981
  9169	136.34
  9170	136.189
  9171	132.835
  9172	130.345
  9173	132.3
  9174	126.962
  9175	117.89
  9176	118.764
  9177	120.966
  9178	119.928
  9179	115.224
  9180	110.956
  9181	113.17
  9182	123.719
  9183	124.277
  9184	115.022
  9185	117.553
  9186	116.921
  9187	110.501
  9188	109.435
  9189	110.196
  9190	110.428
  9191	111.539
  9192	112.692
  9193	106.853
  9194	111.29
  9195	116.602
  9196	119.33
  9197	116.637
  9198	112.192
  9199	117.768
  9200	120.566
  9201	111.295
  9202	110.562
  9203	115.147
  9204	116.959
  9205	117.127
  9206	124.118
  9207	126.996
  9208	126.704
  9209	126.924
  9210	124.376
  9211	123.959
  9212	130.632
  9213	130.911
  9214	133.122
  9215	135.124
  9216	137.358
  9217	145.357
  9218	149.526
  9219	150.754
  9220	151.334
  9221	150.504
  9222	149.649
  9223	154.362
  9224	154.172
  9225	154.743
  9226	160.032
  9227	160.097
  9228	153.683
  9229	149.6
  9230	155.339
  9231	158.217
  9232	151.571
  9233	149.889
  9234	153.688
  9235	154.581
  9236	152.089
  9237	151.425
  9238	154.676
  9239	153.348
  9240	150.312
  9241	150.584
  9242	147.994
  9243	146.186
  9244	153.371
  9245	151.465
  9246	143.215
  9247	144.061
  9248	146.958
  9249	146.56
  9250	150.002
  9251	158.173
  9252	162.056
  9253	160.55
  9254	158.07
  9255	159.26
  9256	155.109
  9257	150.753
  9258	153.168
  9259	156.086
  9260	153.339
  9261	153.696
  9262	155.877
  9263	153.295
  9264	149.064
  9265	153.952
  9266	157.867
  9267	155.214
  9268	152.272
  9269	154.481
  9270	154.334
  9271	148.561
  9272	146.88
  9273	148.068
  9274	146.946
  9275	142.133
  9276	136.497
  9277	135.283
  9278	136.307
  9279	136.683
  9280	137.321
  9281	132.321
  9282	130.109
  9283	130.709
  9284	132.722
  9285	134.296
  9286	136.154
  9287	130.745
  9288	125.175
  9289	125.325
  9290	128.28
  9291	130.482
  9292	133.615
  9293	133.131
  9294	130.28
  9295	125.33
  9296	127.745
  9297	126.312
  9298	124.535
  9299	125.875
  9300	129.236
  9301	127.456
  9302	125.805
  9303	123.893
  9304	128.318
  9305	132.673
  9306	129.345
  9307	128.751
  9308	134.299
  9309	139.072
  9310	137.462
  9311	136.883
  9312	142.967
  9313	151.186
  9314	148.832
  9315	147.657
  9316	157.752
  9317	170.944
  9318	170.688
  9319	165.555
  9320	163.006
  9321	165.936
  9322	162.839
  9323	161.056
  9324	164.422
  9325	169.392
  9326	170.165
  9327	165.088
  9328	157.365
  9329	160.96
  9330	166.635
  9331	168.303
  9332	167.173
  9333	165.416
  9334	167.155
  9335	165.956
  9336	160.277
  9337	159.277
  9338	165.591
  9339	169.264
  9340	163.474
  9341	156.999
  9342	157.701
  9343	157.757
  9344	153.416
  9345	153.511
  9346	154.134
  9347	153.084
  9348	152.882
  9349	151.915
  9350	155.323
  9351	159.338
  9352	162.577
  9353	162.393
  9354	156.4
  9355	153.161
  9356	154.846
  9357	153.404
  9358	150.571
  9359	152.956
  9360	158.059
  9361	155.278
  9362	150.639
  9363	154.515
  9364	159.414
  9365	159.281
  9366	158.897
  9367	157.717
  9368	156.319
  9369	157.551
  9370	164.486
  9371	163.707
  9372	160.429
  9373	159.649
  9374	163.594
  9375	159.78
  9376	159.089
  9377	163.311
  9378	163.513
  9379	157.158
  9380	153.694
  9381	148.21
  9382	144.738
  9383	144.565
  9384	143.533
  9385	145.29
  9386	149.679
  9387	147.923
  9388	148.059
  9389	145.439
  9390	142.748
  9391	150.188
  9392	153.779
  9393	151.111
  9394	154.613
  9395	160.615
  9396	156.819
  9397	152.667
  9398	158.263
  9399	163.422
  9400	163.477
  9401	162.745
  9402	161.524
  9403	160.407
  9404	161.084
  9405	161.972
  9406	164.084
  9407	164.724
  9408	164.611
  9409	160.112
  9410	155.853
  9411	156.05
  9412	160.259
  9413	161.541
  9414	160.411
  9415	162.916
  9416	162.693
  9417	159.695
  9418	161.055
  9419	164.201
  9420	160.374
  9421	159.712
  9422	159.998
  9423	158.735
  9424	159.731
  9425	164.558
  9426	164.868
  9427	161.114
  9428	155.132
  9429	154.833
  9430	153.463
  9431	152.95
  9432	154.37
  9433	155.346
  9434	150.169
  9435	147.062
  9436	147.527
  9437	151.779
  9438	157.496
  9439	163.259
  9440	158.697
  9441	150.624
  9442	145.663
  9443	145.927
  9444	148.554
  9445	147.378
  9446	152.482
  9447	162.277
  9448	166.382
  9449	163.21
  9450	160.391
  9451	163.737
  9452	163.836
  9453	156.074
  9454	153.059
  9455	153.528
  9456	151.242
  9457	147.746
  9458	150.287
  9459	149.652
  9460	151.07
  9461	154.177
  9462	152.974
  9463	151.408
  9464	156.394
  9465	156.942
  9466	153.281
  9467	151.964
  9468	153.819
  9469	151.863
  9470	145.935
  9471	149.579
  9472	155.253
  9473	154.123
  9474	152.161
  9475	146.782
  9476	146.648
  9477	147.739
  9478	148.392
  9479	145.771
  9480	142.552
  9481	141.832
  9482	141.87
  9483	136.299
  9484	137.367
  9485	142.137
  9486	145.953
  9487	144.018
  9488	139.593
  9489	141.722
  9490	147.771
  9491	147.898
  9492	153.265
  9493	158.298
  9494	156.544
  9495	152.305
  9496	150.959
  9497	150.359
  9498	149.673
  9499	147.781
  9500	148.485
  9501	149.099
  9502	148.159
  9503	149.008
  9504	153.487
  9505	154.018
  9506	146.986
  9507	144.501
  9508	148.717
  9509	151.065
  9510	149.039
  9511	147.472
  9512	146.897
  9513	145.277
  9514	146.178
  9515	152.097
  9516	159.312
  9517	161.434
  9518	162.24
  9519	164.586
  9520	165.323
  9521	167.13
  9522	171.677
  9523	170.003
  9524	162.475
  9525	165.921
  9526	173.352
  9527	173.065
  9528	170.272
  9529	178.115
  9530	-179.465
  9531	174.651
  9532	172.155
  9533	175.777
  9534	178.203
  9535	179.949
  9536	178.872
  9537	174.091
  9538	168.348
  9539	167.491
  9540	168.692
  9541	165.514
  9542	167.406
  9543	170.728
  9544	168.245
  9545	161.32
  9546	161.66
  9547	161.652
  9548	156.376
  9549	153.003
  9550	159.214
  9551	162.055
  9552	162.535
  9553	167.931
  9554	172.701
  9555	169.547
  9556	167.738
  9557	168.281
  9558	164.569
  9559	166.641
  9560	173.522
  9561	172.906
  9562	165.845
  9563	165.785
  9564	168.026
  9565	163.878
  9566	162.428
  9567	168.174
  9568	168.729
  9569	163.085
  9570	163.92
  9571	167.839
  9572	170.142
  9573	169.127
  9574	167.842
  9575	170.462
  9576	171.57
  9577	167.578
  9578	164.029
  9579	165.512
  9580	165.676
  9581	159.899
  9582	154.081
  9583	154.71
  9584	155.764
  9585	158.25
  9586	160.621
  9587	164.519
  9588	171.151
  9589	170.751
  9590	165.767
  9591	169.248
  9592	173.699
  9593	172.702
  9594	171.017
  9595	173.094
  9596	173.442
  9597	167.643
  9598	162.446
  9599	165.913
  9600	165.707
  9601	160.387
  9602	162.477
  9603	167.211
  9604	167.064
  9605	165.378
  9606	165.108
  9607	162.098
  9608	159.005
  9609	164.25
  9610	169.348
  9611	166.383
  9612	166.446
  9613	170.331
  9614	168.376
  9615	163.993
  9616	166.575
  9617	172.796
  9618	172.859
  9619	164.95
  9620	169.044
  9621	174.663
  9622	165.981
  9623	160.088
  9624	165.429
  9625	165.048
  9626	161.426
  9627	164.309
  9628	166.467
  9629	164.154
  9630	165.012
  9631	166.388
  9632	159.156
  9633	157.262
  9634	161.201
  9635	160.841
  9636	160.051
  9637	160.609
  9638	160.588
  9639	158.363
  9640	153.819
  9641	156.993
  9642	163.624
  9643	160.894
  9644	158.144
  9645	158.18
  9646	154.312
  9647	153.445
  9648	153.132
  9649	149.226
  9650	148.462
  9651	153.413
  9652	158.092
  9653	157.847
  9654	160.485
  9655	165.087
  9656	165.199
  9657	162.576
  9658	162.432
  9659	162.698
  9660	162.694
  9661	160.989
  9662	162.778
  9663	164.425
  9664	160.823
  9665	158.94
  9666	159.71
  9667	157.756
  9668	158.053
  9669	159.491
  9670	157.597
  9671	151.097
  9672	147.632
  9673	148.335
  9674	150.172
  9675	148.337
  9676	149.263
  9677	152.678
  9678	151.016
  9679	150.956
  9680	152.274
  9681	152.261
  9682	153.218
  9683	156.017
  9684	153.851
  9685	148.794
  9686	153.3
  9687	157.11
  9688	152.74
  9689	152.841
  9690	155.355
  9691	151.903
  9692	145.394
  9693	144.535
  9694	148.732
  9695	150.571
  9696	148.377
  9697	148.673
  9698	143.989
  9699	137.403
  9700	135.868
  9701	138.924
  9702	139.05
  9703	142.061
  9704	147.474
  9705	146.616
  9706	143.586
  9707	148.893
  9708	148.475
  9709	145.559
  9710	148.268
  9711	146.871
  9712	139.933
  9713	138.664
  9714	139.626
  9715	137.027
  9716	138.692
  9717	142.208
  9718	140.993
  9719	134.307
  9720	134.786
  9721	141.663
  9722	148.207
  9723	149.179
  9724	149.829
  9725	150.271
  9726	145.152
  9727	141.674
  9728	145.825
  9729	146.353
  9730	139.44
  9731	136.585
  9732	132.686
  9733	127.307
  9734	126.163
  9735	127.074
  9736	127.708
  9737	127.776
  9738	126.132
  9739	129.447
  9740	129.309
  9741	128.57
  9742	131.93
  9743	140.513
  9744	140.528
  9745	132.562
  9746	134.905
  9747	133.35
  9748	132.602
  9749	139.024
  9750	140.033
  9751	134.27
  9752	133.948
  9753	132.489
  9754	130.72
  9755	134.702
  9756	140.599
  9757	147.008
  9758	146.192
  9759	143.355
  9760	149.285
  9761	152.052
  9762	148.823
  9763	148.501
  9764	149.929
  9765	151.968
  9766	148.335
  9767	148.258
  9768	149.836
  9769	157.612
  9770	160.979
  9771	158.237
  9772	150.361
  9773	151.47
  9774	152.654
  9775	154.626
  9776	157.15
  9777	157.742
  9778	156.55
  9779	152.28
  9780	143.205
  9781	149.835
  9782	160.682
  9783	162.383
  9784	160.257
  9785	158.446
  9786	150.477
  9787	143.499
  9788	140.775
  9789	146.058
  9790	144.738
  9791	142.774
  9792	145.285
  9793	144.338
  9794	138.004
  9795	141.964
  9796	147.776
  9797	145.16
  9798	138.915
  9799	139.493
  9800	141.69
  9801	140.881
  9802	141.808
  9803	148.372
  9804	144.202
  9805	140.519
  9806	141.518
  9807	141.364
  9808	144.166
  9809	147.091
  9810	152.157
  9811	152.715
  9812	147.822
  9813	142.969
  9814	141.722
  9815	134.961
  9816	138.323
  9817	148.443
  9818	148.078
  9819	135.8
  9820	134.928
  9821	137.153
  9822	137.006
  9823	133.866
  9824	133.1
  9825	138.691
  9826	140.061
  9827	137.066
  9828	144.515
  9829	145.777
  9830	140.57
  9831	131.689
  9832	126.649
  9833	125.182
  9834	130.209
  9835	132.79
  9836	126.415
  9837	130.696
  9838	139.271
  9839	132.943
  9840	124.053
  9841	130.001
  9842	137.748
  9843	139.358
  9844	141.797
  9845	146.404
  9846	149.454
  9847	148.988
  9848	144.094
  9849	144.173
  9850	144.469
  9851	145.349
  9852	145.494
  9853	148.233
  9854	148.646
  9855	151.715
  9856	150.656
  9857	147.637
  9858	145.526
  9859	145.513
  9860	142.997
  9861	146.496
  9862	149.876
  9863	145.435
  9864	143.928
  9865	149.237
  9866	142.639
  9867	137.485
  9868	139.955
  9869	145.793
  9870	149.727
  9871	147.52
  9872	145.539
  9873	144.141
  9874	138.011
  9875	131.277
  9876	135.053
  9877	138.811
  9878	135.303
  9879	132.926
  9880	134.986
  9881	135.166
  9882	139.663
  9883	144.668
  9884	140.103
  9885	136.177
  9886	140.119
  9887	137.977
  9888	140.14
  9889	144.408
  9890	145.744
  9891	145.541
  9892	138.922
  9893	132.216
  9894	138.282
  9895	141.072
  9896	141.115
  9897	143.283
  9898	143.623
  9899	145.96
  9900	142.263
  9901	130.904
  9902	130.013
  9903	139.472
  9904	141.821
  9905	139.435
  9906	145.182
  9907	149.803
  9908	149.032
  9909	148.351
  9910	148.14
  9911	147.273
  9912	149.547
  9913	147.642
  9914	141.758
  9915	148.802
  9916	159.427
  9917	158.901
  9918	152.369
  9919	147.92
  9920	152.459
  9921	153.525
  9922	150.927
  9923	160.411
  9924	165.964
  9925	159.594
  9926	153.899
  9927	147.925
  9928	144.319
  9929	149.899
  9930	156.197
  9931	158.192
  9932	156.776
  9933	156.667
  9934	153.239
  9935	146.866
  9936	144.433
  9937	150.076
  9938	150.35
  9939	150.205
  9940	151.514
  9941	153.395
  9942	148.764
  9943	145.78
  9944	144.328
  9945	143.995
  9946	139.511
  9947	145.81
  9948	153.416
  9949	156.716
  9950	162.608
  9951	161.619
  9952	158.515
  9953	156.582
  9954	156.484
  9955	156.184
  9956	161.162
  9957	168.611
  9958	168.127
  9959	161.059
  9960	155.349
  9961	149.78
  9962	146.271
  9963	151.688
  9964	158.273
  9965	156.297
  9966	153.97
  9967	154.731
  9968	153.739
  9969	153.399
  9970	156.808
  9971	162.361
  9972	164.524
  9973	165.641
  9974	165.299
  9975	162.387
  9976	164.165
  9977	168.773
  9978	164.526
  9979	159.882
  9980	164.866
  9981	168.451
  9982	165.175
  9983	167.569
  9984	174.332
  9985	173.535
  9986	165.051
  9987	159.064
  9988	156.87
  9989	160.741
  9990	166.257
  9991	163.156
  9992	157.72
  9993	158.815
  9994	158.607
  9995	154.809
  9996	156.147
  9997	162.566
  9998	168.341
  9999	166.331
 10000	159.705
 10001	155.643
 10002	156.637
 10003	158.136
 10004	151.99
 10005	145.761
 10006	148.377
 10007	150.313
 10008	147.753
 10009	151.248
 10010	157.772
 10011	160.996
 10012	158.249
 10013	155.523
 10014	155.623
 10015	157.766
 10016	160.595
 10017	163.5
 10018	165.729
 10019	168.473
 10020	167.784
 10021	161.766
 10022	155.565
 10023	159.766
 10024	166.028
 10025	171.477
 10026	170.161
 10027	162.649
 10028	156.047
 10029	153.94
 10030	155.215
 10031	156.195
 10032	158.467
 10033	162.479
 10034	162.011
 10035	159.11
 10036	157.003
 10037	159.162
 10038	161.584
 10039	163.027
 10040	164.174
 10041	163.45
 10042	160.98
 10043	159.536
 10044	162.321
 10045	159.519
 10046	160.085
 10047	163.081
 10048	168.02
 10049	166.671
 10050	167.341
 10051	171.947
 10052	176.798
 10053	172.707
 10054	166.054
 10055	164.562
 10056	168.596
 10057	168.954
 10058	164.065
 10059	163.274
 10060	163.032
 10061	155.068
 10062	148.767
 10063	146.523
 10064	147.524
 10065	146.943
 10066	147.213
 10067	145.005
 10068	140.943
 10069	135.25
 10070	139.385
 10071	142.466
 10072	140.547
 10073	144.166
 10074	148.209
 10075	146.18
 10076	141.892
 10077	140.828
 10078	144.378
 10079	141.084
 10080	137.958
 10081	139.074
 10082	140.328
 10083	142.1
 10084	144.592
 10085	145.944
 10086	146.722
 10087	147.318
 10088	144.425
 10089	142.038
 10090	139.007
 10091	139.719
 10092	142.781
 10093	144.307
 10094	147.869
 10095	148.068
 10096	143.391
 10097	148.223
 10098	151.584
 10099	148.958
 10100	151.273
 10101	153
 10102	152.111
 10103	153.385
 10104	154.485
 10105	155.512
 10106	154.97
 10107	160.51
 10108	163.562
 10109	161.476
 10110	158.684
 10111	158.769
 10112	156.293
 10113	155.479
 10114	153.508
 10115	151.108
 10116	148.854
 10117	147.11
 10118	144.383
 10119	142.849
 10120	146.174
 10121	150.078
 10122	143.788
 10123	146.469
 10124	154.794
 10125	153.587
 10126	154.012
 10127	157.701
 10128	149.532
 10129	140.306
 10130	142.827
 10131	142.868
 10132	142.165
 10133	144.541
 10134	148.643
 10135	148.702
 10136	146.4
 10137	145.884
 10138	148.304
 10139	147.614
 10140	142.897
 10141	139.95
 10142	141.962
 10143	138.704
 10144	137.353
 10145	135.889
 10146	130.365
 10147	129.04
 10148	127.598
 10149	115.172
 10150	117.47
 10151	123.923
 10152	118.164
 10153	117.082
 10154	122.706
 10155	122.497
 10156	123.327
 10157	123.732
 10158	124.615
 10159	131.681
 10160	135.041
 10161	138.201
 10162	138.36
 10163	134.412
 10164	135.813
 10165	139.732
 10166	142.229
 10167	140.55
 10168	141.3
 10169	139.465
 10170	137.315
 10171	135.873
 10172	142.893
 10173	145.132
 10174	141.084
 10175	137.48
 10176	138.905
 10177	142.453
 10178	136.636
 10179	133.045
 10180	144.391
 10181	143.27
 10182	132.453
 10183	139.281
 10184	147.374
 10185	141.774
 10186	140.359
 10187	148.673
 10188	150.786
 10189	144.163
 10190	143.562
 10191	150.619
 10192	150.366
 10193	146.923
 10194	148.042
 10195	152.454
 10196	148.92
 10197	149.598
 10198	155.934
 10199	157.203
 10200	155.471
 10201	155.862
 10202	154.03
 10203	151.308
 10204	152.929
 10205	150.585
 10206	149.895
 10207	156.451
 10208	157.588
 10209	149.803
 10210	152.06
 10211	159.159
 10212	162.564
 10213	163.529
 10214	167.199
 10215	168.652
 10216	163.281
 10217	157.595
 10218	165.939
 10219	172.777
 10220	170.423
 10221	167.338
 10222	168.115
 10223	162.181
 10224	154.182
 10225	154.932
 10226	158.971
 10227	156.447
 10228	153.645
 10229	155.627
 10230	154.816
 10231	152.267
 10232	155.536
 10233	160.272
 10234	156.176
 10235	153.167
 10236	158.999
 10237	160.108
 10238	154.004
 10239	155.409
 10240	160.94
 10241	153.27
 10242	146.529
 10243	153.032
 10244	157.1
 10245	152.493
 10246	146.467
 10247	146.318
 10248	145.682
 10249	143.525
 10250	143.361
 10251	145.809
 10252	149.219
 10253	149.402
 10254	148.951
 10255	144.551
 10256	139.685
 10257	146.069
 10258	148.918
 10259	143.926
 10260	143.086
 10261	145.948
 10262	143.309
 10263	141.648
 10264	143.101
 10265	146.588
 10266	150.677
 10267	158.35
 10268	162.293
 10269	158.831
 10270	157.474
 10271	162.088
 10272	162.445
 10273	157.75
 10274	160.196
 10275	167.233
 10276	159.585
 10277	145.603
 10278	148.732
 10279	153.217
 10280	144.703
 10281	147.181
 10282	155.481
 10283	150.291
 10284	142.887
 10285	144.598
 10286	146.91
 10287	142.253
 10288	146.261
 10289	147.573
 10290	144.802
 10291	141.305
 10292	145.88
 10293	147.783
 10294	146.507
 10295	148.762
 10296	148.253
 10297	144.502
 10298	142.918
 10299	144.888
 10300	142.933
 10301	140.448
 10302	142.177
 10303	139.994
 10304	131.46
 10305	134.765
 10306	142.562
 10307	136.593
 10308	131.116
 10309	136.198
 10310	139.109
 10311	133.296
 10312	137.635
 10313	146.47
 10314	147.096
 10315	141.828
 10316	141.256
 10317	148.022
 10318	147.928
 10319	143.425
 10320	146.718
 10321	149.534
 10322	145.488
 10323	137.016
 10324	137.981
 10325	141.95
 10326	140.034
 10327	135.678
 10328	134.371
 10329	132.557
 10330	125.037
 10331	121.029
 10332	124.22
 10333	124.625
 10334	121.472
 10335	129.519
 10336	130.61
 10337	120.3
 10338	122.306
 10339	136.492
 10340	138.519
 10341	133.995
 10342	132.929
 10343	137.987
 10344	137.403
 10345	129.44
 10346	128.915
 10347	138.931
 10348	139.648
 10349	134.368
 10350	138.44
 10351	146.81
 10352	152.344
 10353	152.765
 10354	149.276
 10355	143.971
 10356	147.349
 10357	146.615
 10358	144.398
 10359	149.114
 10360	158.015
 10361	159.38
 10362	155.529
 10363	150.494
 10364	153.744
 10365	160.813
 10366	161.559
 10367	159.038
 10368	159.87
 10369	163.714
 10370	158.014
 10371	150.676
 10372	152.148
 10373	160.947
 10374	165.071
 10375	161.255
 10376	157.753
 10377	165.227
 10378	169.752
 10379	167.313
 10380	165.845
 10381	168.448
 10382	163.199
 10383	158.655
 10384	159.136
 10385	161
 10386	165.883
 10387	170.35
 10388	167.695
 10389	159.028
 10390	153.208
 10391	151.055
 10392	151.839
 10393	151.877
 10394	157.198
 10395	161.309
 10396	160.028
 10397	150.806
 10398	147.123
 10399	150.662
 10400	150.799
 10401	148.251
 10402	149.423
 10403	152.502
 10404	157.674
 10405	158.402
 10406	157.854
 10407	160.503
 10408	162.397
 10409	160.754
 10410	157.739
 10411	153.409
 10412	152.891
 10413	151.227
 10414	142.161
 10415	134.845
 10416	136.195
 10417	137.458
 10418	134.796
 10419	137.586
 10420	141.397
 10421	142.851
 10422	145.861
 10423	142.741
 10424	138.138
 10425	136.091
 10426	133.266
 10427	132.438
 10428	138.632
 10429	140.188
 10430	142.7
 10431	142.909
 10432	138.872
 10433	140.576
 10434	147.492
 10435	151.149
 10436	152.178
 10437	154.729
 10438	153.904
 10439	150.371
 10440	143.901
 10441	143.384
 10442	148.47
 10443	151.196
 10444	148.631
 10445	152.514
 10446	155.986
 10447	157.408
 10448	155.44
 10449	153.891
 10450	149.168
 10451	146.359
 10452	147.05
 10453	151.635
 10454	152.195
 10455	153.308
 10456	155.633
 10457	159.496
 10458	158.534
 10459	159.139
 10460	165.226
 10461	165.744
 10462	159.522
 10463	158.088
 10464	161.094
 10465	160.576
 10466	157.918
 10467	159.775
 10468	160.306
 10469	156.487
 10470	155.497
 10471	159.903
 10472	163.213
 10473	163.103
 10474	161.196
 10475	163.314
 10476	167.288
 10477	167.509
 10478	164.452
 10479	165.746
 10480	172.09
 10481	173.312
 10482	169.486
 10483	169.174
 10484	171.937
 10485	170.59
 10486	168.405
 10487	168.957
 10488	174.297
 10489	177.409
 10490	177.977
 10491	178.172
 10492	172.328
 10493	163.763
 10494	161.176
 10495	161.319
 10496	157.463
 10497	151.74
 10498	155.559
 10499	159.214
 10500	154.565
 10501	152.385
 10502	160.387
 10503	165.862
 10504	164.594
 10505	166.905
 10506	173.113
 10507	171.562
 10508	167.059
 10509	168.482
 10510	170.232
 10511	166.834
 10512	167.455
 10513	172.758
 10514	169.848
 10515	161.886
 10516	163.002
 10517	165.253
 10518	158.464
 10519	153.992
 10520	158.222
 10521	161.157
 10522	159.911
 10523	157.426
 10524	159.411
 10525	161.07
 10526	160.999
 10527	156.908
 10528	156.207
 10529	160.108
 10530	161.164
 10531	158.242
 10532	160.051
 10533	156.57
 10534	156.608
 10535	159.183
 10536	158.115
 10537	159.349
 10538	162.358
 10539	165.741
 10540	167.464
 10541	170.127
 10542	172.461
 10543	174.268
 10544	171.94
 10545	165.883
 10546	159.919
 10547	158.844
 10548	158.889
 10549	152.466
 10550	147.187
 10551	147.992
 10552	150.536
 10553	150.33
 10554	147.108
 10555	153.017
 10556	157.511
 10557	150.34
 10558	146.904
 10559	152.09
 10560	153.851
 10561	150.887
 10562	149.018
 10563	150.101
 10564	150.64
 10565	150.571
 10566	149.763
 10567	147.031
 10568	149.812
 10569	157.256
 10570	156.043
 10571	154.707
 10572	158.251
 10573	161.97
 10574	157.38
 10575	153.386
 10576	158.157
 10577	166.184
 10578	165.727
 10579	158.351
 10580	155.452
 10581	159.113
 10582	159.601
 10583	155.647
 10584	153.948
 10585	157.845
 10586	163.713
 10587	162.281
 10588	156.103
 10589	157.408
 10590	163.416
 10591	162.075
 10592	161.573
 10593	163.548
 10594	162.676
 10595	162.47
 10596	166.549
 10597	168.38
 10598	174.105
 10599	178.553
 10600	177.307
 10601	173.242
 10602	175.953
 10603	-178.989
 10604	179.96
 10605	178.32
 10606	179.296
 10607	172.38
 10608	163.545
 10609	161.975
 10610	163.512
 10611	163.962
 10612	161.796
 10613	163.921
 10614	168.88
 10615	167.711
 10616	170.027
 10617	172.761
 10618	167.532
 10619	165.623
 10620	168.709
 10621	167.519
 10622	162.157
 10623	162.778
 10624	167.641
 10625	161.611
 10626	157.464
 10627	161.299
 10628	158.762
 10629	154.882
 10630	158.282
 10631	158.803
 10632	157.84
 10633	159.184
 10634	157.662
 10635	157.621
 10636	160.767
 10637	164.651
 10638	167.869
 10639	170.419
 10640	172.813
 10641	174.866
 10642	172.125
 10643	169.34
 10644	166.437
 10645	164.874
 10646	164.339
 10647	166.164
 10648	169.119
 10649	168.41
 10650	167.756
 10651	168.691
 10652	165.53
 10653	165.571
 10654	166.739
 10655	163.611
 10656	164.06
 10657	166.604
 10658	164.17
 10659	165.253
 10660	166.935
 10661	165.772
 10662	163.656
 10663	166.208
 10664	169.184
 10665	170.398
 10666	172.458
 10667	168.241
 10668	158.838
 10669	157.969
 10670	158.165
 10671	155.154
 10672	156.289
 10673	162.198
 10674	163.872
 10675	157.595
 10676	156.437
 10677	160.654
 10678	160.629
 10679	156.263
 10680	158.417
 10681	159.349
 10682	153.231
 10683	151.124
 10684	154.888
 10685	152.62
 10686	153.573
 10687	158.375
 10688	156.651
 10689	154.294
 10690	159.023
 10691	158.82
 10692	150.872
 10693	154.989
 10694	163.016
 10695	159.334
 10696	155.561
 10697	162.447
 10698	161.541
 10699	153.792
 10700	155.635
 10701	165.354
 10702	164.271
 10703	159.092
 10704	159.797
 10705	160.426
 10706	156.955
 10707	155.769
 10708	158.738
 10709	162.064
 10710	163.885
 10711	160.929
 10712	157.759
 10713	156.528
 10714	154.562
 10715	149.923
 10716	145.127
 10717	144.34
 10718	145.112
 10719	143.376
 10720	148.849
 10721	152.546
 10722	150.484
 10723	147.793
 10724	145.397
 10725	143.319
 10726	139.608
 10727	142.135
 10728	155.44
 10729	159.049
 10730	158.273
 10731	162.333
 10732	164.415
 10733	166.582
 10734	171.91
 10735	173.851
 10736	170.973
 10737	169.403
 10738	167.868
 10739	167.533
 10740	167.535
 10741	167.138
 10742	165.153
 10743	164.181
 10744	161.659
 10745	155.395
 10746	156.328
 10747	165.308
 10748	163.989
 10749	156.545
 10750	156.09
 10751	158.788
 10752	157.423
 10753	154.274
 10754	161.686
 10755	167.037
 10756	162.467
 10757	158.437
 10758	164.251
 10759	161.916
 10760	161.463
 10761	166.391
 10762	167.573
 10763	164.804
 10764	166.297
 10765	168.959
 10766	167.727
 10767	167.681
 10768	173.753
 10769	174.452
 10770	172.291
 10771	172.984
 10772	168.601
 10773	166.906
 10774	166.924
 10775	164.171
 10776	161.956
 10777	164.752
 10778	164.169
 10779	161.456
 10780	159.645
 10781	161.627
 10782	163.06
 10783	160.958
 10784	160.262
 10785	159.172
 10786	156.593
 10787	158.463
 10788	162.091
 10789	161.591
 10790	159.886
 10791	159.347
 10792	158.02
 10793	147.894
 10794	143.066
 10795	150.454
 10796	156.032
 10797	150.5
 10798	143.8
 10799	140.939
 10800	142.092
 10801	138.856
 10802	138.142
 10803	147.79
 10804	147.83
 10805	144.971
 10806	148.593
 10807	152.465
 10808	154.868
 10809	158.471
 10810	162.007
 10811	160.654
 10812	152.926
 10813	155.114
 10814	162.375
 10815	162.374
 10816	161.41
 10817	165.25
 10818	162.485
 10819	152.808
 10820	147.897
 10821	153.788
 10822	158.102
 10823	158.292
 10824	161.077
 10825	155.706
 10826	150.339
 10827	156.486
 10828	160.67
 10829	162.074
 10830	167.595
 10831	169.472
 10832	165.242
 10833	163.029
 10834	165.442
 10835	167.242
 10836	163.084
 10837	160.845
 10838	163.076
 10839	158.507
 10840	154.557
 10841	160.018
 10842	161.814
 10843	160.089
 10844	154.339
 10845	152.291
 10846	151.077
 10847	147.026
 10848	145.26
 10849	150.065
 10850	153.602
 10851	154.106
 10852	150.062
 10853	148.931
 10854	154.201
 10855	156.484
 10856	156.355
 10857	157.079
 10858	155.36
 10859	152.961
 10860	153.067
 10861	151.643
 10862	151.095
 10863	152.083
 10864	157.891
 10865	157.473
 10866	151.2
 10867	151.868
 10868	160.094
 10869	160.733
 10870	157.546
 10871	159.034
 10872	159.287
 10873	154.798
 10874	148.77
 10875	153.283
 10876	157.529
 10877	152.139
 10878	148.502
 10879	148.258
 10880	144.464
 10881	144.226
 10882	142.522
 10883	145.841
 10884	149.046
 10885	142.577
 10886	137.424
 10887	142.112
 10888	145.965
 10889	144.187
 10890	146.335
 10891	151.446
 10892	155.403
 10893	157.701
 10894	161.413
 10895	164.63
 10896	169.695
 10897	170.524
 10898	163.031
 10899	159.774
 10900	167.45
 10901	172.166
 10902	167.493
 10903	163.655
 10904	166.454
 10905	167.215
 10906	160.268
 10907	161.738
 10908	166.426
 10909	165.117
 10910	161.645
 10911	161.631
 10912	158.87
 10913	159.252
 10914	162.37
 10915	166.303
 10916	164.261
 10917	162.463
 10918	163.658
 10919	162.273
 10920	160.736
 10921	161.362
 10922	163.56
 10923	161.707
 10924	155.723
 10925	155.023
 10926	154.407
 10927	151.346
 10928	147.829
 10929	142.655
 10930	140.944
 10931	143.995
 10932	144.122
 10933	144.95
 10934	150.18
 10935	151.601
 10936	150.296
 10937	149.105
 10938	149.364
 10939	150.246
 10940	146.835
 10941	143.764
 10942	142.582
 10943	141.298
 10944	139.727
 10945	143.434
 10946	150.383
 10947	151.759
 10948	148.264
 10949	148.717
 10950	152.293
 10951	150.614
 10952	151.174
 10953	154.732
 10954	154.538
 10955	152.303
 10956	148.026
 10957	147.368
 10958	152.6
 10959	154.366
 10960	154.668
 10961	154.272
 10962	149.645
 10963	147.16
 10964	145.501
 10965	141.634
 10966	140.145
 10967	144.348
 10968	144.084
 10969	142.815
 10970	143.364
 10971	141.654
 10972	140.878
 10973	143.334
 10974	141.465
 10975	140.357
 10976	147.271
 10977	150.282
 10978	145.258
 10979	147.93
 10980	151.128
 10981	149.36
 10982	150.291
 10983	156.067
 10984	159.476
 10985	161.32
 10986	163.272
 10987	162.167
 10988	156.458
 10989	157.44
 10990	166.497
 10991	165.98
 10992	161.495
 10993	164.521
 10994	167.629
 10995	162.043
 10996	158.849
 10997	161.949
 10998	163.901
 10999	162.187
 11000	164.79
 11001	165.269
 11002	164.514
 11003	163.776
 11004	165.737
 11005	167.938
 11006	165.787
 11007	166.452
 11008	170.038
 11009	171.104
 11010	168.757
 11011	168.613
 11012	171.79
 11013	172.385
 11014	170.386
 11015	167.863
 11016	164.708
 11017	162.723
 11018	159.49
 11019	161.275
 11020	163.451
 11021	159.48
 11022	153.705
 11023	152.433
 11024	152.315
 11025	147.839
 11026	153.404
 11027	162.919
 11028	157.716
 11029	147.534
 11030	146.874
 11031	140.743
 11032	137.687
 11033	140.632
 11034	141.589
 11035	142.23
 11036	146.57
 11037	145.554
 11038	142.956
 11039	143.036
 11040	144.404
 11041	141.369
 11042	139.257
 11043	141.846
 11044	145.731
 11045	144.002
 11046	143
 11047	145.919
 11048	144.152
 11049	141.386
 11050	150.438
 11051	156.572
 11052	156.088
 11053	162.462
 11054	169.748
 11055	161.587
 11056	152.335
 11057	154.082
 11058	156.314
 11059	155.27
 11060	156.592
 11061	155.637
 11062	153.954
 11063	152.312
 11064	152.206
 11065	149.314
 11066	147.386
 11067	149.994
 11068	157.506
 11069	157.689
 11070	154.82
 11071	159.05
 11072	160.814
 11073	153.712
 11074	152.571
 11075	158.812
 11076	157.176
 11077	155.617
 11078	158.369
 11079	160.997
 11080	159.438
 11081	155.001
 11082	149.618
 11083	146.045
 11084	144.897
 11085	145.961
 11086	150.354
 11087	155.338
 11088	152.279
 11089	147.48
 11090	146.008
 11091	142.109
 11092	139.211
 11093	143.117
 11094	147.066
 11095	146.356
 11096	141.167
 11097	142.519
 11098	143.685
 11099	138.127
 11100	137.396
 11101	141.443
 11102	139.561
 11103	138.534
 11104	145.366
 11105	146.442
 11106	144.689
 11107	144.116
 11108	137.405
 11109	132.645
 11110	134.146
 11111	135.479
 11112	132.639
 11113	131.113
 11114	132.616
 11115	130.978
 11116	130.335
 11117	130.574
 11118	132.337
 11119	128.45
 11120	126.915
 11121	132.484
 11122	134.82
 11123	125.997
 11124	119.088
 11125	122.848
 11126	115.709
 11127	113.275
 11128	125.917
 11129	129.426
 11130	123.476
 11131	131.09
 11132	134.792
 11133	130.274
 11134	133.883
 11135	138.983
 11136	138.467
 11137	134.087
 11138	134.451
 11139	135.815
 11140	126.745
 11141	125.191
 11142	133.009
 11143	127.293
 11144	119.026
 11145	124.672
 11146	128.124
 11147	129.55
 11148	125.334
 11149	128.388
 11150	131.287
 11151	129.342
 11152	133.012
 11153	138.714
 11154	141.318
 11155	145.191
 11156	143.404
 11157	139.378
 11158	143.343
 11159	147.406
 11160	147.754
 11161	146.038
 11162	146.999
 11163	151.789
 11164	146.814
 11165	144.083
 11166	142.85
 11167	141.266
 11168	139.611
 11169	142.818
 11170	146.102
 11171	147.636
 11172	144.951
 11173	143.502
 11174	141.408
 11175	135.632
 11176	133.564
 11177	135.983
 11178	136.368
 11179	138.37
 11180	136.964
 11181	137.427
 11182	136.908
 11183	137.694
 11184	141.013
 11185	138.952
 11186	136.951
 11187	144.25
 11188	141.617
 11189	139.253
 11190	145.25
 11191	146.21
 11192	146.812
 11193	145.08
 11194	144.546
 11195	149.163
 11196	149.02
 11197	148.637
 11198	150.687
 11199	147.5
 11200	148.702
 11201	149.001
 11202	143.295
 11203	140.526
 11204	139.859
 11205	137.089
 11206	137.696
 11207	135.799
 11208	137.487
 11209	135.908
 11210	134.778
 11211	142.649
 11212	142.138
 11213	137.615
 11214	140.593
 11215	139.676
 11216	136.652
 11217	134.595
 11218	137.078
 11219	144.044
 11220	139.636
 11221	136.884
 11222	144.515
 11223	142.222
 11224	140.799
 11225	144.981
 11226	139.093
 11227	133.388
 11228	134.607
 11229	136.727
 11230	135.57
 11231	132.074
 11232	139.317
 11233	145.36
 11234	140.898
 11235	137.47
 11236	140.819
 11237	140.866
 11238	137.129
 11239	135.625
 11240	137.657
 11241	139.231
 11242	135.767
 11243	138.729
 11244	139.526
 11245	139.023
 11246	141.238
 11247	140.05
 11248	139.046
 11249	147.95
 11250	154.077
 11251	151.286
 11252	149.112
 11253	157.25
 11254	157.676
 11255	151.334
 11256	156.129
 11257	161.779
 11258	156.561
 11259	156.808
 11260	164.342
 11261	168.991
 11262	167.55
 11263	167.668
 11264	167.358
 11265	163.313
 11266	159.652
 11267	164.493
 11268	165.243
 11269	165.055
 11270	162.024
 11271	161.117
 11272	160.682
 11273	156.909
 11274	159.872
 11275	168.948
 11276	167.605
 11277	162.056
 11278	164.726
 11279	166.861
 11280	160.526
 11281	156.947
 11282	159.447
 11283	163.082
 11284	157.502
 11285	151.243
 11286	147.155
 11287	143.084
 11288	141.127
 11289	141.888
 11290	139.805
 11291	139.043
 11292	138.204
 11293	135.802
 11294	133.86
 11295	136.543
 11296	142.477
 11297	141.601
 11298	145.392
 11299	157.346
 11300	156.693
 11301	153.691
 11302	163.076
 11303	168.424
 11304	163.631
 11305	159.522
 11306	161.93
 11307	165.095
 11308	160.517
 11309	155.415
 11310	158.461
 11311	160.256
 11312	162.857
 11313	162.373
 11314	156.41
 11315	153.294
 11316	155.736
 11317	156.078
 11318	154.256
 11319	155.634
 11320	163.277
 11321	167.086
 11322	163.975
 11323	167.272
 11324	174.694
 11325	174.177
 11326	170.622
 11327	164.624
 11328	165.626
 11329	169.449
 11330	167.193
 11331	164.525
 11332	168.961
 11333	172.801
 11334	170.116
 11335	163.85
 11336	168.338
 11337	178.236
 11338	177.487
 11339	171.948
 11340	174.569
 11341	177.074
 11342	175.303
 11343	174.204
 11344	175.202
 11345	179.126
 11346	179.346
 11347	173.072
 11348	170.805
 11349	170.153
 11350	171.646
 11351	169.552
 11352	165.919
 11353	165.35
 11354	158.719
 11355	151.837
 11356	148.941
 11357	142.577
 11358	141.303
 11359	142.381
 11360	137.727
 11361	138.997
 11362	142.378
 11363	140.947
 11364	140.024
 11365	139.701
 11366	144.614
 11367	146.436
 11368	140.015
 11369	142.844
 11370	154.961
 11371	155.5
 11372	151.997
 11373	154.367
 11374	160.886
 11375	159.883
 11376	156.665
 11377	160.028
 11378	164.887
 11379	162.128
 11380	155.454
 11381	153.508
 11382	158.324
 11383	161.232
 11384	157.835
 11385	161.097
 11386	165.558
 11387	163.681
 11388	161.326
 11389	159.979
 11390	159.581
 11391	163.061
 11392	158.393
 11393	153.292
 11394	153.021
 11395	156.457
 11396	157.085
 11397	155.217
 11398	153.339
 11399	156.213
 11400	160.217
 11401	157.144
 11402	151.665
 11403	148.944
 11404	154.244
 11405	155.955
 11406	150.317
 11407	149.769
 11408	157.41
 11409	155.693
 11410	148.479
 11411	147.328
 11412	157.251
 11413	157.486
 11414	152.554
 11415	151.383
 11416	150.291
 11417	148.912
 11418	146.647
 11419	143.909
 11420	147.463
 11421	150.524
 11422	149.774
 11423	149.622
 11424	151.373
 11425	155.632
 11426	160.27
 11427	160.965
 11428	163.318
 11429	166.309
 11430	165.444
 11431	164.589
 11432	168.368
 11433	168.998
 11434	166.16
 11435	165.354
 11436	167.12
 11437	162.117
 11438	159.583
 11439	163.019
 11440	164.068
 11441	161.069
 11442	159.892
 11443	156.147
 11444	156.034
 11445	157.7
 11446	160.622
 11447	166.674
 11448	167.266
 11449	162.519
 11450	161.914
 11451	164.961
 11452	163.755
 11453	165.585
 11454	170.784
 11455	171.021
 11456	165.07
 11457	163.129
 11458	164.785
 11459	166.648
 11460	165.686
 11461	164.666
 11462	163.597
 11463	160.092
 11464	155.214
 11465	158.12
 11466	164.469
 11467	160.799
 11468	157.31
 11469	159.11
 11470	157.83
 11471	156.665
 11472	159.577
 11473	163.29
 11474	163.923
 11475	162.412
 11476	159.268
 11477	155.693
 11478	155.832
 11479	158.595
 11480	160.925
 11481	160.444
 11482	159.34
 11483	153.386
 11484	146.987
 11485	146.151
 11486	144.559
 11487	147.023
 11488	149.867
 11489	147.034
 11490	144.775
 11491	142.849
 11492	142.992
 11493	140.721
 11494	137.155
 11495	145.347
 11496	147.642
 11497	140.423
 11498	138.312
 11499	143.489
 11500	146.038
 11501	145.379
 11502	146.782
 11503	148.011
 11504	145.579
 11505	145.842
 11506	150.93
 11507	150.505
 11508	149.76
 11509	151.351
 11510	152.056
 11511	150.46
 11512	149.24
 11513	151.933
 11514	156.747
 11515	156.312
 11516	152.775
 11517	152.635
 11518	155.285
 11519	155.944
 11520	152.886
 11521	151.3
 11522	154.178
 11523	152.466
 11524	148.648
 11525	151.815
 11526	155.701
 11527	156.233
 11528	156.982
 11529	158.6
 11530	152.707
 11531	147.17
 11532	146.794
 11533	148.851
 11534	149.382
 11535	146.728
 11536	148.62
 11537	151.478
 11538	145.544
 11539	145.501
 11540	153.363
 11541	157.859
 11542	154.255
 11543	153.009
 11544	152.439
 11545	148.578
 11546	147.248
 11547	152.1
 11548	156.794
 11549	155.1
 11550	153.921
 11551	154.521
 11552	153.611
 11553	151.902
 11554	156.614
 11555	165.113
 11556	164.417
 11557	157.706
 11558	154.882
 11559	154.588
 11560	153.265
 11561	154.627
 11562	160.049
 11563	161.97
 11564	158.65
 11565	153.215
 11566	148.565
 11567	153.535
 11568	155.861
 11569	149.179
 11570	149.044
 11571	149.586
 11572	143.242
 11573	143.372
 11574	147.957
 11575	150.722
 11576	152.934
 11577	155.331
 11578	152.415
 11579	146.749
 11580	147.277
 11581	153.256
 11582	155.23
 11583	154.381
 11584	153.174
 11585	150.771
 11586	148.222
 11587	146.235
 11588	150.622
 11589	154.937
 11590	151.082
 11591	149.963
 11592	150.071
 11593	145.872
 11594	143.953
 11595	150.014
 11596	154.532
 11597	152.347
 11598	147.63
 11599	148.679
 11600	148.369
 11601	142.38
 11602	139.26
 11603	143.19
 11604	141.18
 11605	136.323
 11606	139.208
 11607	142.506
 11608	141.903
 11609	140.793
 11610	142.28
 11611	141.31
 11612	138.037
 11613	140.686
 11614	141.935
 11615	137.801
 11616	139.89
 11617	146.114
 11618	145.005
 11619	139.443
 11620	141.057
 11621	144.339
 11622	146.905
 11623	153.699
 11624	160.807
 11625	161.076
 11626	158.376
 11627	157.885
 11628	162.155
 11629	162.737
 11630	162.341
 11631	161.663
 11632	159.473
 11633	157.517
 11634	157.381
 11635	155.298
 11636	155.23
 11637	151.184
 11638	150.532
 11639	147.923
 11640	142.591
 11641	139.94
 11642	138.609
 11643	133.631
 11644	133.862
 11645	133.589
 11646	133.628
 11647	136.187
 11648	137.576
 11649	137.179
 11650	141.413
 11651	144.616
 11652	141.742
 11653	139.686
 11654	141.391
 11655	139.482
 11656	141.089
 11657	149.253
 11658	153.551
 11659	153.473
 11660	159.987
 11661	163.961
 11662	162.617
 11663	163.684
 11664	167.391
 11665	170.745
 11666	169.704
 11667	165.594
 11668	161.394
 11669	158.475
 11670	151.221
 11671	147.644
 11672	149.906
 11673	152.053
 11674	151.458
 11675	147.636
 11676	148.189
 11677	151.755
 11678	147.48
 11679	140.551
 11680	140.68
 11681	141.687
 11682	142.456
 11683	146.262
 11684	151.699
 11685	152.853
 11686	153.987
 11687	156.748
 11688	156.845
 11689	153.666
 11690	155.322
 11691	159.35
 11692	156.816
 11693	152.607
 11694	151.286
 11695	151.44
 11696	149.969
 11697	148.192
 11698	152.119
 11699	158.806
 11700	163.578
 11701	160.2
 11702	156.421
 11703	155.223
 11704	157.263
 11705	157.539
 11706	157.715
 11707	157.783
 11708	159.138
 11709	158.296
 11710	155.65
 11711	152.788
 11712	158.839
 11713	162.821
 11714	160.794
 11715	159.382
 11716	162.42
 11717	161.603
 11718	156.044
 11719	152.262
 11720	153.787
 11721	157.58
 11722	156.849
 11723	152.306
 11724	154.771
 11725	155.131
 11726	152.107
 11727	153.791
 11728	152.468
 11729	149.989
 11730	150.437
 11731	147.58
 11732	141.946
 11733	147.197
 11734	154.706
 11735	152.973
 11736	149.052
 11737	148.966
 11738	145.217
 11739	141.781
 11740	143.405
 11741	145.406
 11742	145.572
 11743	143.234
 11744	135.547
 11745	134.342
 11746	143.381
 11747	143.544
 11748	144.04
 11749	152.994
 11750	152.536
 11751	148.117
 11752	149.064
 11753	151.552
 11754	152.073
 11755	150.833
 11756	146.044
 11757	141.086
 11758	140.477
 11759	145.857
 11760	146.663
 11761	146.514
 11762	150.653
 11763	155.16
 11764	147.866
 11765	144.137
 11766	149.426
 11767	157.595
 11768	160.233
 11769	160.955
 11770	165.628
 11771	166.667
 11772	165.253
 11773	169.658
 11774	171.841
 11775	170.901
 11776	173.387
 11777	174.694
 11778	173.58
 11779	170.497
 11780	171.131
 11781	173.382
 11782	172.175
 11783	163.213
 11784	157.039
 11785	159.032
 11786	162.518
 11787	162.044
 11788	159.533
 11789	159.206
 11790	157.231
 11791	151.279
 11792	155.167
 11793	164.453
 11794	165.415
 11795	165.204
 11796	169.133
 11797	169.588
 11798	164.857
 11799	169.479
 11800	174.683
 11801	171.561
 11802	165.347
 11803	166.607
 11804	168.372
 11805	163.923
 11806	161.489
 11807	161.424
 11808	162.794
 11809	162.474
 11810	158.602
 11811	154.837
 11812	158.496
 11813	163.372
 11814	163.502
 11815	164.029
 11816	169.53
 11817	171.154
 11818	169.532
 11819	167.932
 11820	169.486
 11821	172.334
 11822	175.788
 11823	174.806
 11824	168.412
 11825	162.334
 11826	171.411
 11827	171.027
 11828	162.473
 11829	163.95
 11830	169.44
 11831	166.386
 11832	160.434
 11833	160.433
 11834	162.583
 11835	163.226
 11836	161.718
 11837	164.352
 11838	164.775
 11839	166.255
 11840	166.855
 11841	167.98
 11842	166.969
 11843	167.217
 11844	167.824
 11845	170.003
 11846	161.235
 11847	155.273
 11848	161.43
 11849	163.054
 11850	155.379
 11851	154.211
 11852	155.411
 11853	154.326
 11854	146.953
 11855	145.775
 11856	151.261
 11857	151.849
 11858	148.727
 11859	149.64
 11860	148.964
 11861	148.359
 11862	147.883
 11863	150.576
 11864	151.608
 11865	148.159
 11866	146.381
 11867	149.131
 11868	148.313
 11869	150.444
 11870	157.725
 11871	159.721
 11872	160.218
 11873	159.802
 11874	156.684
 11875	156.688
 11876	163.752
 11877	168.827
 11878	169.103
 11879	170.292
 11880	173.104
 11881	171.692
 11882	170.968
 11883	169.45
 11884	168.948
 11885	174.621
 11886	177.47
 11887	170.682
 11888	168.35
 11889	169.417
 11890	165.19
 11891	161.378
 11892	168.308
 11893	172.631
 11894	169.99
 11895	165.239
 11896	162.72
 11897	163.685
 11898	168.588
 11899	170.305
 11900	167.999
 11901	164.197
 11902	161.747
 11903	160.801
 11904	160.86
 11905	161.604
 11906	163.553
 11907	161.949
 11908	155.476
 11909	153.501
 11910	157.821
 11911	160.412
 11912	157.051
 11913	154.825
 11914	155.333
 11915	155.728
 11916	149.693
 11917	146.801
 11918	151.442
 11919	159.678
 11920	155.622
 11921	152.106
 11922	155.513
 11923	159.901
 11924	163.901
 11925	170.219
 11926	172.275
 11927	171.418
 11928	171.235
 11929	168.514
 11930	166.466
 11931	171.653
 11932	174.437
 11933	168.761
 11934	167.522
 11935	170.832
 11936	166.537
 11937	162.059
 11938	163.986
 11939	165.22
 11940	163.597
 11941	166.278
 11942	166.693
 11943	163.254
 11944	160.068
 11945	157.471
 11946	154.416
 11947	156.751
 11948	160.981
 11949	164.405
 11950	163.192
 11951	163.496
 11952	163.401
 11953	159.954
 11954	159.493
 11955	165.992
 11956	171.703
 11957	172.883
 11958	171.285
 11959	173.04
 11960	172.287
 11961	165.623
 11962	163.633
 11963	169.739
 11964	174.628
 11965	169.396
 11966	163.273
 11967	166.294
 11968	167.149
 11969	161.507
 11970	160.287
 11971	163.294
 11972	166.255
 11973	162.373
 11974	156.557
 11975	153.879
 11976	155.582
 11977	157.28
 11978	154.66
 11979	151.463
 11980	157.486
 11981	158.808
 11982	151.047
 11983	150.782
 11984	156.069
 11985	151.664
 11986	148.834
 11987	151.757
 11988	154.258
 11989	156.391
 11990	161.103
 11991	159.837
 11992	154.871
 11993	157.066
 11994	158.842
 11995	154.965
 11996	153.361
 11997	155.434
 11998	161.434
 11999	159.475
 12000	154.425
 12001	160.161
 12002	168.723
 12003	163.904
 12004	159.383
 12005	166.806
 12006	173.289
 12007	167.052
 12008	163.956
 12009	170.793
 12010	173.025
 12011	166.533
 12012	166.836
 12013	169.639
 12014	166.692
 12015	164.29
 12016	165.306
 12017	165.294
 12018	161.264
 12019	162.51
 12020	164.485
 12021	162.975
 12022	162.384
 12023	163.783
 12024	158.421
 12025	154.553
 12026	156.963
 12027	156.453
 12028	150.803
 12029	151.798
 12030	157.716
 12031	154.937
 12032	154.795
 12033	163.444
 12034	163.117
 12035	156.324
 12036	156.423
 12037	156.23
 12038	154.594
 12039	157.991
 12040	164.152
 12041	162.542
 12042	158.183
 12043	156.147
 12044	153.218
 12045	147.668
 12046	148.785
 12047	154.467
 12048	156.194
 12049	150.579
 12050	150.451
 12051	155.788
 12052	153.311
 12053	149.462
 12054	152.582
 12055	155.15
 12056	153.118
 12057	155.773
 12058	156.028
 12059	157.445
 12060	161.803
 12061	163.359
 12062	158.59
 12063	159.144
 12064	162.837
 12065	163.89
 12066	161.856
 12067	163.091
 12068	162.565
 12069	158.176
 12070	155.668
 12071	157.889
 12072	159.263
 12073	160.758
 12074	159.689
 12075	157.948
 12076	154.001
 12077	149.987
 12078	150.413
 12079	151.696
 12080	152.475
 12081	154.057
 12082	154.742
 12083	151.216
 12084	151.88
 12085	154.463
 12086	155.607
 12087	150.647
 12088	153.346
 12089	157.568
 12090	154.182
 12091	152.977
 12092	155.343
 12093	151.91
 12094	150.772
 12095	154.558
 12096	157.903
 12097	159.941
 12098	160.427
 12099	158.87
 12100	158.267
 12101	155.179
 12102	157.395
 12103	162.956
 12104	165.468
 12105	167.359
 12106	164.348
 12107	162.305
 12108	160.851
 12109	161.91
 12110	160.607
 12111	156.474
 12112	158.905
 12113	165.479
 12114	162.241
 12115	160.708
 12116	166.222
 12117	166.356
 12118	161.575
 12119	160.562
 12120	164.376
 12121	168.437
 12122	163.857
 12123	160.705
 12124	161.436
 12125	159.955
 12126	160.811
 12127	162
 12128	161.024
 12129	159.771
 12130	158.471
 12131	154.295
 12132	150.829
 12133	151.603
 12134	161.782
 12135	163.111
 12136	157.543
 12137	158.331
 12138	162.607
 12139	157.469
 12140	152.5
 12141	155.993
 12142	160.45
 12143	156.734
 12144	149.074
 12145	149.358
 12146	152.725
 12147	152.974
 12148	147.586
 12149	143.338
 12150	148.146
 12151	152.612
 12152	148.955
 12153	148.959
 12154	148.265
 12155	146.419
 12156	147.461
 12157	150.391
 12158	159.57
 12159	168.34
 12160	165.667
 12161	161.69
 12162	162.587
 12163	161.914
 12164	163.773
 12165	169.612
 12166	173.371
 12167	167.657
 12168	165.018
 12169	163.476
 12170	161.064
 12171	161.647
 12172	168.733
 12173	169.655
 12174	164.668
 12175	161.607
 12176	161.142
 12177	161.255
 12178	160.241
 12179	164.077
 12180	167.788
 12181	163.965
 12182	164.259
 12183	171.829
 12184	169.179
 12185	162.523
 12186	162.782
 12187	165.218
 12188	160.57
 12189	162.699
 12190	167.841
 12191	162.786
 12192	153.567
 12193	155.912
 12194	155.201
 12195	155.85
 12196	159.995
 12197	162.892
 12198	162.197
 12199	159.543
 12200	157.08
 12201	158.985
 12202	158.985
 12203	153.968
 12204	154.78
 12205	155.696
 12206	156.626
 12207	156.882
 12208	157.194
 12209	153.029
 12210	149.83
 12211	150.248
 12212	150.122
 12213	154.266
 12214	162.087
 12215	163.412
 12216	159.776
 12217	160.074
 12218	162.502
 12219	166.641
 12220	170.67
 12221	171.495
 12222	174.145
 12223	174.67
 12224	167.311
 12225	162.111
 12226	162.866
 12227	167.152
 12228	169.812
 12229	169.77
 12230	167.756
 12231	166.101
 12232	164.054
 12233	161.013
 12234	160.112
 12235	162.196
 12236	163.474
 12237	165.19
 12238	167.916
 12239	167.212
 12240	165.746
 12241	169.013
 12242	174
 12243	176.346
 12244	175.639
 12245	172.17
 12246	169.047
 12247	168.121
 12248	168.51
 12249	170.053
 12250	170.175
 12251	171.578
 12252	172.339
 12253	169.109
 12254	168.826
 12255	173.588
 12256	174.637
 12257	174.44
 12258	169.873
 12259	165.99
 12260	165.446
 12261	166.611
 12262	164.116
 12263	165.712
 12264	169.481
 12265	165.255
 12266	156.306
 12267	153.691
 12268	151.903
 12269	149.301
 12270	152.765
 12271	160.358
 12272	163.861
 12273	162.544
 12274	163.197
 12275	163.227
 12276	165.789
 12277	167.104
 12278	167.736
 12279	166.236
 12280	163.57
 12281	161.054
 12282	162.232
 12283	159.618
 12284	161.383
 12285	161.265
 12286	161.171
 12287	156.041
 12288	154.173
 12289	158.177
 12290	161.984
 12291	158.181
 12292	154.222
 12293	154.573
 12294	155.676
 12295	149.821
 12296	149.398
 12297	157.807
 12298	158.448
 12299	154.615
 12300	154.287
 12301	157.062
 12302	157.462
 12303	157.606
 12304	163.877
 12305	170.13
 12306	166.183
 12307	161.69
 12308	161.281
 12309	165.208
 12310	163.796
 12311	162.797
 12312	163.298
 12313	161.757
 12314	159.293
 12315	163.312
 12316	166.695
 12317	168.697
 12318	170.384
 12319	168.815
 12320	164.523
 12321	164.384
 12322	168.712
 12323	170.588
 12324	173.008
 12325	176.033
 12326	169.661
 12327	159.231
 12328	161.102
 12329	171.096
 12330	174.01
 12331	171.541
 12332	171.37
 12333	168.108
 12334	164.119
 12335	162.389
 12336	164.289
 12337	166.821
 12338	167.383
 12339	164.509
 12340	160.584
 12341	154.416
 12342	151.264
 12343	150.677
 12344	149.719
 12345	150.295
 12346	153.867
 12347	159.084
 12348	158.323
 12349	154.158
 12350	152.806
 12351	149.86
 12352	143.544
 12353	142.264
 12354	150.841
 12355	158.372
 12356	155.347
 12357	148.389
 12358	145.709
 12359	143.596
 12360	136.373
 12361	138.373
 12362	142.475
 12363	140.088
 12364	137.336
 12365	138.621
 12366	136.134
 12367	134.533
 12368	136.833
 12369	136.954
 12370	136.193
 12371	136.531
 12372	133.382
 12373	133.879
 12374	137.236
 12375	137.214
 12376	134.094
 12377	139.828
 12378	146.096
 12379	146.993
 12380	145.511
 12381	148.247
 12382	150.978
 12383	151.237
 12384	147.339
 12385	152.174
 12386	157.279
 12387	157.579
 12388	158.204
 12389	159.77
 12390	159.262
 12391	165.141
 12392	168.308
 12393	163.448
 12394	162.989
 12395	170.03
 12396	170.181
 12397	166.489
 12398	169.458
 12399	171.204
 12400	172.34
 12401	174.76
 12402	177.373
 12403	179.02
 12404	179.326
 12405	173.872
 12406	167.049
 12407	164.964
 12408	168.381
 12409	166.526
 12410	156.969
 12411	151.449
 12412	151.805
 12413	156.941
 12414	160.157
 12415	160.363
 12416	161.928
 12417	159.791
 12418	151.416
 12419	149.269
 12420	153.184
 12421	158.98
 12422	161.914
 12423	163.826
 12424	164.726
 12425	162.708
 12426	160.073
 12427	157.239
 12428	149.641
 12429	149.68
 12430	154.724
 12431	157.382
 12432	157.049
 12433	159.397
 12434	162.327
 12435	159.474
 12436	157.27
 12437	162.063
 12438	166.757
 12439	173.023
 12440	177.563
 12441	178.141
 12442	176.149
 12443	175.634
 12444	174.171
 12445	171.211
 12446	170.719
 12447	173.872
 12448	176.001
 12449	174.222
 12450	169.195
 12451	166.878
 12452	166.38
 12453	164.975
 12454	166.446
 12455	171.139
 12456	173.52
 12457	171.885
 12458	172.194
 12459	173.108
 12460	166.809
 12461	164.111
 12462	168.195
 12463	170.818
 12464	168.125
 12465	166.999
 12466	166.857
 12467	163.593
 12468	162.094
 12469	163.59
 12470	161.561
 12471	159.333
 12472	160.65
 12473	158.584
 12474	157.036
 12475	160.777
 12476	159.97
 12477	153.066
 12478	153.893
 12479	159.739
 12480	161.263
 12481	161.949
 12482	166.336
 12483	162.931
 12484	151.102
 12485	147.776
 12486	152.392
 12487	154.054
 12488	152.096
 12489	150.433
 12490	148.871
 12491	140.517
 12492	137.449
 12493	140.267
 12494	140.965
 12495	137.544
 12496	136.294
 12497	135.381
 12498	132.127
 12499	132.262
 12500	140.517
 12501	144.547
 12502	139.206
 12503	131.647
 12504	139.248
 12505	143.546
 12506	139.331
 12507	143.981
 12508	151.775
 12509	145.62
 12510	135.492
 12511	136.542
 12512	141.849
 12513	142.548
 12514	144.083
 12515	145.024
 12516	142.456
 12517	142.455
 12518	144.069
 12519	145.73
 12520	144.664
 12521	145.196
 12522	146.319
 12523	145.443
 12524	143.487
 12525	148.775
 12526	150.607
 12527	147.191
 12528	144.798
 12529	146.169
 12530	143.81
 12531	145.198
 12532	148.184
 12533	148.674
 12534	145.698
 12535	144.678
 12536	147.087
 12537	151.488
 12538	149.317
 12539	145.588
 12540	151.291
 12541	161.038
 12542	161.169
 12543	155.938
 12544	160.02
 12545	166.705
 12546	163.049
 12547	155.101
 12548	157.477
 12549	167.85
 12550	166.898
 12551	161.315
 12552	165.045
 12553	170.008
 12554	164.443
 12555	160.628
 12556	160.58
 12557	164.3
 12558	165.583
 12559	163.242
 12560	163.718
 12561	162.83
 12562	159.974
 12563	156.056
 12564	154.362
 12565	155.268
 12566	157.488
 12567	159.207
 12568	156.812
 12569	150.88
 12570	152.696
 12571	154.415
 12572	150.796
 12573	147.575
 12574	150.07
 12575	151.065
 12576	147.101
 12577	144.536
 12578	148.498
 12579	147.089
 12580	142.09
 12581	143.888
 12582	144.501
 12583	139.622
 12584	140.278
 12585	141.22
 12586	138.293
 12587	137.906
 12588	136.792
 12589	133.7
 12590	125.971
 12591	124.397
 12592	127.004
 12593	123.168
 12594	121.221
 12595	127.27
 12596	128.586
 12597	121.679
 12598	127.515
 12599	137.647
 12600	135.647
 12601	130.554
 12602	135.931
 12603	142.007
 12604	139.382
 12605	137.717
 12606	144.44
 12607	143.846
 12608	137.494
 12609	138.002
 12610	140.971
 12611	140.872
 12612	142.585
 12613	148.987
 12614	154.312
 12615	155.923
 12616	153.25
 12617	154.846
 12618	155.594
 12619	149.657
 12620	145.58
 12621	150.589
 12622	152.494
 12623	151.059
 12624	151.719
 12625	154.85
 12626	154.328
 12627	153.267
 12628	155.881
 12629	155.054
 12630	150.001
 12631	150.382
 12632	154.093
 12633	150.313
 12634	145.785
 12635	149.194
 12636	147.902
 12637	141.891
 12638	141.78
 12639	145.849
 12640	145.138
 12641	146.983
 12642	150.544
 12643	144.337
 12644	139.079
 12645	143.128
 12646	140.522
 12647	133.243
 12648	134.401
 12649	141.228
 12650	136.607
 12651	128.935
 12652	137.859
 12653	143.514
 12654	136.943
 12655	137.261
 12656	141.856
 12657	138.164
 12658	134.86
 12659	139.73
 12660	140.879
 12661	142.34
 12662	146.674
 12663	146.028
 12664	141.087
 12665	144.51
 12666	148.604
 12667	145.617
 12668	140.722
 12669	138.327
 12670	135.48
 12671	133.176
 12672	129.321
 12673	129.48
 12674	131.314
 12675	134.417
 12676	136.31
 12677	136.251
 12678	137.238
 12679	140.064
 12680	138.916
 12681	137.203
 12682	138.867
 12683	142.227
 12684	139.385
 12685	135.001
 12686	135.717
 12687	137.176
 12688	137.363
 12689	134.963
 12690	135.639
 12691	134.642
 12692	132.762
 12693	132.261
 12694	136.938
 12695	136.667
 12696	133.485
 12697	133.124
 12698	138.336
 12699	134.447
 12700	132.502
 12701	136.545
 12702	139.203
 12703	136.783
 12704	134.911
 12705	141.228
 12706	145.104
 12707	139.118
 12708	141.079
 12709	145.652
 12710	141.621
 12711	139.242
 12712	142.483
 12713	141.607
 12714	137.357
 12715	132.053
 12716	132.461
 12717	130.993
 12718	130.589
 12719	135.029
 12720	136.875
 12721	133.682
 12722	135.527
 12723	135.321
 12724	132.513
 12725	136.107
 12726	140.694
 12727	137.202
 12728	135.966
 12729	134.08
 12730	130.262
 12731	130.013
 12732	137.365
 12733	138.723
 12734	139.637
 12735	143.046
 12736	140.825
 12737	134.685
 12738	134.016
 12739	136.785
 12740	138.577
 12741	137.44
 12742	137.295
 12743	139.736
 12744	138.113
 12745	132.894
 12746	132.105
 12747	136.708
 12748	140.531
 12749	140.807
 12750	144.863
 12751	150.252
 12752	152.903
 12753	153.103
 12754	153.162
 12755	157.285
 12756	158.828
 12757	155.776
 12758	157.931
 12759	164.98
 12760	164.761
 12761	163.359
 12762	163.082
 12763	161.003
 12764	158.26
 12765	158.859
 12766	159.779
 12767	159.333
 12768	161.684
 12769	168.291
 12770	163.387
 12771	158.098
 12772	161.292
 12773	162.596
 12774	159.382
 12775	161.309
 12776	165.593
 12777	162.193
 12778	157.41
 12779	157.683
 12780	161.208
 12781	158.625
 12782	153.397
 12783	148.951
 12784	143.746
 12785	144.886
 12786	142.526
 12787	139.182
 12788	144.866
 12789	146.281
 12790	141.632
 12791	138.911
 12792	138.368
 12793	143.577
 12794	143.556
 12795	133.429
 12796	131.277
 12797	136.746
 12798	134.521
 12799	125.337
 12800	121.25
 12801	124.582
 12802	125.943
 12803	124.002
 12804	125.171
 12805	131.73
 12806	135.432
 12807	133.486
 12808	132.334
 12809	137.606
 12810	138.85
 12811	138.165
 12812	140.925
 12813	141.438
 12814	139.146
 12815	141.545
 12816	138.64
 12817	139.096
 12818	143.115
 12819	142.616
 12820	141.306
 12821	143.412
 12822	142.35
 12823	143.929
 12824	140.448
 12825	135.685
 12826	135.161
 12827	135.324
 12828	134.321
 12829	137.16
 12830	137.239
 12831	133.588
 12832	130.12
 12833	128.848
 12834	124.869
 12835	124.35
 12836	127.676
 12837	126.733
 12838	128.08
 12839	135.78
 12840	133.897
 12841	131.087
 12842	137.328
 12843	139.402
 12844	132.811
 12845	129.737
 12846	132.923
 12847	135.244
 12848	126.094
 12849	121.762
 12850	121.602
 12851	121.376
 12852	119.77
 12853	122.675
 12854	123.618
 12855	127.31
 12856	130.476
 12857	130.807
 12858	128.225
 12859	130.812
 12860	137.143
 12861	138.82
 12862	139.266
 12863	143.541
 12864	140.552
 12865	140.012
 12866	139.684
 12867	137.182
 12868	140.512
 12869	146.52
 12870	149.47
 12871	151.129
 12872	153.857
 12873	157.77
 12874	160.319
 12875	158.065
 12876	158.65
 12877	160.55
 12878	162
 12879	162.319
 12880	159.033
 12881	155.754
 12882	159.249
 12883	159.533
 12884	156.62
 12885	159.984
 12886	164.397
 12887	163.389
 12888	162.925
 12889	166.761
 12890	167.185
 12891	160.848
 12892	157.531
 12893	159.846
 12894	164.342
 12895	167.655
 12896	168.739
 12897	168.57
 12898	162.83
 12899	157.578
 12900	154.697
 12901	152.714
 12902	153.089
 12903	156.083
 12904	154.421
 12905	147.292
 12906	146.173
 12907	147.524
 12908	146.259
 12909	147.702
 12910	150.142
 12911	150.706
 12912	148.689
 12913	149.627
 12914	155.902
 12915	155.391
 12916	152.12
 12917	150.545
 12918	148.344
 12919	148.412
 12920	154.408
 12921	160.222
 12922	159.241
 12923	159.919
 12924	161.369
 12925	155.31
 12926	150.414
 12927	152.643
 12928	157.293
 12929	159.61
 12930	158.365
 12931	159.239
 12932	160.829
 12933	159.395
 12934	157.155
 12935	157.991
 12936	161.549
 12937	163.995
 12938	161.201
 12939	154.548
 12940	156.29
 12941	156.428
 12942	151.091
 12943	147.49
 12944	151.953
 12945	155.357
 12946	155.307
 12947	156.883
 12948	161.625
 12949	165.177
 12950	164.587
 12951	156.072
 12952	154.556
 12953	158.661
 12954	160.488
 12955	160.096
 12956	161.531
 12957	163.891
 12958	162.168
 12959	153.347
 12960	150.316
 12961	158.317
 12962	162.792
 12963	158.029
 12964	154.942
 12965	156.271
 12966	153.657
 12967	151.479
 12968	153.596
 12969	159.142
 12970	159.128
 12971	158.3
 12972	159.04
 12973	157.146
 12974	154.593
 12975	157.576
 12976	161.37
 12977	157.309
 12978	151.11
 12979	153.21
 12980	157.933
 12981	157
 12982	159.18
 12983	162.092
 12984	161.202
 12985	156.879
 12986	155.234
 12987	156.766
 12988	159.698
 12989	160.584
 12990	158.333
 12991	151.371
 12992	149.228
 12993	153.107
 12994	157.552
 12995	155.379
 12996	155.86
 12997	160.821
 12998	159.853
 12999	151.662
 13000	146.344
 13001	153.255
 13002	159.618
 13003	158.414
 13004	156.381
 13005	161.069
 13006	165.359
 13007	166.131
 13008	165.069
 13009	166.513
 13010	172.021
 13011	175.378
 13012	169.135
 13013	165.63
 13014	175.462
 13015	-173.834
 13016	-174.745
 13017	-178.234
 13018	-178.156
 13019	179.346
 13020	173.222
 13021	169.679
 13022	169.889
 13023	173.165
 13024	173.283
 13025	162.984
 13026	154.273
 13027	156.334
 13028	159.26
 13029	153.334
 13030	155.557
 13031	166.64
 13032	165.465
 13033	153.894
 13034	155.151
 13035	162.361
 13036	167.019
 13037	168.311
 13038	167.758
 13039	165.155
 13040	162.82
 13041	161.79
 13042	159.212
 13043	156.867
 13044	161.848
 13045	161.796
 13046	150.516
 13047	149.549
 13048	157.359
 13049	161.372
 13050	158.054
 13051	153.925
 13052	157.094
 13053	156.67
 13054	152.819
 13055	156.943
 13056	163.65
 13057	163.162
 13058	157.746
 13059	151.849
 13060	147.807
 13061	146.262
 13062	148.748
 13063	153.315
 13064	154.994
 13065	154.913
 13066	150.276
 13067	142.203
 13068	141.182
 13069	146.388
 13070	149.56
 13071	146.641
 13072	142.873
 13073	145.583
 13074	149.257
 13075	148.176
 13076	150.719
 13077	160.828
 13078	170.297
 13079	170.773
 13080	169.904
 13081	172.006
 13082	176.382
 13083	-178.496
 13084	-175.036
 13085	-177.973
 13086	178.07
 13087	173.366
 13088	167.366
 13089	163.684
 13090	170.971
 13091	174.064
 13092	166.815
 13093	157.735
 13094	152.547
 13095	150.643
 13096	153.596
 13097	156.843
 13098	159.102
 13099	161.65
 13100	159.182
 13101	151.911
 13102	150.889
 13103	157.794
 13104	159.098
 13105	157.07
 13106	155.495
 13107	154.518
 13108	153.519
 13109	155.734
 13110	159.781
 13111	160.333
 13112	155.393
 13113	150.381
 13114	154.875
 13115	158.503
 13116	156.878
 13117	156.559
 13118	160.153
 13119	159.419
 13120	153.515
 13121	151.101
 13122	156.533
 13123	161.589
 13124	164.111
 13125	163.179
 13126	163.742
 13127	164.414
 13128	165.137
 13129	163.793
 13130	167.678
 13131	173.059
 13132	170.787
 13133	165.654
 13134	162.977
 13135	159.37
 13136	156.419
 13137	156.551
 13138	155.269
 13139	151.427
 13140	147.445
 13141	149.159
 13142	151.623
 13143	147.914
 13144	143.813
 13145	144.148
 13146	144.832
 13147	144.823
 13148	143.929
 13149	146.289
 13150	154.313
 13151	159.763
 13152	158.68
 13153	155.495
 13154	154.441
 13155	151.112
 13156	150.038
 13157	153.363
 13158	156.721
 13159	154.578
 13160	152.05
 13161	147.625
 13162	141.488
 13163	148.2
 13164	156.435
 13165	151.763
 13166	147.316
 13167	148.981
 13168	149.224
 13169	144.318
 13170	142.234
 13171	146.231
 13172	148.885
 13173	146.555
 13174	148.033
 13175	151.798
 13176	150.654
 13177	145.025
 13178	139.977
 13179	139.285
 13180	141.334
 13181	141.485
 13182	142.752
 13183	142.238
 13184	142.56
 13185	139.086
 13186	138.974
 13187	143.863
 13188	144.983
 13189	143.396
 13190	145.941
 13191	143.654
 13192	137.725
 13193	141.246
 13194	145.147
 13195	144.183
 13196	149.388
 13197	155.964
 13198	154.58
 13199	151.979
 13200	158.871
 13201	161.462
 13202	158.259
 13203	154.905
 13204	152.868
 13205	149.82
 13206	148.594
 13207	146.728
 13208	145.74
 13209	146.606
 13210	144.412
 13211	141.478
 13212	142.187
 13213	143.321
 13214	141.971
 13215	135.996
 13216	132.45
 13217	132.105
 13218	128.427
 13219	124.592
 13220	125.495
 13221	130.84
 13222	132.277
 13223	130.493
 13224	130.53
 13225	130.602
 13226	129.902
 13227	132.408
 13228	133.301
 13229	133.234
 13230	135.661
 13231	130.01
 13232	120.299
 13233	121.436
 13234	124.117
 13235	119.879
 13236	118.069
 13237	117.185
 13238	113.852
 13239	113.14
 13240	112.539
 13241	113.933
 13242	115.81
 13243	117.009
 13244	115.652
 13245	115.205
 13246	116.739
 13247	120.102
 13248	123.814
 13249	127.245
 13250	125.815
 13251	129.317
 13252	132.879
 13253	128.681
 13254	129.148
 13255	132.1
 13256	132.241
 13257	128.235
 13258	123.7
 13259	126.31
 13260	128.766
 13261	124.589
 13262	123.832
 13263	130.684
 13264	130.259
 13265	126.043
 13266	134.356
 13267	145.141
 13268	145.81
 13269	145.258
 13270	148.619
 13271	148.952
 13272	147.512
 13273	147.735
 13274	146.666
 13275	144.356
 13276	142.551
 13277	145.101
 13278	144.953
 13279	144.956
 13280	145.566
 13281	147.045
 13282	143.685
 13283	142.666
 13284	148.452
 13285	150.663
 13286	142.486
 13287	135.21
 13288	134.634
 13289	132.794
 13290	134.894
 13291	142.507
 13292	143.627
 13293	140.066
 13294	138.874
 13295	137.473
 13296	136.265
 13297	141.902
 13298	144.899
 13299	144.226
 13300	142.196
 13301	145.707
 13302	150.346
 13303	150.438
 13304	150.166
 13305	150.9
 13306	151.385
 13307	151.705
 13308	150.015
 13309	152.463
 13310	153.994
 13311	154.412
 13312	154.597
 13313	153.611
 13314	155.356
 13315	157.987
 13316	153.484
 13317	155.853
 13318	163.149
 13319	162.527
 13320	158.607
 13321	162.001
 13322	162.733
 13323	157.373
 13324	154.922
 13325	157.804
 13326	156.127
 13327	152.57
 13328	149.163
 13329	144.872
 13330	143.807
 13331	146.493
 13332	143.355
 13333	142.328
 13334	145.167
 13335	148.534
 13336	144.723
 13337	141.066
 13338	146.722
 13339	146.419
 13340	139.686
 13341	136.221
 13342	140.477
 13343	144.345
 13344	149.546
 13345	152.706
 13346	152.827
 13347	150.519
 13348	146.353
 13349	141.071
 13350	141.661
 13351	147.526
 13352	153.775
 13353	153.611
 13354	152.12
 13355	151.461
 13356	152.405
 13357	152.272
 13358	149.206
 13359	151.808
 13360	156.613
 13361	154.32
 13362	152.945
 13363	156.416
 13364	160.07
 13365	158.218
 13366	154.966
 13367	158.241
 13368	161.827
 13369	160.2
 13370	157.251
 13371	151.873
 13372	145.756
 13373	145.35
 13374	145.542
 13375	141.47
 13376	143.638
 13377	145.126
 13378	138.947
 13379	132.793
 13380	134.068
 13381	140.696
 13382	140.528
 13383	135.586
 13384	139.273
 13385	141.376
 13386	136.584
 13387	134.685
 13388	140.278
 13389	140.809
 13390	135.949
 13391	132.161
 13392	133.445
 13393	135.716
 13394	142.887
 13395	145.296
 13396	139.528
 13397	138.247
 13398	139.982
 13399	137.264
 13400	135.813
 13401	138.082
 13402	144.022
 13403	144.601
 13404	138.137
 13405	141.861
 13406	146.993
 13407	145.96
 13408	147.923
 13409	147.243
 13410	146.344
 13411	152.705
 13412	156.797
 13413	153.739
 13414	151.695
 13415	157.399
 13416	163.902
 13417	160.881
 13418	160.208
 13419	158.9
 13420	157.997
 13421	156.933
 13422	155.423
 13423	155.086
 13424	156.054
 13425	151.3
 13426	143.939
 13427	142.787
 13428	148.492
 13429	154.81
 13430	157.601
 13431	157.379
 13432	155.473
 13433	148.757
 13434	146.334
 13435	148.092
 13436	150.134
 13437	151.935
 13438	150.772
 13439	144.668
 13440	138.237
 13441	134.153
 13442	137.742
 13443	139.036
 13444	135.636
 13445	134.638
 13446	135.172
 13447	135.837
 13448	137.283
 13449	136.809
 13450	143.32
 13451	148.517
 13452	141.665
 13453	138.836
 13454	143.911
 13455	142.93
 13456	140.308
 13457	138.844
 13458	137.78
 13459	135.482
 13460	135.734
 13461	141.395
 13462	137.299
 13463	132.988
 13464	139.921
 13465	137.375
 13466	131.424
 13467	132.161
 13468	130.91
 13469	132.259
 13470	132.971
 13471	133.088
 13472	137.507
 13473	140.587
 13474	135.512
 13475	135.945
 13476	139.798
 13477	143.625
 13478	144.451
 13479	147.784
 13480	153.982
 13481	157.465
 13482	156.87
 13483	157.32
 13484	159.391
 13485	158.169
 13486	150.359
 13487	145.105
 13488	145.768
 13489	144.196
 13490	142.825
 13491	143.305
 13492	139.982
 13493	139.334
 13494	136.963
 13495	133.186
 13496	135.605
 13497	142.112
 13498	141.085
 13499	138.641
 13500	139.012
 13501	141.739
 13502	140.633
 13503	136.418
 13504	136.681
 13505	140.326
 13506	136.932
 13507	134.606
 13508	136.479
 13509	136.518
 13510	132.515
 13511	134.065
 13512	135.245
 13513	135.152
 13514	133.371
 13515	134.841
 13516	134.386
 13517	135.383
 13518	138.032
 13519	139.603
 13520	137.36
 13521	131.758
 13522	129.544
 13523	133.398
 13524	136.729
 13525	139.636
 13526	144.374
 13527	145.624
 13528	141.799
 13529	139.725
 13530	144.183
 13531	148.618
 13532	143.456
 13533	138.189
 13534	140.168
 13535	141.145
 13536	140.185
 13537	139.683
 13538	141.89
 13539	144.539
 13540	138.61
 13541	132.056
 13542	138.046
 13543	145.199
 13544	143.149
 13545	135.382
 13546	140.299
 13547	143.323
 13548	138.624
 13549	134.152
 13550	140.224
 13551	138.605
 13552	133.77
 13553	132.65
 13554	134.836
 13555	131.075
 13556	129.798
 13557	134.895
 13558	137.375
 13559	132.237
 13560	133.853
 13561	139.89
 13562	145.139
 13563	141.798
 13564	142.766
 13565	144.988
 13566	141.364
 13567	136.673
 13568	138.163
 13569	139.201
 13570	135.176
 13571	131.385
 13572	135.205
 13573	137.175
 13574	131.846
 13575	132.574
 13576	134.112
 13577	129.325
 13578	129.099
 13579	128.958
 13580	131.074
 13581	129.597
 13582	131.394
 13583	132.601
 13584	130.546
 13585	132.191
 13586	136.905
 13587	134.848
 13588	134.311
 13589	135.704
 13590	139.146
 13591	139.834
 13592	139.181
 13593	137.64
 13594	140.448
 13595	138.126
 13596	142.373
 13597	146.401
 13598	146.298
 13599	145.435
 13600	147.47
 13601	147.902
 13602	147.603
 13603	150.112
 13604	161.277
 13605	164.656
 13606	159.235
 13607	155.805
 13608	161.367
 13609	160.357
 13610	156.622
 13611	160.462
 13612	166.609
 13613	161.172
 13614	155.899
 13615	155.346
 13616	157.044
 13617	155.908
 13618	156.564
 13619	153.334
 13620	145.739
 13621	142.802
 13622	140.66
 13623	140.476
 13624	141.988
 13625	142.599
 13626	138.195
 13627	134.454
 13628	134.971
 13629	139.077
 13630	140.619
 13631	144.356
 13632	146.618
 13633	145.992
 13634	141.309
 13635	145.289
 13636	144.291
 13637	145.047
 13638	147.425
 13639	151.333
 13640	152.119
 13641	150.907
 13642	149.407
 13643	152.155
 13644	149.956
 13645	149.761
 13646	148.092
 13647	147.665
 13648	148.557
 13649	147.034
 13650	144.432
 13651	145.276
 13652	142.024
 13653	139.412
 13654	134.897
 13655	132.882
 13656	132.384
 13657	135.784
 13658	140.141
 13659	141.607
 13660	134.653
 13661	130.656
 13662	133.087
 13663	138.732
 13664	140.411
 13665	146.486
 13666	154.364
 13667	156.489
 13668	149.178
 13669	147.552
 13670	149.63
 13671	152.092
 13672	156.283
 13673	156.743
 13674	155.306
 13675	152.068
 13676	151.103
 13677	152.144
 13678	152.913
 13679	153.499
 13680	154.127
 13681	151.692
 13682	151.367
 13683	147.304
 13684	149.221
 13685	152.962
 13686	152.895
 13687	149.507
 13688	149.467
 13689	151.679
 13690	154.305
 13691	154.614
 13692	157.709
 13693	162.403
 13694	163.021
 13695	156.492
 13696	156.005
 13697	162.006
 13698	164.898
 13699	159.223
 13700	154.268
 13701	157.091
 13702	154.664
 13703	149.855
 13704	151.528
 13705	153.697
 13706	151.922
 13707	147.692
 13708	145.651
 13709	145.494
 13710	142.114
 13711	142.732
 13712	147.047
 13713	145.431
 13714	143.401
 13715	150.818
 13716	155.689
 13717	150.759
 13718	148.556
 13719	149.946
 13720	148.813
 13721	145.618
 13722	145.313
 13723	150.842
 13724	153.669
 13725	152.282
 13726	149.499
 13727	147.573
 13728	148.893
 13729	152.037
 13730	159.114
 13731	169.976
 13732	171.97
 13733	167.472
 13734	163.292
 13735	160.911
 13736	155.477
 13737	155.044
 13738	161.048
 13739	170.296
 13740	165.527
 13741	156.721
 13742	158.763
 13743	163.591
 13744	157.491
 13745	154.776
 13746	159.213
 13747	160.982
 13748	156.635
 13749	155.689
 13750	154.199
 13751	148.399
 13752	148.538
 13753	151.585
 13754	146.261
 13755	141.579
 13756	150.446
 13757	157.808
 13758	154.24
 13759	148.192
 13760	152.609
 13761	156.107
 13762	153.515
 13763	154.575
 13764	164.868
 13765	164.839
 13766	159.025
 13767	153.504
 13768	148.154
 13769	143.224
 13770	145.784
 13771	146.769
 13772	141.872
 13773	141.112
 13774	145.442
 13775	138.558
 13776	133.49
 13777	138.274
 13778	145.859
 13779	146.591
 13780	143.744
 13781	145.05
 13782	148.361
 13783	147.713
 13784	151.112
 13785	155.731
 13786	155.894
 13787	152.342
 13788	152.942
 13789	155.914
 13790	156.168
 13791	155.172
 13792	159.105
 13793	157.039
 13794	146.391
 13795	142.403
 13796	147.435
 13797	151.528
 13798	150.975
 13799	147.153
 13800	145.19
 13801	142.11
 13802	140.283
 13803	140.419
 13804	143.713
 13805	153.621
 13806	162.407
 13807	160.738
 13808	157.836
 13809	162.002
 13810	168.389
 13811	162.369
 13812	156.497
 13813	160.302
 13814	162.973
 13815	160.711
 13816	163.597
 13817	168.415
 13818	167.374
 13819	165.326
 13820	163.146
 13821	160.638
 13822	163.652
 13823	171.695
 13824	172.103
 13825	169.273
 13826	170.744
 13827	169.581
 13828	159.487
 13829	157.283
 13830	162.666
 13831	168.206
 13832	168.169
 13833	167.146
 13834	165.137
 13835	162.593
 13836	162.326
 13837	163.193
 13838	163.108
 13839	167.017
 13840	172.192
 13841	171.591
 13842	168.112
 13843	168.55
 13844	169.114
 13845	163.887
 13846	161.298
 13847	164.359
 13848	163.524
 13849	162.641
 13850	168.045
 13851	170.699
 13852	167.584
 13853	167.186
 13854	164.233
 13855	160.6
 13856	161.331
 13857	166.82
 13858	166.848
 13859	166.818
 13860	167.294
 13861	164.015
 13862	157.288
 13863	159.39
 13864	163.222
 13865	163.133
 13866	157.988
 13867	150.53
 13868	148.215
 13869	150.621
 13870	149.222
 13871	145.084
 13872	148.776
 13873	150.68
 13874	148.1
 13875	146.634
 13876	150.851
 13877	158.464
 13878	158.06
 13879	154.321
 13880	157.941
 13881	157.135
 13882	156.021
 13883	156.949
 13884	161.34
 13885	164.838
 13886	161.752
 13887	157.808
 13888	155.558
 13889	152.164
 13890	153.349
 13891	155.993
 13892	153.598
 13893	149.556
 13894	144.268
 13895	143.931
 13896	146.923
 13897	147.333
 13898	148.785
 13899	155.937
 13900	159.054
 13901	156.805
 13902	154.691
 13903	159.374
 13904	166.278
 13905	165.612
 13906	162.614
 13907	163.458
 13908	162.798
 13909	162.396
 13910	164.46
 13911	163.871
 13912	163.837
 13913	165.87
 13914	164.162
 13915	158.625
 13916	157.085
 13917	160.113
 13918	159.906
 13919	155.281
 13920	157.652
 13921	158.018
 13922	155.333
 13923	155.183
 13924	155.978
 13925	156.83
 13926	159.612
 13927	160.841
 13928	158.537
 13929	155.524
 13930	155.404
 13931	155.847
 13932	155.954
 13933	157.454
 13934	157.036
 13935	153.992
 13936	156.134
 13937	163.647
 13938	169.845
 13939	172.859
 13940	174.217
 13941	174.494
 13942	171.545
 13943	168.88
 13944	172.695
 13945	176.776
 13946	176.88
 13947	176.363
 13948	175.961
 13949	176.849
 13950	175.659
 13951	171.335
 13952	173.191
 13953	178.557
 13954	176.689
 13955	170.106
 13956	166.141
 13957	163.31
 13958	160.026
 13959	162.51
 13960	169.041
 13961	169.285
 13962	169.047
 13963	172.283
 13964	172.857
 13965	170.155
 13966	172.061
 13967	179.426
 13968	-176.594
 13969	-177.109
 13970	-178.363
 13971	-179.796
 13972	178.074
 13973	-177.816
 13974	-169.137
 13975	-168.312
 13976	-175.222
 13977	-178.668
 13978	178.169
 13979	171.461
 13980	170.97
 13981	175.317
 13982	175.73
 13983	171.52
 13984	169.518
 13985	168.739
 13986	169.589
 13987	175.639
 13988	179.692
 13989	173.385
 13990	167.691
 13991	167.647
 13992	167.993
 13993	170.367
 13994	171.336
 13995	167.474
 13996	162.267
 13997	158.516
 13998	158.37
 13999	159.023
 14000	159.568
 14001	162.669
 14002	160.446
 14003	154.183
 14004	153.335
 14005	156.851
 14006	162.232
 14007	169.329
 14008	172.557
 14009	169.097
 14010	164.536
 14011	163.654
 14012	166.4
 14013	172.59
 14014	178.361
 14015	-179.671
 14016	178.647
 14017	176.697
 14018	177.863
 14019	179.478
 14020	-176.2
 14021	-175.41
 14022	178.869
 14023	174.699
 14024	175.249
 14025	174.479
 14026	171.235
 14027	171.368
 14028	173.953
 14029	170.158
 14030	163.635
 14031	165.092
 14032	167.537
 14033	169.253
 14034	170.083
 14035	166.087
 14036	162.14
 14037	164.28
 14038	167.647
 14039	169.208
 14040	169.481
 14041	168.93
 14042	168.382
 14043	165.943
 14044	166.984
 14045	170.598
 14046	169.305
 14047	168.68
 14048	163.91
 14049	154.003
 14050	151.706
 14051	152.846
 14052	153.501
 14053	158.228
 14054	163.823
 14055	167.212
 14056	163.107
 14057	157.053
 14058	155.189
 14059	154.085
 14060	156.714
 14061	157.894
 14062	154.603
 14063	150.538
 14064	148.878
 14065	148.571
 14066	150.743
 14067	153.423
 14068	162.267
 14069	167.207
 14070	166.404
 14071	172.796
 14072	179.989
 14073	171.9
 14074	167.468
 14075	169.446
 14076	170.376
 14077	166.6
 14078	169.082
 14079	173.551
 14080	168.777
 14081	167.022
 14082	171.105
 14083	165.515
 14084	161.013
 14085	162.506
 14086	159.363
 14087	155.085
 14088	153.801
 14089	156.674
 14090	155.826
 14091	151.224
 14092	151.045
 14093	154.663
 14094	155.799
 14095	158.665
 14096	161.895
 14097	164.323
 14098	165.643
 14099	165.429
 14100	161.614
 14101	156.671
 14102	157.251
 14103	161.36
 14104	158.142
 14105	158.45
 14106	165.58
 14107	165.222
 14108	162.333
 14109	158.49
 14110	159.171
 14111	161.805
 14112	161.616
 14113	162.753
 14114	164.643
 14115	165.283
 14116	165.419
 14117	164.102
 14118	159.42
 14119	159.938
 14120	167.255
 14121	168.73
 14122	165.587
 14123	169.357
 14124	173.08
 14125	172.282
 14126	167.59
 14127	165.94
 14128	166.194
 14129	163.619
 14130	164.227
 14131	166.127
 14132	164.92
 14133	160.574
 14134	159.826
 14135	164.053
 14136	162.253
 14137	159.593
 14138	166.3
 14139	167.449
 14140	159.621
 14141	157.654
 14142	159.457
 14143	160.292
 14144	162.611
 14145	164.545
 14146	167.434
 14147	168.315
 14148	169.497
 14149	171.172
 14150	166.381
 14151	168.605
 14152	175.154
 14153	170.63
 14154	166.83
 14155	172.759
 14156	178.184
 14157	170.715
 14158	161.972
 14159	168.366
 14160	172.954
 14161	169.586
 14162	169.427
 14163	173.736
 14164	174.372
 14165	171.378
 14166	166.388
 14167	165.105
 14168	164.422
 14169	161.596
 14170	160.234
 14171	159.15
 14172	155.092
 14173	156.159
 14174	158.96
 14175	160.206
 14176	162.244
 14177	162.902
 14178	162.704
 14179	166.469
 14180	169.506
 14181	166.947
 14182	166.491
 14183	172.647
 14184	172.569
 14185	163.771
 14186	165.45
 14187	173.011
 14188	167.587
 14189	164.014
 14190	169.88
 14191	171.587
 14192	165.085
 14193	160.324
 14194	164.041
 14195	165.529
 14196	157.771
 14197	158.257
 14198	162.519
 14199	160.247
 14200	158.435
 14201	159.208
 14202	156.828
 14203	154.672
 14204	156.27
 14205	161.372
 14206	158.798
 14207	156.985
 14208	161.339
 14209	160.524
 14210	156.545
 14211	157.683
 14212	163.044
 14213	164.216
 14214	163.192
 14215	165.367
 14216	165.497
 14217	164.617
 14218	169.989
 14219	172.94
 14220	168.11
 14221	167.488
 14222	168.245
 14223	165.55
 14224	164.166
 14225	164.904
 14226	164.783
 14227	164.194
 14228	163.026
 14229	161.698
 14230	157.58
 14231	155.903
 14232	155.347
 14233	157.039
 14234	159.403
 14235	159.059
 14236	160.385
 14237	165.114
 14238	161.673
 14239	158.611
 14240	162.735
 14241	164.302
 14242	165.679
 14243	171.899
 14244	175.505
 14245	170.793
 14246	166.027
 14247	168.028
 14248	172.019
 14249	171.604
 14250	172.496
 14251	175.166
 14252	172.754
 14253	168.338
 14254	166.836
 14255	166.859
 14256	171.411
 14257	176.534
 14258	174.043
 14259	171.421
 14260	172.37
 14261	169.91
 14262	161.045
 14263	159.794
 14264	163.646
 14265	161.233
 14266	160.644
 14267	162.68
 14268	158.684
 14269	155.149
 14270	161.262
 14271	166.613
 14272	167.02
 14273	166.721
 14274	172.778
 14275	175.5
 14276	168.559
 14277	166.799
 14278	173.764
 14279	172.57
 14280	169.074
 14281	169.683
 14282	168.46
 14283	162.009
 14284	159.052
 14285	162.503
 14286	162.584
 14287	160.093
 14288	161.44
 14289	163.325
 14290	164.072
 14291	163.845
 14292	164.9
 14293	166.505
 14294	170.045
 14295	169.871
 14296	170.723
 14297	174.25
 14298	176.614
 14299	174.597
 14300	170.393
 14301	169.163
 14302	168.842
 14303	165.38
 14304	164.596
 14305	166.959
 14306	165.625
 14307	161.686
 14308	161.694
 14309	162.329
 14310	163.749
 14311	164.488
 14312	163.297
 14313	164.506
 14314	162.108
 14315	160.869
 14316	161.526
 14317	162.692
 14318	157.457
 14319	157.103
 14320	163.508
 14321	166.836
 14322	158.21
 14323	157.342
 14324	161.161
 14325	159.266
 14326	159.481
 14327	167.895
 14328	171.741
 14329	170.593
 14330	167.664
 14331	166.95
 14332	169.917
 14333	173.516
 14334	179.815
 14335	177.644
 14336	172.267
 14337	169.878
 14338	165.449
 14339	158.415
 14340	163.293
 14341	170.062
 14342	168.917
 14343	170.595
 14344	175.722
 14345	173.158
 14346	168.19
 14347	175.204
 14348	-176.657
 14349	179.646
 14350	174.753
 14351	173.273
 14352	171.688
 14353	168.854
 14354	167.03
 14355	165.83
 14356	164.626
 14357	166.652
 14358	170.307
 14359	169.727
 14360	171.278
 14361	178.661
 14362	-178.803
 14363	173.899
 14364	172.801
 14365	175.461
 14366	174.995
 14367	172.086
 14368	173.897
 14369	175.962
 14370	172.893
 14371	169.023
 14372	168.486
 14373	166.857
 14374	167.256
 14375	170.287
 14376	171.226
 14377	167.144
 14378	164.903
 14379	166.576
 14380	165.35
 14381	163.847
 14382	167.161
 14383	174.95
 14384	170.69
 14385	161.785
 14386	161.901
 14387	165.373
 14388	162.676
 14389	156.299
 14390	156.93
 14391	163.346
 14392	163.349
 14393	160.03
 14394	164.476
 14395	171.198
 14396	167.668
 14397	163.578
 14398	164.458
 14399	166.615
 14400	168.015
 14401	169.066
 14402	172.319
 14403	175.288
 14404	174.199
 14405	171.039
 14406	172.636
 14407	178.813
 14408	-176.799
 14409	-175.393
 14410	-170.88
 14411	-169.693
 14412	-175.919
 14413	178.436
 14414	-177.367
 14415	-176.953
 14416	175.502
 14417	174.95
 14418	-178.274
 14419	179.779
 14420	175.513
 14421	-177.539
 14422	-176.357
 14423	173.656
 14424	169.49
 14425	175.192
 14426	-177.838
 14427	-175.246
 14428	-173.991
 14429	-176.904
 14430	179.072
 14431	-179.728
 14432	178.511
 14433	173.374
 14434	174.754
 14435	178.675
 14436	175.759
 14437	171.77
 14438	171
 14439	172.324
 14440	172.207
 14441	173.141
 14442	178.133
 14443	179.384
 14444	177.328
 14445	-178.424
 14446	-176.152
 14447	-176.456
 14448	-176.366
 14449	-170.661
 14450	-174.224
 14451	179.514
 14452	-178.69
 14453	-171.43
 14454	-171.716
 14455	-174.661
 14456	-173.364
 14457	-172.716
 14458	-176.049
 14459	-178.856
 14460	-176.28
 14461	-173.204
 14462	-177.189
 14463	174.955
 14464	173.832
 14465	174.429
 14466	176.846
 14467	175.279
 14468	-179.932
 14469	-177.962
 14470	178.136
 14471	172.589
 14472	175.025
 14473	177.837
 14474	-179.277
 14475	-178.341
 14476	-179.08
 14477	176.09
 14478	168.613
 14479	166.675
 14480	173.109
 14481	178.658
 14482	176.014
 14483	173.427
 14484	174.668
 14485	175.789
 14486	174.582
 14487	176.335
 14488	178.006
 14489	176.464
 14490	171.811
 14491	170.59
 14492	173.058
 14493	176.407
 14494	177.787
 14495	174.009
 14496	168.197
 14497	163.03
 14498	163.641
 14499	167.416
 14500	169.293
 14501	169.573
 14502	168.153
 14503	163.332
 14504	156.458
 14505	153.158
 14506	155.533
 14507	164.854
 14508	171.956
 14509	169.273
 14510	164.374
 14511	167.062
 14512	168.559
 14513	164.75
 14514	163.471
 14515	169.234
 14516	171.412
 14517	166.687
 14518	160.434
 14519	160.789
 14520	165.501
 14521	165.853
 14522	163.02
 14523	161.702
 14524	160.065
 14525	155.879
 14526	155.793
 14527	157.425
 14528	156.16
 14529	156.085
 14530	155.938
 14531	154.558
 14532	156.158
 14533	157.947
 14534	168.158
 14535	175.181
 14536	170.895
 14537	164.205
 14538	165.727
 14539	167.692
 14540	170.126
 14541	174.659
 14542	176.621
 14543	175.581
 14544	172.897
 14545	170.617
 14546	168.773
 14547	171.606
 14548	178.101
 14549	-179.475
 14550	175.575
 14551	170.193
 14552	168.606
 14553	170.502
 14554	168.793
 14555	168.38
 14556	169.458
 14557	171.527
 14558	173.707
 14559	174.204
 14560	176.892
 14561	-177.206
 14562	-176.186
 14563	177.574
 14564	178.243
 14565	-177.336
 14566	177.776
 14567	172.277
 14568	176.745
 14569	178.416
 14570	173.095
 14571	172.852
 14572	175.384
 14573	173.868
 14574	172.802
 14575	178.139
 14576	177.538
 14577	172.878
 14578	165.246
 14579	162.982
 14580	163.556
 14581	164.428
 14582	165.291
 14583	167.848
 14584	170.718
 14585	169.868
 14586	165.61
 14587	163.616
 14588	170.935
 14589	176.119
 14590	173.616
 14591	166.489
 14592	165.166
 14593	163.141
 14594	160.564
 14595	161.135
 14596	163.586
 14597	160.157
 14598	157.933
 14599	158.827
 14600	161.722
 14601	167.943
 14602	173.218
 14603	172.699
 14604	168.111
 14605	160.684
 14606	159.216
 14607	165.721
 14608	169.434
 14609	169.725
 14610	171.945
 14611	172.808
 14612	170.439
 14613	169.195
 14614	173.142
 14615	179.114
 14616	-174.918
 14617	-176.755
 14618	179.091
 14619	179.38
 14620	-177.706
 14621	179.2
 14622	178.098
 14623	179.071
 14624	175.201
 14625	171.078
 14626	172.663
 14627	176.949
 14628	-179.846
 14629	176.775
 14630	169.934
 14631	168.947
 14632	164.598
 14633	160.15
 14634	165.583
 14635	171.989
 14636	166.558
 14637	160.896
 14638	163.503
 14639	164.265
 14640	163.418
 14641	170.879
 14642	178.077
 14643	175.503
 14644	171.815
 14645	173.008
 14646	175.044
 14647	172.592
 14648	170.494
 14649	175.009
 14650	178.747
 14651	172.596
 14652	170.206
 14653	171.062
 14654	170.319
 14655	171.293
 14656	169.495
 14657	166.178
 14658	168.725
 14659	168.175
 14660	167.81
 14661	170.587
 14662	174.46
 14663	171.707
 14664	168.036
 14665	168.809
 14666	170.617
 14667	172.713
 14668	175.048
 14669	175.243
 14670	175.389
 14671	172.542
 14672	163.473
 14673	160.598
 14674	164.672
 14675	162.679
 14676	161.412
 14677	165.134
 14678	166.331
 14679	167.99
 14680	170.139
 14681	171.775
 14682	172.45
 14683	171.066
 14684	171.004
 14685	175.368
 14686	173.668
 14687	171.469
 14688	171.261
 14689	171.542
 14690	171.186
 14691	170.348
 14692	168.894
 14693	173.002
 14694	-179.647
 14695	-178.804
 14696	173.344
 14697	170.514
 14698	173.254
 14699	172.223
 14700	170.233
 14701	178.197
 14702	-174.726
 14703	-176.092
 14704	-177.858
 14705	-179.957
 14706	178.405
 14707	176.281
 14708	178.674
 14709	-178.351
 14710	175.28
 14711	166.849
 14712	167.245
 14713	162.927
 14714	156.907
 14715	158.916
 14716	165.364
 14717	168.241
 14718	171.134
 14719	170.162
 14720	168.459
 14721	167.412
 14722	166.149
 14723	162.147
 14724	161.283
 14725	167.408
 14726	169.532
 14727	168.352
 14728	173.192
 14729	177.052
 14730	176.29
 14731	173.562
 14732	174.356
 14733	178.957
 14734	176.61
 14735	171.286
 14736	172.121
 14737	169.476
 14738	162.443
 14739	161.966
 14740	163.452
 14741	161.367
 14742	161.23
 14743	165.72
 14744	167.048
 14745	160.232
 14746	155.782
 14747	161.55
 14748	161.768
 14749	154.8
 14750	154.088
 14751	161.997
 14752	161.054
 14753	151.003
 14754	152.9
 14755	157.096
 14756	152.521
 14757	151.988
 14758	155.971
 14759	156.193
 14760	155.97
 14761	154.214
 14762	150.686
 14763	147.356
 14764	145.472
 14765	146.817
 14766	146.906
 14767	146.145
 14768	150.561
 14769	150.662
 14770	146.995
 14771	148.77
 14772	154.672
 14773	154.204
 14774	148.447
 14775	149.841
 14776	151.228
 14777	148.359
 14778	152.095
 14779	153.453
 14780	149.787
 14781	150.414
 14782	155.535
 14783	155.934
 14784	154.456
 14785	157.966
 14786	161.254
 14787	159.164
 14788	151.249
 14789	150.766
 14790	155.741
 14791	153.121
 14792	151.354
 14793	155.031
 14794	157.845
 14795	156.917
 14796	158.474
 14797	161.562
 14798	161.583
 14799	160.803
 14800	162.517
 14801	164.2
 14802	163.506
 14803	164.026
 14804	162.782
 14805	163.161
 14806	164.084
 14807	164.049
 14808	162.773
 14809	160.624
 14810	163.405
 14811	167.86
 14812	166.097
 14813	163.44
 14814	164.673
 14815	162.256
 14816	159.776
 14817	161.553
 14818	165.028
 14819	160.637
 14820	156.578
 14821	162.624
 14822	164.236
 14823	155.667
 14824	153.724
 14825	157.128
 14826	155.932
 14827	148.497
 14828	148.244
 14829	149.719
 14830	145.343
 14831	145.235
 14832	154.132
 14833	157.111
 14834	154.531
 14835	153.677
 14836	158.326
 14837	157.998
 14838	155.563
 14839	154.332
 14840	157.946
 14841	158.847
 14842	157.386
 14843	153.29
 14844	150.593
 14845	153.606
 14846	157.048
 14847	153.068
 14848	151.491
 14849	157.52
 14850	161.23
 14851	161.627
 14852	164.773
 14853	166.06
 14854	160.89
 14855	159.42
 14856	160.676
 14857	157.379
 14858	154.303
 14859	155.166
 14860	155.564
 14861	154.232
 14862	152.85
 14863	157.456
 14864	158.643
 14865	154.89
 14866	153.787
 14867	155.932
 14868	154.428
 14869	154.583
 14870	159.313
 14871	161.92
 14872	160.85
 14873	159.258
 14874	157.497
 14875	157.191
 14876	155.825
 14877	151.65
 14878	147.176
 14879	145.458
 14880	144.589
 14881	143.068
 14882	144.988
 14883	148.058
 14884	148.081
 14885	146.107
 14886	145.444
 14887	145.292
 14888	147.225
 14889	144.925
 14890	144.314
 14891	148.474
 14892	149.604
 14893	145.593
 14894	143.093
 14895	142.073
 14896	140.764
 14897	137.019
 14898	136.92
 14899	139.641
 14900	141.993
 14901	145.001
 14902	144.998
 14903	141.066
 14904	141.132
 14905	142.217
 14906	146.703
 14907	146.167
 14908	146.109
 14909	148.402
 14910	150.065
 14911	146.903
 14912	144.305
 14913	144.117
 14914	140.972
 14915	136.717
 14916	132.963
 14917	131.29
 14918	127.596
 14919	124.307
 14920	125.986
 14921	127.591
 14922	127.516
 14923	130.373
 14924	139.465
 14925	140.31
 14926	138.047
 14927	139.873
 14928	147.407
 14929	149.366
 14930	150.715
 14931	153.807
 14932	153.639
 14933	149.181
 14934	148.367
 14935	150.801
 14936	150.798
 14937	147.945
 14938	151.513
 14939	151.85
 14940	146.976
 14941	142.268
 14942	146.146
 14943	145.2
 14944	142.367
 14945	144.091
 14946	146.68
 14947	147.18
 14948	151.936
 14949	155.842
 14950	157.172
 14951	158.551
 14952	163.245
 14953	161.507
 14954	157.576
 14955	162.287
 14956	167.818
 14957	161.926
 14958	154.701
 14959	158.309
 14960	160.537
 14961	153.824
 14962	151.74
 14963	159.497
 14964	160.473
 14965	156.6
 14966	160.582
 14967	165.195
 14968	162.351
 14969	159.545
 14970	158.191
 14971	158.128
 14972	152.965
 14973	147.979
 14974	147.416
 14975	150.084
 14976	149.676
 14977	146.122
 14978	145.876
 14979	149.153
 14980	148.212
 14981	146.683
 14982	150.15
 14983	151.218
 14984	144.009
 14985	138.377
 14986	138.581
 14987	133.68
 14988	129.469
 14989	132.166
 14990	136.885
 14991	133.711
 14992	129.937
 14993	130.283
 14994	133.026
 14995	131.127
 14996	129.816
 14997	132.61
 14998	136.143
 14999	130.704
 15000	129.618
 15001	133.635
 15002	137.584
 15003	134.452
 15004	137.653
 15005	142.781
 15006	145.908
 15007	144.922
 15008	152.048
 15009	161.09
 15010	161.48
 15011	157.969
 15012	161.978
 15013	161.481
 15014	157.682
 15015	161.575
 15016	167.175
 15017	165.165
 15018	165.518
 15019	166.637
 15020	162.795
 15021	159.892
 15022	164.917
 15023	170.304
 15024	168.98
 15025	167.463
 15026	170.005
 15027	164.636
 15028	156.469
 15029	153.957
 15030	156.611
 15031	149.415
 15032	145.371
 15033	148.209
 15034	149.596
 15035	140.385
 15036	143.839
 15037	153.745
 15038	154.046
 15039	152.776
 15040	157.649
 15041	159.016
 15042	155.475
 15043	153.9
 15044	159.372
 15045	161.574
 15046	153.767
 15047	154.542
 15048	162.142
 15049	158.754
 15050	151.963
 15051	155.409
 15052	158.062
 15053	155.735
 15054	152.33
 15055	155.444
 15056	155.463
 15057	149.544
 15058	137.672
 15059	134.859
 15060	134.076
 15061	129.503
 15062	126.808
 15063	132.18
 15064	130.523
 15065	128.132
 15066	127.938
 15067	132.202
 15068	135.444
 15069	138.084
 15070	137.987
 15071	144.468
 15072	142.647
 15073	139.704
 15074	139.299
 15075	141.82
 15076	138.599
 15077	133.36
 15078	130.859
 15079	132.045
 15080	129.885
 15081	132.94
 15082	137.467
 15083	140.953
 15084	141.876
 15085	140.113
 15086	142.423
 15087	150.199
 15088	149.563
 15089	148.169
 15090	152.267
 15091	153.261
 15092	151.451
 15093	151.527
 15094	156.734
 15095	162.699
 15096	160.882
 15097	158.13
 15098	159.667
 15099	160.601
 15100	161.432
 15101	161.501
 15102	160.071
 15103	157.039
 15104	154.007
 15105	156.725
 15106	154.145
 15107	147.507
 15108	151.332
 15109	151.957
 15110	147.476
 15111	148.905
 15112	148.699
 15113	147.838
 15114	149.338
 15115	148.727
 15116	147.666
 15117	146.325
 15118	151.352
 15119	159.647
 15120	158.376
 15121	155.797
 15122	160.568
 15123	158.386
 15124	153.623
 15125	158.041
 15126	163.146
 15127	161.456
 15128	157.664
 15129	157.939
 15130	155.774
 15131	150.925
 15132	156.427
 15133	161.968
 15134	160.083
 15135	161.486
 15136	162.135
 15137	160.479
 15138	158.915
 15139	158.047
 15140	159.652
 15141	155.907
 15142	149.146
 15143	150.629
 15144	154.133
 15145	149.623
 15146	148.857
 15147	153.388
 15148	159.665
 15149	159.525
 15150	161.719
 15151	169.578
 15152	175.224
 15153	171.535
 15154	169.712
 15155	176.277
 15156	179.351
 15157	173.534
 15158	170.949
 15159	175.824
 15160	173.776
 15161	167.387
 15162	168.737
 15163	168.792
 15164	166.175
 15165	159.964
 15166	153.405
 15167	154.463
 15168	155.936
 15169	152.31
 15170	155.219
 15171	157.187
 15172	154.949
 15173	153.446
 15174	155.215
 15175	163.608
 15176	165.988
 15177	161.102
 15178	160.845
 15179	165.22
 15180	164.977
 15181	160.045
 15182	158.563
 15183	159.96
 15184	156.811
 15185	154.25
 15186	157.173
 15187	154.16
 15188	153.915
 15189	157.199
 15190	152.093
 15191	148.677
 15192	153.295
 15193	158.289
 15194	158.541
 15195	157.441
 15196	159.086
 15197	158.517
 15198	153.957
 15199	157.801
 15200	165.316
 15201	161.23
 15202	157.86
 15203	162.413
 15204	163.922
 15205	160.941
 15206	162.473
 15207	167.971
 15208	166.322
 15209	166.849
 15210	174.432
 15211	175.271
 15212	172.298
 15213	170.367
 15214	166.477
 15215	163.153
 15216	160.08
 15217	160.903
 15218	162.559
 15219	160.279
 15220	154.797
 15221	154.358
 15222	153.085
 15223	152.089
 15224	152.8
 15225	152.695
 15226	155.131
 15227	156.956
 15228	154.359
 15229	153.229
 15230	157.962
 15231	160.241
 15232	155.208
 15233	154.356
 15234	160.692
 15235	165.382
 15236	163.013
 15237	159.765
 15238	161.483
 15239	164.169
 15240	159.556
 15241	155.786
 15242	160.011
 15243	160.945
 15244	156.103
 15245	154.681
 15246	155.899
 15247	160.407
 15248	161.991
 15249	157.474
 15250	155.625
 15251	156.55
 15252	155.321
 15253	153.53
 15254	155.119
 15255	159.647
 15256	163.176
 15257	159.945
 15258	158.321
 15259	160.882
 15260	163.041
 15261	163.511
 15262	167.856
 15263	172.562
 15264	171.552
 15265	164.927
 15266	165.423
 15267	166.438
 15268	164.626
 15269	165.983
 15270	168.914
 15271	166.064
 15272	163.709
 15273	163.207
 15274	160.795
 15275	158.052
 15276	159.756
 15277	162.964
 15278	161.638
 15279	161.729
 15280	164.488
 15281	157.916
 15282	149.611
 15283	153.686
 15284	156.771
 15285	152.182
 15286	147.35
 15287	154.238
 15288	154.996
 15289	150.514
 15290	153.012
 15291	160.706
 15292	156.959
 15293	155.53
 15294	163.149
 15295	170.106
 15296	169.199
 15297	168.756
 15298	169.546
 15299	164.36
 15300	157.088
 15301	156.424
 15302	158.503
 15303	160.622
 15304	167.005
 15305	169.222
 15306	163.954
 15307	159.208
 15308	161.215
 15309	165.247
 15310	165.575
 15311	163.001
 15312	162.403
 15313	157.804
 15314	152.907
 15315	149.263
 15316	146.003
 15317	148.401
 15318	152.319
 15319	149.65
 15320	146.449
 15321	148.717
 15322	152.704
 15323	153.589
 15324	152.214
 15325	152.266
 15326	153.494
 15327	153.821
 15328	152.686
 15329	153.421
 15330	158.698
 15331	162.396
 15332	157.009
 15333	155.406
 15334	160.975
 15335	165.284
 15336	162.936
 15337	161.952
 15338	170.643
 15339	172.033
 15340	162.229
 15341	158.368
 15342	164.978
 15343	167.652
 15344	163.326
 15345	160.564
 15346	162.91
 15347	162.222
 15348	160.916
 15349	164.176
 15350	167.369
 15351	163.366
 15352	161.305
 15353	164.34
 15354	163.478
 15355	159.071
 15356	160.123
 15357	167.784
 15358	167.827
 15359	164.056
 15360	165.027
 15361	168.339
 15362	168.168
 15363	165.951
 15364	163.199
 15365	162.782
 15366	164.566
 15367	165.231
 15368	162.523
 15369	163.275
 15370	167.83
 15371	171.868
 15372	170.264
 15373	166.802
 15374	168.252
 15375	169.132
 15376	168.767
 15377	168.389
 15378	168.85
 15379	169.578
 15380	167.321
 15381	163.852
 15382	164.427
 15383	165.801
 15384	164.221
 15385	164.354
 15386	169.573
 15387	172.567
 15388	166.26
 15389	164.27
 15390	168.002
 15391	168.453
 15392	167.187
 15393	172.55
 15394	175.568
 15395	173.876
 15396	173.833
 15397	177.313
 15398	175.303
 15399	173.683
 15400	176.212
 15401	178.851
 15402	173.018
 15403	174.421
 15404	179.32
 15405	177.918
 15406	174.86
 15407	176.018
 15408	174.903
 15409	169.508
 15410	171.967
 15411	176.972
 15412	175.329
 15413	174.703
 15414	-179.059
 15415	-179.049
 15416	178.638
 15417	177.813
 15418	177.541
 15419	173.606
 15420	171.712
 15421	166.789
 15422	165.242
 15423	165.345
 15424	166.331
 15425	163.634
 15426	158.883
 15427	161.88
 15428	168.462
 15429	167.503
 15430	165.944
 15431	169.045
 15432	169.847
 15433	166.314
 15434	162.713
 15435	162.828
 15436	160.97
 15437	161.173
 15438	164.621
 15439	162.474
 15440	160.416
 15441	163.585
 15442	163.468
 15443	161.422
 15444	163.114
 15445	168.112
 15446	167.886
 15447	162.594
 15448	160.073
 15449	161.943
 15450	159.074
 15451	153.574
 15452	152.507
 15453	152.025
 15454	151.722
 15455	148.99
 15456	146.387
 15457	144.326
 15458	147.736
 15459	151.815
 15460	149.767
 15461	146.594
 15462	149.916
 15463	154.255
 15464	151.627
 15465	153.792
 15466	158.951
 15467	164.733
 15468	165.965
 15469	164.883
 15470	165.497
 15471	168.706
 15472	171.333
 15473	171.053
 15474	167.956
 15475	166.912
 15476	167.943
 15477	167.843
 15478	167.564
 15479	171.43
 15480	175.104
 15481	174.181
 15482	168.454
 15483	168.135
 15484	171.075
 15485	168.425
 15486	160.817
 15487	157.06
 15488	160.624
 15489	157.323
 15490	149.878
 15491	150.939
 15492	157.322
 15493	159.331
 15494	159.587
 15495	161.511
 15496	165.622
 15497	167.934
 15498	166.872
 15499	163.148
 15500	162.832
 15501	164.048
 15502	163.296
 15503	162.77
 15504	165.23
 15505	167.088
 15506	167.531
 15507	164.751
 15508	163.386
 15509	161.9
 15510	160.834
 15511	160.458
 15512	161.682
 15513	159.239
 15514	157.307
 15515	160.456
 15516	161.179
 15517	158.067
 15518	167.295
 15519	175.514
 15520	171.816
 15521	168.668
 15522	171.913
 15523	172.053
 15524	166.28
 15525	165.128
 15526	170.764
 15527	171.434
 15528	168.636
 15529	170.23
 15530	171.228
 15531	174.051
 15532	178.568
 15533	178.35
 15534	176.835
 15535	179.091
 15536	177.272
 15537	168.226
 15538	161.887
 15539	167.185
 15540	165.347
 15541	158.984
 15542	165.791
 15543	171.015
 15544	163.726
 15545	158.805
 15546	160.162
 15547	161.394
 15548	159.198
 15549	159.244
 15550	158.886
 15551	156.077
 15552	155.834
 15553	158.099
 15554	156.594
 15555	159.184
 15556	162.456
 15557	162.515
 15558	163.386
 15559	170.152
 15560	174.66
 15561	173.638
 15562	174.86
 15563	-179.143
 15564	-178.442
 15565	177.155
 15566	177.658
 15567	-179.289
 15568	-179.483
 15569	175.895
 15570	173.712
 15571	177.962
 15572	-176.69
 15573	-176.343
 15574	179.112
 15575	177.26
 15576	-179.457
 15577	-177.641
 15578	176.986
 15579	172.661
 15580	174.657
 15581	179.027
 15582	173.963
 15583	169.949
 15584	174.549
 15585	179.707
 15586	174.984
 15587	172.907
 15588	173.028
 15589	169.277
 15590	163.144
 15591	164.038
 15592	161.763
 15593	155.14
 15594	156.12
 15595	162.093
 15596	160.553
 15597	157.647
 15598	164.308
 15599	169.75
 15600	166.162
 15601	160.781
 15602	164.861
 15603	163.678
 15604	154.65
 15605	154.341
 15606	162.443
 15607	161.503
 15608	154.527
 15609	154.499
 15610	158.231
 15611	156.169
 15612	157.633
 15613	165.51
 15614	172.015
 15615	171.996
 15616	172.927
 15617	175.003
 15618	178.13
 15619	178.415
 15620	179.274
 15621	178.21
 15622	178.639
 15623	177.977
 15624	173.758
 15625	168.915
 15626	168.946
 15627	170.099
 15628	167.099
 15629	166.3
 15630	169.784
 15631	173.187
 15632	173.339
 15633	168.886
 15634	166.408
 15635	167.141
 15636	161.241
 15637	158.468
 15638	163.373
 15639	165.54
 15640	162.323
 15641	161.176
 15642	159.664
 15643	157.88
 15644	154.847
 15645	153.201
 15646	154.34
 15647	153.577
 15648	153.627
 15649	157.728
 15650	157.69
 15651	154.825
 15652	154.344
 15653	157.941
 15654	158.669
 15655	158.562
 15656	160.759
 15657	159.353
 15658	154.539
 15659	157.555
 15660	161.019
 15661	162.184
 15662	163.072
 15663	164.096
 15664	165.933
 15665	167.646
 15666	166.269
 15667	165.072
 15668	163.064
 15669	163.179
 15670	160.591
 15671	159.164
 15672	161.444
 15673	165.742
 15674	166.801
 15675	162.988
 15676	160.042
 15677	161.861
 15678	168.895
 15679	175.816
 15680	179.163
 15681	178.926
 15682	176.505
 15683	172.266
 15684	169.905
 15685	170.268
 15686	172.857
 15687	171.876
 15688	173.299
 15689	173.811
 15690	167.379
 15691	162.368
 15692	164.162
 15693	161.372
 15694	155.469
 15695	155.566
 15696	159.23
 15697	158.455
 15698	158.847
 15699	164.135
 15700	165.749
 15701	159.324
 15702	160.363
 15703	162.832
 15704	163.508
 15705	164.418
 15706	171.52
 15707	172.692
 15708	161.921
 15709	153.089
 15710	158.046
 15711	158.252
 15712	153.429
 15713	158.269
 15714	164.801
 15715	162.792
 15716	156.723
 15717	152.458
 15718	153.605
 15719	157.284
 15720	159.218
 15721	162.739
 15722	167.404
 15723	167.211
 15724	164.321
 15725	164.382
 15726	163.874
 15727	166.14
 15728	166.245
 15729	163.169
 15730	161.11
 15731	159.947
 15732	160.038
 15733	159.875
 15734	161.017
 15735	157.126
 15736	154.05
 15737	151.915
 15738	153.596
 15739	155.696
 15740	158.51
 15741	160.341
 15742	162.446
 15743	157.226
 15744	156.198
 15745	162.959
 15746	168.772
 15747	168.217
 15748	167.328
 15749	165.376
 15750	163.35
 15751	162.041
 15752	167.322
 15753	173.678
 15754	175.519
 15755	172.26
 15756	167.419
 15757	163.5
 15758	163.699
 15759	167.301
 15760	168.622
 15761	167.833
 15762	163.357
 15763	159.263
 15764	158.29
 15765	161.416
 15766	164.705
 15767	166.899
 15768	173.826
 15769	177.891
 15770	169.691
 15771	166.082
 15772	174.542
 15773	179.509
 15774	173.199
 15775	171.555
 15776	176.362
 15777	175.456
 15778	165.412
 15779	164.073
 15780	169.564
 15781	170.969
 15782	169.048
 15783	168.071
 15784	167.185
 15785	167.054
 15786	165.549
 15787	165.953
 15788	166.285
 15789	166.315
 15790	164.316
 15791	161.428
 15792	162.686
 15793	164.561
 15794	161.999
 15795	155.952
 15796	151.202
 15797	147.956
 15798	148.963
 15799	149.135
 15800	149.998
 15801	152.979
 15802	153.488
 15803	150.45
 15804	149.181
 15805	155.605
 15806	164.194
 15807	167.458
 15808	165.28
 15809	160.78
 15810	161.464
 15811	163.308
 15812	162.87
 15813	159.683
 15814	163.23
 15815	167.337
 15816	162.07
 15817	153.599
 15818	153.723
 15819	162.527
 15820	159.523
 15821	158.455
 15822	168.425
 15823	173.993
 15824	170.169
 15825	165.46
 15826	163.855
 15827	163.352
 15828	161.799
 15829	165.522
 15830	166.065
 15831	164.231
 15832	167.16
 15833	166.886
 15834	159.41
 15835	156.975
 15836	162.647
 15837	168.605
 15838	165.551
 15839	164.212
 15840	163.661
 15841	160.597
 15842	158.517
 15843	164.05
 15844	162.994
 15845	164.519
 15846	169.733
 15847	169.453
 15848	168.174
 15849	175.178
 15850	175.488
 15851	169.02
 15852	164.019
 15853	167.925
 15854	168.452
 15855	162.266
 15856	161.953
 15857	166.788
 15858	165.408
 15859	158.819
 15860	158.17
 15861	167.13
 15862	171.368
 15863	168.714
 15864	173.032
 15865	176.103
 15866	173.705
 15867	172.059
 15868	175.351
 15869	179.786
 15870	-176.605
 15871	-179.195
 15872	173.436
 15873	166.149
 15874	166.825
 15875	168.495
 15876	162.82
 15877	161.137
 15878	165.137
 15879	162.263
 15880	158.231
 15881	160.259
 15882	167.318
 15883	169.055
 15884	166.522
 15885	167.167
 15886	166.582
 15887	161.289
 15888	161.389
 15889	163.774
 15890	163.546
 15891	161.778
 15892	161.67
 15893	163.135
 15894	162.584
 15895	163.681
 15896	165.961
 15897	162.833
 15898	155.55
 15899	148.899
 15900	143.719
 15901	148.764
 15902	156.223
 15903	157.204
 15904	157.968
 15905	158.081
 15906	152.205
 15907	150.124
 15908	155.183
 15909	165.632
 15910	167.452
 15911	160.976
 15912	158.628
 15913	155.645
 15914	152.686
 15915	155.281
 15916	161.066
 15917	165.082
 15918	159.209
 15919	155.348
 15920	155.787
 15921	154.268
 15922	155.958
 15923	158.196
 15924	157.7
 15925	155.742
 15926	153.485
 15927	152.788
 15928	155.434
 15929	156.486
 15930	159.855
 15931	159.708
 15932	157.542
 15933	160.147
 15934	162.331
 15935	160.112
 15936	161.862
 15937	164.368
 15938	164.377
 15939	164.926
 15940	168.445
 15941	170.794
 15942	166.198
 15943	165.662
 15944	170.013
 15945	163.808
 15946	159.679
 15947	164.406
 15948	167.808
 15949	164.879
 15950	160.15
 15951	161.097
 15952	161.599
 15953	155.689
 15954	159.203
 15955	162.35
 15956	159.236
 15957	155.414
 15958	156.468
 15959	156.687
 15960	154.358
 15961	151.156
 15962	152.978
 15963	154.98
 15964	156.617
 15965	161.023
 15966	163.808
 15967	166.148
 15968	167.943
 15969	163.742
 15970	161.991
 15971	162.871
 15972	157.154
 15973	158.683
 15974	163.379
 15975	163.94
 15976	159.025
 15977	157.584
 15978	164.406
 15979	167.519
 15980	164.178
 15981	165.982
 15982	169.468
 15983	170.202
 15984	167.069
 15985	164.291
 15986	161.584
 15987	163.167
 15988	163.39
 15989	163.431
 15990	159.399
 15991	161.007
 15992	161.651
 15993	158.339
 15994	153.314
 15995	154.239
 15996	153.147
 15997	158.876
 15998	160.366
 15999	157.638
 16000	162.104
 16001	163.661
 16002	159.457
 16003	161.388
 16004	166.801
 16005	168.097
 16006	164.001
 16007	165.971
 16008	165.622
 16009	161.261
 16010	161.536
 16011	159.903
 16012	158.253
 16013	160.346
 16014	163.424
 16015	164.157
 16016	159.39
 16017	157.892
 16018	164.082
 16019	160.171
 16020	155.915
 16021	163.901
 16022	166.297
 16023	159.575
 16024	160.417
 16025	160.745
 16026	158.224
 16027	157.388
 16028	158.769
 16029	156.823
 16030	155.001
 16031	159.98
 16032	165.411
 16033	158.116
 16034	154.725
 16035	156.237
 16036	157.837
 16037	156.077
 16038	160.443
 16039	163.781
 16040	161.997
 16041	158.428
 16042	164.488
 16043	161.356
 16044	158.281
 16045	161.573
 16046	166.828
 16047	162.132
 16048	159.229
 16049	158.607
 16050	156.104
 16051	151.045
 16052	155.175
 16053	161.015
 16054	156.467
 16055	153.907
 16056	157.654
 16057	157.091
 16058	154.898
 16059	157.151
 16060	158.485
 16061	157.676
 16062	156.132
 16063	158.831
 16064	162.685
 16065	163.942
 16066	164.421
 16067	161.927
 16068	158.293
 16069	159.116
 16070	161.324
 16071	159.795
 16072	159.127
 16073	160.263
 16074	159.744
 16075	157.276
 16076	159.718
 16077	164.157
 16078	168.105
 16079	170.872
 16080	171.868
 16081	169.843
 16082	168.936
 16083	168.458
 16084	164.558
 16085	161.285
 16086	158.125
 16087	157.165
 16088	156.329
 16089	154.219
 16090	160.198
 16091	162.099
 16092	158.192
 16093	158.577
 16094	158.754
 16095	154.228
 16096	151.689
 16097	152.667
 16098	154.899
 16099	155.873
 16100	154.761
 16101	152.52
 16102	150.254
 16103	151.122
 16104	155.921
 16105	160.302
 16106	162.377
 16107	166.296
 16108	164.819
 16109	163.097
 16110	163.533
 16111	169.612
 16112	170.297
 16113	162.74
 16114	160.11
 16115	165.39
 16116	162.145
 16117	153.943
 16118	156.068
 16119	162.885
 16120	162.59
 16121	155.791
 16122	153.518
 16123	157.876
 16124	160.929
 16125	158.861
 16126	159.832
 16127	165.467
 16128	168.463
 16129	161.988
 16130	153.347
 16131	154.07
 16132	162.213
 16133	164.714
 16134	158.911
 16135	161.405
 16136	169.212
 16137	169.736
 16138	166.38
 16139	172.262
 16140	-179.87
 16141	179.832
 16142	173.071
 16143	173.135
 16144	178.768
 16145	-177.742
 16146	-179.138
 16147	172.913
 16148	169.239
 16149	175.826
 16150	175.089
 16151	165.189
 16152	167.331
 16153	174.614
 16154	167.576
 16155	153.61
 16156	154.558
 16157	157.952
 16158	158.981
 16159	161.217
 16160	168.922
 16161	170.804
 16162	170.799
 16163	170.473
 16164	166.963
 16165	162.891
 16166	165.477
 16167	169.168
 16168	164.298
 16169	155.642
 16170	156.739
 16171	158.415
 16172	154.635
 16173	154.912
 16174	157.778
 16175	153.979
 16176	150.801
 16177	157.427
 16178	161.296
 16179	153.659
 16180	154.056
 16181	155.675
 16182	148.415
 16183	148.387
 16184	157.781
 16185	166.283
 16186	164.674
 16187	160.353
 16188	164.212
 16189	166.965
 16190	165.856
 16191	166.636
 16192	169.312
 16193	172.298
 16194	169.353
 16195	164.217
 16196	166.822
 16197	169.706
 16198	169.368
 16199	167.817
 16200	166.764
 16201	170.553
 16202	171.775
 16203	169.926
 16204	176.737
 16205	-177.97
 16206	174.303
 16207	162.106
 16208	154.224
 16209	152.647
 16210	150.355
 16211	146.434
 16212	151.207
 16213	147.4
 16214	137.224
 16215	141.59
 16216	147.835
 16217	151.373
 16218	153.225
 16219	150.827
 16220	150.273
 16221	147.973
 16222	147.247
 16223	152.561
 16224	153.483
 16225	146.917
 16226	145.102
 16227	146.35
 16228	150.435
 16229	148.336
 16230	150.018
 16231	153.738
 16232	149.506
 16233	143.271
 16234	145.112
 16235	143.309
 16236	139.491
 16237	142.881
 16238	147.35
 16239	147.613
 16240	144.561
 16241	146.001
 16242	150.198
 16243	148.016
 16244	147.201
 16245	151.317
 16246	151.688
 16247	150.668
 16248	153.461
 16249	153.024
 16250	151.35
 16251	151.975
 16252	149.786
 16253	141.605
 16254	140.38
 16255	146.586
 16256	146.332
 16257	142.428
 16258	146.645
 16259	147.018
 16260	142.613
 16261	145.006
 16262	152.74
 16263	156.02
 16264	155.865
 16265	158.005
 16266	161.461
 16267	159.313
 16268	155.562
 16269	155.437
 16270	153.754
 16271	147.242
 16272	143.691
 16273	143.945
 16274	140.727
 16275	144.873
 16276	152.386
 16277	156.709
 16278	154.339
 16279	152.103
 16280	154.104
 16281	154.59
 16282	154.952
 16283	163.955
 16284	172.194
 16285	169.95
 16286	162.953
 16287	159.205
 16288	161.437
 16289	167.874
 16290	175.173
 16291	176.415
 16292	172.038
 16293	165.881
 16294	161.458
 16295	162.96
 16296	169.293
 16297	169.394
 16298	165.603
 16299	161.055
 16300	159.617
 16301	158.724
 16302	158.861
 16303	157.377
 16304	154.426
 16305	150.28
 16306	147.612
 16307	150.732
 16308	155.942
 16309	157.773
 16310	161.671
 16311	160.841
 16312	158.103
 16313	160.367
 16314	164.541
 16315	164.728
 16316	169.054
 16317	175.019
 16318	169.838
 16319	165.326
 16320	167.381
 16321	165.187
 16322	161.593
 16323	163.637
 16324	167.545
 16325	161.886
 16326	155.184
 16327	155.99
 16328	159.839
 16329	158.366
 16330	151.953
 16331	149.365
 16332	149.331
 16333	145.962
 16334	149.142
 16335	155.618
 16336	157.652
 16337	162.236
 16338	165.679
 16339	162.612
 16340	162.426
 16341	169.781
 16342	170.294
 16343	166.505
 16344	162.907
 16345	167.611
 16346	168.238
 16347	158.849
 16348	153.419
 16349	160.691
 16350	163.918
 16351	157.955
 16352	154.464
 16353	162.031
 16354	162.769
 16355	154.12
 16356	153.592
 16357	159.532
 16358	158.752
 16359	158.773
 16360	161.532
 16361	167.755
 16362	169.138
 16363	171.148
 16364	173.307
 16365	173.463
 16366	172.693
 16367	175.718
 16368	178.417
 16369	177.551
 16370	173.136
 16371	167.654
 16372	166.774
 16373	163.275
 16374	159.012
 16375	157.971
 16376	156.158
 16377	155.338
 16378	160.067
 16379	162.936
 16380	166.467
 16381	167.097
 16382	167.584
 16383	170.922
 16384	173.883
 16385	172.339
 16386	170.203
 16387	171.9
 16388	171.853
 16389	164.85
 16390	165.205
 16391	170.51
 16392	166.812
 16393	160.265
 16394	161.943
 16395	164.605
 16396	165.685
 16397	166.793
 16398	164.499
 16399	165.95
 16400	170.891
 16401	168.656
 16402	168.82
 16403	172.928
 16404	175.484
 16405	173.883
 16406	169.055
 16407	162.932
 16408	158.58
 16409	159.243
 16410	160.941
 16411	159.072
 16412	159.308
 16413	161.327
 16414	162.376
 16415	160.347
 16416	155.201
 16417	155.975
 16418	162.338
 16419	161.838
 16420	159.962
 16421	169.134
 16422	172.411
 16423	168.498
 16424	168.538
 16425	172.837
 16426	173.402
 16427	175.195
 16428	176.667
 16429	177.559
 16430	170.78
 16431	165.946
 16432	165.98
 16433	165.862
 16434	164.712
 16435	165.496
 16436	164.816
 16437	162.539
 16438	161.219
 16439	165.376
 16440	165.97
 16441	161.382
 16442	156.335
 16443	154.992
 16444	160.523
 16445	164.995
 16446	164.613
 16447	166.174
 16448	168.144
 16449	165.865
 16450	163.573
 16451	168.926
 16452	173.985
 16453	178.911
 16454	-178.272
 16455	176.544
 16456	168.699
 16457	167.542
 16458	174.277
 16459	170.963
 16460	168.252
 16461	171.704
 16462	171.379
 16463	167.57
 16464	167.088
 16465	168.367
 16466	172.473
 16467	175.59
 16468	174.918
 16469	172.812
 16470	175.776
 16471	-177.566
 16472	-176.006
 16473	-178.724
 16474	-179.693
 16475	177.946
 16476	173.951
 16477	172.702
 16478	173.946
 16479	173.471
 16480	170.714
 16481	166.206
 16482	161.407
 16483	157.708
 16484	161.361
 16485	168.901
 16486	167.413
 16487	167.466
 16488	167.73
 16489	168.994
 16490	168.385
 16491	166.496
 16492	167.258
 16493	171.983
 16494	169.767
 16495	166.15
 16496	163.223
 16497	161.066
 16498	164.374
 16499	168.362
 16500	166.863
 16501	169.063
 16502	173.301
 16503	167.811
 16504	157.993
 16505	157.914
 16506	164.381
 16507	167.43
 16508	163.76
 16509	160.514
 16510	159.308
 16511	162.616
 16512	165.536
 16513	168.566
 16514	169.791
 16515	164.724
 16516	163.343
 16517	165.224
 16518	162.372
 16519	166.974
 16520	172.823
 16521	171.236
 16522	165.221
 16523	159.527
 16524	156.413
 16525	159.199
 16526	164.983
 16527	168.747
 16528	166.464
 16529	158.234
 16530	155.969
 16531	160.351
 16532	158.472
 16533	155.253
 16534	164.05
 16535	165.954
 16536	158.801
 16537	156.969
 16538	164.984
 16539	162.926
 16540	157.184
 16541	157.967
 16542	154.851
 16543	149.868
 16544	150.677
 16545	155.687
 16546	159.267
 16547	157.025
 16548	155.852
 16549	158.346
 16550	156.539
 16551	152.922
 16552	155.494
 16553	158.035
 16554	157.822
 16555	156.64
 16556	156.483
 16557	153.114
 16558	152.803
 16559	153.08
 16560	154.182
 16561	160.835
 16562	164.545
 16563	156.135
 16564	151.898
 16565	159.25
 16566	164.428
 16567	164.307
 16568	162.613
 16569	157.686
 16570	158.859
 16571	156.995
 16572	155.035
 16573	160.564
 16574	163.013
 16575	164.61
 16576	160.298
 16577	151.266
 16578	147.252
 16579	153.376
 16580	157.86
 16581	154.378
 16582	153.113
 16583	161.604
 16584	162.829
 16585	156.281
 16586	154.702
 16587	161.582
 16588	164.892
 16589	163.506
 16590	162.168
 16591	166.981
 16592	164.278
 16593	153.288
 16594	151.853
 16595	151.602
 16596	144.216
 16597	144.91
 16598	152.14
 16599	154.904
 16600	151.731
 16601	150.299
 16602	153.409
 16603	149.785
 16604	145.392
 16605	149.949
 16606	154.216
 16607	152.738
 16608	154.222
 16609	154.322
 16610	151.346
 16611	148.951
 16612	147.981
 16613	145.675
 16614	144.816
 16615	150.515
 16616	151.979
 16617	148.607
 16618	155.779
 16619	156.209
 16620	151.376
 16621	152.468
 16622	157.526
 16623	156.621
 16624	157.07
 16625	160.247
 16626	166.363
 16627	163.977
 16628	161.94
 16629	165.13
 16630	165.136
 16631	159.472
 16632	161.925
 16633	164.313
 16634	158.841
 16635	154.012
 16636	160.172
 16637	160.389
 16638	156.25
 16639	157.862
 16640	160.271
 16641	155.939
 16642	154.301
 16643	157.409
 16644	160.342
 16645	157.812
 16646	155.535
 16647	156.96
 16648	155.435
 16649	149.42
 16650	155.819
 16651	160.814
 16652	157.507
 16653	160.195
 16654	165.312
 16655	162.06
 16656	161.477
 16657	167.858
 16658	171.259
 16659	170.159
 16660	170.259
 16661	169.972
 16662	169.06
 16663	165.937
 16664	165.647
 16665	167.365
 16666	165.776
 16667	161.626
 16668	161.5
 16669	162.035
 16670	156.826
 16671	158.415
 16672	162.108
 16673	155.529
 16674	153.556
 16675	160.387
 16676	163.062
 16677	162.55
 16678	165.642
 16679	168.986
 16680	167.467
 16681	164.23
 16682	164.636
 16683	168.309
 16684	169.684
 16685	170.125
 16686	169.49
 16687	167.699
 16688	166.641
 16689	167.604
 16690	169.771
 16691	170.236
 16692	170.299
 16693	166.352
 16694	160.353
 16695	156.388
 16696	158.456
 16697	160.686
 16698	166.925
 16699	166.022
 16700	158.363
 16701	160.662
 16702	164.192
 16703	159.949
 16704	159.308
 16705	161.217
 16706	162.83
 16707	163.186
 16708	160.063
 16709	157.309
 16710	161.331
 16711	165.897
 16712	165.078
 16713	164.551
 16714	164.744
 16715	161.864
 16716	159.975
 16717	164.676
 16718	166.128
 16719	162.533
 16720	161.548
 16721	162.83
 16722	161.009
 16723	157.888
 16724	161.205
 16725	166.127
 16726	160.391
 16727	156.156
 16728	161.308
 16729	158.169
 16730	151.78
 16731	155.123
 16732	155.778
 16733	148.927
 16734	150.139
 16735	154.063
 16736	154.181
 16737	154.078
 16738	154.824
 16739	155.475
 16740	152.852
 16741	154.097
 16742	155.517
 16743	152.212
 16744	149.506
 16745	153.851
 16746	156.943
 16747	150.81
 16748	149.265
 16749	158.171
 16750	159.515
 16751	156.005
 16752	162.55
 16753	165.312
 16754	156.289
 16755	153.65
 16756	159.707
 16757	163.823
 16758	161.761
 16759	160.879
 16760	163.239
 16761	162.906
 16762	160.029
 16763	159.911
 16764	162.132
 16765	162.041
 16766	158.908
 16767	159.225
 16768	158.862
 16769	159.797
 16770	162.115
 16771	163.124
 16772	162.369
 16773	164.314
 16774	164.8
 16775	162.087
 16776	158.421
 16777	156.93
 16778	157.853
 16779	161.468
 16780	158.209
 16781	157.534
 16782	156.511
 16783	152.844
 16784	151.054
 16785	157.451
 16786	160.682
 16787	162.916
 16788	164.229
 16789	165.47
 16790	164.008
 16791	165.072
 16792	164.989
 16793	165.239
 16794	163.987
 16795	164.423
 16796	160.267
 16797	155.89
 16798	156.142
 16799	156.198
 16800	154.21
 16801	154.001
 16802	155.166
 16803	153.577
 16804	152.873
 16805	154.614
 16806	154.319
 16807	151.812
 16808	155.559
 16809	159.309
 16810	158.33
 16811	160.059
 16812	164.65
 16813	159.339
 16814	155.874
 16815	156.651
 16816	160.185
 16817	162.801
 16818	166.759
 16819	169.973
 16820	165.693
 16821	159.811
 16822	163.905
 16823	164.885
 16824	165.562
 16825	167.828
 16826	169.873
 16827	166.752
 16828	162.034
 16829	156.122
 16830	154.977
 16831	155.147
 16832	155.136
 16833	153.134
 16834	150.701
 16835	151.913
 16836	151.533
 16837	150.479
 16838	151.038
 16839	151.517
 16840	152.534
 16841	150.752
 16842	147.72
 16843	149.008
 16844	152.41
 16845	151.37
 16846	148.583
 16847	149.832
 16848	153.026
 16849	151.953
 16850	154.433
 16851	159.887
 16852	164.153
 16853	161.423
 16854	159.461
 16855	158.391
 16856	160.729
 16857	162.495
 16858	160.103
 16859	153.304
 16860	150.856
 16861	151.09
 16862	146.919
 16863	144.242
 16864	149.141
 16865	153.68
 16866	148.988
 16867	141.696
 16868	143.004
 16869	148.933
 16870	151.713
 16871	150.956
 16872	151.841
 16873	150.077
 16874	149.372
 16875	148.711
 16876	145.72
 16877	152.127
 16878	159.99
 16879	156.696
 16880	150.381
 16881	152.602
 16882	156.46
 16883	153.883
 16884	156.325
 16885	162.44
 16886	160.778
 16887	155.879
 16888	159.147
 16889	162.181
 16890	161.258
 16891	160.882
 16892	158.171
 16893	154.363
 16894	152.854
 16895	151.65
 16896	146.711
 16897	147.956
 16898	151.092
 16899	149.942
 16900	146.996
 16901	154.728
 16902	161.297
 16903	161.41
 16904	164.186
 16905	167.927
 16906	162.332
 16907	161.698
 16908	166.156
 16909	168.533
 16910	167.195
 16911	168.335
 16912	166.807
 16913	159.2
 16914	155.351
 16915	162.358
 16916	161.745
 16917	160.02
 16918	162.467
 16919	159.922
 16920	150
 16921	148.549
 16922	155.571
 16923	155.921
 16924	154.518
 16925	160.253
 16926	160.95
 16927	154.911
 16928	152.593
 16929	152.363
 16930	151.904
 16931	154.076
 16932	154.745
 16933	152.083
 16934	151.177
 16935	151.014
 16936	151.193
 16937	148.623
 16938	146.163
 16939	148.006
 16940	151.29
 16941	152.167
 16942	155.395
 16943	160.177
 16944	160.593
 16945	155.947
 16946	154.05
 16947	154.093
 16948	157.689
 16949	161.191
 16950	163.997
 16951	164.088
 16952	161.187
 16953	157.425
 16954	154.262
 16955	151.844
 16956	152.812
 16957	155.43
 16958	153.513
 16959	148.881
 16960	146.78
 16961	146.001
 16962	142.997
 16963	144.553
 16964	147.995
 16965	147.718
 16966	145.849
 16967	149.835
 16968	155.525
 16969	157.817
 16970	161.934
 16971	166.915
 16972	163.099
 16973	159.33
 16974	159.499
 16975	165.407
 16976	164.495
 16977	160.358
 16978	159.623
 16979	158.645
 16980	156.613
 16981	156.812
 16982	155.207
 16983	158.145
 16984	166.342
 16985	170.214
 16986	167.442
 16987	168.243
 16988	170.448
 16989	172.402
 16990	166.009
 16991	164.261
 16992	169.925
 16993	172.669
 16994	168.25
 16995	163.836
 16996	161.55
 16997	159.452
 16998	154.2
 16999	152.487
 17000	149.699
 17001	149.46
 17002	154.918
 17003	158.689
 17004	155.451
 17005	154.768
 17006	155.373
 17007	157.585
 17008	159.846
 17009	161.641
 17010	167.697
 17011	169.738
 17012	160.288
 17013	151.287
 17014	149.663
 17015	148.611
 17016	149.752
 17017	154.173
 17018	159.971
 17019	160.33
 17020	156.581
 17021	155.164
 17022	158.875
 17023	163.925
 17024	166.085
 17025	164.954
 17026	164.767
 17027	160.655
 17028	154.46
 17029	153.095
 17030	154.586
 17031	151.771
 17032	148.934
 17033	147.742
 17034	145.852
 17035	147.186
 17036	145.791
 17037	143.612
 17038	144.481
 17039	140.118
 17040	134.527
 17041	136.675
 17042	137.487
 17043	141.685
 17044	145.681
 17045	143.22
 17046	139.097
 17047	140.256
 17048	143.974
 17049	144.85
 17050	144.747
 17051	147.095
 17052	150.852
 17053	148.796
 17054	142.396
 17055	141.595
 17056	146.846
 17057	147.625
 17058	142.343
 17059	147.954
 17060	153.691
 17061	154.056
 17062	152.83
 17063	148.137
 17064	146.387
 17065	149.38
 17066	145.408
 17067	143.197
 17068	149.404
 17069	153.273
 17070	154.029
 17071	155.471
 17072	157.587
 17073	160.255
 17074	159.009
 17075	155.17
 17076	160.815
 17077	165.245
 17078	163.019
 17079	157.746
 17080	158.66
 17081	157.174
 17082	155.498
 17083	154.639
 17084	153.302
 17085	151.23
 17086	154.379
 17087	152.531
 17088	149.311
 17089	152.637
 17090	156.107
 17091	154.424
 17092	150.561
 17093	152.905
 17094	158.791
 17095	158.171
 17096	154.311
 17097	156.259
 17098	157.77
 17099	154.092
 17100	154.276
 17101	155.121
 17102	152.289
 17103	153.453
 17104	154.89
 17105	151.283
 17106	152.906
 17107	157.656
 17108	154.062
 17109	147.828
 17110	151.735
 17111	155.463
 17112	156.66
 17113	154.146
 17114	152.858
 17115	151.452
 17116	148.897
 17117	142.746
 17118	140.206
 17119	140.507
 17120	142.156
 17121	142.715
 17122	141.374
 17123	140.03
 17124	141.237
 17125	141.602
 17126	140.454
 17127	139.641
 17128	142.16
 17129	144.351
 17130	150.459
 17131	153.308
 17132	149.672
 17133	146.734
 17134	146.77
 17135	144.727
 17136	145.885
 17137	149.841
 17138	150.801
 17139	153.435
 17140	154.305
 17141	150.378
 17142	149.002
 17143	150.728
 17144	152.04
 17145	150.245
 17146	148.631
 17147	149.945
 17148	152.338
 17149	151.772
 17150	150.142
 17151	149.722
 17152	150.625
 17153	152.902
 17154	156.493
 17155	157.65
 17156	158.219
 17157	161.283
 17158	160.179
 17159	151.852
 17160	148.619
 17161	153.521
 17162	156.458
 17163	155.6
 17164	153.174
 17165	154.305
 17166	157.745
 17167	156.045
 17168	154.059
 17169	159.454
 17170	165.227
 17171	164.508
 17172	163.014
 17173	161.134
 17174	156.41
 17175	152.939
 17176	152.735
 17177	151.604
 17178	155.721
 17179	160.691
 17180	160.126
 17181	158.508
 17182	160.998
 17183	163.126
 17184	162.347
 17185	157.173
 17186	154.869
 17187	158.572
 17188	157.503
 17189	156.942
 17190	163.145
 17191	168.488
 17192	167.941
 17193	167.457
 17194	165.453
 17195	163.578
 17196	161.831
 17197	164.95
 17198	163.553
 17199	161.02
 17200	159.051
 17201	155.317
 17202	150.735
 17203	151.251
 17204	152.928
 17205	156.637
 17206	160.39
 17207	165.371
 17208	165.603
 17209	160.644
 17210	157.294
 17211	159.028
 17212	162.566
 17213	164.679
 17214	166.771
 17215	164.636
 17216	161.804
 17217	161.092
 17218	158.809
 17219	152.526
 17220	153.9
 17221	162.288
 17222	164.059
 17223	156.168
 17224	157.435
 17225	165.328
 17226	164.752
 17227	154.514
 17228	153.745
 17229	160.813
 17230	157.89
 17231	149.679
 17232	148.635
 17233	149.646
 17234	145.025
 17235	141.794
 17236	141.146
 17237	137.092
 17238	139.187
 17239	144.183
 17240	141.87
 17241	138.886
 17242	142.165
 17243	147.743
 17244	148.434
 17245	150.679
 17246	157.129
 17247	161.181
 17248	156.691
 17249	154.691
 17250	159.055
 17251	160.936
 17252	158.872
 17253	158.29
 17254	157.768
 17255	156.627
 17256	158.802
 17257	157.731
 17258	154.33
 17259	154.65
 17260	155.406
 17261	152.54
 17262	150.689
 17263	151.025
 17264	153.399
 17265	155.906
 17266	152.079
 17267	151.271
 17268	151.239
 17269	153.667
 17270	156.017
 17271	157.053
 17272	153.605
 17273	150.646
 17274	153.166
 17275	155.498
 17276	152.086
 17277	155.327
 17278	161.337
 17279	164.199
 17280	156.163
 17281	150.707
 17282	148.938
 17283	154.156
 17284	155.991
 17285	151.624
 17286	146.7
 17287	148.501
 17288	147.84
 17289	138.542
 17290	131.749
 17291	140.919
 17292	145.22
 17293	134.413
 17294	132.211
 17295	134.216
 17296	132.172
 17297	128.258
 17298	130.226
 17299	133.945
 17300	132.588
 17301	128.795
 17302	130.139
 17303	133.424
 17304	135.794
 17305	138.54
 17306	138.306
 17307	134.72
 17308	134.14
 17309	132.791
 17310	132.16
 17311	129.567
 17312	136.67
 17313	140.668
 17314	132.08
 17315	125.265
 17316	127.825
 17317	129.064
 17318	126.956
 17319	121.094
 17320	121.599
 17321	121.824
 17322	114.391
 17323	110.656
 17324	117.091
 17325	115.356
 17326	116.098
 17327	119.345
 17328	115.157
 17329	111.665
 17330	116.702
 17331	117.727
 17332	118.187
 17333	123.269
 17334	125.83
 17335	123.423
 17336	119.959
 17337	121.973
 17338	127.697
 17339	128.534
 17340	131.865
 17341	138.618
 17342	138.827
 17343	131.205
 17344	129.43
 17345	135.44
 17346	134.974
 17347	133.148
 17348	132.275
 17349	132.055
 17350	130.925
 17351	135.165
 17352	138.68
 17353	140.392
 17354	137.234
 17355	133.822
 17356	130.017
 17357	130.406
 17358	133.345
 17359	141.197
 17360	142.906
 17361	136.385
 17362	133.275
 17363	138.897
 17364	134.651
 17365	132.051
 17366	135.013
 17367	138.168
 17368	135.562
 17369	132.329
 17370	135.509
 17371	138.936
 17372	133.176
 17373	127.953
 17374	128.047
 17375	124.725
 17376	125.982
 17377	129.01
 17378	126.592
 17379	124.22
 17380	130.309
 17381	132.476
 17382	128.252
 17383	134.835
 17384	139.64
 17385	136.379
 17386	137.821
 17387	143.612
 17388	145.272
 17389	140.892
 17390	144.302
 17391	146.87
 17392	144.561
 17393	137.743
 17394	139.869
 17395	144.58
 17396	141.674
 17397	136.183
 17398	136.054
 17399	138.847
 17400	137.707
 17401	133.983
 17402	129.652
 17403	128.991
 17404	130.439
 17405	127.896
 17406	129.665
 17407	131.718
 17408	135.897
 17409	137.365
 17410	137.69
 17411	134.501
 17412	135.494
 17413	138.665
 17414	136.747
 17415	132.648
 17416	137.919
 17417	140.516
 17418	138.249
 17419	134.903
 17420	132.889
 17421	135.182
 17422	137.629
 17423	132.677
 17424	133.812
 17425	135.286
 17426	135.804
 17427	132.687
 17428	131.796
 17429	132.279
 17430	133.567
 17431	133.975
 17432	136.323
 17433	135.209
 17434	135.093
 17435	139.856
 17436	140.244
 17437	140.865
 17438	143.18
 17439	143.807
 17440	139.695
 17441	136.405
 17442	139.42
 17443	140.7
 17444	136.055
 17445	135.557
 17446	134.721
 17447	132.88
 17448	133.565
 17449	130.888
 17450	128.634
 17451	132.321
 17452	131.766
 17453	129.966
 17454	129.442
 17455	131.626
 17456	132.536
 17457	130.439
 17458	131.907
 17459	137.675
 17460	138.592
 17461	136.534
 17462	138.371
 17463	144.201
 17464	146.326
 17465	144.281
 17466	146.716
 17467	151.478
 17468	149.676
 17469	148.559
 17470	146.744
 17471	148.835
 17472	150.199
 17473	150.831
 17474	147.568
 17475	145.794
 17476	138.904
 17477	135.56
 17478	132.383
 17479	134.132
 17480	136.072
 17481	135.24
 17482	132.163
 17483	133.622
 17484	133.146
 17485	135.816
 17486	135.023
 17487	135.761
 17488	136.558
 17489	140.319
 17490	144.265
 17491	143.561
 17492	143.064
 17493	145.835
 17494	140.097
 17495	135.779
 17496	137.657
 17497	138.003
 17498	136.897
 17499	135.775
 17500	136.875
 17501	136.868
 17502	133.384
 17503	133.302
 17504	133.048
 17505	133.505
 17506	133.928
 17507	138.657
 17508	139.68
 17509	142.576
 17510	141.486
 17511	142.024
 17512	140.905
 17513	141.034
 17514	144.505
 17515	150.992
 17516	152.963
 17517	150.883
 17518	148.233
 17519	149.461
 17520	151.947
 17521	149.54
 17522	148.78
 17523	150.877
 17524	148.309
 17525	147.129
 17526	149
 17527	149.527
 17528	147.326
 17529	145.933
 17530	145.469
 17531	139.652
 17532	141.561
 17533	149.616
 17534	146.899
 17535	139.497
 17536	140.797
 17537	140.926
 17538	138.361
 17539	138.451
 17540	143.522
 17541	146.972
 17542	144.411
 17543	144.528
 17544	146.799
 17545	148.66
 17546	149.691
 17547	147.629
 17548	139.235
 17549	137.227
 17550	144.472
 17551	148.711
 17552	149.86
 17553	158.318
 17554	163.624
 17555	160.386
 17556	154.476
 17557	154.202
 17558	157.92
 17559	160.887
 17560	160.728
 17561	160.097
 17562	160.019
 17563	157.015
 17564	154.142
 17565	154.174
 17566	157.968
 17567	161.305
 17568	161.538
 17569	158.522
 17570	157.037
 17571	156.624
 17572	157.002
 17573	155.551
 17574	156.669
 17575	160.473
 17576	162.629
 17577	161.452
 17578	158.57
 17579	158.045
 17580	162.888
 17581	166.131
 17582	164.081
 17583	159.885
 17584	158.334
 17585	154.265
 17586	148.975
 17587	149.649
 17588	155.069
 17589	158.861
 17590	156.628
 17591	152.1
 17592	151.082
 17593	150.213
 17594	150.664
 17595	150.434
 17596	147.979
 17597	148.007
 17598	148.688
 17599	147.918
 17600	146.415
 17601	145.931
 17602	153.606
 17603	159.911
 17604	160.102
 17605	156.717
 17606	157.628
 17607	160.732
 17608	158.656
 17609	152.468
 17610	158.723
 17611	162.011
 17612	153.599
 17613	151.126
 17614	155.574
 17615	160.811
 17616	163.43
 17617	164.823
 17618	164.554
 17619	162.075
 17620	163.845
 17621	163.602
 17622	158.693
 17623	157.199
 17624	162.942
 17625	158.626
 17626	146.943
 17627	147.142
 17628	156.14
 17629	156.33
 17630	152.304
 17631	155.944
 17632	156.853
 17633	152.301
 17634	148.999
 17635	151.873
 17636	153.885
 17637	157.464
 17638	159.771
 17639	157.45
 17640	156.315
 17641	161.02
 17642	166.634
 17643	165.807
 17644	165.639
 17645	171.487
 17646	170.443
 17647	162.542
 17648	159.944
 17649	165.19
 17650	164.729
 17651	165.396
 17652	169.675
 17653	168.536
 17654	164.552
 17655	166.884
 17656	171
 17657	168.981
 17658	174.592
 17659	-175.992
 17660	-175.749
 17661	174.678
 17662	172.064
 17663	174.832
 17664	171.086
 17665	165.523
 17666	164.356
 17667	163.123
 17668	158.587
 17669	151.439
 17670	145.503
 17671	148.958
 17672	160.269
 17673	160.752
 17674	151.72
 17675	144.982
 17676	145.545
 17677	142.124
 17678	137.97
 17679	141.194
 17680	149.065
 17681	146.969
 17682	142.853
 17683	144.971
 17684	149.274
 17685	154.877
 17686	156.348
 17687	157.653
 17688	157.859
 17689	158.465
 17690	160.69
 17691	158.561
 17692	158.24
 17693	158.563
 17694	159.511
 17695	158.671
 17696	155.695
 17697	149.787
 17698	153.257
 17699	160.875
 17700	160.862
 17701	156.895
 17702	157.847
 17703	158.132
 17704	156.076
 17705	158.096
 17706	161.678
 17707	170.318
 17708	171.888
 17709	168.398
 17710	161.654
 17711	162.645
 17712	167.227
 17713	169.065
 17714	166.538
 17715	168.725
 17716	171.966
 17717	163.928
 17718	149.249
 17719	151.395
 17720	153.48
 17721	149.809
 17722	147.335
 17723	149.376
 17724	148.136
 17725	148.604
 17726	150.957
 17727	152.391
 17728	150.93
 17729	149.3
 17730	148.51
 17731	145.866
 17732	142.838
 17733	143.856
 17734	147.703
 17735	144.432
 17736	141.517
 17737	145.484
 17738	143.996
 17739	140.366
 17740	140.868
 17741	146.85
 17742	149.508
 17743	151.049
 17744	151.888
 17745	156.184
 17746	154.098
 17747	154.212
 17748	159.454
 17749	167.808
 17750	165.752
 17751	163.479
 17752	169.042
 17753	171.796
 17754	166.269
 17755	168.587
 17756	176.088
 17757	178.137
 17758	173.809
 17759	169.644
 17760	169.604
 17761	172.584
 17762	178.334
 17763	175.654
 17764	170.387
 17765	172.448
 17766	-178.625
 17767	-177.618
 17768	-175.925
 17769	-166.728
 17770	-161.016
 17771	-175.76
 17772	170.93
 17773	171.114
 17774	178.605
 17775	174.057
 17776	169.446
 17777	168.066
 17778	162.285
 17779	153.345
 17780	146.993
 17781	143.71
 17782	146.649
 17783	152.3
 17784	151.072
 17785	143.055
 17786	140.321
 17787	140.824
 17788	134.526
 17789	134.005
 17790	144.344
 17791	151.814
 17792	145.694
 17793	142.941
 17794	146.53
 17795	149.022
 17796	147.507
 17797	149.074
 17798	152.553
 17799	149.511
 17800	147.562
 17801	148.953
 17802	152.242
 17803	157.343
 17804	164.046
 17805	166.575
 17806	164.284
 17807	169.802
 17808	175.299
 17809	174.14
 17810	172.712
 17811	179.31
 17812	178.994
 17813	171.036
 17814	168.414
 17815	175.952
 17816	179.702
 17817	176.535
 17818	175.395
 17819	-178.8
 17820	178.036
 17821	176.295
 17822	178.275
 17823	-176.547
 17824	-175.568
 17825	-176.162
 17826	179.673
 17827	173.822
 17828	171.596
 17829	175.226
 17830	175.613
 17831	173.859
 17832	177.061
 17833	176.503
 17834	166.886
 17835	164.746
 17836	168.993
 17837	166.606
 17838	159.741
 17839	159.405
 17840	161.202
 17841	155.413
 17842	153.043
 17843	156.116
 17844	159.739
 17845	162.486
 17846	163.647
 17847	161.817
 17848	157.417
 17849	153.169
 17850	155.034
 17851	150.917
 17852	143.556
 17853	145.126
 17854	141.842
 17855	139.014
 17856	145.472
 17857	151.174
 17858	149.774
 17859	149.911
 17860	153.733
 17861	150.9
 17862	147.956
 17863	153.819
 17864	160.25
 17865	160.492
 17866	163.272
 17867	161.602
 17868	157.949
 17869	160.347
 17870	165.16
 17871	163.499
 17872	162.733
 17873	163.59
 17874	161.255
 17875	156.789
 17876	157.009
 17877	162.034
 17878	162.204
 17879	159.181
 17880	161.914
 17881	161.115
 17882	153.817
 17883	157.688
 17884	167.469
 17885	166.688
 17886	163.027
 17887	164.468
 17888	165.296
 17889	162.336
 17890	164.59
 17891	168.487
 17892	164.26
 17893	163.945
 17894	164.301
 17895	159.302
 17896	157.657
 17897	162.576
 17898	166.581
 17899	164.357
 17900	162.169
 17901	165.693
 17902	163.606
 17903	156.319
 17904	159.181
 17905	168.662
 17906	169.561
 17907	165.451
 17908	167.698
 17909	170.522
 17910	164.53
 17911	164.795
 17912	169.675
 17913	169.901
 17914	168.087
 17915	167.488
 17916	163.038
 17917	167.834
 17918	173.065
 17919	174.346
 17920	169.648
 17921	172.409
 17922	175.635
 17923	176.222
 17924	170.899
 17925	173.195
 17926	176.129
 17927	177.519
 17928	169.699
 17929	167.262
 17930	168.364
 17931	167.424
 17932	170.1
 17933	174.08
 17934	171.772
 17935	172.044
 17936	171.87
 17937	169.878
 17938	168.182
 17939	169.183
 17940	171.086
 17941	168.533
 17942	162.644
 17943	158.502
 17944	159.101
 17945	161.281
 17946	161.553
 17947	158.6
 17948	156.616
 17949	154.082
 17950	156.864
 17951	157.481
 17952	156.097
 17953	160.39
 17954	166.428
 17955	161.343
 17956	154.777
 17957	158.274
 17958	162.584
 17959	163.143
 17960	164.277
 17961	166.942
 17962	172.297
 17963	172.809
 17964	167.527
 17965	164.265
 17966	168.209
 17967	171.656
 17968	169.824
 17969	160.409
 17970	159.008
 17971	160.312
 17972	159.982
 17973	156.473
 17974	157.579
 17975	163.717
 17976	166.227
 17977	159.044
 17978	157.077
 17979	158.892
 17980	162.018
 17981	162.175
 17982	162.913
 17983	160.804
 17984	156.965
 17985	154.599
 17986	156.315
 17987	150.284
 17988	147.001
 17989	148.724
 17990	146.476
 17991	135.469
 17992	134.153
 17993	141.632
 17994	144.549
 17995	139.63
 17996	139.698
 17997	141.646
 17998	141.236
 17999	140.251
 18000	141.685
 18001	142.945
 18002	147.101
 18003	148.69
 18004	148.776
 18005	148.844
 18006	151.922
 18007	156.021
 18008	154.937
 18009	153.335
 18010	150.179
 18011	148.21
 18012	143.801
 18013	141.02
 18014	140.549
 18015	148.553
 18016	153.342
 18017	152.439
 18018	152.362
 18019	156.066
 18020	158.17
 18021	161.753
 18022	165.063
 18023	166.603
 18024	163.64
 18025	160.927
 18026	161.781
 18027	165.796
 18028	174.185
 18029	177.248
 18030	167.042
 18031	161.882
 18032	163.165
 18033	159.872
 18034	155.462
 18035	157.503
 18036	156.206
 18037	146.291
 18038	134.965
 18039	134.467
 18040	135.563
 18041	137.824
 18042	141.477
 18043	141.384
 18044	140.1
 18045	140.604
 18046	135.481
 18047	135.257
 18048	134.375
 18049	140.239
 18050	142.584
 18051	135.333
 18052	132.921
 18053	141.116
 18054	140.121
 18055	138.727
 18056	139.982
 18057	140.226
 18058	139.238
 18059	138.484
 18060	140.709
 18061	144.914
 18062	150.368
 18063	148.778
 18064	146.067
 18065	146.1
 18066	146.366
 18067	148.336
 18068	155.116
 18069	154.774
 18070	155.926
 18071	158.162
 18072	153.193
 18073	147.992
 18074	153.587
 18075	153.904
 18076	153.943
 18077	154.144
 18078	150.854
 18079	143.206
 18080	144.468
 18081	148.73
 18082	146.947
 18083	147.515
 18084	152.633
 18085	151.864
 18086	145.694
 18087	142.107
 18088	143.615
 18089	140.757
 18090	135.592
 18091	139.464
 18092	141.302
 18093	134.92
 18094	138.688
 18095	145.24
 18096	143.918
 18097	138.591
 18098	140.008
 18099	142.059
 18100	142.018
 18101	139.296
 18102	144.433
 18103	146.25
 18104	143.85
 18105	144.288
 18106	141.573
 18107	142.86
 18108	146.766
 18109	146.772
 18110	142.985
 18111	143.341
 18112	144.071
 18113	141.942
 18114	138.628
 18115	137.844
 18116	142.49
 18117	145.488
 18118	143.964
 18119	146.673
 18120	148.869
 18121	148.193
 18122	145.683
 18123	148.553
 18124	146.255
 18125	142.966
 18126	144.207
 18127	144.45
 18128	142.589
 18129	144.437
 18130	141.522
 18131	135.664
 18132	134.079
 18133	129.166
 18134	132.027
 18135	133.471
 18136	132.779
 18137	136.319
 18138	138.091
 18139	128.659
 18140	128.956
 18141	131.996
 18142	127.38
 18143	120.892
 18144	125.012
 18145	128.044
 18146	124.297
 18147	119.422
 18148	123.704
 18149	125.465
 18150	124.409
 18151	122.654
 18152	124.864
 18153	122.038
 18154	117.964
 18155	122.039
 18156	126.192
 18157	125.451
 18158	130.483
 18159	129.363
 18160	122.104
 18161	126.52
 18162	135.555
 18163	132.638
 18164	133.031
 18165	132.448
 18166	134.763
 18167	132.42
 18168	128.457
 18169	131.885
 18170	141.891
 18171	141.393
 18172	140.769
 18173	139.955
 18174	139.447
 18175	138.643
 18176	144.434
 18177	144.206
 18178	140.583
 18179	139.901
 18180	141.695
 18181	136.76
 18182	135.371
 18183	137.61
 18184	138.48
 18185	135.81
 18186	136.226
 18187	138.48
 18188	141.995
 18189	138.709
 18190	140.418
 18191	143.701
 18192	135.647
 18193	132.513
 18194	138.972
 18195	139.353
 18196	133.805
 18197	131.963
 18198	133.003
 18199	135.756
 18200	131.456
 18201	128
 18202	130.069
 18203	131.864
 18204	133.066
 18205	129.646
 18206	132.532
 18207	136.925
 18208	135.027
 18209	127.844
 18210	124.975
 18211	130.389
 18212	135.707
 18213	134.403
 18214	132.349
 18215	136.373
 18216	141.326
 18217	140.099
 18218	135.659
 18219	140.298
 18220	147.702
 18221	142.942
 18222	135.16
 18223	137.063
 18224	144.335
 18225	148.225
 18226	141.738
 18227	136.602
 18228	139.863
 18229	143.468
 18230	134.973
 18231	139.026
 18232	144.301
 18233	145.307
 18234	141.705
 18235	139.837
 18236	137.655
 18237	140.392
 18238	140.323
 18239	135.83
 18240	133.254
 18241	135.14
 18242	134.457
 18243	129.676
 18244	127.33
 18245	129.51
 18246	130.216
 18247	125.39
 18248	126.292
 18249	128.58
 18250	122.722
 18251	121.08
 18252	122.923
 18253	122.811
 18254	123.139
 18255	128.102
 18256	133.011
 18257	133.202
 18258	129.506
 18259	128.589
 18260	133.151
 18261	138.455
 18262	134.161
 18263	133.326
 18264	139.859
 18265	139.427
 18266	132.032
 18267	138.917
 18268	145.824
 18269	149.249
 18270	142.189
 18271	137.601
 18272	143.215
 18273	147.447
 18274	146.553
 18275	146.358
 18276	146.78
 18277	143.381
 18278	139.275
 18279	134.092
 18280	137.507
 18281	140.793
 18282	141.198
 18283	136.841
 18284	137.635
 18285	142.637
 18286	146.999
 18287	146.337
 18288	144.585
 18289	145.623
 18290	148.076
 18291	141.241
 18292	139.183
 18293	141.88
 18294	144.891
 18295	144.483
 18296	140.608
 18297	138.604
 18298	142.171
 18299	142.352
 18300	140.169
 18301	141.939
 18302	143.38
 18303	142.522
 18304	138.568
 18305	133.651
 18306	130.002
 18307	131.505
 18308	133.539
 18309	135.701
 18310	135.792
 18311	135.412
 18312	138.973
 18313	142.592
 18314	143.675
 18315	145.527
 18316	147.631
 18317	148.829
 18318	148.808
 18319	149.439
 18320	147.447
 18321	147.244
 18322	147.821
 18323	146.375
 18324	146.12
 18325	152.455
 18326	154.339
 18327	154.15
 18328	156.08
 18329	156.857
 18330	155.829
 18331	154.981
 18332	152.871
 18333	158.158
 18334	164.049
 18335	165.083
 18336	160.382
 18337	159.752
 18338	158.037
 18339	157.991
 18340	156.988
 18341	160.066
 18342	158.288
 18343	158.894
 18344	158.676
 18345	155.624
 18346	152.673
 18347	154.549
 18348	153.776
 18349	151.109
 18350	150.524
 18351	159.361
 18352	163.604
 18353	161.631
 18354	158.067
 18355	158.909
 18356	158.666
 18357	158.481
 18358	154.439
 18359	151.388
 18360	153.788
 18361	153.935
 18362	147.315
 18363	141.43
 18364	144.94
 18365	147.788
 18366	144.882
 18367	145.183
 18368	147.035
 18369	147.548
 18370	148.421
 18371	148.793
 18372	150.247
 18373	152.747
 18374	158.152
 18375	158.892
 18376	159.98
 18377	167.381
 18378	170.145
 18379	166.14
 18380	167.335
 18381	167.216
 18382	166.383
 18383	172.676
 18384	-177.84
 18385	-179.377
 18386	175.368
 18387	174.355
 18388	173.842
 18389	167.794
 18390	166.056
 18391	170.15
 18392	169.067
 18393	162.57
 18394	159.279
 18395	153.292
 18396	154.204
 18397	159.227
 18398	160.819
 18399	154.314
 18400	151.031
 18401	149.591
 18402	149.067
 18403	144.587
 18404	147.515
 18405	150.863
 18406	149.369
 18407	143.166
 18408	143.658
 18409	147.639
 18410	152.261
 18411	152.49
 18412	151.762
 18413	149.525
 18414	145.142
 18415	146.241
 18416	152.649
 18417	156.733
 18418	158.13
 18419	159.76
 18420	157.443
 18421	153.116
 18422	152.462
 18423	162.477
 18424	163.366
 18425	161.253
 18426	164.042
 18427	166.46
 18428	162.837
 18429	162.37
 18430	164.232
 18431	168.723
 18432	167.995
 18433	165.843
 18434	164.532
 18435	161.158
 18436	157.636
 18437	163.244
 18438	165.624
 18439	162.448
 18440	156.729
 18441	155.064
 18442	150.719
 18443	150.526
 18444	157.415
 18445	161.402
 18446	159.145
 18447	154.718
 18448	148.256
 18449	143.536
 18450	145.827
 18451	147.548
 18452	149.275
 18453	149.541
 18454	148.262
 18455	149.921
 18456	152.659
 18457	153.847
 18458	157.079
 18459	158.094
 18460	159.932
 18461	163.176
 18462	161.273
 18463	159.311
 18464	161.452
 18465	163.613
 18466	166.255
 18467	169.725
 18468	172.475
 18469	172.41
 18470	172.391
 18471	171.637
 18472	171.365
 18473	173.117
 18474	171.1
 18475	164.94
 18476	164.521
 18477	167.952
 18478	165.778
 18479	164.335
 18480	167.882
 18481	167.885
 18482	159.253
 18483	152.524
 18484	153.203
 18485	157.286
 18486	157.862
 18487	153.022
 18488	149.23
 18489	150.482
 18490	148.454
 18491	145.257
 18492	149.025
 18493	157.706
 18494	158.553
 18495	154.48
 18496	153.585
 18497	153.367
 18498	156.351
 18499	159.152
 18500	157.901
 18501	161.284
 18502	166.242
 18503	169.521
 18504	163.616
 18505	159.527
 18506	160.946
 18507	164.854
 18508	160.232
 18509	155.077
 18510	155.77
 18511	163.976
 18512	160.481
 18513	154.166
 18514	155.861
 18515	159.319
 18516	159.358
 18517	150.029
 18518	144.214
 18519	147.545
 18520	150.277
 18521	145.71
 18522	145.193
 18523	146.997
 18524	151.222
 18525	149.247
 18526	142.921
 18527	143.007
 18528	150.531
 18529	151.544
 18530	146.686
 18531	144.775
 18532	148.658
 18533	147.497
 18534	143.802
 18535	141.339
 18536	145.426
 18537	149.923
 18538	152.944
 18539	151.82
 18540	153.353
 18541	157.931
 18542	160.091
 18543	158.319
 18544	161.035
 18545	163.482
 18546	165.587
 18547	162.858
 18548	158.21
 18549	157.541
 18550	158.168
 18551	155.227
 18552	152.373
 18553	154.476
 18554	155.171
 18555	147.882
 18556	147.252
 18557	154.617
 18558	157.788
 18559	158.001
 18560	158.081
 18561	157.538
 18562	154.183
 18563	155.004
 18564	152.299
 18565	154.407
 18566	155.048
 18567	156.89
 18568	153.506
 18569	151.061
 18570	156.577
 18571	165.645
 18572	164.506
 18573	163.324
 18574	164.746
 18575	162.852
 18576	159.419
 18577	164.804
 18578	170.021
 18579	173.84
 18580	172.58
 18581	170.628
 18582	166.035
 18583	168.657
 18584	170.373
 18585	168.22
 18586	169.552
 18587	174.332
 18588	176.563
 18589	173.48
 18590	170.738
 18591	170.327
 18592	170.473
 18593	168.042
 18594	170.087
 18595	171.687
 18596	169.978
 18597	165.329
 18598	163.428
 18599	165.03
 18600	168.623
 18601	169.167
 18602	167.377
 18603	165.508
 18604	168.677
 18605	165.311
 18606	162.338
 18607	163.574
 18608	161.228
 18609	156.922
 18610	157.492
 18611	159.045
 18612	159.759
 18613	162.707
 18614	165.25
 18615	164.177
 18616	163.573
 18617	164.541
 18618	165.717
 18619	169.877
 18620	172.625
 18621	167.586
 18622	164.606
 18623	167.083
 18624	167.545
 18625	167.798
 18626	170.225
 18627	165.843
 18628	165.829
 18629	162.992
 18630	155.335
 18631	150.895
 18632	152.459
 18633	150.871
 18634	150.406
 18635	152.799
 18636	152.641
 18637	149.087
 18638	148.64
 18639	146.482
 18640	144.203
 18641	141.07
 18642	148.382
 18643	155.46
 18644	155.214
 18645	151.024
 18646	148.227
 18647	147.509
 18648	145.255
 18649	147.577
 18650	151.554
 18651	148.859
 18652	143.799
 18653	138.635
 18654	137.352
 18655	143.48
 18656	143.011
 18657	143.371
 18658	148.866
 18659	147.881
 18660	148.03
 18661	152.566
 18662	155.314
 18663	155.514
 18664	157.947
 18665	159.619
 18666	158.095
 18667	159.801
 18668	164.762
 18669	164.901
 18670	157.833
 18671	159.153
 18672	161.513
 18673	162.446
 18674	161.821
 18675	162.639
 18676	164.266
 18677	163.62
 18678	165.546
 18679	166.992
 18680	164.336
 18681	167.274
 18682	167.156
 18683	164.895
 18684	163.58
 18685	165.283
 18686	166.65
 18687	165.472
 18688	162.983
 18689	164.313
 18690	170.357
 18691	171.789
 18692	170.232
 18693	168.528
 18694	164.171
 18695	158.932
 18696	154.861
 18697	156.758
 18698	160.118
 18699	154.469
 18700	150.366
 18701	146.352
 18702	145.536
 18703	144.425
 18704	145.688
 18705	144.714
 18706	143.992
 18707	143.296
 18708	145.057
 18709	142.904
 18710	148.091
 18711	150.782
 18712	145.245
 18713	141.767
 18714	141.117
 18715	138.82
 18716	140.328
 18717	144.294
 18718	148.13
 18719	151.188
 18720	152.423
 18721	151.75
 18722	150.878
 18723	150.699
 18724	150.092
 18725	146.765
 18726	147.121
 18727	149.006
 18728	150.874
 18729	149.676
 18730	148.681
 18731	147.607
 18732	150.254
 18733	151.099
 18734	148.973
 18735	146.825
 18736	148.944
 18737	147.941
 18738	145.778
 18739	143.747
 18740	146.504
 18741	149.281
 18742	146.226
 18743	142.404
 18744	147.351
 18745	154.105
 18746	155.808
 18747	151.821
 18748	151.056
 18749	151.051
 18750	147.065
 18751	148.894
 18752	146.145
 18753	146.521
 18754	147.493
 18755	145.965
 18756	140.43
 18757	146.874
 18758	152.84
 18759	155.429
 18760	156.745
 18761	155.617
 18762	151.799
 18763	153.335
 18764	149.909
 18765	143.042
 18766	142.435
 18767	147.303
 18768	149.544
 18769	150.898
 18770	152.148
 18771	151.819
 18772	147.667
 18773	148.32
 18774	149.626
 18775	152.249
 18776	149.838
 18777	145.637
 18778	144.795
 18779	143.438
 18780	138.195
 18781	139.863
 18782	142.791
 18783	141.59
 18784	142.109
 18785	141.777
 18786	138.885
 18787	141.957
 18788	140.78
 18789	136.43
 18790	134.949
 18791	136.298
 18792	135.288
 18793	138.677
 18794	144.178
 18795	144.39
 18796	144.118
 18797	142.305
 18798	141.011
 18799	141.589
 18800	145.719
 18801	146.744
 18802	148.927
 18803	153.059
 18804	156.845
 18805	154.118
 18806	153.013
 18807	155.638
 18808	159.552
 18809	162.681
 18810	162.447
 18811	163.176
 18812	161.002
 18813	154.048
 18814	150.868
 18815	152.495
 18816	155.49
 18817	158.884
 18818	158.947
 18819	153.98
 18820	153.437
 18821	156.032
 18822	153.234
 18823	147.775
 18824	151.723
 18825	155.617
 18826	150.962
 18827	146.118
 18828	149.479
 18829	149.855
 18830	148.246
 18831	149.303
 18832	148.138
 18833	143.556
 18834	143.492
 18835	145.827
 18836	142.912
 18837	142.061
 18838	149.206
 18839	152.5
 18840	141.006
 18841	137.501
 18842	147.958
 18843	147.509
 18844	143.592
 18845	147.389
 18846	145.335
 18847	144.407
 18848	147.973
 18849	151.259
 18850	153.283
 18851	157.677
 18852	159.18
 18853	154.699
 18854	154.221
 18855	159.925
 18856	158.756
 18857	155.068
 18858	155.789
 18859	156.544
 18860	154.961
 18861	152.451
 18862	152.932
 18863	152.47
 18864	152.973
 18865	152.045
 18866	153.549
 18867	154.887
 18868	156.791
 18869	158.803
 18870	157.687
 18871	157.805
 18872	159.697
 18873	160.659
 18874	162.471
 18875	165.626
 18876	164.035
 18877	165.572
 18878	169.21
 18879	165.714
 18880	160.67
 18881	160.635
 18882	162.899
 18883	163.722
 18884	161.237
 18885	159.414
 18886	156.14
 18887	154.302
 18888	153.016
 18889	150.006
 18890	146.262
 18891	151.355
 18892	151.161
 18893	144.171
 18894	141.939
 18895	144.155
 18896	144.697
 18897	140.813
 18898	143.036
 18899	148.317
 18900	149.965
 18901	145.068
 18902	143.61
 18903	143.039
 18904	147.316
 18905	149.966
 18906	146.458
 18907	145.504
 18908	149.466
 18909	150.187
 18910	147.27
 18911	149.856
 18912	153.513
 18913	151.495
 18914	147.833
 18915	148.283
 18916	148.255
 18917	151.343
 18918	152.844
 18919	150.898
 18920	148.995
 18921	147.361
 18922	137.796
 18923	135.866
 18924	142.21
 18925	148.39
 18926	145.938
 18927	149.31
 18928	151.064
 18929	139.519
 18930	138.224
 18931	145.172
 18932	149.754
 18933	145.794
 18934	151.779
 18935	155.641
 18936	152.068
 18937	146.177
 18938	153.199
 18939	158.506
 18940	155.302
 18941	157.659
 18942	162.975
 18943	162.392
 18944	160.401
 18945	161.581
 18946	159.386
 18947	157.458
 18948	157.771
 18949	159.541
 18950	158.647
 18951	153.772
 18952	152.017
 18953	156.95
 18954	160.938
 18955	159.425
 18956	157.123
 18957	157.714
 18958	154.751
 18959	152.373
 18960	152.92
 18961	154.158
 18962	152.194
 18963	156.774
 18964	157.519
 18965	154.92
 18966	158.885
 18967	162.491
 18968	163.243
 18969	158.271
 18970	159.916
 18971	161.278
 18972	157.443
 18973	156.449
 18974	165.054
 18975	167.295
 18976	164.289
 18977	164.708
 18978	163.419
 18979	159.471
 18980	155.261
 18981	153.52
 18982	155.135
 18983	156.096
 18984	151.542
 18985	148.227
 18986	144.893
 18987	143.694
 18988	144.825
 18989	145.173
 18990	144.113
 18991	142.767
 18992	146.71
 18993	145.825
 18994	135.51
 18995	139.959
 18996	146.459
 18997	146.123
 18998	142.842
 18999	143.983
 19000	146.619
 19001	150.767
 19002	151.973
 19003	152.446
 19004	153.895
 19005	149.967
 19006	149.86
 19007	152.572
 19008	150.743
 19009	150.817
 19010	153.454
 19011	157.429
 19012	157.304
 19013	157.097
 19014	157.366
 19015	159.109
 19016	158.567
 19017	159.184
 19018	160.714
 19019	168.346
 19020	171.051
 19021	165.69
 19022	161.296
 19023	160.405
 19024	161.511
 19025	161.704
 19026	161.568
 19027	163.136
 19028	160.05
 19029	151.933
 19030	153.915
 19031	158.233
 19032	155.987
 19033	154.378
 19034	156.175
 19035	157.899
 19036	161.151
 19037	158.503
 19038	157.491
 19039	158.278
 19040	160.266
 19041	159.624
 19042	158.829
 19043	158.592
 19044	158.462
 19045	157.882
 19046	153.68
 19047	150.183
 19048	151.102
 19049	155.071
 19050	152.139
 19051	151.104
 19052	151.976
 19053	154.995
 19054	156.653
 19055	157.849
 19056	156.449
 19057	156.335
 19058	156.127
 19059	155.315
 19060	157.833
 19061	162.56
 19062	168.594
 19063	169.253
 19064	159.758
 19065	158.516
 19066	163.086
 19067	162.673
 19068	158.478
 19069	160.926
 19070	162.017
 19071	157.788
 19072	153.179
 19073	151.944
 19074	148.634
 19075	151.705
 19076	156.713
 19077	155.305
 19078	151.932
 19079	155.676
 19080	156.274
 19081	152.96
 19082	148.331
 19083	149.659
 19084	147.015
 19085	143.571
 19086	143.245
 19087	145.011
 19088	144.309
 19089	148.997
 19090	151.942
 19091	148.661
 19092	148.805
 19093	152.471
 19094	153.595
 19095	150.948
 19096	154.965
 19097	161.502
 19098	164.541
 19099	159.419
 19100	160.623
 19101	163.275
 19102	167.486
 19103	169.548
 19104	171.384
 19105	172.474
 19106	177.679
 19107	179.029
 19108	176.782
 19109	173.886
 19110	175.422
 19111	173.892
 19112	167.798
 19113	163.945
 19114	162.461
 19115	164.034
 19116	162.916
 19117	157.4
 19118	153.117
 19119	156.554
 19120	153.779
 19121	146.391
 19122	146.749
 19123	153.015
 19124	152.556
 19125	146.871
 19126	150.449
 19127	155.283
 19128	151.496
 19129	149.544
 19130	146.087
 19131	141.783
 19132	143.597
 19133	148.22
 19134	151.037
 19135	151.499
 19136	152.017
 19137	150.416
 19138	149.87
 19139	151.006
 19140	151.617
 19141	148.923
 19142	150.83
 19143	147.774
 19144	146.074
 19145	145.656
 19146	146.393
 19147	146.783
 19148	141.156
 19149	137.614
 19150	139.007
 19151	137.914
 19152	136.864
 19153	139.535
 19154	139.976
 19155	139.53
 19156	141.492
 19157	137.26
 19158	136.989
 19159	141.091
 19160	143.113
 19161	142.469
 19162	144.475
 19163	149.054
 19164	142.902
 19165	135.237
 19166	133.639
 19167	131.48
 19168	128.053
 19169	128.99
 19170	128.976
 19171	129.908
 19172	133.969
 19173	135.368
 19174	133.68
 19175	126.542
 19176	132.785
 19177	136.065
 19178	128.021
 19179	126.281
 19180	138.904
 19181	137.164
 19182	129.49
 19183	128.678
 19184	130.92
 19185	131.926
 19186	131.333
 19187	133.319
 19188	133.414
 19189	133.181
 19190	135.262
 19191	133.742
 19192	134.077
 19193	137.6
 19194	142.567
 19195	142.527
 19196	141.213
 19197	144.333
 19198	150.062
 19199	151.558
 19200	149.553
 19201	152.511
 19202	146.119
 19203	142.453
 19204	144.469
 19205	147.738
 19206	146.171
 19207	149.218
 19208	152.997
 19209	151.731
 19210	146.784
 19211	146.705
 19212	149.025
 19213	147.344
 19214	149.324
 19215	151.938
 19216	151.182
 19217	152.694
 19218	151.53
 19219	149.07
 19220	145.694
 19221	141.233
 19222	139.135
 19223	137.726
 19224	133.023
 19225	129.294
 19226	133.255
 19227	134.111
 19228	131.624
 19229	134.202
 19230	138.52
 19231	132.672
 19232	126.868
 19233	132.746
 19234	132.478
 19235	125.828
 19236	128.295
 19237	133.314
 19238	126.056
 19239	117.644
 19240	116.611
 19241	120.121
 19242	112.795
 19243	112.655
 19244	121.125
 19245	117.009
 19246	116.092
 19247	127.219
 19248	126.081
 19249	119.437
 19250	120.887
 19251	118.323
 19252	115.406
 19253	120.589
 19254	125.638
 19255	131.286
 19256	135.122
 19257	136.359
 19258	134.013
 19259	130.928
 19260	128.894
 19261	129.951
 19262	135.576
 19263	140.677
 19264	140.616
 19265	139.753
 19266	144.424
 19267	142.408
 19268	138.209
 19269	143.527
 19270	147.374
 19271	142.364
 19272	139.854
 19273	149.235
 19274	152.375
 19275	146.564
 19276	147.031
 19277	151.579
 19278	148.795
 19279	145.603
 19280	148.565
 19281	153.863
 19282	154.353
 19283	149.703
 19284	147.986
 19285	152.793
 19286	155.093
 19287	158.027
 19288	161.436
 19289	167.133
 19290	166.386
 19291	162.654
 19292	157.913
 19293	152.464
 19294	154.591
 19295	161.953
 19296	162.931
 19297	156.61
 19298	155.154
 19299	155.375
 19300	145.463
 19301	137.138
 19302	144.257
 19303	148.963
 19304	142.532
 19305	140.824
 19306	143.031
 19307	140.229
 19308	137.229
 19309	135.654
 19310	130.924
 19311	124.832
 19312	125.501
 19313	126.578
 19314	120.735
 19315	118.144
 19316	122.192
 19317	121.205
 19318	115.937
 19319	117.734
 19320	126.242
 19321	128.892
 19322	120.882
 19323	123.156
 19324	135.823
 19325	133.321
 19326	123.891
 19327	130.245
 19328	139.256
 19329	139.455
 19330	139.185
 19331	145.479
 19332	149.517
 19333	145.262
 19334	142.075
 19335	139.798
 19336	132.482
 19337	129.438
 19338	132.255
 19339	131.876
 19340	124.526
 19341	122.516
 19342	127.001
 19343	128.491
 19344	122.561
 19345	127.087
 19346	131.156
 19347	130.65
 19348	126.659
 19349	128.491
 19350	128.862
 19351	124.163
 19352	122.713
 19353	130.661
 19354	131.419
 19355	122.648
 19356	120.072
 19357	129.228
 19358	132.567
 19359	129.174
 19360	130.498
 19361	139.309
 19362	137.175
 19363	132.452
 19364	136.325
 19365	139.974
 19366	138.734
 19367	135.726
 19368	138.601
 19369	139.327
 19370	142.058
 19371	145.938
 19372	149.793
 19373	148.02
 19374	149.628
 19375	151.473
 19376	149.895
 19377	146.105
 19378	147.291
 19379	149.757
 19380	147.957
 19381	132.456
 19382	131.864
 19383	138.82
 19384	137.806
 19385	134.091
 19386	136.593
 19387	133.987
 19388	131.323
 19389	128.872
 19390	131.593
 19391	130.201
 19392	129.224
 19393	130.23
 19394	135.826
 19395	133.463
 19396	126.498
 19397	123.812
 19398	129
 19399	124.75
 19400	121.22
 19401	125.437
 19402	128.585
 19403	121.674
 19404	120.409
 19405	122.647
 19406	133.505
 19407	135.572
 19408	131.814
 19409	135.084
 19410	136.804
 19411	131.803
 19412	135.619
 19413	140.365
 19414	139.092
 19415	137.187
 19416	145.452
 19417	142.38
 19418	134.379
 19419	132.381
 19420	143.012
 19421	144.596
 19422	141.832
 19423	140.492
 19424	145.692
 19425	149.083
 19426	147.639
 19427	151.062
 19428	157.888
 19429	154.956
 19430	149.955
 19431	154.259
 19432	152.464
 19433	147.673
 19434	150.081
 19435	154.504
 19436	151.823
 19437	147.156
 19438	147.242
 19439	148.704
 19440	146.681
 19441	145.122
 19442	146.466
 19443	147.298
 19444	146.53
 19445	145.883
 19446	141.909
 19447	140.029
 19448	141.393
 19449	144.105
 19450	143.689
 19451	139.915
 19452	139.278
 19453	138.729
 19454	136.076
 19455	139.516
 19456	140.951
 19457	134.458
 19458	127.711
 19459	124.973
 19460	127.259
 19461	131.57
 19462	133.716
 19463	136.283
 19464	136.477
 19465	135.469
 19466	129.982
 19467	130.124
 19468	135.915
 19469	135.003
 19470	132.349
 19471	134.54
 19472	129.645
 19473	128.228
 19474	131.763
 19475	129.134
 19476	124.358
 19477	129.021
 19478	127.017
 19479	125.301
 19480	121.288
 19481	122.188
 19482	121.893
 19483	118.214
 19484	116.526
 19485	122.724
 19486	124.056
 19487	121.881
 19488	117.907
 19489	121.932
 19490	124.513
 19491	128.528
 19492	131.909
 19493	131.206
 19494	130.399
 19495	137.241
 19496	138.444
 19497	137.021
 19498	141.378
 19499	149.116
 19500	148.14
 19501	148.065
 19502	148.678
 19503	153.002
 19504	153.473
 19505	149.366
 19506	146.912
 19507	148.998
 19508	145.713
 19509	141.896
 19510	143.873
 19511	144.33
 19512	141.28
 19513	143.01
 19514	140.838
 19515	136.574
 19516	139.922
 19517	143.927
 19518	146.854
 19519	150.186
 19520	154.797
 19521	156.398
 19522	155.521
 19523	148.102
 19524	146.959
 19525	150.586
 19526	151.225
 19527	147.779
 19528	148.957
 19529	148.19
 19530	143.078
 19531	138.5
 19532	138.655
 19533	135.738
 19534	136.232
 19535	138.814
 19536	133.341
 19537	124.524
 19538	128.405
 19539	132.116
 19540	130.368
 19541	122.283
 19542	126.193
 19543	127.28
 19544	122.361
 19545	119.791
 19546	125.101
 19547	125.35
 19548	120.612
 19549	123.817
 19550	121.002
 19551	119.242
 19552	124.298
 19553	128.615
 19554	129.767
 19555	129.289
 19556	136.988
 19557	141.151
 19558	138.638
 19559	139.982
 19560	140.887
 19561	139.946
 19562	140.691
 19563	142.556
 19564	142.214
 19565	142.012
 19566	139.292
 19567	135.881
 19568	137.417
 19569	137.689
 19570	133.801
 19571	129.649
 19572	131.256
 19573	130.334
 19574	131.378
 19575	132.972
 19576	134.837
 19577	134.983
 19578	136.64
 19579	134.892
 19580	132.042
 19581	129.252
 19582	130.14
 19583	133.67
 19584	132.116
 19585	129.176
 19586	131.598
 19587	134.027
 19588	132.397
 19589	130.698
 19590	133.163
 19591	135.086
 19592	137.126
 19593	137.835
 19594	133.079
 19595	131.234
 19596	137.203
 19597	135.579
 19598	130.623
 19599	133.991
 19600	138.696
 19601	136.04
 19602	132.713
 19603	134.466
 19604	138.854
 19605	142.396
 19606	140.084
 19607	143.431
 19608	148.411
 19609	146.253
 19610	142.605
 19611	139.787
 19612	135.025
 19613	133.508
 19614	133.602
 19615	134.799
 19616	133.329
 19617	131.941
 19618	129.367
 19619	127.873
 19620	123.39
 19621	124.243
 19622	124.45
 19623	128.947
 19624	123.422
 19625	121.359
 19626	125.518
 19627	127.259
 19628	121.987
 19629	124.246
 19630	124.864
 19631	125.198
 19632	121.801
 19633	120.846
 19634	123.009
 19635	128.622
 19636	127.834
 19637	130.476
 19638	131.148
 19639	130.91
 19640	129.628
 19641	134.525
 19642	139.961
 19643	146.007
 19644	146.037
 19645	143.768
 19646	142.097
 19647	143.052
 19648	139.556
 19649	137.432
 19650	140.03
 19651	141.071
 19652	134.159
 19653	132.37
 19654	133.742
 19655	133.523
 19656	130.551
 19657	126.256
 19658	125.081
 19659	128.556
 19660	127.476
 19661	126.933
 19662	126.671
 19663	126.825
 19664	121.502
 19665	112.811
 19666	113.024
 19667	116.639
 19668	112.335
 19669	108.882
 19670	112.281
 19671	112.622
 19672	106.788
 19673	104.84
 19674	103.628
 19675	105.283
 19676	103.715
 19677	104.618
 19678	102.934
 19679	101.885
 19680	106.594
 19681	107.346
 19682	106.297
 19683	106.087
 19684	108.884
 19685	115.613
 19686	113.137
 19687	109.642
 19688	115.245
 19689	117.921
 19690	108.746
 19691	108.669
 19692	113.438
 19693	118.112
 19694	121.074
 19695	122.685
 19696	121.834
 19697	122.248
 19698	124.604
 19699	127.397
 19700	125.739
 19701	126.21
 19702	131.651
 19703	136.803
 19704	136.281
 19705	138.139
 19706	140.54
 19707	140.263
 19708	137.868
 19709	135.204
 19710	139.35
 19711	138.346
 19712	132.746
 19713	124.32
 19714	118.895
 19715	116.77
 19716	114.07
 19717	112.076
 19718	114.748
 19719	109.221
 19720	105.263
 19721	110.972
 19722	107.87
 19723	101.252
 19724	102.562
 19725	105.17
 19726	103.587
 19727	103.68
 19728	109.297
 19729	110.45
 19730	107.146
 19731	105.034
 19732	108.182
 19733	112.432
 19734	108.975
 19735	107.929
 19736	116.654
 19737	120.626
 19738	119.219
 19739	126.47
 19740	127.776
 19741	126.096
 19742	128.045
 19743	128.324
 19744	128.237
 19745	133.886
 19746	136.808
 19747	132.882
 19748	127.44
 19749	133.542
 19750	136.91
 19751	128.471
 19752	119.28
 19753	122.794
 19754	119.473
 19755	112.688
 19756	114.545
 19757	116.37
 19758	113.913
 19759	114.87
 19760	114.337
 19761	113.894
 19762	110.027
 19763	115.863
 19764	119.478
 19765	113.44
 19766	108.946
 19767	114.563
 19768	120.176
 19769	114.114
 19770	107.974
 19771	112.281
 19772	113.716
 19773	105.705
 19774	108.86
 19775	118.628
 19776	115.745
 19777	114.554
 19778	118.871
 19779	119.886
 19780	123.432
 19781	126.815
 19782	127.62
 19783	129.749
 19784	134.672
 19785	135.921
 19786	139.438
 19787	142.088
 19788	143.562
 19789	142.259
 19790	141.709
 19791	137.439
 19792	136.968
 19793	135.878
 19794	136.647
 19795	134.252
 19796	124.524
 19797	119.29
 19798	121.053
 19799	118.177
 19800	120.625
 19801	127.395
 19802	127.992
 19803	122.121
 19804	124.654
 19805	123.379
 19806	120.925
 19807	121.831
 19808	120.718
 19809	121.913
 19810	126.378
 19811	128.38
 19812	122.188
 19813	121.637
 19814	128.361
 19815	122.009
 19816	116.641
 19817	117.804
 19818	115.042
 19819	116.205
 19820	118.855
 19821	115.15
 19822	114.418
 19823	114.643
 19824	109.616
 19825	109.8
 19826	111.548
 19827	113.793
 19828	117.056
 19829	112.464
 19830	107.799
 19831	113.203
 19832	114.746
 19833	113.719
 19834	119.699
 19835	122.784
 19836	121.893
 19837	123.806
 19838	129.456
 19839	130.211
 19840	132.117
 19841	133.041
 19842	130.389
 19843	129.313
 19844	127.156
 19845	126.159
 19846	130.075
 19847	132.399
 19848	131.067
 19849	124.948
 19850	121.044
 19851	121.908
 19852	122.252
 19853	122.61
 19854	125.883
 19855	126.964
 19856	127.093
 19857	131.785
 19858	135.631
 19859	137.53
 19860	137.885
 19861	139.62
 19862	138.775
 19863	137.833
 19864	138.992
 19865	136.915
 19866	133.529
 19867	133.539
 19868	128.765
 19869	123.126
 19870	122.89
 19871	123.222
 19872	123.258
 19873	123.159
 19874	121.871
 19875	123.325
 19876	119.477
 19877	120.022
 19878	126.147
 19879	127.807
 19880	124.619
 19881	128.457
 19882	129.357
 19883	126.651
 19884	129.619
 19885	133.639
 19886	137.048
 19887	137.941
 19888	133.055
 19889	133.622
 19890	134.008
 19891	134.955
 19892	138.608
 19893	136.325
 19894	133.559
 19895	134.616
 19896	131.329
 19897	127.54
 19898	132.722
 19899	134.598
 19900	127.44
 19901	121.59
 19902	126.681
 19903	128.441
 19904	122.348
 19905	122.199
 19906	125.689
 19907	123.756
 19908	122.701
 19909	118.447
 19910	117.042
 19911	118.705
 19912	115.522
 19913	108.168
 19914	109.222
 19915	114.546
 19916	117.254
 19917	109.759
 19918	106.405
 19919	110.418
 19920	112.457
 19921	107.801
 19922	110.43
 19923	112.895
 19924	119.109
 19925	117.106
 19926	107.196
 19927	112.862
 19928	122.229
 19929	116.227
 19930	110.466
 19931	108.511
 19932	114.241
 19933	117.792
 19934	116.474
 19935	120.407
 19936	123.337
 19937	123.227
 19938	124.191
 19939	123.934
 19940	128.954
 19941	131.416
 19942	127.211
 19943	121.814
 19944	122.546
 19945	126.02
 19946	128.039
 19947	125.83
 19948	120.832
 19949	119.094
 19950	114.126
 19951	108.699
 19952	106.127
 19953	108.971
 19954	114.478
 19955	111.025
 19956	108.49
 19957	111.075
 19958	110.186
 19959	113.497
 19960	114.186
 19961	115.96
 19962	119.544
 19963	119.8
 19964	116.386
 19965	121.291
 19966	120.199
 19967	121.23
 19968	123.49
 19969	127.991
 19970	126.252
 19971	124.113
 19972	122.18
 19973	119.585
 19974	117.987
 19975	121.643
 19976	121.859
 19977	113.742
 19978	108.964
 19979	112.351
 19980	111.701
 19981	113.888
 19982	115.225
 19983	120.896
 19984	123.093
 19985	119.396
 19986	119.166
 19987	121.177
 19988	124.526
 19989	127.632
 19990	122.561
 19991	121.245
 19992	130.197
 19993	134.716
 19994	137.785
 19995	138.27
 19996	135.85
 19997	135.614
 19998	132.473
 19999	128.37
 20000	129.961
 20001	130.765
 20002	128.949
 20003	129.469
 20004	120.556
 20005	114.469
 20006	116.619
 20007	118.371
 20008	117.995
 20009	114.495
 20010	115.834
 20011	116.356
 20012	109.299
 20013	107.78
 20014	105.828
 20015	110.339
 20016	106.889
 20017	109.042
 20018	113.559
 20019	114.69
 20020	114.433
 20021	112.069
 20022	111.128
 20023	113.715
 20024	115.444
 20025	117.691
 20026	107.412
 20027	104.989
 20028	108.297
 20029	109.342
 20030	110.206
 20031	117.288
 20032	123.605
 20033	117.782
 20034	112.342
 20035	118.86
 20036	123.088
 20037	127.332
 20038	129.997
 20039	129.253
 20040	125.028
 20041	127.725
 20042	129.612
 20043	123.573
 20044	123.559
 20045	133.866
 20046	133.154
 20047	126.011
 20048	129.719
 20049	137.721
 20050	132.727
 20051	124.827
 20052	123.237
 20053	124.009
 20054	122.311
 20055	123.692
 20056	129.693
 20057	126.612
 20058	122.175
 20059	121.558
 20060	117.916
 20061	116.308
 20062	118.157
 20063	115.462
 20064	113.269
 20065	113.488
 20066	114.583
 20067	109.836
 20068	108.211
 20069	104.671
 20070	104.145
 20071	102.788
 20072	102.181
 20073	107.804
 20074	109.747
 20075	99.6036
 20076	98.9057
 20077	103.859
 20078	105.3
 20079	98.5957
 20080	98.4986
 20081	105.975
 20082	115.367
 20083	116.648
 20084	113.63
 20085	114.922
 20086	120.518
 20087	114.303
 20088	115.954
 20089	120.095
 20090	123.746
 20091	126.303
 20092	124.768
 20093	122.118
 20094	123.959
 20095	129.388
 20096	133.255
 20097	132.831
 20098	131.136
 20099	133.571
 20100	136.558
 20101	132.128
 20102	127.868
 20103	134.053
 20104	134.732
 20105	129.11
 20106	127.142
 20107	124.334
 20108	126.667
 20109	134.207
 20110	134.901
 20111	135.521
 20112	137.139
 20113	139.006
 20114	138.171
 20115	132.316
 20116	132.173
 20117	137.83
 20118	134.901
 20119	127.505
 20120	126.661
 20121	128.042
 20122	129.93
 20123	128.153
 20124	132.25
 20125	133.239
 20126	125.579
 20127	120.787
 20128	117.207
 20129	115.384
 20130	115.503
 20131	114.198
 20132	115.113
 20133	113.854
 20134	115.352
 20135	115.669
 20136	118.414
 20137	118.315
 20138	118.247
 20139	112.271
 20140	108.741
 20141	112.28
 20142	114.401
 20143	113.717
 20144	117.568
 20145	117.494
 20146	117.834
 20147	116.408
 20148	119.492
 20149	119.055
 20150	115.709
 20151	108.751
 20152	110.863
 20153	108.592
 20154	101.284
 20155	100.859
 20156	104.252
 20157	99.2174
 20158	100.835
 20159	104.918
 20160	104.907
 20161	101.818
 20162	101.553
 20163	100.247
 20164	104.367
 20165	104.507
 20166	107.791
 20167	107.167
 20168	107.298
 20169	107.214
 20170	110.914
 20171	110.056
 20172	116.52
 20173	120.924
 20174	116.587
 20175	113.729
 20176	113.377
 20177	114.076
 20178	116.847
 20179	116.792
 20180	122.355
 20181	122.52
 20182	124.293
 20183	125.043
 20184	124.691
 20185	122.896
 20186	126.203
 20187	127.909
 20188	125.174
 20189	126.767
 20190	134.243
 20191	134.459
 20192	130.368
 20193	135.877
 20194	139.35
 20195	134.565
 20196	133.305
 20197	137.011
 20198	137.909
 20199	128.874
 20200	128.414
 20201	130.188
 20202	126.368
 20203	123.53
 20204	128.255
 20205	133.781
 20206	137.138
 20207	138.268
 20208	136.148
 20209	127.121
 20210	123.071
 20211	125.539
 20212	126.587
 20213	126.359
 20214	128.13
 20215	129.133
 20216	125.61
 20217	121.655
 20218	127.228
 20219	133.306
 20220	132.276
 20221	122.33
 20222	123.46
 20223	130.782
 20224	128.373
 20225	131.484
 20226	137.947
 20227	139.074
 20228	136.98
 20229	137.214
 20230	137.775
 20231	139.957
 20232	141.675
 20233	144.527
 20234	142.242
 20235	133.818
 20236	137.401
 20237	140.95
 20238	143.19
 20239	145.833
 20240	150.646
 20241	154.325
 20242	144.285
 20243	134.367
 20244	134.887
 20245	130.902
 20246	123.95
 20247	120.976
 20248	121.856
 20249	121.36
 20250	116.522
 20251	117.573
 20252	120.816
 20253	119.287
 20254	118.497
 20255	120.739
 20256	121.185
 20257	118.967
 20258	122.702
 20259	131.028
 20260	135.333
 20261	138.939
 20262	144.903
 20263	143.727
 20264	138.654
 20265	138.852
 20266	140.281
 20267	145.791
 20268	147.252
 20269	141.357
 20270	141.606
 20271	141.662
 20272	133.959
 20273	129.626
 20274	134.975
 20275	142.185
 20276	139.788
 20277	140.496
 20278	143.366
 20279	140.434
 20280	135.622
 20281	137.529
 20282	139.354
 20283	138.137
 20284	136.949
 20285	139.072
 20286	137.111
 20287	139.066
 20288	143.353
 20289	139.384
 20290	129.911
 20291	130.899
 20292	130.072
 20293	123.618
 20294	127.187
 20295	140.2
 20296	142.241
 20297	129.269
 20298	124.039
 20299	127.001
 20300	124.915
 20301	125.816
 20302	130.302
 20303	132.23
 20304	125.226
 20305	117.627
 20306	116.736
 20307	119.374
 20308	120.619
 20309	127.597
 20310	130.264
 20311	129.739
 20312	135.163
 20313	140.089
 20314	141.415
 20315	142.216
 20316	142.849
 20317	144.371
 20318	142.464
 20319	138.121
 20320	140.812
 20321	147.471
 20322	145.892
 20323	147.214
 20324	148.552
 20325	142.959
 20326	134.988
 20327	132.088
 20328	136.5
 20329	134.975
 20330	134.244
 20331	137.583
 20332	137.785
 20333	139.067
 20334	134.417
 20335	128.726
 20336	130.444
 20337	137.698
 20338	140.06
 20339	138.899
 20340	135.495
 20341	137.061
 20342	138.756
 20343	132.893
 20344	129.572
 20345	130.496
 20346	128.496
 20347	125.403
 20348	121.744
 20349	126.201
 20350	130.403
 20351	124.508
 20352	116.603
 20353	112.575
 20354	114.259
 20355	117.77
 20356	116.08
 20357	122.01
 20358	126.501
 20359	122.87
 20360	115.137
 20361	113.618
 20362	120.131
 20363	120.347
 20364	118.403
 20365	121.637
 20366	127.885
 20367	129.379
 20368	125.359
 20369	127.136
 20370	132.63
 20371	135.369
 20372	133.014
 20373	125.736
 20374	120.969
 20375	126.976
 20376	128.996
 20377	119.786
 20378	125.471
 20379	134.112
 20380	125.028
 20381	120.118
 20382	123.955
 20383	128.511
 20384	129.354
 20385	125.558
 20386	122.351
 20387	121.827
 20388	120.705
 20389	116.857
 20390	115.142
 20391	120.657
 20392	128.587
 20393	120.612
 20394	107.248
 20395	113.127
 20396	120.85
 20397	115.741
 20398	116.554
 20399	120.04
 20400	120.226
 20401	118.134
 20402	114.342
 20403	111.21
 20404	117.074
 20405	129.92
 20406	123.267
 20407	112.243
 20408	118.375
 20409	125.069
 20410	121.311
 20411	120.324
 20412	126.428
 20413	131.56
 20414	125.178
 20415	117.452
 20416	117.972
 20417	124.557
 20418	123.061
 20419	122.497
 20420	122.391
 20421	122.861
 20422	122.603
 20423	119.347
 20424	120.178
 20425	127.243
 20426	130.179
 20427	124.302
 20428	118.955
 20429	123.985
 20430	126.785
 20431	123.029
 20432	122.633
 20433	125.111
 20434	125.834
 20435	123.702
 20436	116.942
 20437	119.531
 20438	123.008
 20439	119.124
 20440	114.21
 20441	120.103
 20442	119.794
 20443	119.742
 20444	124.546
 20445	128.03
 20446	128.134
 20447	127.191
 20448	129.344
 20449	129.766
 20450	124.17
 20451	125.918
 20452	130.252
 20453	130.668
 20454	128.743
 20455	137.623
 20456	142.53
 20457	137.766
 20458	137.561
 20459	142.483
 20460	141.977
 20461	140.318
 20462	140.798
 20463	146.043
 20464	146.297
 20465	141.555
 20466	134.119
 20467	132.124
 20468	137.178
 20469	140.975
 20470	139.057
 20471	137.531
 20472	137.017
 20473	134.742
 20474	132.726
 20475	135.39
 20476	136.822
 20477	139.556
 20478	146.042
 20479	148.845
 20480	145.117
 20481	143.465
 20482	147.008
 20483	143.319
 20484	130.163
 20485	124.677
 20486	129.055
 20487	134.5
 20488	127.964
 20489	125.84
 20490	128.397
 20491	122.955
 20492	114.423
 20493	120.625
 20494	126.978
 20495	121.769
 20496	118.581
 20497	121.189
 20498	115.705
 20499	112.792
 20500	111.123
 20501	115.765
 20502	113.718
 20503	109.761
 20504	116.505
 20505	122.815
 20506	116.134
 20507	118.8
 20508	124.173
 20509	118.474
 20510	112.826
 20511	120.422
 20512	124.821
 20513	121.433
 20514	117.963
 20515	125.337
 20516	129.878
 20517	121.316
 20518	122.228
 20519	129.094
 20520	127.254
 20521	123.057
 20522	124.88
 20523	133.294
 20524	133.033
 20525	127.28
 20526	132.197
 20527	135.131
 20528	139.284
 20529	148.762
 20530	153.674
 20531	149.356
 20532	148.746
 20533	150.6
 20534	152.187
 20535	151.401
 20536	156.083
 20537	159.43
 20538	156.03
 20539	152.258
 20540	153.66
 20541	157.985
 20542	161.578
 20543	156.785
 20544	154.498
 20545	156.701
 20546	155.755
 20547	150.11
 20548	150.799
 20549	155.22
 20550	155.025
 20551	146.226
 20552	142.243
 20553	141.741
 20554	143.547
 20555	143.855
 20556	144.805
 20557	145.102
 20558	144.451
 20559	141.908
 20560	141.276
 20561	144.246
 20562	149.757
 20563	152.249
 20564	151.829
 20565	154.348
 20566	154.447
 20567	148.275
 20568	146.891
 20569	151.332
 20570	152.24
 20571	152.216
 20572	151.803
 20573	149.358
 20574	149.302
 20575	154.228
 20576	151.373
 20577	144.502
 20578	142.141
 20579	146.655
 20580	145.017
 20581	142.887
 20582	146.029
 20583	147.193
 20584	143.395
 20585	141.21
 20586	139.147
 20587	138.935
 20588	135.739
 20589	133.144
 20590	132.306
 20591	130.06
 20592	131.679
 20593	132.464
 20594	128.825
 20595	134.583
 20596	141.562
 20597	143.281
 20598	142.415
 20599	146.642
 20600	151.317
 20601	151.565
 20602	148.091
 20603	149.867
 20604	153.607
 20605	155.031
 20606	151.389
 20607	147.477
 20608	147.311
 20609	149.263
 20610	145.514
 20611	138.449
 20612	136.568
 20613	142.311
 20614	140.801
 20615	133.143
 20616	128.969
 20617	127.757
 20618	126.547
 20619	127.315
 20620	125.964
 20621	121.408
 20622	125.534
 20623	123.538
 20624	117.395
 20625	116.613
 20626	118.194
 20627	120.245
 20628	114.831
 20629	114.942
 20630	121.187
 20631	116.637
 20632	113.187
 20633	115.055
 20634	119.845
 20635	117.334
 20636	115.249
 20637	118.787
 20638	122.773
 20639	115.361
 20640	114.258
 20641	121.085
 20642	118.999
 20643	115.627
 20644	117.655
 20645	121.921
 20646	125.291
 20647	123.219
 20648	123.208
 20649	124.444
 20650	127.209
 20651	128.826
 20652	127.654
 20653	125.271
 20654	128.302
 20655	125.556
 20656	118.042
 20657	119.595
 20658	121.138
 20659	121.493
 20660	114.414
 20661	114.029
 20662	118.546
 20663	119.317
 20664	116.627
 20665	115.822
 20666	115.885
 20667	116.749
 20668	118.147
 20669	117.457
 20670	123.367
 20671	128.659
 20672	125.267
 20673	125.334
 20674	125.836
 20675	126.363
 20676	127.62
 20677	124.203
 20678	119.908
 20679	121.179
 20680	121.071
 20681	117.521
 20682	119.386
 20683	125.51
 20684	126.421
 20685	124.73
 20686	125.636
 20687	131.871
 20688	130.223
 20689	123.882
 20690	126.122
 20691	130.837
 20692	131.503
 20693	137.286
 20694	143.722
 20695	141.238
 20696	136.393
 20697	137.381
 20698	133.8
 20699	133.679
 20700	137.604
 20701	145.311
 20702	144.08
 20703	139.186
 20704	140.896
 20705	140.89
 20706	135.533
 20707	136.376
 20708	140.702
 20709	143.269
 20710	141.707
 20711	138.598
 20712	138.859
 20713	136.77
 20714	132.371
 20715	132.881
 20716	134.117
 20717	137.421
 20718	141.486
 20719	143.12
 20720	143.389
 20721	142.97
 20722	140.908
 20723	140.128
 20724	141.804
 20725	139.553
 20726	140.644
 20727	141.547
 20728	139.844
 20729	138.757
 20730	136.45
 20731	130.587
 20732	129.596
 20733	128.691
 20734	126.287
 20735	126.531
 20736	125.062
 20737	121.77
 20738	121.277
 20739	116.665
 20740	116.113
 20741	120.871
 20742	115.617
 20743	111.418
 20744	113.652
 20745	107.648
 20746	106.798
 20747	108.578
 20748	107.695
 20749	112.654
 20750	109.848
 20751	106.898
 20752	111.477
 20753	112.261
 20754	109.925
 20755	110.529
 20756	108.242
 20757	107.838
 20758	107.365
 20759	110.344
 20760	110.886
 20761	109.423
 20762	113.393
 20763	113.642
 20764	113.024
 20765	118.13
 20766	123.128
 20767	122.405
 20768	117.974
 20769	120.278
 20770	124.19
 20771	127.11
 20772	126.283
 20773	132.736
 20774	132.824
 20775	130.225
 20776	130.311
 20777	130.571
 20778	130.977
 20779	134.709
 20780	131.881
 20781	133.109
 20782	138.26
 20783	141.465
 20784	141.28
 20785	143.174
 20786	144.994
 20787	140.033
 20788	136.582
 20789	142.578
 20790	140.139
 20791	135.588
 20792	135.116
 20793	136.476
 20794	132.754
 20795	130.995
 20796	135.773
 20797	138.125
 20798	132.706
 20799	130.708
 20800	133.091
 20801	132.438
 20802	132.37
 20803	132.414
 20804	132.956
 20805	135.111
 20806	131.161
 20807	129.407
 20808	130.489
 20809	129.506
 20810	129.389
 20811	130.209
 20812	126.394
 20813	123.812
 20814	119.489
 20815	118.145
 20816	116.153
 20817	107.02
 20818	107.721
 20819	116.166
 20820	112.275
 20821	107.081
 20822	114.615
 20823	116.463
 20824	106.563
 20825	107.215
 20826	111.227
 20827	109.984
 20828	103.634
 20829	103.906
 20830	108.641
 20831	104.223
 20832	106.15
 20833	111.132
 20834	114.22
 20835	110.117
 20836	109.057
 20837	112.04
 20838	110.577
 20839	109.694
 20840	112.838
 20841	109.364
 20842	106.34
 20843	108.401
 20844	105.827
 20845	108.911
 20846	112.896
 20847	114.643
 20848	115.421
 20849	118.618
 20850	114.901
 20851	114.818
 20852	115.704
 20853	114.674
 20854	111.581
 20855	111.393
 20856	111.248
 20857	111.25
 20858	113.903
 20859	119.792
 20860	119.363
 20861	121.862
 20862	119.852
 20863	118.728
 20864	113.526
 20865	114.189
 20866	117.163
 20867	116.899
 20868	115.405
 20869	121.213
 20870	121.786
 20871	115.005
 20872	112.363
 20873	116.262
 20874	114.658
 20875	115.645
 20876	115.069
 20877	109.94
 20878	109.967
 20879	114.058
 20880	110.816
 20881	112.022
 20882	116.245
 20883	125.012
 20884	123.867
 20885	125.287
 20886	126.458
 20887	123.614
 20888	124.919
 20889	126.435
 20890	122.656
 20891	126.374
 20892	129.968
 20893	130.415
 20894	130.651
 20895	134.19
 20896	132.783
 20897	132.47
 20898	126.053
 20899	125.639
 20900	127.091
 20901	127.607
 20902	122.623
 20903	120.286
 20904	125.229
 20905	127.122
 20906	123.473
 20907	120.488
 20908	123.522
 20909	130.534
 20910	126.605
 20911	117.758
 20912	121.728
 20913	127.35
 20914	124.518
 20915	122.879
 20916	124.742
 20917	122.541
 20918	122.825
 20919	119.282
 20920	112.855
 20921	111.492
 20922	117.226
 20923	115.838
 20924	113.756
 20925	117.145
 20926	124.137
 20927	122.075
 20928	114.729
 20929	117.527
 20930	127.45
 20931	128.985
 20932	125.26
 20933	128.129
 20934	133.712
 20935	132.213
 20936	135.038
 20937	134.182
 20938	128.72
 20939	131.738
 20940	132.633
 20941	131.326
 20942	129.241
 20943	130.671
 20944	129.526
 20945	124.989
 20946	119.028
 20947	119.482
 20948	120.525
 20949	119.662
 20950	117.901
 20951	118.097
 20952	119.422
 20953	120.001
 20954	115.043
 20955	112.826
 20956	113.96
 20957	117.072
 20958	118.736
 20959	118.676
 20960	116.645
 20961	121.576
 20962	119.406
 20963	119.376
 20964	116.69
 20965	120.758
 20966	124.199
 20967	114.506
 20968	109.739
 20969	114.074
 20970	114.137
 20971	112.131
 20972	118.005
 20973	123.699
 20974	120.319
 20975	120.012
 20976	120.627
 20977	124.254
 20978	120.577
 20979	122.857
 20980	129.192
 20981	131.607
 20982	124.626
 20983	120.902
 20984	127.316
 20985	132.511
 20986	127.212
 20987	124.909
 20988	127.692
 20989	126.072
 20990	120.291
 20991	119.398
 20992	123.148
 20993	125.549
 20994	116.329
 20995	116.849
 20996	120.221
 20997	116.279
 20998	109.71
 20999	115.392
 21000	112.726
 21001	109.019
 21002	111.298
 21003	116.574
 21004	113.772
 21005	108.496
 21006	113.93
 21007	117.312
 21008	108.691
 21009	109.069
 21010	113.349
 21011	112.111
 21012	104.091
 21013	109.467
 21014	112.029
 21015	106.961
 21016	105.948
 21017	110.305
 21018	102.562
 21019	104.035
 21020	114.244
 21021	119.459
 21022	119.808
 21023	118.054
 21024	118.591
 21025	123.56
 21026	118.943
 21027	117.775
 21028	126.584
 21029	129.148
 21030	123.418
 21031	123.598
 21032	123.056
 21033	122.738
 21034	118.355
 21035	119.241
 21036	120.507
 21037	115.133
 21038	116.808
 21039	125.683
 21040	122.516
 21041	119.33
 21042	124.433
 21043	126.639
 21044	116.516
 21045	113.18
 21046	124.566
 21047	128.534
 21048	115.954
 21049	115.636
 21050	124.224
 21051	124.163
 21052	115.669
 21053	117.677
 21054	121.584
 21055	119.414
 21056	118.799
 21057	121.427
 21058	122.026
 21059	120.753
 21060	116.409
 21061	114.152
 21062	109.754
 21063	107.015
 21064	109.825
 21065	114.931
 21066	105.87
 21067	105.508
 21068	109.841
 21069	106.997
 21070	105.591
 21071	104.458
 21072	107.496
 21073	108.565
 21074	102.934
 21075	102.585
 21076	109.127
 21077	106.368
 21078	96.0007
 21079	106.183
 21080	110.789
 21081	102.568
 21082	100.646
 21083	112.33
 21084	109.391
 21085	103.522
 21086	104.049
 21087	111.286
 21088	112.315
 21089	111.801
 21090	115.281
 21091	123.424
 21092	120.127
 21093	117.016
 21094	123.725
 21095	122.861
 21096	119.903
 21097	126.939
 21098	124.077
 21099	119.736
 21100	122.636
 21101	123.582
 21102	118.607
 21103	113.491
 21104	112.304
 21105	113.716
 21106	105.643
 21107	100.159
 21108	114.366
 21109	118.136
 21110	106.921
 21111	103.759
 21112	121.139
 21113	122.542
 21114	112.048
 21115	120.487
 21116	128.306
 21117	122.501
 21118	119.585
 21119	121.943
 21120	123.057
 21121	120.315
 21122	113.503
 21123	116.789
 21124	116.048
 21125	111.963
 21126	115.924
 21127	118.731
 21128	112.697
 21129	117.113
 21130	123.962
 21131	122.379
 21132	116.652
 21133	124.729
 21134	125.384
 21135	121.586
 21136	120.553
 21137	124.522
 21138	123.729
 21139	117.937
 21140	113.192
 21141	122.147
 21142	120.839
 21143	116.063
 21144	117.527
 21145	123.358
 21146	118.292
 21147	115.218
 21148	122.205
 21149	133.071
 21150	134.962
 21151	133.82
 21152	137.836
 21153	138.386
 21154	135.208
 21155	138.483
 21156	142.928
 21157	139.174
 21158	134.782
 21159	142.715
 21160	144.801
 21161	130.939
 21162	126.985
 21163	128.288
 21164	125.118
 21165	119.314
 21166	119.353
 21167	122.659
 21168	123.18
 21169	117.307
 21170	116.163
 21171	117.616
 21172	113.83
 21173	113.096
 21174	118.048
 21175	111.384
 21176	103.845
 21177	109.945
 21178	117.661
 21179	115.778
 21180	110.63
 21181	106.926
 21182	113
 21183	114.646
 21184	114.767
 21185	122.664
 21186	129.142
 21187	120.516
 21188	113.925
 21189	123.418
 21190	126.36
 21191	119.823
 21192	122.683
 21193	128.614
 21194	122.916
 21195	115.983
 21196	116.49
 21197	116.035
 21198	105.907
 21199	99.0927
 21200	108.895
 21201	119.208
 21202	117.571
 21203	117.125
 21204	121.961
 21205	116.965
 21206	114.022
 21207	119.281
 21208	118.897
 21209	120.778
 21210	124.401
 21211	125.937
 21212	127.05
 21213	119.562
 21214	115.175
 21215	126.234
 21216	129.249
 21217	124.596
 21218	128.98
 21219	130.325
 21220	130.526
 21221	128.801
 21222	130.143
 21223	130.155
 21224	129.127
 21225	128.899
 21226	129.192
 21227	126.287
 21228	128.593
 21229	128.23
 21230	127.456
 21231	126.318
 21232	130.117
 21233	129.951
 21234	128.094
 21235	125.517
 21236	135.732
 21237	138.105
 21238	133.062
 21239	130.264
 21240	131.63
 21241	128.621
 21242	126.399
 21243	128.544
 21244	130.861
 21245	127.711
 21246	123.079
 21247	120.969
 21248	121.462
 21249	120.936
 21250	127.053
 21251	128.985
 21252	132.74
 21253	131.737
 21254	133.88
 21255	138.592
 21256	133.041
 21257	130.678
 21258	140.336
 21259	139.548
 21260	136.107
 21261	134.395
 21262	134.94
 21263	131.106
 21264	125.983
 21265	127.449
 21266	130.611
 21267	130.28
 21268	129.266
 21269	129.323
 21270	127.311
 21271	126.41
 21272	129.34
 21273	129.178
 21274	122.881
 21275	120.051
 21276	129.044
 21277	129.486
 21278	127.469
 21279	132.176
 21280	134.566
 21281	130.925
 21282	130.392
 21283	132.711
 21284	135.882
 21285	135.362
 21286	133.756
 21287	139.972
 21288	137.315
 21289	132.846
 21290	135.791
 21291	135.203
 21292	126.538
 21293	127.48
 21294	133.548
 21295	129.94
 21296	128.882
 21297	135.573
 21298	135.337
 21299	130.932
 21300	126.318
 21301	128.95
 21302	135.089
 21303	134.721
 21304	126.605
 21305	128.864
 21306	131.208
 21307	127.222
 21308	126.766
 21309	132.598
 21310	136.38
 21311	134.898
 21312	135.22
 21313	138.287
 21314	135.01
 21315	130.669
 21316	132.294
 21317	127.966
 21318	124.343
 21319	129.103
 21320	128.763
 21321	125.456
 21322	129.148
 21323	132.058
 21324	123.357
 21325	127.739
 21326	142.243
 21327	139.332
 21328	127.242
 21329	127.942
 21330	132.601
 21331	130.598
 21332	126.538
 21333	128.336
 21334	137.524
 21335	135.62
 21336	125.863
 21337	127.343
 21338	132.496
 21339	130.462
 21340	125.41
 21341	126.921
 21342	125.138
 21343	130.209
 21344	136.228
 21345	133.52
 21346	130.52
 21347	129.225
 21348	125.213
 21349	124.584
 21350	126.634
 21351	131.563
 21352	133.624
 21353	131.542
 21354	131.604
 21355	137.048
 21356	134.8
 21357	134.87
 21358	138.776
 21359	144.088
 21360	144.939
 21361	148.042
 21362	149.265
 21363	146.803
 21364	144.088
 21365	148.369
 21366	155.884
 21367	157.921
 21368	161.402
 21369	163.229
 21370	162.842
 21371	164.355
 21372	164.725
 21373	170.091
 21374	173.56
 21375	175.982
 21376	177.237
 21377	177.761
 21378	171.569
 21379	174.756
 21380	-177.565
 21381	178.844
 21382	165.413
 21383	162.318
 21384	165.256
 21385	162.544
 21386	161.231
 21387	160.921
 21388	162.301
 21389	158.498
 21390	153.456
 21391	147.544
 21392	147.421
 21393	147.754
 21394	142.559
 21395	136.709
 21396	135.419
 21397	134.794
 21398	135.309
 21399	132.644
 21400	136.035
 21401	139.089
 21402	136.776
 21403	130.936
 21404	131.643
 21405	130.541
 21406	128.057
 21407	125.887
 21408	126.222
 21409	127.854
 21410	122.396
 21411	117.004
 21412	117.753
 21413	120.269
 21414	120.3
 21415	118.713
 21416	120.89
 21417	124.689
 21418	123.836
 21419	125.26
 21420	128.235
 21421	127.059
 21422	130.409
 21423	130.937
 21424	129.901
 21425	133.589
 21426	135.67
 21427	126.253
 21428	117.66
 21429	118.08
 21430	120.085
 21431	110.113
 21432	109.898
 21433	113.861
 21434	113.409
 21435	111.265
 21436	116.202
 21437	119.254
 21438	120.621
 21439	122.872
 21440	122.514
 21441	125.149
 21442	127.828
 21443	131.981
 21444	134.387
 21445	135.684
 21446	139.409
 21447	142.767
 21448	142.244
 21449	146.699
 21450	149.352
 21451	148.677
 21452	151.192
 21453	151.641
 21454	148.774
 21455	150.056
 21456	151.38
 21457	151.998
 21458	151.057
 21459	153.098
 21460	154.552
 21461	151.289
 21462	150.679
 21463	155.143
 21464	154.624
 21465	155.632
 21466	156.135
 21467	152.194
 21468	151.298
 21469	149.616
 21470	148.145
 21471	143.248
 21472	142.356
 21473	144.37
 21474	141.676
 21475	135.379
 21476	136.581
 21477	138.198
 21478	140.641
 21479	139.866
 21480	138.219
 21481	138.39
 21482	142.186
 21483	138.805
 21484	135.449
 21485	134.667
 21486	136.457
 21487	136.015
 21488	135.434
 21489	134.247
 21490	137.74
 21491	136.399
 21492	133.527
 21493	134.008
 21494	136.245
 21495	133.082
 21496	133.213
 21497	131.166
 21498	128.208
 21499	129.971
 21500	130.832
 21501	129.271
 21502	128.546
 21503	125.276
 21504	127.889
 21505	135.266
 21506	135.06
 21507	130.178
 21508	135.658
 21509	139.428
 21510	134.499
 21511	136.767
 21512	141.295
 21513	141.612
 21514	142.065
 21515	141.998
 21516	141.544
 21517	141.3
 21518	143.35
 21519	145.635
 21520	142.569
 21521	141.906
 21522	144.718
 21523	145.53
 21524	141.787
 21525	144.92
 21526	152.46
 21527	150.476
 21528	144.943
 21529	146.045
 21530	147.689
 21531	143.979
 21532	146.415
 21533	149.133
 21534	149.878
 21535	149.123
 21536	151.049
 21537	156.017
 21538	154.856
 21539	150.757
 21540	152.157
 21541	153.551
 21542	144.939
 21543	140.746
 21544	145.033
 21545	147.238
 21546	141.731
 21547	139.663
 21548	136.897
 21549	130.885
 21550	132.29
 21551	132.259
 21552	127.005
 21553	126.955
 21554	130.42
 21555	127.266
 21556	124.528
 21557	128.058
 21558	133.593
 21559	131.631
 21560	123.794
 21561	127.916
 21562	133.614
 21563	131.562
 21564	126.918
 21565	130.045
 21566	131.113
 21567	125.746
 21568	127.692
 21569	132.858
 21570	131.025
 21571	130.282
 21572	134.545
 21573	134.862
 21574	133.575
 21575	139.398
 21576	144.538
 21577	143.99
 21578	138.284
 21579	140.212
 21580	143.224
 21581	138.496
 21582	136.486
 21583	139.169
 21584	138.575
 21585	136.381
 21586	136.807
 21587	134.404
 21588	130.515
 21589	134.014
 21590	136.508
 21591	136.515
 21592	137.075
 21593	140.914
 21594	141.262
 21595	138.443
 21596	136.918
 21597	135.169
 21598	135.081
 21599	134.564
 21600	133.948
 21601	134.235
 21602	134.337
 21603	134.982
 21604	136.344
 21605	132.084
 21606	129.141
 21607	132.858
 21608	133
 21609	131.698
 21610	128.508
 21611	132.47
 21612	133.87
 21613	124.374
 21614	130.212
 21615	146.084
 21616	144.418
 21617	138.56
 21618	141.575
 21619	144.058
 21620	144.836
 21621	144.118
 21622	149.374
 21623	151.503
 21624	151.705
 21625	153.073
 21626	146.865
 21627	145.066
 21628	155.991
 21629	161.932
 21630	155.538
 21631	153.735
 21632	159.815
 21633	164.327
 21634	158.525
 21635	157.075
 21636	166.372
 21637	172.435
 21638	168.918
 21639	162.421
 21640	159.932
 21641	166.804
 21642	168.239
 21643	158.972
 21644	152.309
 21645	153.454
 21646	154.903
 21647	147.796
 21648	139.853
 21649	147.254
 21650	158.034
 21651	156.053
 21652	151.147
 21653	154.383
 21654	159.696
 21655	157.121
 21656	155.302
 21657	160.339
 21658	163.686
 21659	162.059
 21660	159.123
 21661	153.934
 21662	151.578
 21663	156.236
 21664	158.098
 21665	154.891
 21666	152.287
 21667	148.595
 21668	142.008
 21669	137.725
 21670	140.095
 21671	143.745
 21672	144.914
 21673	142.955
 21674	137.573
 21675	132.615
 21676	131.834
 21677	132.104
 21678	131.895
 21679	129.045
 21680	128.604
 21681	128.338
 21682	128.014
 21683	131.855
 21684	135.319
 21685	132.06
 21686	131.202
 21687	131.647
 21688	133.591
 21689	135.576
 21690	138.207
 21691	137.93
 21692	136.214
 21693	135.87
 21694	140.369
 21695	139.003
 21696	134.463
 21697	132.756
 21698	130.841
 21699	133.292
 21700	137.071
 21701	135.885
 21702	137.265
 21703	138.537
 21704	139.386
 21705	142.072
 21706	143.672
 21707	146.992
 21708	148.519
 21709	145.233
 21710	144.245
 21711	144.027
 21712	138.384
 21713	140.098
 21714	146.38
 21715	144.609
 21716	136.162
 21717	131.61
 21718	132.216
 21719	127.439
 21720	127.027
 21721	132.835
 21722	129.731
 21723	121.706
 21724	121.848
 21725	127.176
 21726	131.004
 21727	125.716
 21728	128.162
 21729	132.787
 21730	128.766
 21731	127
 21732	129.111
 21733	128.985
 21734	132.971
 21735	135.878
 21736	134.893
 21737	137.802
 21738	145.537
 21739	143.881
 21740	140.335
 21741	144.596
 21742	149.917
 21743	146.548
 21744	142.02
 21745	148.205
 21746	159.99
 21747	155.131
 21748	144.37
 21749	146.482
 21750	146.153
 21751	134.851
 21752	138.024
 21753	147.964
 21754	145.776
 21755	144.485
 21756	149.965
 21757	148.16
 21758	145.005
 21759	141.506
 21760	141.028
 21761	143.764
 21762	139.694
 21763	136.758
 21764	137.499
 21765	131.546
 21766	122.294
 21767	123.116
 21768	126.841
 21769	123.54
 21770	121.583
 21771	124.71
 21772	124.296
 21773	122.552
 21774	127.488
 21775	126.708
 21776	121.661
 21777	120.715
 21778	123.231
 21779	126.279
 21780	123.338
 21781	123.176
 21782	130.989
 21783	126.984
 21784	120.364
 21785	124.924
 21786	118.231
 21787	112.447
 21788	119.603
 21789	123.402
 21790	124.129
 21791	126.236
 21792	129.214
 21793	130.211
 21794	131.701
 21795	137.093
 21796	142.978
 21797	149.562
 21798	149.738
 21799	145.714
 21800	143.879
 21801	145.559
 21802	142.589
 21803	144.135
 21804	143.111
 21805	139.426
 21806	135.448
 21807	127.264
 21808	124.091
 21809	128.644
 21810	131.049
 21811	131.875
 21812	130.617
 21813	130.538
 21814	132.945
 21815	132.417
 21816	136.546
 21817	143.732
 21818	146.524
 21819	144.383
 21820	141.368
 21821	142.035
 21822	142.634
 21823	144.132
 21824	146.339
 21825	145.203
 21826	143.03
 21827	144.53
 21828	142.662
 21829	140.431
 21830	141.664
 21831	139.473
 21832	138.621
 21833	137.63
 21834	132.153
 21835	130.973
 21836	127.501
 21837	126.616
 21838	129.781
 21839	130.676
 21840	128.736
 21841	131.86
 21842	132.294
 21843	128.951
 21844	130.384
 21845	138.294
 21846	140.495
 21847	139.773
 21848	137.773
 21849	130.92
 21850	128
 21851	135.815
 21852	139.97
 21853	138.688
 21854	139.056
 21855	139.465
 21856	131.495
 21857	123.053
 21858	127.482
 21859	137.074
 21860	133.38
 21861	124.376
 21862	128.138
 21863	128.642
 21864	121.272
 21865	119.275
 21866	125.657
 21867	127.411
 21868	127.537
 21869	133.304
 21870	132.932
 21871	126.007
 21872	123.893
 21873	126.612
 21874	124.061
 21875	119.17
 21876	120.239
 21877	125.832
 21878	122.171
 21879	115.735
 21880	114.159
 21881	116.835
 21882	118.554
 21883	116.437
 21884	120.387
 21885	126.901
 21886	125.425
 21887	122.753
 21888	125.034
 21889	125.138
 21890	127.453
 21891	130.265
 21892	129.664
 21893	125.842
 21894	128.669
 21895	134.586
 21896	139.187
 21897	137.503
 21898	140.508
 21899	141.344
 21900	136.788
 21901	134.377
 21902	139.257
 21903	139.476
 21904	134.926
 21905	136.607
 21906	145.383
 21907	145.227
 21908	142.138
 21909	142.431
 21910	144.297
 21911	139.418
 21912	139.095
 21913	139.6
 21914	140.255
 21915	138.008
 21916	135.706
 21917	142.668
 21918	148.046
 21919	145.304
 21920	142.099
 21921	143.793
 21922	149.625
 21923	149.766
 21924	148.105
 21925	153.892
 21926	159.746
 21927	156.676
 21928	147.507
 21929	144.965
 21930	149.708
 21931	151.421
 21932	149.119
 21933	150.843
 21934	152.169
 21935	148.265
 21936	144.36
 21937	143.434
 21938	141.316
 21939	141.768
 21940	139.945
 21941	139.454
 21942	136.67
 21943	140.413
 21944	143.966
 21945	142.315
 21946	139.151
 21947	143.562
 21948	148.792
 21949	149.025
 21950	147.657
 21951	153.633
 21952	155.684
 21953	154.278
 21954	149.874
 21955	151.738
 21956	154.724
 21957	156.179
 21958	153.444
 21959	154.645
 21960	158.243
 21961	157.047
 21962	148.049
 21963	145.711
 21964	150.254
 21965	152.753
 21966	151.059
 21967	152.718
 21968	153.654
 21969	153.545
 21970	153.559
 21971	153.023
 21972	153.894
 21973	151.024
 21974	146.52
 21975	147.708
 21976	151.929
 21977	151.933
 21978	152.506
 21979	153.327
 21980	150.046
 21981	149.187
 21982	151.505
 21983	148.839
 21984	145.715
 21985	150.17
 21986	149.136
 21987	142.572
 21988	143.192
 21989	148.73
 21990	145.95
 21991	142.634
 21992	142.287
 21993	146.039
 21994	145.085
 21995	143.47
 21996	142.217
 21997	145.598
 21998	145.189
 21999	139.941
 22000	132.386
 22001	130.189
 22002	129.858
 22003	127.96
 22004	125.1
 22005	129.044
 22006	136.154
 22007	134.855
 22008	128.65
 22009	127.794
 22010	129.63
 22011	127.449
 22012	127.739
 22013	128.564
 22014	130.301
 22015	129.673
 22016	128.842
 22017	130.288
 22018	132.479
 22019	131.827
 22020	126.724
 22021	121.172
 22022	119.637
 22023	120.566
 22024	122.45
 22025	120.469
 22026	122.424
 22027	120.712
 22028	118.294
 22029	115.915
 22030	114.946
 22031	113.23
 22032	114.36
 22033	116.155
 22034	114.87
 22035	113.416
 22036	114.465
 22037	114.1
 22038	113.955
 22039	116.879
 22040	122.534
 22041	125.818
 22042	127.84
 22043	125.718
 22044	127.712
 22045	127.287
 22046	127.722
 22047	132.606
 22048	134.737
 22049	135.619
 22050	136.977
 22051	138.247
 22052	140.146
 22053	138.181
 22054	133.693
 22055	131.226
 22056	133.355
 22057	135.895
 22058	136.039
 22059	134.568
 22060	138.089
 22061	139.317
 22062	138.023
 22063	137.08
 22064	139.848
 22065	140.71
 22066	136.149
 22067	132.161
 22068	135.47
 22069	141.55
 22070	143.061
 22071	144.47
 22072	144.137
 22073	142.596
 22074	150.693
 22075	154.225
 22076	148.881
 22077	144.375
 22078	147.226
 22079	144.749
 22080	142.093
 22081	144.849
 22082	149.681
 22083	146.578
 22084	141.582
 22085	140.995
 22086	147.21
 22087	147.332
 22088	141.182
 22089	139.715
 22090	139.768
 22091	135.843
 22092	135.444
 22093	134.345
 22094	129.28
 22095	131.021
 22096	133.43
 22097	121.467
 22098	118.479
 22099	125.976
 22100	127.442
 22101	124.632
 22102	124.587
 22103	125.964
 22104	129.201
 22105	128.337
 22106	122.731
 22107	130.381
 22108	137.264
 22109	135.346
 22110	135.851
 22111	136.45
 22112	136.162
 22113	140.232
 22114	144.517
 22115	136.38
 22116	135.731
 22117	139.405
 22118	143.14
 22119	143.259
 22120	139.97
 22121	135.99
 22122	136.688
 22123	135.18
 22124	132.004
 22125	137.362
 22126	140.408
 22127	133.625
 22128	127.056
 22129	127.341
 22130	132.775
 22131	136.446
 22132	140.015
 22133	135.492
 22134	130.856
 22135	127.823
 22136	136.297
 22137	145.965
 22138	142.623
 22139	136.985
 22140	141.181
 22141	141.59
 22142	134.809
 22143	135.355
 22144	135.345
 22145	133.135
 22146	133.081
 22147	136.743
 22148	143.089
 22149	146.705
 22150	147.926
 22151	147.763
 22152	149.778
 22153	149.843
 22154	153.753
 22155	158.363
 22156	155.057
 22157	151.71
 22158	155.154
 22159	155.613
 22160	150.803
 22161	150.164
 22162	149.348
 22163	145.112
 22164	140.215
 22165	138.382
 22166	146.394
 22167	151.247
 22168	154.357
 22169	155.212
 22170	153.025
 22171	149.768
 22172	151.844
 22173	153.251
 22174	155.295
 22175	161.867
 22176	164.594
 22177	157.485
 22178	149.128
 22179	148.155
 22180	147.587
 22181	147.246
 22182	151.454
 22183	155.233
 22184	157.062
 22185	154.514
 22186	151.836
 22187	155.817
 22188	156.983
 22189	155.477
 22190	158.992
 22191	161.024
 22192	156.124
 22193	155.217
 22194	157.166
 22195	156.698
 22196	158.087
 22197	159.051
 22198	157.471
 22199	151.725
 22200	148.072
 22201	147.094
 22202	148.754
 22203	151.994
 22204	155.474
 22205	155.771
 22206	152.456
 22207	148.156
 22208	150.112
 22209	150.996
 22210	150.141
 22211	153.262
 22212	154.267
 22213	148.497
 22214	147.318
 22215	146.954
 22216	142.504
 22217	142.046
 22218	147.308
 22219	149.728
 22220	149.897
 22221	147.873
 22222	147.863
 22223	146.772
 22224	147.453
 22225	150.533
 22226	151.75
 22227	147.481
 22228	142.631
 22229	144.706
 22230	145.074
 22231	140.296
 22232	143.691
 22233	154.114
 22234	149.895
 22235	141.302
 22236	140.202
 22237	141.066
 22238	143.983
 22239	150.552
 22240	154.342
 22241	155.757
 22242	152.834
 22243	147.617
 22244	144.681
 22245	146.446
 22246	147.508
 22247	145.961
 22248	145.648
 22249	152.216
 22250	156.527
 22251	157.05
 22252	156.353
 22253	157.45
 22254	156.468
 22255	151.227
 22256	148.44
 22257	152.622
 22258	158.718
 22259	163.095
 22260	163.446
 22261	156.671
 22262	154.446
 22263	153.128
 22264	149.057
 22265	147.547
 22266	154.229
 22267	162.649
 22268	162.353
 22269	156.887
 22270	154.662
 22271	155.457
 22272	152.201
 22273	151.485
 22274	152.121
 22275	150.199
 22276	148.748
 22277	146.982
 22278	139.775
 22279	135.69
 22280	138.932
 22281	141.173
 22282	141.075
 22283	141.577
 22284	139.677
 22285	137.422
 22286	135.897
 22287	134.537
 22288	135.03
 22289	139.081
 22290	132.891
 22291	126.899
 22292	126.666
 22293	125.183
 22294	126.912
 22295	133.587
 22296	134.483
 22297	131.334
 22298	134.824
 22299	136.564
 22300	140.26
 22301	143.749
 22302	145.415
 22303	149.053
 22304	147.352
 22305	143.187
 22306	143.103
 22307	144.828
 22308	138.531
 22309	137.472
 22310	142.284
 22311	144.01
 22312	144.551
 22313	148.277
 22314	148.477
 22315	144.541
 22316	150.169
 22317	153.459
 22318	150.24
 22319	152.143
 22320	153.832
 22321	153.374
 22322	152.919
 22323	155.931
 22324	157.19
 22325	155.574
 22326	149.368
 22327	148.369
 22328	148.65
 22329	149.592
 22330	146.634
 22331	144.195
 22332	144.833
 22333	150.307
 22334	151.559
 22335	151.834
 22336	150.671
 22337	150.18
 22338	150.168
 22339	148.761
 22340	147.672
 22341	151.775
 22342	154.247
 22343	152.574
 22344	145.959
 22345	147.9
 22346	148.379
 22347	144.376
 22348	139.05
 22349	143.497
 22350	145.768
 22351	145.048
 22352	147.087
 22353	150.663
 22354	149.897
 22355	149.926
 22356	153.216
 22357	156.235
 22358	155.214
 22359	152.744
 22360	153.884
 22361	152.82
 22362	148.889
 22363	148.727
 22364	146.187
 22365	143.154
 22366	140.955
 22367	142.569
 22368	137.172
 22369	134.529
 22370	133.487
 22371	133.696
 22372	132.038
 22373	133.173
 22374	133.856
 22375	136.097
 22376	143.226
 22377	149.222
 22378	149.427
 22379	148.914
 22380	147.084
 22381	143.805
 22382	143.356
 22383	145.555
 22384	148.91
 22385	151.835
 22386	150.747
 22387	147.263
 22388	145.646
 22389	147.68
 22390	152.441
 22391	149.303
 22392	146.624
 22393	152.293
 22394	153.946
 22395	151.587
 22396	155.156
 22397	154.857
 22398	154.027
 22399	154
 22400	156.119
 22401	155.81
 22402	155.551
 22403	158.439
 22404	158.465
 22405	154.436
 22406	153.43
 22407	156.279
 22408	158.288
 22409	154.501
 22410	153.336
 22411	156.625
 22412	156.325
 22413	151.056
 22414	149.913
 22415	148.623
 22416	144.235
 22417	138.85
 22418	141.825
 22419	146.925
 22420	151.263
 22421	151.818
 22422	151.104
 22423	148.742
 22424	143.667
 22425	142.642
 22426	147.958
 22427	152.36
 22428	153.183
 22429	152.332
 22430	144.564
 22431	141.471
 22432	143.363
 22433	145.245
 22434	146.93
 22435	147.903
 22436	147.908
 22437	145.007
 22438	148.612
 22439	153.821
 22440	156.091
 22441	155.582
 22442	155.87
 22443	156.007
 22444	154.423
 22445	152.596
 22446	156.53
 22447	156.714
 22448	152.996
 22449	156.277
 22450	158.303
 22451	153.303
 22452	154.872
 22453	161.246
 22454	167.383
 22455	169.606
 22456	170.123
 22457	164.762
 22458	160.238
 22459	161.307
 22460	166.029
 22461	171.027
 22462	173.086
 22463	171.346
 22464	163.315
 22465	153.589
 22466	147.724
 22467	155.286
 22468	156.459
 22469	146.065
 22470	145.589
 22471	150.527
 22472	144.016
 22473	138.393
 22474	140.56
 22475	141.338
 22476	139.652
 22477	141.433
 22478	143.765
 22479	149.262
 22480	155.71
 22481	151.67
 22482	153.631
 22483	156.575
 22484	155.826
 22485	151.898
 22486	158.365
 22487	160.249
 22488	156.851
 22489	155.553
 22490	153.673
 22491	144.961
 22492	143.84
 22493	149.188
 22494	147.733
 22495	149.212
 22496	156.154
 22497	157.443
 22498	155.51
 22499	156.213
 22500	152.764
 22501	142.919
 22502	140.246
 22503	147.659
 22504	150.922
 22505	145.805
 22506	141.599
 22507	138.588
 22508	136.423
 22509	140.091
 22510	148.605
 22511	154.051
 22512	151.921
 22513	150.327
 22514	150.422
 22515	151.353
 22516	153.776
 22517	154.185
 22518	152.908
 22519	145.158
 22520	144.34
 22521	149.566
 22522	153.119
 22523	150.788
 22524	145.911
 22525	141.59
 22526	141.596
 22527	142.501
 22528	145.855
 22529	146.862
 22530	144.032
 22531	146.24
 22532	150.918
 22533	155.906
 22534	157.531
 22535	156.538
 22536	151.332
 22537	148.646
 22538	148.096
 22539	151.463
 22540	150.001
 22541	145.369
 22542	142.712
 22543	142.231
 22544	146.846
 22545	146.756
 22546	145.494
 22547	145.719
 22548	152.597
 22549	150.572
 22550	153.119
 22551	156.048
 22552	157.867
 22553	158.497
 22554	156.891
 22555	155.584
 22556	154.976
 22557	154.449
 22558	154.168
 22559	152.466
 22560	154.465
 22561	153.1
 22562	145.422
 22563	140.499
 22564	144.413
 22565	142.779
 22566	138.77
 22567	138.137
 22568	138.415
 22569	145.315
 22570	148.484
 22571	148.925
 22572	146.816
 22573	144.463
 22574	139.961
 22575	140.508
 22576	147.073
 22577	154.889
 22578	154.548
 22579	152.503
 22580	154.449
 22581	156.689
 22582	153.681
 22583	153.25
 22584	155.306
 22585	154.367
 22586	154.945
 22587	156.578
 22588	160.516
 22589	160.943
 22590	159.758
 22591	157.221
 22592	158.904
 22593	156.659
 22594	157.997
 22595	159.934
 22596	161.589
 22597	165.42
 22598	162.748
 22599	158.575
 22600	161.247
 22601	162.986
 22602	159.969
 22603	157.199
 22604	158.273
 22605	163.477
 22606	163.7
 22607	158.395
 22608	155.374
 22609	153.044
 22610	152.079
 22611	151.659
 22612	152.657
 22613	153.652
 22614	151.849
 22615	155.141
 22616	159.899
 22617	157.183
 22618	152.805
 22619	155
 22620	157.738
 22621	155.654
 22622	157.016
 22623	160.536
 22624	158.921
 22625	155.475
 22626	156.2
 22627	159.282
 22628	157.334
 22629	155.89
 22630	156.034
 22631	158.181
 22632	155.973
 22633	156.967
 22634	156.416
 22635	153.861
 22636	147.477
 22637	146.026
 22638	146.609
 22639	151.641
 22640	155.465
 22641	159.742
 22642	161.08
 22643	163.28
 22644	162.741
 22645	160.569
 22646	157.389
 22647	155.86
 22648	157.239
 22649	160.395
 22650	161.338
 22651	161.101
 22652	161.258
 22653	166.677
 22654	166.417
 22655	163.279
 22656	166.1
 22657	168.033
 22658	168.496
 22659	168.114
 22660	171.391
 22661	174.028
 22662	168.984
 22663	167.172
 22664	171.659
 22665	170.718
 22666	164.146
 22667	160.615
 22668	162.748
 22669	165.034
 22670	159.792
 22671	156.946
 22672	157.233
 22673	151.956
 22674	146.473
 22675	148.763
 22676	155.725
 22677	159.113
 22678	154.023
 22679	145.858
 22680	147.872
 22681	149.603
 22682	149.303
 22683	149.339
 22684	154.071
 22685	157.589
 22686	156.645
 22687	151.698
 22688	151.904
 22689	155.127
 22690	157.113
 22691	155.107
 22692	153.349
 22693	157.076
 22694	158.583
 22695	153.732
 22696	152.298
 22697	158.065
 22698	161.825
 22699	165.363
 22700	164.495
 22701	166.431
 22702	167.07
 22703	169.624
 22704	167.737
 22705	166.798
 22706	170.251
 22707	174.386
 22708	171.356
 22709	167.804
 22710	169.405
 22711	171.048
 22712	169.601
 22713	167.778
 22714	165.105
 22715	162.363
 22716	163.231
 22717	163.16
 22718	161.685
 22719	159.575
 22720	162.091
 22721	161.42
 22722	157.546
 22723	157.284
 22724	157.391
 22725	155.672
 22726	156.848
 22727	155.614
 22728	149.263
 22729	147.392
 22730	151.445
 22731	156.737
 22732	154.6
 22733	155.073
 22734	158.238
 22735	156.316
 22736	152.25
 22737	152.151
 22738	156.778
 22739	163.992
 22740	162.344
 22741	157.709
 22742	155.275
 22743	157.181
 22744	156.289
 22745	151.1
 22746	147.515
 22747	152.386
 22748	152.384
 22749	146.808
 22750	137.047
 22751	132.034
 22752	133.738
 22753	135.707
 22754	136.13
 22755	138.775
 22756	143.149
 22757	142.59
 22758	133.745
 22759	131.562
 22760	139.089
 22761	142.926
 22762	141.404
 22763	137.907
 22764	138.752
 22765	142.756
 22766	146.028
 22767	145.152
 22768	147.635
 22769	151.598
 22770	147.863
 22771	143.853
 22772	147.242
 22773	149.862
 22774	151.148
 22775	150.166
 22776	148.075
 22777	147.151
 22778	148.996
 22779	150.909
 22780	153.722
 22781	156.969
 22782	159.311
 22783	159.468
 22784	158.033
 22785	156.528
 22786	158.113
 22787	161.129
 22788	166.917
 22789	170.092
 22790	168.412
 22791	165.674
 22792	164.76
 22793	164.881
 22794	167.858
 22795	168.819
 22796	164.718
 22797	160.639
 22798	158.144
 22799	152.566
 22800	149.05
 22801	149.675
 22802	149.01
 22803	147.473
 22804	145.937
 22805	143.161
 22806	139.64
 22807	138.172
 22808	140.078
 22809	140.6
 22810	139.885
 22811	140.609
 22812	141.801
 22813	141.06
 22814	140.779
 22815	143.51
 22816	149.926
 22817	153.898
 22818	153.682
 22819	149.185
 22820	147.339
 22821	153.145
 22822	150.718
 22823	149.733
 22824	155.509
 22825	160.991
 22826	158.047
 22827	157.548
 22828	162.599
 22829	167.687
 22830	167.859
 22831	171.819
 22832	170.88
 22833	168.105
 22834	169.232
 22835	168.541
 22836	165.766
 22837	167.27
 22838	169.624
 22839	167.646
 22840	166.524
 22841	169.163
 22842	171.016
 22843	166.743
 22844	164.344
 22845	162.313
 22846	156.68
 22847	151.673
 22848	155.911
 22849	158.027
 22850	155.723
 22851	154.778
 22852	155.508
 22853	150.49
 22854	144.145
 22855	140.576
 22856	139.775
 22857	141.857
 22858	145.508
 22859	140.947
 22860	135.462
 22861	137.1
 22862	136.618
 22863	135.515
 22864	135.548
 22865	138.86
 22866	143.221
 22867	147.029
 22868	142.304
 22869	142.78
 22870	145.738
 22871	146.638
 22872	148.958
 22873	154.252
 22874	157.014
 22875	156.149
 22876	156.768
 22877	157.003
 22878	158.379
 22879	158.689
 22880	158.89
 22881	158.12
 22882	156.61
 22883	153.63
 22884	156.376
 22885	163.387
 22886	164.854
 22887	164.196
 22888	168.731
 22889	171.157
 22890	166.799
 22891	163.726
 22892	164.259
 22893	163.898
 22894	164.653
 22895	163.137
 22896	158.652
 22897	157.358
 22898	157.922
 22899	155.135
 22900	154.303
 22901	157.136
 22902	155.757
 22903	154.07
 22904	155.434
 22905	155.816
 22906	154.961
 22907	156.051
 22908	156.888
 22909	155.212
 22910	155.472
 22911	160.916
 22912	166.052
 22913	166.492
 22914	163.55
 22915	165.464
 22916	165.957
 22917	161.173
 22918	160.659
 22919	160.884
 22920	155.104
 22921	154.696
 22922	157.373
 22923	152.514
 22924	150.475
 22925	155.446
 22926	157.301
 22927	154.392
 22928	156.613
 22929	164.453
 22930	165.631
 22931	160.678
 22932	161.396
 22933	163.14
 22934	160.385
 22935	159.194
 22936	157.757
 22937	152.847
 22938	151.971
 22939	153.756
 22940	152.046
 22941	145.135
 22942	141.919
 22943	140.864
 22944	133.986
 22945	134.25
 22946	143.832
 22947	148.406
 22948	145.935
 22949	145.274
 22950	147.147
 22951	148.461
 22952	152.922
 22953	157.5
 22954	160.403
 22955	162.891
 22956	164.54
 22957	164.091
 22958	162.954
 22959	165.467
 22960	172.374
 22961	173.011
 22962	169.293
 22963	171.067
 22964	171.42
 22965	169.658
 22966	169.371
 22967	173.021
 22968	172.551
 22969	166.551
 22970	161.922
 22971	159.478
 22972	156.789
 22973	160.162
 22974	163.97
 22975	161.289
 22976	156.442
 22977	157.022
 22978	162.101
 22979	164.998
 22980	164.392
 22981	161.185
 22982	159.728
 22983	159.896
 22984	156.985
 22985	156.514
 22986	161.433
 22987	164.649
 22988	160.937
 22989	157.21
 22990	162.929
 22991	169.142
 22992	171.353
 22993	169.196
 22994	165.02
 22995	165.463
 22996	165.451
 22997	163.008
 22998	160.654
 22999	161.627
 23000	167.223
 23001	165.728
 23002	159.649
 23003	155.534
 23004	157.385
 23005	153.136
 23006	143.915
 23007	142.811
 23008	147.078
 23009	144.236
 23010	137.375
 23011	137.598
 23012	140.121
 23013	138.148
 23014	136.054
 23015	137.512
 23016	138.822
 23017	135.003
 23018	136.754
 23019	143.232
 23020	143.843
 23021	136.994
 23022	135.804
 23023	137.671
 23024	131.916
 23025	133.355
 23026	136.531
 23027	135.512
 23028	132.635
 23029	130.059
 23030	133.975
 23031	138.593
 23032	139.589
 23033	138.2
 23034	137.893
 23035	138.487
 23036	140.257
 23037	144.895
 23038	146.138
 23039	140.787
 23040	135.55
 23041	138.331
 23042	135.964
 23043	133.42
 23044	138.977
 23045	143.626
 23046	142.576
 23047	139.329
 23048	142.025
 23049	147.072
 23050	145.726
 23051	142.212
 23052	139.947
 23053	137.708
 23054	133.875
 23055	136.118
 23056	146.832
 23057	149.242
 23058	145.607
 23059	146.236
 23060	142.447
 23061	135.516
 23062	138.1
 23063	145.459
 23064	144.678
 23065	140.983
 23066	139.202
 23067	138.601
 23068	139.247
 23069	142.522
 23070	146.079
 23071	149.753
 23072	151.57
 23073	150.577
 23074	154.332
 23075	155.317
 23076	152.946
 23077	155.893
 23078	158.676
 23079	160.516
 23080	160.422
 23081	162.065
 23082	162.655
 23083	160.286
 23084	157.412
 23085	157.13
 23086	152.316
 23087	146.524
 23088	151.264
 23089	157.873
 23090	154.714
 23091	154.59
 23092	159.189
 23093	158.019
 23094	154.43
 23095	160.048
 23096	166.187
 23097	164.334
 23098	165.008
 23099	166.899
 23100	162.282
 23101	158.036
 23102	158.463
 23103	161.481
 23104	162.176
 23105	162.483
 23106	160.598
 23107	155.15
 23108	151.722
 23109	153.681
 23110	154.764
 23111	154.834
 23112	155.019
 23113	157.41
 23114	156.277
 23115	154.802
 23116	156.65
 23117	162.065
 23118	162.774
 23119	161.38
 23120	156.222
 23121	152.84
 23122	153.602
 23123	157.025
 23124	156.855
 23125	158.684
 23126	157.542
 23127	156.376
 23128	153.99
 23129	156.229
 23130	161.916
 23131	163.539
 23132	164.463
 23133	165.913
 23134	162.002
 23135	157.108
 23136	157.615
 23137	159.34
 23138	162.668
 23139	165.523
 23140	168.005
 23141	166.503
 23142	162.645
 23143	163.867
 23144	167.15
 23145	164.221
 23146	161.83
 23147	159.66
 23148	155.833
 23149	149.35
 23150	146.815
 23151	149.738
 23152	151.116
 23153	147.93
 23154	145.499
 23155	143.184
 23156	140.919
 23157	141.339
 23158	139.171
 23159	139.054
 23160	143.003
 23161	143.021
 23162	139.642
 23163	142.913
 23164	143.316
 23165	139.393
 23166	138.203
 23167	139.661
 23168	140.416
 23169	142.848
 23170	144.128
 23171	142.184
 23172	146.884
 23173	147.386
 23174	143.133
 23175	141.027
 23176	145.363
 23177	146.13
 23178	146.018
 23179	149.609
 23180	151.212
 23181	148.834
 23182	149.905
 23183	150.651
 23184	153.251
 23185	152.995
 23186	150.681
 23187	149.079
 23188	148.271
 23189	144.82
 23190	148.085
 23191	151.784
 23192	150.642
 23193	150.702
 23194	150.827
 23195	147.581
 23196	145.598
 23197	148.52
 23198	152.452
 23199	154.226
 23200	152.883
 23201	152.168
 23202	151.263
 23203	148.923
 23204	149.695
 23205	156.385
 23206	156.856
 23207	153.862
 23208	153.948
 23209	155.653
 23210	151.974
 23211	151.573
 23212	153.597
 23213	150.32
 23214	147.641
 23215	150.696
 23216	152.973
 23217	153.29
 23218	152.778
 23219	156.118
 23220	156.392
 23221	154.282
 23222	159.002
 23223	163.85
 23224	162.439
 23225	160.009
 23226	163.769
 23227	162.096
 23228	154.449
 23229	153.531
 23230	160.44
 23231	158.906
 23232	152.679
 23233	154.787
 23234	156.874
 23235	150.477
 23236	147.095
 23237	144.377
 23238	139.948
 23239	140.303
 23240	143.592
 23241	139.795
 23242	136.322
 23243	135.739
 23244	135.455
 23245	130.935
 23246	130.965
 23247	136.076
 23248	133.62
 23249	127.514
 23250	126.763
 23251	130.944
 23252	132.531
 23253	127.236
 23254	124.212
 23255	123.013
 23256	124.322
 23257	123.118
 23258	126.197
 23259	128.321
 23260	133.949
 23261	135.208
 23262	135.557
 23263	137.237
 23264	143.197
 23265	150.566
 23266	149.502
 23267	144.234
 23268	147.623
 23269	155.01
 23270	153.313
 23271	151.214
 23272	157.483
 23273	157.356
 23274	153.566
 23275	157.208
 23276	162.72
 23277	160.534
 23278	158.719
 23279	160.703
 23280	157.629
 23281	154.711
 23282	156.375
 23283	159.514
 23284	154.231
 23285	155.987
 23286	158.709
 23287	160.451
 23288	154.71
 23289	157.497
 23290	158.998
 23291	152.272
 23292	149.49
 23293	154.226
 23294	157.147
 23295	153.194
 23296	150.221
 23297	153.562
 23298	150.118
 23299	144.468
 23300	142.384
 23301	146.457
 23302	147.604
 23303	153.197
 23304	152.098
 23305	149.198
 23306	150.527
 23307	149.76
 23308	146.986
 23309	145.501
 23310	149.804
 23311	148.201
 23312	147.571
 23313	150.332
 23314	154.065
 23315	150.225
 23316	151.165
 23317	155.474
 23318	153.91
 23319	153.785
 23320	155.52
 23321	157.607
 23322	153.965
 23323	151.247
 23324	152.1
 23325	155.618
 23326	149.5
 23327	151.397
 23328	157.348
 23329	160.59
 23330	158.321
 23331	158.008
 23332	156.097
 23333	156.389
 23334	156.937
 23335	161.008
 23336	161.673
 23337	160.762
 23338	160.68
 23339	161.976
 23340	159.666
 23341	153.249
 23342	154.162
 23343	162.234
 23344	164.811
 23345	165.742
 23346	167.653
 23347	165.055
 23348	162.402
 23349	160.655
 23350	160.078
 23351	155.079
 23352	152.065
 23353	155.744
 23354	154.533
 23355	145.574
 23356	144.745
 23357	146.983
 23358	146.704
 23359	142.338
 23360	146.203
 23361	146.964
 23362	141.734
 23363	135.891
 23364	136.773
 23365	134.266
 23366	132.028
 23367	131.614
 23368	133.396
 23369	130.636
 23370	133.276
 23371	135.692
 23372	135.768
 23373	130.981
 23374	136.422
 23375	141.049
 23376	138.271
 23377	136.534
 23378	141.334
 23379	142.092
 23380	142.746
 23381	145.768
 23382	146.676
 23383	143.97
 23384	145.511
 23385	145.389
 23386	147.186
 23387	150.178
 23388	151.616
 23389	150.765
 23390	154.715
 23391	159.417
 23392	158.832
 23393	154.039
 23394	152.25
 23395	152.593
 23396	151.926
 23397	150.91
 23398	155.522
 23399	153.792
 23400	146.395
 23401	143.283
 23402	140.118
 23403	131.187
 23404	130.98
 23405	131.146
 23406	127.571
 23407	123.633
 23408	130.961
 23409	136.554
 23410	135.842
 23411	137.018
 23412	139.645
 23413	138.76
 23414	137
 23415	138.81
 23416	147.645
 23417	150.201
 23418	149.516
 23419	153.785
 23420	159.122
 23421	156.327
 23422	153.364
 23423	156.608
 23424	157.784
 23425	152.263
 23426	148.429
 23427	148.963
 23428	145.592
 23429	137.957
 23430	140.151
 23431	143.597
 23432	140.205
 23433	141.484
 23434	146.956
 23435	145.383
 23436	140.723
 23437	147.134
 23438	152.916
 23439	151.182
 23440	152.517
 23441	161.428
 23442	163.356
 23443	161.039
 23444	160.996
 23445	160.907
 23446	158.168
 23447	151.273
 23448	149.182
 23449	150.712
 23450	153.25
 23451	152.646
 23452	144.968
 23453	138.416
 23454	142.241
 23455	139.415
 23456	136.041
 23457	144.733
 23458	146.452
 23459	140.439
 23460	140.938
 23461	141.913
 23462	139.48
 23463	136.796
 23464	142.275
 23465	144.526
 23466	140.394
 23467	138.321
 23468	139.187
 23469	141.164
 23470	135.763
 23471	130.465
 23472	133.84
 23473	136.885
 23474	133.125
 23475	137.242
 23476	140.683
 23477	146.545
 23478	149.293
 23479	146.04
 23480	145.299
 23481	154.287
 23482	154.127
 23483	153.441
 23484	156.206
 23485	158.906
 23486	158.195
 23487	151.726
 23488	144.653
 23489	147.542
 23490	148.439
 23491	146.055
 23492	142.595
 23493	141.607
 23494	137.414
 23495	127.753
 23496	126.441
 23497	136.522
 23498	140.048
 23499	142.264
 23500	143.598
 23501	138.327
 23502	135.464
 23503	137.446
 23504	137.826
 23505	138.127
 23506	145.635
 23507	153.038
 23508	149.351
 23509	144.793
 23510	150.779
 23511	152.44
 23512	144.488
 23513	140.991
 23514	144.392
 23515	149.502
 23516	150.952
 23517	150.3
 23518	150.442
 23519	149.257
 23520	148.476
 23521	148.999
 23522	150.82
 23523	156.735
 23524	165.347
 23525	164.7
 23526	164.26
 23527	168.349
 23528	165.277
 23529	158.253
 23530	160.385
 23531	164.179
 23532	161.024
 23533	156.458
 23534	156.585
 23535	157.659
 23536	153.455
 23537	151.822
 23538	150.683
 23539	150.01
 23540	150.124
 23541	149.849
 23542	152.003
 23543	150.288
 23544	145.392
 23545	140.667
 23546	141.238
 23547	145.334
 23548	145.323
 23549	142.056
 23550	139.295
 23551	135.684
 23552	130.549
 23553	132.765
 23554	131.748
 23555	128.737
 23556	128.566
 23557	128.511
 23558	118.213
 23559	118.559
 23560	123.618
 23561	119.685
 23562	116.364
 23563	118.401
 23564	119.525
 23565	120.384
 23566	119.631
 23567	128.325
 23568	134.227
 23569	131.984
 23570	131.127
 23571	134.696
 23572	131.892
 23573	130.231
 23574	132.748
 23575	135.667
 23576	140.674
 23577	143.025
 23578	141.065
 23579	135.211
 23580	134.64
 23581	137.408
 23582	141.646
 23583	143.097
 23584	139.252
 23585	140.492
 23586	143.385
 23587	140.562
 23588	142.231
 23589	146.775
 23590	149.19
 23591	146.305
 23592	146.14
 23593	149.48
 23594	151.972
 23595	149.037
 23596	148.617
 23597	152.088
 23598	153.978
 23599	151.396
 23600	157.12
 23601	159.086
 23602	156.07
 23603	156.726
 23604	161.398
 23605	158.569
 23606	155.707
 23607	157.67
 23608	158.32
 23609	153.576
 23610	154.675
 23611	155.158
 23612	150.442
 23613	147.852
 23614	154.079
 23615	154.514
 23616	149.9
 23617	152.88
 23618	158.893
 23619	151.253
 23620	143.855
 23621	150.859
 23622	154.962
 23623	147.251
 23624	147.624
 23625	150.925
 23626	147.782
 23627	144.62
 23628	151.51
 23629	153.475
 23630	147.906
 23631	151.306
 23632	157.554
 23633	158.659
 23634	154.131
 23635	157.359
 23636	161.388
 23637	158.404
 23638	148.99
 23639	153.458
 23640	161.64
 23641	162.145
 23642	158.643
 23643	162.668
 23644	161.754
 23645	158.485
 23646	158.868
 23647	162.241
 23648	162.182
 23649	167.89
 23650	167.829
 23651	160.656
 23652	153.539
 23653	154.211
 23654	161.865
 23655	162.316
 23656	161.397
 23657	163.185
 23658	163.391
 23659	156.932
 23660	152.859
 23661	154.135
 23662	158.685
 23663	157.995
 23664	153.682
 23665	145.583
 23666	142.697
 23667	147.504
 23668	142.471
 23669	130.726
 23670	131.49
 23671	138.48
 23672	138.424
 23673	132.238
 23674	135.678
 23675	141.484
 23676	142.885
 23677	138.109
 23678	139.379
 23679	142.938
 23680	146.641
 23681	149.388
 23682	150.792
 23683	150.131
 23684	150.632
 23685	154.356
 23686	152.179
 23687	152.875
 23688	159.915
 23689	161.645
 23690	155.575
 23691	151.164
 23692	151.591
 23693	149.685
 23694	148.502
 23695	145.867
 23696	145.508
 23697	143.348
 23698	149.201
 23699	148.001
 23700	140.892
 23701	139.758
 23702	145.955
 23703	141.74
 23704	143.01
 23705	151.732
 23706	155.004
 23707	148.587
 23708	145.418
 23709	143.061
 23710	143.903
 23711	142.296
 23712	141.714
 23713	145.172
 23714	148.67
 23715	149.566
 23716	149.129
 23717	145.997
 23718	148.359
 23719	156.233
 23720	157.789
 23721	153.982
 23722	152.474
 23723	158.751
 23724	159.343
 23725	149.713
 23726	148.701
 23727	154.39
 23728	155.455
 23729	148.42
 23730	142.56
 23731	149.807
 23732	154.095
 23733	150.586
 23734	152.348
 23735	155.607
 23736	153.025
 23737	153.87
 23738	153.679
 23739	148.087
 23740	149.357
 23741	152.939
 23742	147.693
 23743	141.946
 23744	142.85
 23745	147.567
 23746	148.845
 23747	150.331
 23748	156.948
 23749	156.757
 23750	151.667
 23751	154.759
 23752	161.158
 23753	165.103
 23754	166.334
 23755	170.971
 23756	170.936
 23757	162.262
 23758	164.821
 23759	172.146
 23760	166.574
 23761	161.152
 23762	165.514
 23763	163.793
 23764	156.769
 23765	158.38
 23766	164.674
 23767	163.793
 23768	157.363
 23769	151.811
 23770	149.652
 23771	151.388
 23772	155.11
 23773	154.187
 23774	150.254
 23775	153.646
 23776	157.532
 23777	152.478
 23778	148.195
 23779	152.776
 23780	159.707
 23781	153.855
 23782	149.891
 23783	155.748
 23784	153.964
 23785	150.381
 23786	151.527
 23787	149.892
 23788	154.28
 23789	159.597
 23790	153.921
 23791	149.411
 23792	152.647
 23793	153.738
 23794	148.259
 23795	150.592
 23796	154.213
 23797	150.63
 23798	148.246
 23799	150.718
 23800	148.139
 23801	147.782
 23802	149.873
 23803	145.597
 23804	144.962
 23805	151.142
 23806	150.959
 23807	149.797
 23808	147.35
 23809	149.492
 23810	151.201
 23811	148.718
 23812	149.055
 23813	155.977
 23814	155.378
 23815	148.484
 23816	150.297
 23817	150.249
 23818	146.716
 23819	148.377
 23820	156.419
 23821	151.39
 23822	148.316
 23823	154.984
 23824	154.255
 23825	146.162
 23826	150.946
 23827	154.243
 23828	150.406
 23829	146.116
 23830	147.532
 23831	150.115
 23832	147.185
 23833	145.678
 23834	151.203
 23835	147.716
 23836	141.634
 23837	143.336
 23838	142.003
 23839	140.799
 23840	145.03
 23841	148.07
 23842	144.397
 23843	138.969
 23844	139.409
 23845	143.091
 23846	143.618
 23847	149.342
 23848	149.488
 23849	148.465
 23850	148.723
 23851	150.04
 23852	151.537
 23853	153.475
 23854	153.968
 23855	155.702
 23856	155.322
 23857	158.041
 23858	158.895
 23859	157.525
 23860	157.101
 23861	158.641
 23862	159.552
 23863	160.676
 23864	155.968
 23865	152.758
 23866	154.292
 23867	151.731
 23868	149.262
 23869	149.164
 23870	147.256
 23871	146.538
 23872	143.55
 23873	138.208
 23874	142.967
 23875	147.245
 23876	142.306
 23877	137.24
 23878	135.387
 23879	136.957
 23880	134.362
 23881	132.825
 23882	135.23
 23883	136.656
 23884	135.164
 23885	134.32
 23886	135.806
 23887	138.94
 23888	138.287
 23889	134.32
 23890	132.357
 23891	128.68
 23892	130.5
 23893	132.912
 23894	126.066
 23895	123.29
 23896	127.416
 23897	129.814
 23898	127.648
 23899	126.965
 23900	130.591
 23901	130.96
 23902	124.265
 23903	126.142
 23904	136.269
 23905	139.679
 23906	139.506
 23907	141.808
 23908	140.132
 23909	137.995
 23910	139.925
 23911	142.488
 23912	138.49
 23913	138.135
 23914	147.688
 23915	149.76
 23916	143.822
 23917	145.081
 23918	151.367
 23919	149.258
 23920	142.663
 23921	147.194
 23922	151.983
 23923	149.845
 23924	144.566
 23925	143.603
 23926	142.784
 23927	143.998
 23928	146.108
 23929	148.338
 23930	148.41
 23931	152.265
 23932	154.41
 23933	150.214
 23934	144.111
 23935	150.228
 23936	154.409
 23937	150.522
 23938	149.082
 23939	151.747
 23940	148.919
 23941	146.155
 23942	145.224
 23943	146.098
 23944	146.83
 23945	147.888
 23946	142.959
 23947	137.693
 23948	136.609
 23949	141.027
 23950	140.1
 23951	138.684
 23952	137.006
 23953	136.71
 23954	135.573
 23955	130.349
 23956	132.872
 23957	138.608
 23958	138.894
 23959	137.595
 23960	133.104
 23961	132.359
 23962	137.357
 23963	137.241
 23964	135.415
 23965	140.522
 23966	143.202
 23967	143.653
 23968	146.78
 23969	146.761
 23970	146.626
 23971	144.5
 23972	144.635
 23973	147.029
 23974	146.41
 23975	144.195
 23976	139.843
 23977	136.926
 23978	137.834
 23979	137.167
 23980	139.569
 23981	145.863
 23982	146.756
 23983	141.947
 23984	145.969
 23985	150.192
 23986	145.106
 23987	140.931
 23988	145.055
 23989	146.354
 23990	142.518
 23991	146.495
 23992	152.149
 23993	151.005
 23994	148.255
 23995	145.726
 23996	140.808
 23997	139.807
 23998	145.501
 23999	149.959
 24000	151.812
 24001	153.93
 24002	160.001
 24003	156.345
 24004	148.978
 24005	154.596
 24006	160.707
 24007	160.661
 24008	160.596
 24009	162.744
 24010	161.128
 24011	160.942
 24012	157.849
 24013	152.045
 24014	149.346
 24015	150.97
 24016	148.948
 24017	148.77
 24018	148.174
 24019	148.759
 24020	151.661
 24021	147.868
 24022	138.07
 24023	137.898
 24024	138.673
 24025	133.038
 24026	132.404
 24027	139.119
 24028	139.647
 24029	134.312
 24030	128.869
 24031	133.717
 24032	137.03
 24033	132.271
 24034	134.089
 24035	141.86
 24036	140.233
 24037	136.979
 24038	137.732
 24039	135.949
 24040	134.422
 24041	135.812
 24042	139.187
 24043	141.087
 24044	146.181
 24045	149.981
 24046	143.874
 24047	139.908
 24048	145.324
 24049	149.281
 24050	143.324
 24051	141.439
 24052	151.727
 24053	155.265
 24054	148
 24055	147.319
 24056	152.405
 24057	150.627
 24058	147.95
 24059	150.212
 24060	148.509
 24061	147.982
 24062	148.593
 24063	147.892
 24064	145.844
 24065	142.333
 24066	144.169
 24067	145.578
 24068	145.396
 24069	146.627
 24070	149.49
 24071	144.947
 24072	145.315
 24073	148.513
 24074	150.839
 24075	148.848
 24076	145.742
 24077	144.221
 24078	148.422
 24079	151.595
 24080	147.749
 24081	148.014
 24082	150.453
 24083	147.458
 24084	145.965
 24085	148.619
 24086	150.803
 24087	152.253
 24088	155.396
 24089	153.034
 24090	145.805
 24091	143.879
 24092	143.904
 24093	140.253
 24094	136.984
 24095	140.884
 24096	141.755
 24097	136.947
 24098	137.461
 24099	145.563
 24100	146.416
 24101	142.646
 24102	148.701
 24103	152.866
 24104	149.648
 24105	146.303
 24106	151.791
 24107	150.682
 24108	146.279
 24109	144.133
 24110	143.953
 24111	142.808
 24112	142.529
 24113	138.899
 24114	142.646
 24115	145.102
 24116	143.751
 24117	145.864
 24118	150.511
 24119	148.266
 24120	146.045
 24121	147.84
 24122	148.756
 24123	147.768
 24124	145.969
 24125	148.801
 24126	147.496
 24127	146.989
 24128	153.393
 24129	155.682
 24130	152.848
 24131	156.739
 24132	162.992
 24133	159.403
 24134	153.032
 24135	155.946
 24136	161.101
 24137	161.573
 24138	164.678
 24139	170.179
 24140	167.62
 24141	164.587
 24142	163.917
 24143	160.907
 24144	160.067
 24145	165.9
 24146	172.475
 24147	174.39
 24148	173.421
 24149	176.444
 24150	172.968
 24151	168.629
 24152	169.615
 24153	174.399
 24154	169.673
 24155	165.625
 24156	165.987
 24157	162.756
 24158	154.915
 24159	148.288
 24160	155.755
 24161	159.843
 24162	150.252
 24163	144.998
 24164	149.64
 24165	146.309
 24166	142.41
 24167	146.958
 24168	154.058
 24169	153.299
 24170	149.312
 24171	152.259
 24172	155.789
 24173	157.404
 24174	161.266
 24175	163.044
 24176	156.637
 24177	153.224
 24178	156.168
 24179	156.556
 24180	152.122
 24181	160.549
 24182	170.333
 24183	167.621
 24184	161.472
 24185	164.233
 24186	165.104
 24187	160.551
 24188	156.83
 24189	158.104
 24190	158.774
 24191	155.173
 24192	148.659
 24193	145.777
 24194	147.085
 24195	151.531
 24196	152.764
 24197	149.162
 24198	151.743
 24199	160.898
 24200	161.875
 24201	152.624
 24202	150.317
 24203	152.641
 24204	149.036
 24205	140.622
 24206	144.41
 24207	151.173
 24208	152.757
 24209	154.001
 24210	155.999
 24211	154.244
 24212	150.297
 24213	153.907
 24214	152.882
 24215	151.878
 24216	157.088
 24217	159.89
 24218	151.814
 24219	148.861
 24220	149.096
 24221	144.444
 24222	143.355
 24223	147.26
 24224	149.201
 24225	145.898
 24226	142.123
 24227	145.232
 24228	145.967
 24229	141.089
 24230	140.922
 24231	146.206
 24232	142.417
 24233	143.063
 24234	150.617
 24235	150.639
 24236	154.586
 24237	158.764
 24238	152.501
 24239	145.337
 24240	152.072
 24241	152.78
 24242	153.639
 24243	156.689
 24244	161.619
 24245	162.415
 24246	159.508
 24247	156.381
 24248	156.404
 24249	153.403
 24250	150.641
 24251	152.219
 24252	149.207
 24253	140.947
 24254	142.596
 24255	147.774
 24256	148.078
 24257	145.785
 24258	153.453
 24259	154.648
 24260	150.244
 24261	150.6
 24262	156.176
 24263	155.872
 24264	151.393
 24265	150.758
 24266	151.679
 24267	146.952
 24268	148.174
 24269	155.354
 24270	153.439
 24271	153.461
 24272	157.919
 24273	154.577
 24274	147.63
 24275	144.079
 24276	149.852
 24277	154.863
 24278	155.114
 24279	158.862
 24280	158.522
 24281	154.356
 24282	154.443
 24283	154.624
 24284	151.581
 24285	156.739
 24286	160.599
 24287	157.685
 24288	156.341
 24289	158.427
 24290	157.006
 24291	153.204
 24292	161.298
 24293	170.598
 24294	166.879
 24295	160.83
 24296	168.648
 24297	168.676
 24298	163.392
 24299	161.331
 24300	162.192
 24301	153.949
 24302	150.773
 24303	156.546
 24304	161.393
 24305	158.96
 24306	157.802
 24307	166.63
 24308	166.907
 24309	159.677
 24310	161.673
 24311	168.383
 24312	168.933
 24313	165.152
 24314	161.129
 24315	156.957
 24316	148.076
 24317	148.127
 24318	150.017
 24319	145.496
 24320	143.646
 24321	151.836
 24322	151.257
 24323	142.285
 24324	136.231
 24325	143.98
 24326	144.977
 24327	138.393
 24328	143.607
 24329	149.099
 24330	140.335
 24331	136.02
 24332	142.483
 24333	143.718
 24334	143.716
 24335	147.526
 24336	153.055
 24337	149.804
 24338	146.587
 24339	156.837
 24340	158.084
 24341	149.744
 24342	151.361
 24343	155.715
 24344	146.918
 24345	143.986
 24346	156.047
 24347	165.727
 24348	163.285
 24349	157.192
 24350	157.782
 24351	152.188
 24352	146.611
 24353	153.883
 24354	153.548
 24355	144.336
 24356	146.764
 24357	157.545
 24358	153.661
 24359	146.787
 24360	153.159
 24361	155.956
 24362	148.053
 24363	146.228
 24364	152.306
 24365	152.001
 24366	147.222
 24367	145.076
 24368	147.657
 24369	146.712
 24370	137.548
 24371	134.788
 24372	141.524
 24373	142.978
 24374	142.401
 24375	146.498
 24376	141.513
 24377	139.547
 24378	141.881
 24379	139.699
 24380	134.166
 24381	135.289
 24382	138.105
 24383	140.536
 24384	137.433
 24385	139.443
 24386	139.935
 24387	136.656
 24388	134.694
 24389	142.393
 24390	147.135
 24391	145.411
 24392	138.419
 24393	142.776
 24394	141.586
 24395	139.549
 24396	142.169
 24397	147.295
 24398	143.834
 24399	142.926
 24400	142.907
 24401	146.914
 24402	146.4
 24403	143.753
 24404	142.509
 24405	137.048
 24406	133.011
 24407	138.908
 24408	143.513
 24409	141.866
 24410	143.748
 24411	149.485
 24412	147.87
 24413	141.51
 24414	139.873
 24415	140.813
 24416	144.987
 24417	148.243
 24418	151.817
 24419	153.342
 24420	152.562
 24421	148.452
 24422	144.613
 24423	150.161
 24424	156.904
 24425	158.259
 24426	156.291
 24427	153.171
 24428	153.986
 24429	155.138
 24430	151.829
 24431	154.445
 24432	157.394
 24433	154.189
 24434	143.673
 24435	141.902
 24436	149.167
 24437	152.502
 24438	147.825
 24439	149.617
 24440	152.778
 24441	150.387
 24442	148.684
 24443	148.279
 24444	150.693
 24445	158.13
 24446	157.338
 24447	150.162
 24448	145.962
 24449	144.784
 24450	147.241
 24451	148.754
 24452	152.897
 24453	156.272
 24454	154.684
 24455	154.865
 24456	155.62
 24457	154.01
 24458	150.23
 24459	147.823
 24460	148.915
 24461	146.929
 24462	148.772
 24463	154.594
 24464	154.258
 24465	151.057
 24466	150.634
 24467	145.929
 24468	142.507
 24469	146.358
 24470	152.222
 24471	154.222
 24472	154.37
 24473	152.339
 24474	156.909
 24475	156.561
 24476	154.722
 24477	155.745
 24478	158.11
 24479	157.775
 24480	156.314
 24481	153.037
 24482	152.457
 24483	150.935
 24484	152.92
 24485	150.75
 24486	148.935
 24487	152.515
 24488	161.11
 24489	163.786
 24490	162.211
 24491	158.731
 24492	158.035
 24493	157.583
 24494	153.722
 24495	153.102
 24496	158.082
 24497	159.7
 24498	159.822
 24499	162.195
 24500	157.111
 24501	152.943
 24502	154.382
 24503	157.35
 24504	156.886
 24505	156.363
 24506	156.806
 24507	156.915
 24508	148.772
 24509	146.287
 24510	144.375
 24511	143.733
 24512	138.731
 24513	138.677
 24514	147.676
 24515	152.788
 24516	149.829
 24517	148.718
 24518	150.181
 24519	144.978
 24520	143.648
 24521	143.392
 24522	147.456
 24523	152.791
 24524	152.779
 24525	147.507
 24526	151.024
 24527	152.877
 24528	149.579
 24529	147.019
 24530	153.546
 24531	159.6
 24532	158.71
 24533	151.27
 24534	147.605
 24535	147.865
 24536	153.81
 24537	155.594
 24538	155.255
 24539	151.487
 24540	153.942
 24541	155.059
 24542	146.722
 24543	144.719
 24544	149.632
 24545	148.024
 24546	139.07
 24547	144.283
 24548	146.03
 24549	142.529
 24550	142.707
 24551	143.454
 24552	144.464
 24553	142.767
 24554	137.837
 24555	137.709
 24556	138.592
 24557	138.732
 24558	143.041
 24559	142.907
 24560	138.483
 24561	134.35
 24562	130.276
 24563	132.695
 24564	138.34
 24565	142.795
 24566	142.777
 24567	138.479
 24568	138.703
 24569	141.758
 24570	140.52
 24571	135.31
 24572	137.338
 24573	140.367
 24574	144.938
 24575	144.849
 24576	145.473
 24577	149.063
 24578	149.09
 24579	143.961
 24580	143.369
 24581	146.629
 24582	149.477
 24583	145.509
 24584	144.727
 24585	146.524
 24586	145.757
 24587	137.252
 24588	131.822
 24589	132.509
 24590	137.865
 24591	138.357
 24592	134.474
 24593	138.467
 24594	137.863
 24595	133.739
 24596	132.92
 24597	131.991
 24598	135.412
 24599	138.497
 24600	129.346
 24601	129.371
 24602	135.68
 24603	136.019
 24604	139.173
 24605	145.507
 24606	143.583
 24607	138.896
 24608	137.96
 24609	143.447
 24610	146.336
 24611	148.453
 24612	146.376
 24613	141.459
 24614	133.445
 24615	127.008
 24616	121.716
 24617	122.014
 24618	123.415
 24619	121.131
 24620	121.69
 24621	123.089
 24622	127.38
 24623	135.699
 24624	132.029
 24625	134.217
 24626	138.434
 24627	133.177
 24628	128.239
 24629	131.313
 24630	132.165
 24631	129.685
 24632	122.393
 24633	114.743
 24634	111.301
 24635	110.632
 24636	110.297
 24637	119.301
 24638	124.548
 24639	127.164
 24640	129.938
 24641	134.057
 24642	129.141
 24643	128.053
 24644	132.045
 24645	132.8
 24646	128.648
 24647	131.789
 24648	136.565
 24649	133.078
 24650	128.086
 24651	130.428
 24652	134.909
 24653	135.891
 24654	134.766
 24655	134.909
 24656	134.279
 24657	132.535
 24658	136.295
 24659	141.136
 24660	141.741
 24661	146.941
 24662	150.727
 24663	146.095
 24664	141.428
 24665	145.598
 24666	144.892
 24667	138.882
 24668	135.986
 24669	136.12
 24670	137.841
 24671	140.755
 24672	143.268
 24673	142.652
 24674	139.703
 24675	136.803
 24676	134.013
 24677	133.421
 24678	131.937
 24679	133.079
 24680	134.135
 24681	133.447
 24682	129.852
 24683	129.133
 24684	131.742
 24685	133.808
 24686	136.386
 24687	136.993
 24688	138.583
 24689	135.008
 24690	131.143
 24691	129.952
 24692	128.931
 24693	123.605
 24694	116.958
 24695	119.943
 24696	122.44
 24697	120.543
 24698	122.668
 24699	125.377
 24700	116.693
 24701	114.269
 24702	123.007
 24703	121.47
 24704	114.303
 24705	115.411
 24706	120.258
 24707	116.85
 24708	112.134
 24709	116.39
 24710	112.822
 24711	106.562
 24712	106.902
 24713	111.065
 24714	108.894
 24715	108.626
 24716	111.833
 24717	112.594
 24718	108.31
 24719	109.969
 24720	115.454
 24721	112.892
 24722	115.224
 24723	116.576
 24724	114.715
 24725	115.504
 24726	121.164
 24727	123.176
 24728	119.912
 24729	124.836
 24730	129.082
 24731	128.071
 24732	124.735
 24733	129.165
 24734	134.167
 24735	132.326
 24736	131.907
 24737	133.009
 24738	132.9
 24739	129.836
 24740	126.729
 24741	128.481
 24742	134.022
 24743	133.898
 24744	134.08
 24745	135.692
 24746	136.114
 24747	134.803
 24748	138.92
 24749	146.503
 24750	149.168
 24751	146.842
 24752	146.846
 24753	144.488
 24754	143.964
 24755	144.233
 24756	150.749
 24757	149.943
 24758	145.484
 24759	141.954
 24760	147.632
 24761	145.744
 24762	147.557
 24763	152.277
 24764	153.775
 24765	148.213
 24766	148.115
 24767	149.097
 24768	150.081
 24769	150.192
 24770	152.906
 24771	148.784
 24772	143.179
 24773	141.683
 24774	146.523
 24775	148.297
 24776	148.125
 24777	150.345
 24778	149.629
 24779	144.856
 24780	142.117
 24781	142.499
 24782	145.718
 24783	147.593
 24784	148.677
 24785	150.059
 24786	147.877
 24787	148.43
 24788	151.565
 24789	153.505
 24790	151.653
 24791	146.04
 24792	147.199
 24793	150.139
 24794	145.561
 24795	141.409
 24796	146.432
 24797	152.795
 24798	150.77
 24799	147.314
 24800	143.401
 24801	142.634
 24802	144.739
 24803	148.49
 24804	146.687
 24805	144.622
 24806	145.241
 24807	143.714
 24808	138.743
 24809	139.338
 24810	146.091
 24811	146.206
 24812	144.356
 24813	143.887
 24814	138.489
 24815	138.065
 24816	138.202
 24817	139.563
 24818	137.41
 24819	132.281
 24820	129.824
 24821	134.514
 24822	140.611
 24823	146.043
 24824	143.629
 24825	141.66
 24826	141.379
 24827	140.172
 24828	138.892
 24829	135.791
 24830	139.816
 24831	148.045
 24832	144.749
 24833	141.626
 24834	140.408
 24835	139.263
 24836	138.827
 24837	139.005
 24838	131.843
 24839	133.339
 24840	137.404
 24841	139.522
 24842	134.681
 24843	129.814
 24844	131.627
 24845	134.76
 24846	129.424
 24847	125.583
 24848	133.783
 24849	139.548
 24850	132.316
 24851	127.453
 24852	129.333
 24853	131.553
 24854	129.854
 24855	133.32
 24856	137.833
 24857	141.474
 24858	143.25
 24859	141.027
 24860	137.98
 24861	134.87
 24862	136.605
 24863	142.094
 24864	143.849
 24865	140.792
 24866	147.108
 24867	147.906
 24868	142.274
 24869	141.342
 24870	143.387
 24871	145.529
 24872	143.178
 24873	135.231
 24874	128.958
 24875	131.085
 24876	135.021
 24877	134.341
 24878	134.31
 24879	139.337
 24880	140.684
 24881	133.297
 24882	130.618
 24883	130.711
 24884	129.649
 24885	126.506
 24886	123.19
 24887	122.965
 24888	122.658
 24889	120.73
 24890	119.212
 24891	123.032
 24892	123.377
 24893	122.544
 24894	122.949
 24895	126.741
 24896	135.037
 24897	140.57
 24898	142.959
 24899	143.826
 24900	142.909
 24901	143.952
 24902	140.398
 24903	138.264
 24904	142.683
 24905	147.09
 24906	145.785
 24907	147.36
 24908	143.928
 24909	146.201
 24910	147.575
 24911	147.105
 24912	148.632
 24913	150.868
 24914	147.795
 24915	144.178
 24916	140.527
 24917	140.238
 24918	137.412
 24919	132.532
 24920	130.81
 24921	125.528
 24922	123.586
 24923	122.141
 24924	124.888
 24925	128.6
 24926	131.182
 24927	129.507
 24928	129.507
 24929	125.792
 24930	125.617
 24931	128.73
 24932	128.278
 24933	124.511
 24934	125.164
 24935	122.523
 24936	123.484
 24937	125.5
 24938	126.723
 24939	130.279
 24940	132.423
 24941	131.371
 24942	130.813
 24943	131.032
 24944	134.035
 24945	130.527
 24946	124.595
 24947	130.507
 24948	130.253
 24949	126.736
 24950	131.159
 24951	134.891
 24952	139.406
 24953	144.109
 24954	141.958
 24955	134.425
 24956	128.772
 24957	129.42
 24958	134.32
 24959	130.088
 24960	128.787
 24961	132.545
 24962	129.829
 24963	123.761
 24964	126.198
 24965	131.524
 24966	135.542
 24967	131.803
 24968	129.028
 24969	130.68
 24970	132.82
 24971	132.704
 24972	134.545
 24973	133.772
 24974	130.4
 24975	125.51
 24976	128.412
 24977	134.517
 24978	132.435
 24979	131.93
 24980	137.688
 24981	132.741
 24982	129.314
 24983	130.272
 24984	135.731
 24985	140.133
 24986	143.743
 24987	141.415
 24988	143.25
 24989	140.834
 24990	139.42
 24991	137.075
 24992	137.685
 24993	142.329
 24994	143.707
 24995	136.77
 24996	131.798
 24997	132.579
 24998	134.392
 24999	133.586
 25000	128.467
 25001	133.265
 25002	138.661
 25003	139.698
 25004	140.347
 25005	144.36
 25006	145.474
 25007	143.706
 25008	137.573
 25009	130.791
 25010	128.586
 25011	128.013
 25012	129.892
 25013	132.058
 25014	133.444
 25015	130.268
 25016	116.711
 25017	109.991
 25018	115.84
 25019	121.376
 25020	125.985
 25021	126.861
 25022	128.027
 25023	128.993
 25024	128.113
 25025	126.454
 25026	132.841
 25027	136.327
 25028	129.425
 25029	123.358
 25030	126.423
 25031	130.978
 25032	128.5
 25033	124.194
 25034	120.019
 25035	120.162
 25036	119.378
 25037	118.01
 25038	121.972
 25039	130.663
 25040	132.922
 25041	130.525
 25042	125.1
 25043	120.807
 25044	121.182
 25045	123.327
 25046	125.313
 25047	129.627
 25048	133.84
 25049	128.818
 25050	126.257
 25051	128.636
 25052	132.352
 25053	128.595
 25054	118.305
 25055	117.125
 25056	124.19
 25057	125.635
 25058	124.785
 25059	128.215
 25060	129.91
 25061	131.045
 25062	130.698
 25063	130.01
 25064	129.554
 25065	137.523
 25066	142.939
 25067	141.327
 25068	138.273
 25069	142.682
 25070	142.597
 25071	137.174
 25072	135.906
 25073	143.016
 25074	144.533
 25075	142.781
 25076	135.741
 25077	132.557
 25078	137.349
 25079	137.879
 25080	136.953
 25081	136.874
 25082	133.328
 25083	134.773
 25084	132.983
 25085	131.787
 25086	129.545
 25087	132.903
 25088	130.471
 25089	125.91
 25090	126.783
 25091	131.675
 25092	130.167
 25093	128.035
 25094	124.534
 25095	127.047
 25096	131.713
 25097	128.633
 25098	122.259
 25099	130.029
 25100	130.804
 25101	123.617
 25102	119.315
 25103	125.745
 25104	128.363
 25105	124.464
 25106	119.993
 25107	123.86
 25108	128.67
 25109	126.644
 25110	124.605
 25111	123.955
 25112	126.83
 25113	133.498
 25114	135.721
 25115	129.543
 25116	133.301
 25117	138.459
 25118	139.055
 25119	131.574
 25120	129.973
 25121	134.32
 25122	131.695
 25123	126.336
 25124	125.696
 25125	127.302
 25126	129.696
 25127	125.213
 25128	120.877
 25129	119.07
 25130	122.938
 25131	121.648
 25132	115.757
 25133	117.112
 25134	124.108
 25135	124.153
 25136	118.171
 25137	116.108
 25138	117.511
 25139	120.474
 25140	114.157
 25141	111.905
 25142	115.787
 25143	118.193
 25144	117.454
 25145	118.574
 25146	127.889
 25147	127.825
 25148	122.777
 25149	123.567
 25150	128.338
 25151	132.035
 25152	136.456
 25153	143.016
 25154	141.68
 25155	135.784
 25156	139.807
 25157	145.769
 25158	143.722
 25159	139.889
 25160	145.667
 25161	144.824
 25162	140.087
 25163	145.195
 25164	149.871
 25165	147.216
 25166	143.69
 25167	145.76
 25168	149.332
 25169	151.906
 25170	151.007
 25171	145.182
 25172	142.22
 25173	139.473
 25174	139.807
 25175	137.61
 25176	134.805
 25177	135.963
 25178	138.309
 25179	135.548
 25180	135.096
 25181	136.25
 25182	131.445
 25183	126.154
 25184	128.46
 25185	127.434
 25186	125.63
 25187	128.925
 25188	127.531
 25189	123.252
 25190	116.539
 25191	114.968
 25192	120.54
 25193	123.523
 25194	122.3
 25195	123.69
 25196	127.256
 25197	122.675
 25198	119.847
 25199	121.082
 25200	125.514
 25201	124.42
 25202	122.308
 25203	122.305
 25204	125.461
 25205	129.569
 25206	137.308
 25207	142.779
 25208	144.974
 25209	146.052
 25210	146.814
 25211	146.172
 25212	149.122
 25213	157.399
 25214	163.317
 25215	157.977
 25216	155.259
 25217	158.044
 25218	157.513
 25219	156.65
 25220	156.803
 25221	157.726
 25222	161.723
 25223	159.697
 25224	160.523
 25225	161.367
 25226	159.087
 25227	156.198
 25228	155.232
 25229	154.727
 25230	155.329
 25231	156.959
 25232	155.15
 25233	151.283
 25234	147.354
 25235	143.464
 25236	141.687
 25237	132.893
 25238	133.23
 25239	136.714
 25240	136.489
 25241	134.842
 25242	134.971
 25243	132.581
 25244	130.398
 25245	124.283
 25246	124.813
 25247	129.547
 25248	133.866
 25249	131.849
 25250	131.296
 25251	130.945
 25252	137.652
 25253	137.453
 25254	135.479
 25255	135.541
 25256	133.918
 25257	132.721
 25258	136.984
 25259	138.558
 25260	144.535
 25261	144.763
 25262	140.124
 25263	136.072
 25264	135.38
 25265	132.816
 25266	133.429
 25267	131.86
 25268	130.189
 25269	131.468
 25270	132.595
 25271	135.014
 25272	137.007
 25273	140.15
 25274	145.368
 25275	142.463
 25276	140.416
 25277	140.743
 25278	137.441
 25279	138.638
 25280	139.808
 25281	133.212
 25282	127.502
 25283	130.275
 25284	129.742
 25285	124.061
 25286	127.56
 25287	135.976
 25288	134.696
 25289	131.319
 25290	134.205
 25291	137.88
 25292	136.956
 25293	134.763
 25294	137.535
 25295	142.558
 25296	139.506
 25297	138.848
 25298	143.23
 25299	140.832
 25300	136.343
 25301	143.555
 25302	146.388
 25303	143.847
 25304	145.789
 25305	144.601
 25306	140.133
 25307	141.576
 25308	142.61
 25309	140.305
 25310	140.408
 25311	143.842
 25312	144.785
 25313	142.569
 25314	139.751
 25315	141.431
 25316	138.926
 25317	130.106
 25318	125.187
 25319	134.613
 25320	135.328
 25321	129.253
 25322	136.205
 25323	138.733
 25324	135.086
 25325	135.724
 25326	133.157
 25327	134.973
 25328	139.209
 25329	136.105
 25330	131.219
 25331	134.928
 25332	130.098
 25333	124.948
 25334	125.969
 25335	130.202
 25336	132.358
 25337	133.98
 25338	132.076
 25339	133.67
 25340	135.993
 25341	134.943
 25342	131.338
 25343	136.532
 25344	134.003
 25345	134.011
 25346	137.377
 25347	140.022
 25348	139.643
 25349	142.93
 25350	143.098
 25351	140.956
 25352	145.029
 25353	145.77
 25354	143.572
 25355	140.367
 25356	138.91
 25357	145.76
 25358	147.5
 25359	139.38
 25360	142.806
 25361	150.384
 25362	144.622
 25363	142.572
 25364	146.241
 25365	145.326
 25366	143.784
 25367	148.152
 25368	147.526
 25369	145.239
 25370	142.081
 25371	140.425
 25372	135.392
 25373	136.377
 25374	140.533
 25375	138.822
 25376	132.246
 25377	131.296
 25378	128.919
 25379	126.551
 25380	124.104
 25381	125.728
 25382	127.043
 25383	124.834
 25384	129.305
 25385	138.313
 25386	143.076
 25387	142.044
 25388	147.388
 25389	148.744
 25390	150.779
 25391	152.348
 25392	155.585
 25393	155.382
 25394	150.905
 25395	151.795
 25396	156.74
 25397	154.481
 25398	154.962
 25399	160.39
 25400	163.281
 25401	165.114
 25402	167.586
 25403	172
 25404	168.88
 25405	164.275
 25406	164.143
 25407	159.262
 25408	152.19
 25409	155.486
 25410	156.228
 25411	156.723
 25412	156.936
 25413	153.245
 25414	153.469
 25415	154.584
 25416	149.417
 25417	148.808
 25418	144.006
 25419	136.327
 25420	133.608
 25421	130.84
 25422	124.716
 25423	127.083
 25424	131.003
 25425	129.494
 25426	124.493
 25427	127.947
 25428	134.336
 25429	135.973
 25430	135.052
 25431	131.734
 25432	128.311
 25433	132.254
 25434	130.027
 25435	125.624
 25436	129.451
 25437	137.449
 25438	135.327
 25439	134.839
 25440	134.031
 25441	135.82
 25442	129.403
 25443	123.391
 25444	130.187
 25445	131.905
 25446	124.996
 25447	131.621
 25448	131.316
 25449	127.506
 25450	129.066
 25451	131.876
 25452	129.972
 25453	126.12
 25454	122.257
 25455	125.07
 25456	125.547
 25457	124.933
 25458	131.123
 25459	133.604
 25460	131.672
 25461	133.592
 25462	137.174
 25463	136.607
 25464	133.775
 25465	136.278
 25466	137.258
 25467	134.344
 25468	134.664
 25469	136.731
 25470	132.304
 25471	132.522
 25472	134.23
 25473	131.67
 25474	127.823
 25475	128.426
 25476	136.891
 25477	140.047
 25478	131.991
 25479	130.911
 25480	136.501
 25481	133.006
 25482	129.701
 25483	133.18
 25484	135.436
 25485	133.478
 25486	136.949
 25487	141.376
 25488	136.387
 25489	136.532
 25490	141.648
 25491	134.159
 25492	134.408
 25493	140.002
 25494	137.169
 25495	132.883
 25496	142.185
 25497	144.513
 25498	143.734
 25499	141.404
 25500	144.959
 25501	148.953
 25502	145.28
 25503	141.79
 25504	147.872
 25505	151.857
 25506	147.686
 25507	143.264
 25508	143.114
 25509	143.089
 25510	142.453
 25511	143.333
 25512	145.321
 25513	145.956
 25514	148.66
 25515	151.586
 25516	148.749
 25517	148.539
 25518	147.767
 25519	146.633
 25520	146.902
 25521	151.131
 25522	146.4
 25523	138.771
 25524	138.992
 25525	139.929
 25526	129.59
 25527	122.566
 25528	127.521
 25529	124.185
 25530	118.084
 25531	118.032
 25532	121.24
 25533	121.839
 25534	120.648
 25535	118.203
 25536	116.62
 25537	111.221
 25538	112.158
 25539	118.172
 25540	117.038
 25541	116.799
 25542	121.536
 25543	124.234
 25544	128.924
 25545	130.917
 25546	138.387
 25547	140.263
 25548	140.425
 25549	139.994
 25550	141.388
 25551	142.462
 25552	151.165
 25553	153.593
 25554	141.841
 25555	138.294
 25556	141.838
 25557	144.331
 25558	145.61
 25559	149.991
 25560	154.675
 25561	152.173
 25562	150.757
 25563	153.583
 25564	152.062
 25565	150.905
 25566	154.511
 25567	149.814
 25568	143.315
 25569	147.313
 25570	145.403
 25571	139.149
 25572	136.416
 25573	135.746
 25574	134.194
 25575	136.716
 25576	141.581
 25577	140.639
 25578	138.066
 25579	138.099
 25580	135.795
 25581	133.827
 25582	133.947
 25583	130.926
 25584	132.759
 25585	134.498
 25586	131.913
 25587	131.577
 25588	132.114
 25589	134.191
 25590	137.391
 25591	132.91
 25592	130.5
 25593	137.789
 25594	137.346
 25595	132.49
 25596	132.252
 25597	132.076
 25598	131.914
 25599	132.314
 25600	131.067
 25601	134.292
 25602	136.007
 25603	134.507
 25604	134.227
 25605	138.72
 25606	142.24
 25607	144.88
 25608	142.052
 25609	138.742
 25610	137.497
 25611	147.263
 25612	153.569
 25613	153.118
 25614	151.419
 25615	149.901
 25616	150.146
 25617	151.653
 25618	150.767
 25619	152.617
 25620	157.529
 25621	151.807
 25622	142.1
 25623	143.1
 25624	143.88
 25625	140.165
 25626	138.671
 25627	140.493
 25628	142.916
 25629	139.153
 25630	138.016
 25631	136.886
 25632	133.174
 25633	130.584
 25634	134.484
 25635	134.103
 25636	133.328
 25637	133.952
 25638	138.108
 25639	138.185
 25640	135.772
 25641	136.628
 25642	139.002
 25643	140.988
 25644	145.496
 25645	145.161
 25646	144.121
 25647	142.173
 25648	135.806
 25649	131.673
 25650	136.735
 25651	134.711
 25652	131.921
 25653	133.954
 25654	136.207
 25655	135.435
 25656	130.508
 25657	126.184
 25658	128.439
 25659	133.497
 25660	134.112
 25661	136.592
 25662	139.517
 25663	139.375
 25664	135.253
 25665	135.499
 25666	138.219
 25667	140.111
 25668	143.474
 25669	148.59
 25670	148.392
 25671	147.27
 25672	147.178
 25673	150.079
 25674	149.856
 25675	144.258
 25676	136.627
 25677	135.725
 25678	134.002
 25679	134.073
 25680	138.182
 25681	137.827
 25682	130.017
 25683	125.226
 25684	124.287
 25685	124.251
 25686	122.484
 25687	121.706
 25688	125.792
 25689	124.956
 25690	120.773
 25691	121.424
 25692	120.262
 25693	118.996
 25694	121.923
 25695	125.841
 25696	127.744
 25697	126.663
 25698	124.617
 25699	123.569
 25700	123.966
 25701	128.477
 25702	127.568
 25703	129.87
 25704	134.409
 25705	128.302
 25706	125.66
 25707	129.16
 25708	133.096
 25709	129.906
 25710	129.757
 25711	130.43
 25712	127.176
 25713	130.127
 25714	133.481
 25715	137.337
 25716	131.582
 25717	126.338
 25718	125.963
 25719	123.331
 25720	123.987
 25721	126.89
 25722	128.846
 25723	127.288
 25724	121.747
 25725	117.91
 25726	116.194
 25727	117.254
 25728	113.484
 25729	112.622
 25730	110.538
 25731	109.84
 25732	108.477
 25733	108.626
 25734	113.574
 25735	120.93
 25736	120.41
 25737	113.35
 25738	111.413
 25739	117.185
 25740	122.009
 25741	121.107
 25742	123.572
 25743	129.33
 25744	125.204
 25745	119.471
 25746	124.697
 25747	131.868
 25748	135.441
 25749	134.64
 25750	133.653
 25751	135.133
 25752	137.226
 25753	129.381
 25754	124.865
 25755	123.312
 25756	125.144
 25757	125.542
 25758	124.101
 25759	125.676
 25760	129.105
 25761	130.037
 25762	125.088
 25763	119.572
 25764	125.131
 25765	125.973
 25766	121.024
 25767	127.391
 25768	138.668
 25769	141.303
 25770	136.527
 25771	132.454
 25772	132.691
 25773	131.303
 25774	133.093
 25775	145.546
 25776	146.299
 25777	136.868
 25778	136.07
 25779	138.648
 25780	134.737
 25781	140.753
 25782	150.549
 25783	153.661
 25784	154.01
 25785	152.773
 25786	153.092
 25787	148.327
 25788	145.745
 25789	144.194
 25790	141.724
 25791	135.634
 25792	134.586
 25793	135.427
 25794	139.906
 25795	143.1
 25796	141.309
 25797	139.277
 25798	138.68
 25799	139.271
 25800	142.783
 25801	143.136
 25802	143.68
 25803	142.907
 25804	139.551
 25805	134.551
 25806	133.456
 25807	139.509
 25808	143.468
 25809	140.255
 25810	142.033
 25811	144.822
 25812	137.585
 25813	136.261
 25814	143.414
 25815	149.477
 25816	149.332
 25817	145.638
 25818	145.844
 25819	149.541
 25820	145.668
 25821	142.316
 25822	145.504
 25823	146.506
 25824	145.489
 25825	145.979
 25826	142.945
 25827	142.636
 25828	143.095
 25829	141.452
 25830	138.982
 25831	140.641
 25832	146.811
 25833	144.095
 25834	139.2
 25835	141.933
 25836	144.648
 25837	142.959
 25838	148.508
 25839	146.926
 25840	145.753
 25841	146.443
 25842	152.072
 25843	148.744
 25844	143.888
 25845	139.536
 25846	139.285
 25847	135.341
 25848	136.999
 25849	142.123
 25850	141.693
 25851	139.608
 25852	144.874
 25853	142.286
 25854	138.365
 25855	140.149
 25856	143.03
 25857	140.829
 25858	136.973
 25859	132.958
 25860	131.273
 25861	130.922
 25862	137.57
 25863	138.245
 25864	140.63
 25865	146.405
 25866	145.092
 25867	138.295
 25868	141.048
 25869	142.209
 25870	144.985
 25871	145.075
 25872	145.527
 25873	145.66
 25874	148.832
 25875	148.538
 25876	150.551
 25877	150.412
 25878	150.908
 25879	152.11
 25880	156.875
 25881	154.452
 25882	154.677
 25883	156.563
 25884	157.847
 25885	152.941
 25886	149.525
 25887	149.392
 25888	148.364
 25889	149.197
 25890	152.418
 25891	155.851
 25892	154.289
 25893	149.506
 25894	148.88
 25895	156.167
 25896	154.808
 25897	150.654
 25898	153.281
 25899	149.702
 25900	140.276
 25901	145.564
 25902	154.413
 25903	152.647
 25904	148.654
 25905	149.118
 25906	144.207
 25907	138.489
 25908	142.44
 25909	146.532
 25910	143.785
 25911	140.055
 25912	137.882
 25913	133.26
 25914	134.479
 25915	138.823
 25916	140.195
 25917	136.539
 25918	135.204
 25919	140.086
 25920	141.29
 25921	137.445
 25922	143.749
 25923	149.118
 25924	142.754
 25925	137.34
 25926	139.824
 25927	142.315
 25928	145.578
 25929	145.9
 25930	145.768
 25931	148.312
 25932	148.861
 25933	148.58
 25934	143.502
 25935	139.551
 25936	143.635
 25937	150.755
 25938	146.547
 25939	141.581
 25940	146.356
 25941	149.852
 25942	141.458
 25943	136.096
 25944	144.818
 25945	148.855
 25946	144.463
 25947	144.409
 25948	146.121
 25949	143.517
 25950	146.996
 25951	153.338
 25952	153.984
 25953	154.333
 25954	155.051
 25955	152.674
 25956	151.861
 25957	157.315
 25958	157.893
 25959	151.317
 25960	149.232
 25961	152.811
 25962	150.926
 25963	145.595
 25964	144.659
 25965	145.456
 25966	144.463
 25967	140.91
 25968	137.771
 25969	141.407
 25970	149.657
 25971	150.385
 25972	144.949
 25973	144.907
 25974	147.857
 25975	145.474
 25976	141.322
 25977	146.261
 25978	158.456
 25979	155.948
 25980	145.565
 25981	142.044
 25982	141.842
 25983	142.23
 25984	144.532
 25985	148.113
 25986	150.947
 25987	153.106
 25988	147.237
 25989	142.869
 25990	142.335
 25991	142.587
 25992	139.515
 25993	137.283
 25994	142.13
 25995	148.488
 25996	149.833
 25997	142.016
 25998	137.809
 25999	143.269
 26000	146.084
 26001	139.418
 26002	136.532
 26003	144.553
 26004	144.795
 26005	139.274
 26006	134.557
 26007	135.669
 26008	137.945
 26009	133.825
 26010	134.543
 26011	138.395
 26012	140.777
 26013	141.483
 26014	138.548
 26015	134.185
 26016	137.117
 26017	140.055
 26018	133.659
 26019	127.207
 26020	128.72
 26021	128.659
 26022	120.581
 26023	118.734
 26024	126.749
 26025	124.28
 26026	122.453
 26027	123.877
 26028	127.816
 26029	127.179
 26030	130.207
 26031	130.805
 26032	129.27
 26033	127.997
 26034	131.384
 26035	133.369
 26036	128.612
 26037	129.281
 26038	139.703
 26039	138.042
 26040	127.822
 26041	131.657
 26042	136.855
 26043	132.365
 26044	129.624
 26045	131.833
 26046	137.599
 26047	139.564
 26048	139.141
 26049	142.975
 26050	140.217
 26051	140.538
 26052	144.294
 26053	139.59
 26054	135.185
 26055	137.993
 26056	141.083
 26057	136.743
 26058	137.316
 26059	141.062
 26060	142.76
 26061	135.324
 26062	139.756
 26063	141.933
 26064	137.884
 26065	139.367
 26066	146.706
 26067	150.283
 26068	149.046
 26069	146.76
 26070	148.538
 26071	149.068
 26072	147.652
 26073	144.826
 26074	140.611
 26075	139.939
 26076	142.451
 26077	138.234
 26078	133.617
 26079	133.407
 26080	140.172
 26081	144.001
 26082	146.428
 26083	150.164
 26084	157.628
 26085	159.401
 26086	155.194
 26087	156.137
 26088	155.403
 26089	152.265
 26090	152.099
 26091	152.702
 26092	149.289
 26093	150.285
 26094	154.647
 26095	149.525
 26096	141.214
 26097	142.401
 26098	152.205
 26099	152.596
 26100	150.138
 26101	150.714
 26102	155.086
 26103	155.169
 26104	151.475
 26105	156.182
 26106	160.121
 26107	157.227
 26108	157.371
 26109	157.135
 26110	157.68
 26111	156.877
 26112	153.404
 26113	152.438
 26114	158.175
 26115	162.972
 26116	164.445
 26117	164.633
 26118	169.799
 26119	172.146
 26120	173.085
 26121	167.078
 26122	166.837
 26123	165.993
 26124	164.053
 26125	164.067
 26126	164.35
 26127	162.414
 26128	157.744
 26129	153.499
 26130	154.88
 26131	151.052
 26132	152.442
 26133	155.126
 26134	154.036
 26135	151.941
 26136	151.765
 26137	149.545
 26138	150.285
 26139	153.065
 26140	157.827
 26141	159.827
 26142	157.4
 26143	156.638
 26144	158.479
 26145	158.906
 26146	156.533
 26147	154.905
 26148	152.691
 26149	150.229
 26150	147.535
 26151	148.412
 26152	155.737
 26153	162.301
 26154	164.452
 26155	160.536
 26156	156.947
 26157	161.425
 26158	163.528
 26159	158.707
 26160	160.177
 26161	163.087
 26162	164.014
 26163	159.167
 26164	156.027
 26165	159.758
 26166	161.352
 26167	163.424
 26168	167.86
 26169	167.816
 26170	165.542
 26171	167.866
 26172	167.75
 26173	166.946
 26174	168.94
 26175	175.68
 26176	171.35
 26177	165.531
 26178	168.779
 26179	171.658
 26180	168.257
 26181	168.154
 26182	172.026
 26183	168.79
 26184	165.652
 26185	164.821
 26186	160.205
 26187	159.732
 26188	164.281
 26189	165.597
 26190	157.316
 26191	159.488
 26192	161.763
 26193	158.723
 26194	159.28
 26195	162.752
 26196	160.972
 26197	159.442
 26198	159.952
 26199	158.093
 26200	162.282
 26201	171.054
 26202	174.189
 26203	169.043
 26204	169.652
 26205	174.84
 26206	174.449
 26207	174.206
 26208	175.975
 26209	177.379
 26210	176.415
 26211	177.983
 26212	174.737
 26213	171.69
 26214	176.128
 26215	178.652
 26216	169.712
 26217	165.478
 26218	166.014
 26219	163.936
 26220	157.55
 26221	160.955
 26222	161.146
 26223	156.385
 26224	155.72
 26225	157.385
 26226	152.292
 26227	155.401
 26228	157.519
 26229	153.416
 26230	148.948
 26231	147.356
 26232	144.563
 26233	143.277
 26234	145.033
 26235	148.212
 26236	150.597
 26237	149.486
 26238	148.629
 26239	148.797
 26240	150.421
 26241	149.175
 26242	151.271
 26243	155.926
 26244	156.445
 26245	152.693
 26246	156.436
 26247	159.286
 26248	163.246
 26249	163.168
 26250	163.707
 26251	162.433
 26252	167.427
 26253	165.43
 26254	163.375
 26255	158.308
 26256	153.521
 26257	150.201
 26258	148.666
 26259	146.577
 26260	152.316
 26261	156.281
 26262	152.273
 26263	151.55
 26264	155.532
 26265	155.49
 26266	150.393
 26267	149.264
 26268	153.378
 26269	154.814
 26270	158.303
 26271	159.277
 26272	159.74
 26273	163.429
 26274	165.58
 26275	168.446
 26276	167.565
 26277	170.754
 26278	169.34
 26279	161.966
 26280	154.879
 26281	157.813
 26282	160.654
 26283	162.355
 26284	162.398
 26285	161.525
 26286	157.338
 26287	157.194
 26288	155.388
 26289	152.275
 26290	149.38
 26291	150.705
 26292	146.622
 26293	139.729
 26294	138.21
 26295	144.786
 26296	146.851
 26297	146.373
 26298	148.06
 26299	151.667
 26300	152.966
 26301	152.054
 26302	156.412
 26303	155.061
 26304	155.127
 26305	153.748
 26306	154.185
 26307	151.441
 26308	154.144
 26309	153.41
 26310	154.711
 26311	155.903
 26312	155.485
 26313	153.663
 26314	153.21
 26315	154.23
 26316	159.49
 26317	160.671
 26318	159.208
 26319	161.783
 26320	159.377
 26321	159.757
 26322	160.214
 26323	158.506
 26324	159.904
 26325	160.071
 26326	158.418
 26327	157.865
 26328	160.089
 26329	162.459
 26330	162.586
 26331	160.314
 26332	158.953
 26333	162.669
 26334	167.609
 26335	169.999
 26336	168.359
 26337	166.935
 26338	162.169
 26339	153.468
 26340	151.683
 26341	150.353
 26342	149.355
 26343	150.865
 26344	149.466
 26345	147.717
 26346	149.031
 26347	141.584
 26348	134.899
 26349	137.244
 26350	141.421
 26351	143.885
 26352	144.203
 26353	140.944
 26354	139.534
 26355	139.359
 26356	137.046
 26357	137.367
 26358	135.666
 26359	136.268
 26360	136.916
 26361	137.555
 26362	144.311
 26363	151.681
 26364	152.205
 26365	140.968
 26366	136.14
 26367	139.739
 26368	146.129
 26369	146.973
 26370	149.274
 26371	148.153
 26372	146.79
 26373	146.901
 26374	143.884
 26375	142.588
 26376	146.184
 26377	150.074
 26378	151.502
 26379	149.63
 26380	152.641
 26381	154.193
 26382	151.639
 26383	147.681
 26384	150.283
 26385	152.667
 26386	152.443
 26387	150.524
 26388	146.683
 26389	146.975
 26390	149.915
 26391	149.001
 26392	140.86
 26393	136.103
 26394	136.548
 26395	135.68
 26396	136.854
 26397	141.743
 26398	142.49
 26399	139.597
 26400	139.707
 26401	139.559
 26402	138.595
 26403	138.453
 26404	140.903
 26405	145.524
 26406	146.554
 26407	141.685
 26408	140.073
 26409	142.143
 26410	141.397
 26411	140.769
 26412	144.799
 26413	148.024
 26414	148.708
 26415	152.411
 26416	152.237
 26417	148.633
 26418	148.452
 26419	143.055
 26420	137.164
 26421	137.848
 26422	135.643
 26423	134.835
 26424	138.358
 26425	134.253
 26426	125.893
 26427	130.58
 26428	133.691
 26429	134.705
 26430	135.621
 26431	136.48
 26432	136.269
 26433	135.311
 26434	134.154
 26435	133.287
 26436	129.157
 26437	129.944
 26438	138.089
 26439	141.022
 26440	138.953
 26441	144.753
 26442	147.687
 26443	146.633
 26444	143.76
 26445	147.862
 26446	148.73
 26447	145.806
 26448	143.103
 26449	143.523
 26450	140.755
 26451	141.156
 26452	141.306
 26453	138.539
 26454	132.821
 26455	133.538
 26456	137.528
 26457	134.988
 26458	126.122
 26459	126.404
 26460	130.948
 26461	124.919
 26462	120.122
 26463	129.563
 26464	134.064
 26465	135.055
 26466	137.151
 26467	137.176
 26468	137.636
 26469	138.627
 26470	139.113
 26471	142.998
 26472	144.529
 26473	144.933
 26474	144.398
 26475	142.8
 26476	139.073
 26477	141.189
 26478	145.545
 26479	145.531
 26480	139.094
 26481	142.826
 26482	147.842
 26483	143.46
 26484	142.193
 26485	144.199
 26486	141.894
 26487	140.056
 26488	148.843
 26489	154.304
 26490	152.614
 26491	150.727
 26492	154.874
 26493	156.857
 26494	154.917
 26495	152.579
 26496	152.692
 26497	153.561
 26498	159.752
 26499	166.501
 26500	165.727
 26501	161.933
 26502	162.536
 26503	163.871
 26504	166.403
 26505	169.353
 26506	172.133
 26507	171.23
 26508	165.403
 26509	164.268
 26510	163.774
 26511	162.909
 26512	165.556
 26513	165.997
 26514	161.282
 26515	157.518
 26516	159.622
 26517	159.258
 26518	157.021
 26519	155.886
 26520	150.766
 26521	145.088
 26522	147.448
 26523	153.149
 26524	151.558
 26525	150.438
 26526	151.987
 26527	148.295
 26528	146.881
 26529	145.034
 26530	143.931
 26531	149.539
 26532	155.501
 26533	156.425
 26534	154.916
 26535	148.111
 26536	144.525
 26537	144.278
 26538	142.716
 26539	142.737
 26540	145.711
 26541	146.905
 26542	149.285
 26543	149.714
 26544	147.692
 26545	149.534
 26546	149.943
 26547	149.319
 26548	150.238
 26549	146.986
 26550	142.189
 26551	142.024
 26552	139.596
 26553	134.175
 26554	132.704
 26555	135.423
 26556	132.883
 26557	132.218
 26558	136.032
 26559	137.121
 26560	141.24
 26561	144.202
 26562	140.793
 26563	135.664
 26564	130.882
 26565	129.297
 26566	139.336
 26567	141.591
 26568	139.867
 26569	141.097
 26570	140.958
 26571	136.467
 26572	136.801
 26573	135.088
 26574	135.477
 26575	137.731
 26576	136.273
 26577	134.592
 26578	138.942
 26579	137.131
 26580	138.749
 26581	143.672
 26582	147.795
 26583	148.716
 26584	152.1
 26585	154.378
 26586	153.987
 26587	146.805
 26588	144.709
 26589	144.921
 26590	149.297
 26591	148.609
 26592	146.411
 26593	144.826
 26594	154.7
 26595	157.94
 26596	153.584
 26597	149.659
 26598	157.84
 26599	161.904
 26600	151.815
 26601	149.723
 26602	157.544
 26603	153.223
 26604	147.333
 26605	148.3
 26606	149.012
 26607	150.498
 26608	152.724
 26609	151.226
 26610	153.891
 26611	160.304
 26612	157.889
 26613	150.666
 26614	150.486
 26615	154.514
 26616	158.221
 26617	153.658
 26618	150.967
 26619	153.793
 26620	155.398
 26621	151.088
 26622	148.381
 26623	151.19
 26624	154.566
 26625	149.31
 26626	139.352
 26627	138.619
 26628	144.827
 26629	147.823
 26630	142.397
 26631	143.671
 26632	153.187
 26633	155.563
 26634	152.089
 26635	151.466
 26636	154.246
 26637	157.187
 26638	154.775
 26639	150.847
 26640	147.588
 26641	146.179
 26642	144.697
 26643	141.73
 26644	143.025
 26645	146.796
 26646	146.346
 26647	142.078
 26648	136.813
 26649	134.363
 26650	133.253
 26651	134.422
 26652	133.383
 26653	128.218
 26654	123.328
 26655	128.111
 26656	128.69
 26657	128.375
 26658	132.605
 26659	138.212
 26660	137.995
 26661	135.499
 26662	136.541
 26663	142.045
 26664	143.415
 26665	142.795
 26666	144.218
 26667	142.334
 26668	143.441
 26669	150.699
 26670	152.321
 26671	150.234
 26672	150.439
 26673	153.603
 26674	155.28
 26675	150.713
 26676	144.619
 26677	152.605
 26678	161.425
 26679	161.136
 26680	154.101
 26681	154.704
 26682	160.556
 26683	160.784
 26684	158.897
 26685	163.854
 26686	163.448
 26687	162.944
 26688	165.124
 26689	165.9
 26690	163.615
 26691	166.16
 26692	169.716
 26693	165.907
 26694	161.129
 26695	165.422
 26696	168.146
 26697	159.619
 26698	157.769
 26699	163.107
 26700	161.885
 26701	158.102
 26702	157.866
 26703	154.92
 26704	151.334
 26705	150.332
 26706	150.395
 26707	146.901
 26708	140.379
 26709	138.621
 26710	140.756
 26711	146.847
 26712	151.355
 26713	147.57
 26714	148.963
 26715	150.244
 26716	149.314
 26717	150.71
 26718	152.744
 26719	152.013
 26720	147.193
 26721	141.435
 26722	137.593
 26723	140.94
 26724	141.223
 26725	146.436
 26726	149.991
 26727	150.369
 26728	152.089
 26729	148.794
 26730	145.27
 26731	146.022
 26732	152.368
 26733	155.047
 26734	149.474
 26735	148.941
 26736	156.931
 26737	156.198
 26738	154.09
 26739	156.744
 26740	158.353
 26741	156.434
 26742	152.632
 26743	151.373
 26744	157.444
 26745	159.468
 26746	156.208
 26747	153.105
 26748	151.895
 26749	151.488
 26750	151.45
 26751	152.428
 26752	155.975
 26753	156.426
 26754	157.352
 26755	161.878
 26756	162.011
 26757	159.636
 26758	157.564
 26759	156.351
 26760	157.426
 26761	160.947
 26762	161.372
 26763	159.017
 26764	155.217
 26765	155.871
 26766	158.481
 26767	152.01
 26768	152.453
 26769	158.35
 26770	158.808
 26771	156.7
 26772	158.626
 26773	159.827
 26774	154.151
 26775	152.31
 26776	153.627
 26777	151.93
 26778	154.395
 26779	165.095
 26780	166.492
 26781	159.422
 26782	159.753
 26783	164.585
 26784	161.304
 26785	157.272
 26786	162.622
 26787	168.378
 26788	164.641
 26789	163.129
 26790	166.71
 26791	168.94
 26792	168.331
 26793	172.52
 26794	173.503
 26795	173.477
 26796	173.77
 26797	174.729
 26798	176.404
 26799	177.785
 26800	177.873
 26801	173.91
 26802	170.572
 26803	172.411
 26804	176.088
 26805	171.493
 26806	165.303
 26807	165.404
 26808	165.865
 26809	157.69
 26810	147.791
 26811	151.581
 26812	154.977
 26813	151.103
 26814	147.988
 26815	151.339
 26816	153.555
 26817	149.828
 26818	138.98
 26819	133.061
 26820	135.478
 26821	137.86
 26822	139.944
 26823	138.17
 26824	138.2
 26825	139.978
 26826	134.56
 26827	125.607
 26828	128.668
 26829	138.076
 26830	138.781
 26831	134.973
 26832	134.524
 26833	134.818
 26834	136.673
 26835	133.892
 26836	132.735
 26837	133.099
 26838	135.24
 26839	130.254
 26840	129.923
 26841	137.251
 26842	139.994
 26843	136.346
 26844	132.592
 26845	131.699
 26846	136.591
 26847	137.938
 26848	136.411
 26849	138.368
 26850	138.259
 26851	136.427
 26852	138.64
 26853	133.533
 26854	131.971
 26855	132.599
 26856	133.818
 26857	140.705
 26858	143.23
 26859	140.751
 26860	143.186
 26861	149.245
 26862	146.468
 26863	141.642
 26864	142.87
 26865	150.599
 26866	150.596
 26867	145.307
 26868	142.852
 26869	145.487
 26870	146.185
 26871	139.028
 26872	130.957
 26873	134.91
 26874	139.392
 26875	137.43
 26876	137.134
 26877	142.694
 26878	145.216
 26879	144.677
 26880	144.016
 26881	145.017
 26882	143.402
 26883	146.217
 26884	152.312
 26885	151.097
 26886	144.906
 26887	146.394
 26888	149.302
 26889	143.74
 26890	137.701
 26891	142.908
 26892	147.619
 26893	144.335
 26894	143.288
 26895	146.832
 26896	149.869
 26897	148.554
 26898	145.792
 26899	145.365
 26900	148.819
 26901	149.301
 26902	148.505
 26903	149.852
 26904	155.622
 26905	152.41
 26906	147.168
 26907	148.448
 26908	147.755
 26909	143.224
 26910	144.244
 26911	150.68
 26912	155.142
 26913	151.522
 26914	149.613
 26915	154.06
 26916	151.225
 26917	145.884
 26918	146.751
 26919	150.045
 26920	147.955
 26921	148.471
 26922	148.845
 26923	152.539
 26924	152.741
 26925	148.883
 26926	146.371
 26927	151.422
 26928	156.987
 26929	156.196
 26930	152.378
 26931	153.011
 26932	154.612
 26933	156.805
 26934	157.253
 26935	152.57
 26936	154.359
 26937	162.565
 26938	156.768
 26939	143.124
 26940	138.627
 26941	144.05
 26942	145.665
 26943	141.809
 26944	145.089
 26945	148.155
 26946	146.977
 26947	140.974
 26948	137.451
 26949	138.182
 26950	142.104
 26951	143.342
 26952	143.678
 26953	141.828
 26954	143.793
 26955	147.84
 26956	143.832
 26957	142.209
 26958	141.914
 26959	138.6
 26960	139.555
 26961	144.136
 26962	147.324
 26963	146.622
 26964	147.727
 26965	144.119
 26966	136.33
 26967	133.646
 26968	141.465
 26969	143.8
 26970	141.199
 26971	143.902
 26972	146.935
 26973	144.543
 26974	142.367
 26975	142.24
 26976	141.969
 26977	141.321
 26978	143.185
 26979	143.885
 26980	137.804
 26981	139.62
 26982	147.107
 26983	146.126
 26984	138.385
 26985	141.976
 26986	141.447
 26987	136.774
 26988	129.807
 26989	136.284
 26990	141.746
 26991	141.997
 26992	137.345
 26993	135.656
 26994	131.425
 26995	135.634
 26996	137.579
 26997	136.598
 26998	140.841
 26999	146.258
 27000	140.268
 27001	135.649
 27002	134.482
 27003	139.779
 27004	142.086
 27005	136.101
 27006	138.271
 27007	143.309
 27008	141.868
 27009	137.07
 27010	139.717
 27011	138.648
 27012	137.474
 27013	137.313
 27014	139.705
 27015	141.946
 27016	145.329
 27017	147.004
 27018	143.913
 27019	142.157
 27020	139.906
 27021	143.433
 27022	145.153
 27023	143.807
 27024	143.69
 27025	147.487
 27026	145.561
 27027	144.534
 27028	151.997
 27029	151.594
 27030	149.522
 27031	156.984
 27032	159.629
 27033	156.993
 27034	159.074
 27035	162.026
 27036	159.05
 27037	154.62
 27038	153.559
 27039	153.86
 27040	153.655
 27041	155.211
 27042	158.784
 27043	153.065
 27044	153.336
 27045	159.992
 27046	160.339
 27047	156.289
 27048	158.838
 27049	161.234
 27050	158.154
 27051	159.905
 27052	162.365
 27053	155.416
 27054	149.759
 27055	152.325
 27056	151.743
 27057	149.788
 27058	155.152
 27059	158.715
 27060	153.121
 27061	150.007
 27062	151.547
 27063	149.628
 27064	143.076
 27065	147.908
 27066	152.482
 27067	149.568
 27068	149.294
 27069	151.767
 27070	150.024
 27071	150.727
 27072	153.899
 27073	153.199
 27074	153.465
 27075	150.62
 27076	148.735
 27077	148.427
 27078	146.62
 27079	144.173
 27080	143.791
 27081	138.337
 27082	133.844
 27083	138.015
 27084	144.112
 27085	144.796
 27086	145.89
 27087	146.545
 27088	146.467
 27089	147.62
 27090	146.538
 27091	145.181
 27092	148.303
 27093	150.289
 27094	150.164
 27095	150.259
 27096	146.413
 27097	140.541
 27098	139.617
 27099	140.837
 27100	140.154
 27101	142.663
 27102	146.222
 27103	145.005
 27104	143.247
 27105	146.307
 27106	151.313
 27107	150.443
 27108	144.038
 27109	139.355
 27110	140.795
 27111	142.056
 27112	141.15
 27113	138.839
 27114	136.795
 27115	130.74
 27116	128.499
 27117	130.766
 27118	133.633
 27119	139.578
 27120	139.654
 27121	136.945
 27122	135.506
 27123	135.282
 27124	134.871
 27125	136.86
 27126	137.945
 27127	135.998
 27128	137.005
 27129	143.259
 27130	141.469
 27131	140.433
 27132	140.603
 27133	138.517
 27134	135.413
 27135	139.956
 27136	141.137
 27137	140.852
 27138	146.074
 27139	154.505
 27140	154.515
 27141	151.301
 27142	155.635
 27143	158.041
 27144	152.989
 27145	150.539
 27146	154.205
 27147	155.117
 27148	150.694
 27149	145.14
 27150	144.51
 27151	146.682
 27152	144.798
 27153	141.704
 27154	139.167
 27155	141.357
 27156	141.37
 27157	137.819
 27158	134.421
 27159	136.609
 27160	136.076
 27161	138.126
 27162	140.964
 27163	143.457
 27164	143.74
 27165	143.34
 27166	146.033
 27167	148.296
 27168	143.688
 27169	137.958
 27170	137.994
 27171	140.978
 27172	145.721
 27173	144.686
 27174	142.11
 27175	144.025
 27176	140.303
 27177	133.884
 27178	134.788
 27179	138.747
 27180	137.503
 27181	131.753
 27182	129.851
 27183	129.823
 27184	131.364
 27185	133.025
 27186	135.638
 27187	134.822
 27188	134.624
 27189	135.693
 27190	137.417
 27191	136.338
 27192	133.77
 27193	135.991
 27194	137.721
 27195	132.726
 27196	133.053
 27197	139.277
 27198	138.41
 27199	135.836
 27200	136.488
 27201	136.507
 27202	134.657
 27203	130.144
 27204	127.044
 27205	129.109
 27206	130.632
 27207	124.491
 27208	122.484
 27209	126.073
 27210	123.661
 27211	115.995
 27212	118.254
 27213	118.338
 27214	124.195
 27215	128.614
 27216	129.133
 27217	125.656
 27218	123.75
 27219	125.131
 27220	126.186
 27221	125.974
 27222	129.861
 27223	134.182
 27224	130.076
 27225	124.901
 27226	129.158
 27227	134.274
 27228	127.687
 27229	124.244
 27230	135.129
 27231	143.654
 27232	143.55
 27233	149.321
 27234	154.108
 27235	152.308
 27236	149.053
 27237	144.768
 27238	144.889
 27239	146.11
 27240	146.891
 27241	150.425
 27242	149.202
 27243	146.073
 27244	145.719
 27245	142.004
 27246	138.646
 27247	139.921
 27248	143.497
 27249	144.024
 27250	142.493
 27251	139.833
 27252	140.295
 27253	135.1
 27254	132.861
 27255	137.531
 27256	143.766
 27257	145.287
 27258	145.383
 27259	144.652
 27260	144.013
 27261	137.546
 27262	133.016
 27263	140.059
 27264	143.769
 27265	142.764
 27266	142.352
 27267	144.468
 27268	144.212
 27269	142.379
 27270	143.14
 27271	144.73
 27272	140.235
 27273	142.461
 27274	143.631
 27275	140.586
 27276	140.262
 27277	140.446
 27278	138.062
 27279	134.84
 27280	132.803
 27281	136.881
 27282	135.468
 27283	129.905
 27284	131.299
 27285	129.305
 27286	126.949
 27287	129.685
 27288	130.409
 27289	134.933
 27290	140.19
 27291	137.263
 27292	136.459
 27293	136.958
 27294	137.152
 27295	133.738
 27296	130.741
 27297	134.456
 27298	133.003
 27299	129.631
 27300	134.375
 27301	136.152
 27302	136.805
 27303	138.719
 27304	144.098
 27305	147.318
 27306	143.341
 27307	145.98
 27308	154.306
 27309	152.643
 27310	151.063
 27311	154.691
 27312	155.334
 27313	154.438
 27314	156.445
 27315	155.778
 27316	156.644
 27317	154.748
 27318	152.301
 27319	147.981
 27320	146.646
 27321	150.957
 27322	153.697
 27323	149.492
 27324	150.914
 27325	150.452
 27326	147.123
 27327	143.908
 27328	146.352
 27329	146.388
 27330	143.192
 27331	142.94
 27332	148.607
 27333	146.61
 27334	149.51
 27335	150.073
 27336	144.8
 27337	147.585
 27338	152.027
 27339	148.878
 27340	151.636
 27341	157.172
 27342	157.682
 27343	154.11
 27344	152.391
 27345	153.328
 27346	153.352
 27347	157.763
 27348	167.363
 27349	165.339
 27350	162.223
 27351	164.838
 27352	163.039
 27353	161.873
 27354	164.18
 27355	169.81
 27356	168.531
 27357	163.435
 27358	164.109
 27359	162.382
 27360	160.661
 27361	162.175
 27362	159.18
 27363	158.328
 27364	162.973
 27365	163.442
 27366	164.511
 27367	169.873
 27368	172.957
 27369	169.424
 27370	165.614
 27371	168.802
 27372	172.512
 27373	172.997
 27374	174.116
 27375	171.821
 27376	170.49
 27377	169.251
 27378	160.439
 27379	154.797
 27380	158.545
 27381	160.37
 27382	156.811
 27383	153.048
 27384	152.724
 27385	150.55
 27386	144.823
 27387	143.916
 27388	146.8
 27389	146.74
 27390	151.748
 27391	162.133
 27392	166.77
 27393	167.094
 27394	167.203
 27395	171.718
 27396	175.434
 27397	170.709
 27398	169.637
 27399	176.138
 27400	176.86
 27401	174.552
 27402	170.745
 27403	168.02
 27404	165.295
 27405	161.073
 27406	159.796
 27407	157.94
 27408	153.061
 27409	152.757
 27410	150.121
 27411	142.107
 27412	142.964
 27413	149.404
 27414	154.741
 27415	156.481
 27416	155.041
 27417	152.425
 27418	145.485
 27419	141.718
 27420	143.987
 27421	144.163
 27422	144.746
 27423	144.208
 27424	140.586
 27425	138.476
 27426	135.337
 27427	134.916
 27428	138.98
 27429	138.061
 27430	136.01
 27431	138.293
 27432	134.908
 27433	135.818
 27434	143.338
 27435	142.056
 27436	138.108
 27437	140.672
 27438	143.161
 27439	143.45
 27440	148.075
 27441	155.818
 27442	157.251
 27443	150.862
 27444	151.456
 27445	151.675
 27446	150.389
 27447	152.612
 27448	158.117
 27449	159.014
 27450	159.515
 27451	159.088
 27452	158.867
 27453	159.945
 27454	165.107
 27455	165.265
 27456	164.354
 27457	164.242
 27458	163.537
 27459	160.201
 27460	161.164
 27461	160.912
 27462	157.636
 27463	154.045
 27464	153.018
 27465	149.709
 27466	144.34
 27467	143.509
 27468	144
 27469	145.316
 27470	142.733
 27471	136.405
 27472	135.281
 27473	140.254
 27474	138.788
 27475	137.873
 27476	139.047
 27477	136.074
 27478	131.537
 27479	128.355
 27480	129.283
 27481	129.039
 27482	126.839
 27483	127.615
 27484	127.222
 27485	121.307
 27486	120.267
 27487	128.68
 27488	129.052
 27489	125.892
 27490	126.375
 27491	127.49
 27492	125.746
 27493	122.476
 27494	125.679
 27495	134.435
 27496	134.942
 27497	131.873
 27498	135.227
 27499	143.648
 27500	144.843
 27501	142.196
 27502	146.651
 27503	151.582
 27504	143.905
 27505	141.632
 27506	148.422
 27507	154.936
 27508	158.231
 27509	167.793
 27510	173.002
 27511	169.126
 27512	168.949
 27513	176.131
 27514	179.738
 27515	178.157
 27516	179.948
 27517	177.111
 27518	169.774
 27519	165.327
 27520	167.028
 27521	166.136
 27522	163.707
 27523	161.905
 27524	159.493
 27525	154.82
 27526	158.962
 27527	162.771
 27528	158.99
 27529	157.607
 27530	159.909
 27531	157.826
 27532	160.563
 27533	165.447
 27534	168.279
 27535	172.341
 27536	175.34
 27537	170.911
 27538	164.595
 27539	166.395
 27540	171.309
 27541	172.814
 27542	170.269
 27543	169.41
 27544	166.416
 27545	163.886
 27546	165.702
 27547	173.911
 27548	-179.583
 27549	177.891
 27550	173.555
 27551	171.782
 27552	166.938
 27553	163.889
 27554	163.74
 27555	163.957
 27556	160.642
 27557	154.223
 27558	151.395
 27559	151.555
 27560	151.952
 27561	148.331
 27562	147.406
 27563	148.879
 27564	150.413
 27565	150.08
 27566	152.004
 27567	150.568
 27568	149.506
 27569	149.965
 27570	143.841
 27571	135.027
 27572	135.666
 27573	144.303
 27574	146.958
 27575	148.424
 27576	152.99
 27577	150.685
 27578	142.454
 27579	143.091
 27580	147.682
 27581	154.885
 27582	159.379
 27583	162.078
 27584	159.954
 27585	154.303
 27586	155.901
 27587	160.981
 27588	160.044
 27589	159.955
 27590	165.328
 27591	164.877
 27592	160.657
 27593	164.165
 27594	167.345
 27595	160.23
 27596	157.115
 27597	160.339
 27598	160.311
 27599	157.321
 27600	160.879
 27601	164.231
 27602	161.557
 27603	155.247
 27604	153.357
 27605	158.029
 27606	156.823
 27607	154.028
 27608	157.726
 27609	155.364
 27610	144.567
 27611	143.566
 27612	151.36
 27613	155.449
 27614	156.113
 27615	159.594
 27616	153.747
 27617	147.19
 27618	147.7
 27619	153.298
 27620	154.86
 27621	158.945
 27622	162.364
 27623	161.969
 27624	160.202
 27625	163.224
 27626	166.797
 27627	170.727
 27628	168.434
 27629	168.007
 27630	169.297
 27631	168.42
 27632	166.644
 27633	166.607
 27634	166.435
 27635	162.754
 27636	159.118
 27637	157.762
 27638	157.285
 27639	155.937
 27640	154.422
 27641	147.374
 27642	148.252
 27643	150.621
 27644	153.598
 27645	156.603
 27646	157.928
 27647	157.811
 27648	158.543
 27649	160.094
 27650	160.598
 27651	164.108
 27652	162.077
 27653	156.767
 27654	157.974
 27655	161.311
 27656	161.098
 27657	161.56
 27658	163.076
 27659	162.07
 27660	159.763
 27661	160.101
 27662	158.3
 27663	159.928
 27664	164.868
 27665	165.266
 27666	163.012
 27667	166.376
 27668	170.735
 27669	166.799
 27670	161.549
 27671	164.189
 27672	165.508
 27673	159.682
 27674	157.332
 27675	157.356
 27676	154.543
 27677	148.019
 27678	145.047
 27679	145.107
 27680	145.054
 27681	145.002
 27682	146.348
 27683	145.74
 27684	147.355
 27685	150.723
 27686	148.067
 27687	146.098
 27688	154.302
 27689	157.097
 27690	153.644
 27691	153.732
 27692	161.592
 27693	162.895
 27694	156.77
 27695	154.177
 27696	154.003
 27697	156.852
 27698	156.542
 27699	154.33
 27700	155.002
 27701	156.905
 27702	153.473
 27703	149.478
 27704	152.843
 27705	160.079
 27706	159.034
 27707	154.473
 27708	154.171
 27709	160.346
 27710	160.063
 27711	156.619
 27712	155.266
 27713	159.848
 27714	159.922
 27715	154.72
 27716	151.522
 27717	155.132
 27718	157.364
 27719	151.978
 27720	142.944
 27721	142.798
 27722	149.974
 27723	145.682
 27724	139.408
 27725	136.717
 27726	140.333
 27727	139.384
 27728	133.595
 27729	124.852
 27730	129.269
 27731	132.866
 27732	127.082
 27733	126.143
 27734	130.916
 27735	132.243
 27736	124.914
 27737	122.018
 27738	128.993
 27739	129.757
 27740	132.712
 27741	135.522
 27742	134.504
 27743	131.685
 27744	136.939
 27745	140.068
 27746	140.775
 27747	142.05
 27748	141.445
 27749	137.159
 27750	136.997
 27751	144.898
 27752	148.711
 27753	146.083
 27754	145.685
 27755	147.073
 27756	146.588
 27757	147.262
 27758	151.4
 27759	152.687
 27760	153.994
 27761	153.131
 27762	150.589
 27763	149.76
 27764	152.97
 27765	153.497
 27766	149.079
 27767	150.984
 27768	151.455
 27769	144.287
 27770	143.058
 27771	145.8
 27772	144.974
 27773	145.415
 27774	144.327
 27775	139.649
 27776	139.306
 27777	147.436
 27778	147.814
 27779	144.717
 27780	147.869
 27781	156.481
 27782	154.434
 27783	151.598
 27784	154.623
 27785	158.896
 27786	155.648
 27787	153.719
 27788	161.711
 27789	164.455
 27790	161.214
 27791	165.066
 27792	166.608
 27793	160.715
 27794	160.493
 27795	163.517
 27796	162.947
 27797	162.918
 27798	163.542
 27799	161.302
 27800	159.225
 27801	160.477
 27802	160.333
 27803	155.296
 27804	150.202
 27805	151.17
 27806	151.97
 27807	148.623
 27808	147.1
 27809	145.165
 27810	142.646
 27811	141.454
 27812	142.706
 27813	143.629
 27814	140.415
 27815	139.633
 27816	143.704
 27817	139.365
 27818	134.701
 27819	136.526
 27820	136.842
 27821	140.04
 27822	143.415
 27823	142.986
 27824	144.011
 27825	148.331
 27826	149.273
 27827	148.306
 27828	152.748
 27829	155.516
 27830	150.26
 27831	146.506
 27832	145.911
 27833	147.425
 27834	147.889
 27835	146.997
 27836	146.661
 27837	147.35
 27838	142.888
 27839	141.382
 27840	142.564
 27841	139.798
 27842	137.761
 27843	136.916
 27844	130.376
 27845	130.067
 27846	136.967
 27847	139.158
 27848	132.387
 27849	127.086
 27850	126.104
 27851	126.916
 27852	122.588
 27853	120.636
 27854	123.583
 27855	127.172
 27856	119.804
 27857	112.956
 27858	119.53
 27859	123.047
 27860	115.487
 27861	117.119
 27862	121.586
 27863	125.093
 27864	126.825
 27865	127.279
 27866	125.274
 27867	129.171
 27868	129.981
 27869	133.674
 27870	132.973
 27871	135.221
 27872	135.935
 27873	129.611
 27874	123.566
 27875	130.659
 27876	138.175
 27877	136.595
 27878	132.118
 27879	136.365
 27880	139.418
 27881	139.724
 27882	142.276
 27883	144.304
 27884	142.236
 27885	143.024
 27886	141.952
 27887	139.197
 27888	140.368
 27889	142.123
 27890	141.504
 27891	140.599
 27892	139.524
 27893	143.073
 27894	141.096
 27895	138.785
 27896	139.044
 27897	144.698
 27898	142.238
 27899	140.609
 27900	141.868
 27901	142.141
 27902	136.585
 27903	138.65
 27904	143.562
 27905	140.643
 27906	141.674
 27907	146.468
 27908	141.577
 27909	138.576
 27910	138.609
 27911	136.396
 27912	133.569
 27913	131.149
 27914	131.283
 27915	132.998
 27916	132.409
 27917	133.54
 27918	131.445
 27919	124.244
 27920	123.699
 27921	126.088
 27922	126.083
 27923	123.151
 27924	123.979
 27925	131.593
 27926	126.549
 27927	115.713
 27928	122.604
 27929	128.35
 27930	125.136
 27931	123.763
 27932	125.27
 27933	125.873
 27934	121.674
 27935	117.093
 27936	122.311
 27937	124.434
 27938	123.545
 27939	130.467
 27940	134.176
 27941	132.667
 27942	135.098
 27943	134.826
 27944	131.818
 27945	134.479
 27946	140.653
 27947	140.616
 27948	132.31
 27949	132.273
 27950	135.393
 27951	125.584
 27952	122.188
 27953	125.272
 27954	123.878
 27955	120.264
 27956	115.415
 27957	115.968
 27958	116.401
 27959	115.563
 27960	114.517
 27961	116.302
 27962	116.739
 27963	124.047
 27964	129.577
 27965	126.044
 27966	128.414
 27967	132.552
 27968	128.945
 27969	125.981
 27970	130.195
 27971	140.502
 27972	142.139
 27973	139.191
 27974	139.824
 27975	140.848
 27976	138.754
 27977	137.685
 27978	141.137
 27979	145.995
 27980	148.209
 27981	149.276
 27982	149.754
 27983	150.137
 27984	155.753
 27985	157.715
 27986	153.856
 27987	153.944
 27988	156.957
 27989	157.122
 27990	158.716
 27991	163.412
 27992	163.373
 27993	157.771
 27994	151.053
 27995	151.527
 27996	153.059
 27997	157.703
 27998	158.235
 27999	158.077
 28000	156.901
 28001	154.123
 28002	150.141
 28003	151.965
 28004	149.635
 28005	147.759
 28006	149.88
 28007	146.654
 28008	136.983
 28009	136.08
 28010	136.684
 28011	133.702
 28012	131.184
 28013	135.872
 28014	136.771
 28015	132.91
 28016	136.597
 28017	134.809
 28018	128.009
 28019	129.256
 28020	133.452
 28021	130.16
 28022	131.893
 28023	134.455
 28024	139.81
 28025	142.309
 28026	143.063
 28027	142.902
 28028	142.012
 28029	139.006
 28030	140.499
 28031	140
 28032	142.006
 28033	147.47
 28034	146.051
 28035	142.038
 28036	140.859
 28037	137.456
 28038	138.538
 28039	142.441
 28040	143.912
 28041	141.868
 28042	139.484
 28043	135.721
 28044	130.928
 28045	133.805
 28046	133.774
 28047	129.299
 28048	131.094
 28049	135.852
 28050	135.002
 28051	136.408
 28052	139.481
 28053	137.958
 28054	132.611
 28055	128.316
 28056	130.429
 28057	136.207
 28058	136.309
 28059	133.285
 28060	131.693
 28061	130.544
 28062	127.114
 28063	124.022
 28064	123.369
 28065	126.238
 28066	125.098
 28067	122.264
 28068	120.04
 28069	120.87
 28070	125.053
 28071	123.179
 28072	119.33
 28073	123.323
 28074	124.929
 28075	119.829
 28076	117.183
 28077	120.514
 28078	121.315
 28079	118.251
 28080	114.737
 28081	117.176
 28082	120.4
 28083	123.949
 28084	126.432
 28085	128.846
 28086	136.292
 28087	138.162
 28088	133.243
 28089	125.62
 28090	126.138
 28091	130.236
 28092	130.818
 28093	134.495
 28094	143.965
 28095	142.029
 28096	139.128
 28097	140.826
 28098	143.523
 28099	145.006
 28100	145.914
 28101	144.798
 28102	146.316
 28103	146.83
 28104	146.805
 28105	148.436
 28106	147.819
 28107	146.058
 28108	145.486
 28109	144.418
 28110	143.83
 28111	145.009
 28112	145.604
 28113	143.133
 28114	137.405
 28115	134.425
 28116	133.589
 28117	135.43
 28118	133.3
 28119	129.876
 28120	130.143
 28121	128.333
 28122	122.529
 28123	118.769
 28124	117.148
 28125	116.203
 28126	119.236
 28127	120.87
 28128	120.406
 28129	119.901
 28130	114.472
 28131	109.839
 28132	110.344
 28133	111.509
 28134	113.194
 28135	117.117
 28136	117.139
 28137	114.205
 28138	115.832
 28139	117.01
 28140	118.702
 28141	119.872
 28142	120.083
 28143	120.136
 28144	118.905
 28145	120.075
 28146	118.097
 28147	117.214
 28148	119.906
 28149	122.909
 28150	118.659
 28151	119.462
 28152	126.879
 28153	130.271
 28154	125.369
 28155	126.345
 28156	130.921
 28157	128.85
 28158	125.182
 28159	126.686
 28160	128.662
 28161	132.842
 28162	133.677
 28163	135.662
 28164	141.35
 28165	141.235
 28166	141.042
 28167	143.459
 28168	147.141
 28169	148.383
 28170	146.198
 28171	141.665
 28172	140.247
 28173	137.167
 28174	133.142
 28175	132.088
 28176	131.531
 28177	132.331
 28178	136.466
 28179	138.944
 28180	140.302
 28181	143.737
 28182	144.399
 28183	142.802
 28184	138.734
 28185	138.449
 28186	137.942
 28187	141.398
 28188	145.664
 28189	148.598
 28190	150.783
 28191	152.146
 28192	149.459
 28193	150.08
 28194	151.378
 28195	155.222
 28196	156.385
 28197	157.352
 28198	157.193
 28199	154.249
 28200	150.723
 28201	153.417
 28202	152.177
 28203	145.788
 28204	143.27
 28205	147.113
 28206	147.839
 28207	147.703
 28208	151.529
 28209	151.731
 28210	148.458
 28211	143.465
 28212	142.732
 28213	142.484
 28214	145.002
 28215	146.079
 28216	144.842
 28217	142.795
 28218	142.784
 28219	144.071
 28220	141.95
 28221	135.622
 28222	137.543
 28223	140.834
 28224	138.07
 28225	139.507
 28226	144.646
 28227	144.149
 28228	139.158
 28229	135.474
 28230	136.322
 28231	136.352
 28232	135.08
 28233	136.718
 28234	141.293
 28235	140.749
 28236	137.264
 28237	134.598
 28238	135.347
 28239	133.335
 28240	131.316
 28241	134.437
 28242	135.403
 28243	130.541
 28244	129.331
 28245	127.104
 28246	123.021
 28247	123.64
 28248	129.156
 28249	130.423
 28250	125.827
 28251	121.311
 28252	123.209
 28253	124.377
 28254	119.859
 28255	121.151
 28256	129.008
 28257	130.85
 28258	133.836
 28259	140.877
 28260	146.073
 28261	148.477
 28262	147.085
 28263	141.753
 28264	140.406
 28265	142.712
 28266	142.232
 28267	142.889
 28268	149.236
 28269	151.825
 28270	145.739
 28271	144.14
 28272	147.226
 28273	149.033
 28274	147.059
 28275	145.77
 28276	144.558
 28277	146.861
 28278	148.34
 28279	146.018
 28280	147.147
 28281	152.625
 28282	156.54
 28283	157.683
 28284	154.148
 28285	153.396
 28286	156.242
 28287	157.232
 28288	150.747
 28289	145.018
 28290	140.95
 28291	142.724
 28292	142.614
 28293	142.128
 28294	145.627
 28295	149.792
 28296	150.113
 28297	147.246
 28298	146.96
 28299	147.484
 28300	143.645
 28301	143.604
 28302	146.977
 28303	147.317
 28304	147.71
 28305	153.247
 28306	156.106
 28307	156.14
 28308	155.696
 28309	155.043
 28310	151.78
 28311	151.109
 28312	156.425
 28313	159.82
 28314	161.208
 28315	163.578
 28316	166.072
 28317	164.893
 28318	163.987
 28319	165.917
 28320	168.962
 28321	167.867
 28322	165.962
 28323	169.179
 28324	170.858
 28325	169.402
 28326	171.673
 28327	171.554
 28328	168.107
 28329	164.099
 28330	163.506
 28331	164.611
 28332	162.757
 28333	159.909
 28334	159.446
 28335	158.829
 28336	153.892
 28337	149.591
 28338	147.083
 28339	149.326
 28340	145.338
 28341	142.288
 28342	141.497
 28343	142.233
 28344	142.679
 28345	144.732
 28346	143.274
 28347	145.441
 28348	146.263
 28349	146.537
 28350	147.881
 28351	151.373
 28352	154.871
 28353	160.403
 28354	159.905
 28355	155.205
 28356	158.483
 28357	167.428
 28358	167.693
 28359	165.509
 28360	170.047
 28361	174.87
 28362	172.553
 28363	164.617
 28364	163.199
 28365	166.39
 28366	166.583
 28367	161.17
 28368	158.279
 28369	157.079
 28370	156.801
 28371	156.003
 28372	148.032
 28373	140.044
 28374	142.75
 28375	147.114
 28376	143.229
 28377	139.221
 28378	145.311
 28379	151.314
 28380	148.655
 28381	143.156
 28382	145.73
 28383	147.748
 28384	148.018
 28385	148.598
 28386	149.594
 28387	148.393
 28388	150.261
 28389	150.46
 28390	145.225
 28391	141.219
 28392	142.496
 28393	145.324
 28394	145.101
 28395	141.645
 28396	143.152
 28397	143.985
 28398	138.615
 28399	140.015
 28400	152.594
 28401	159.551
 28402	154.606
 28403	149.136
 28404	149.959
 28405	155.081
 28406	153.817
 28407	150.504
 28408	148.207
 28409	151.462
 28410	147.855
 28411	144.636
 28412	147.472
 28413	153.05
 28414	154.843
 28415	151.872
 28416	145.812
 28417	143.63
 28418	143.397
 28419	144.613
 28420	146.935
 28421	148.85
 28422	150.458
 28423	154.18
 28424	149.86
 28425	143.904
 28426	145.464
 28427	149.334
 28428	146.933
 28429	143.636
 28430	144.071
 28431	148.548
 28432	152.097
 28433	151.954
 28434	148.371
 28435	149.085
 28436	152.773
 28437	155.691
 28438	159.176
 28439	161.949
 28440	161.734
 28441	158.192
 28442	154.635
 28443	155.759
 28444	160.636
 28445	165.922
 28446	167.185
 28447	167.454
 28448	169.632
 28449	170.492
 28450	166.336
 28451	159.708
 28452	157.655
 28453	159.878
 28454	159.537
 28455	159.032
 28456	157.038
 28457	153.547
 28458	151.235
 28459	151.186
 28460	148.246
 28461	148.452
 28462	150.799
 28463	150.512
 28464	149.965
 28465	149.381
 28466	148.761
 28467	150.662
 28468	152.274
 28469	156.418
 28470	160.285
 28471	164.914
 28472	166.088
 28473	164.327
 28474	161.508
 28475	159.621
 28476	162.165
 28477	165.957
 28478	165.333
 28479	166.388
 28480	166.026
 28481	163.369
 28482	158.061
 28483	156.488
 28484	157.259
 28485	158.314
 28486	158.385
 28487	159.679
 28488	160.271
 28489	158.983
 28490	156.721
 28491	156.445
 28492	155.602
 28493	152.351
 28494	152.159
 28495	153.318
 28496	155.03
 28497	159.447
 28498	163.567
 28499	159.491
 28500	153.459
 28501	153.178
 28502	156.705
 28503	158.488
 28504	158.924
 28505	162.243
 28506	160.502
 28507	153.602
 28508	148.888
 28509	150.051
 28510	157.134
 28511	162.249
 28512	159.183
 28513	157.266
 28514	158.175
 28515	158.828
 28516	157.83
 28517	161.79
 28518	171.083
 28519	175.264
 28520	170.503
 28521	166.03
 28522	167.948
 28523	169.864
 28524	172.099
 28525	170.841
 28526	166.246
 28527	159.271
 28528	153.965
 28529	150.259
 28530	146.536
 28531	149.228
 28532	154.102
 28533	151.154
 28534	151.635
 28535	154.116
 28536	153.887
 28537	154.566
 28538	155.631
 28539	158.199
 28540	161.114
 28541	159.848
 28542	159.859
 28543	158.075
 28544	153.922
 28545	149.518
 28546	151.55
 28547	155.934
 28548	155.756
 28549	156.213
 28550	161.873
 28551	161.956
 28552	155.232
 28553	155.457
 28554	164.896
 28555	169.576
 28556	171.499
 28557	172.713
 28558	173.982
 28559	170.659
 28560	163.846
 28561	162.152
 28562	164.234
 28563	164.562
 28564	159.634
 28565	153.809
 28566	152.368
 28567	152.095
 28568	149.677
 28569	149.015
 28570	147.482
 28571	149.143
 28572	153.018
 28573	154.029
 28574	151.569
 28575	152.265
 28576	155.881
 28577	152.921
 28578	150.202
 28579	155.281
 28580	161.116
 28581	159.504
 28582	160.474
 28583	167.812
 28584	167.593
 28585	161.841
 28586	155.56
 28587	152.368
 28588	155.506
 28589	162.414
 28590	167.773
 28591	164.759
 28592	161.333
 28593	157.718
 28594	152.882
 28595	153.1
 28596	160.733
 28597	165.572
 28598	161.153
 28599	157.06
 28600	157.749
 28601	158.691
 28602	158.275
 28603	157.895
 28604	162.758
 28605	166.154
 28606	161.682
 28607	157.167
 28608	156.77
 28609	159.544
 28610	165.037
 28611	167.037
 28612	163.161
 28613	161.014
 28614	164.886
 28615	164.825
 28616	163.826
 28617	170.696
 28618	174.658
 28619	170.94
 28620	166.093
 28621	165.559
 28622	169.098
 28623	173.402
 28624	176.34
 28625	176.421
 28626	173.121
 28627	167.714
 28628	166.017
 28629	167.648
 28630	172.609
 28631	176.747
 28632	172.1
 28633	165.564
 28634	166.442
 28635	168.311
 28636	169.825
 28637	170.518
 28638	169.05
 28639	160.517
 28640	150.664
 28641	143.705
 28642	141.737
 28643	140.474
 28644	140.513
 28645	139.217
 28646	138.296
 28647	138.349
 28648	139.817
 28649	141.744
 28650	144.463
 28651	146.091
 28652	144.245
 28653	140.134
 28654	133.109
 28655	131.332
 28656	138.934
 28657	142.861
 28658	140.248
 28659	137.53
 28660	136.63
 28661	129.615
 28662	124.809
 28663	132.826
 28664	138.973
 28665	132.092
 28666	123.473
 28667	124.282
 28668	123.836
 28669	124.243
 28670	131.159
 28671	136.501
 28672	138.254
 28673	136.304
 28674	138.341
 28675	147.6
 28676	151.439
 28677	151.406
 28678	153.906
 28679	151.376
 28680	145.154
 28681	146.404
 28682	151.633
 28683	154.698
 28684	156.15
 28685	156.496
 28686	149.035
 28687	143.67
 28688	146.302
 28689	149.63
 28690	149.3
 28691	148.141
 28692	148.138
 28693	148.122
 28694	146.125
 28695	145.349
 28696	148.545
 28697	151.264
 28698	151.926
 28699	156.208
 28700	158.308
 28701	156.857
 28702	160.271
 28703	163.256
 28704	159.484
 28705	157.013
 28706	160.789
 28707	160.101
 28708	151.489
 28709	152.623
 28710	161.628
 28711	158.57
 28712	147.69
 28713	148.446
 28714	153.622
 28715	148.463
 28716	145.021
 28717	153.204
 28718	153.056
 28719	140.993
 28720	137.888
 28721	141.532
 28722	138.296
 28723	135.116
 28724	140.794
 28725	148.32
 28726	144.449
 28727	140.136
 28728	141.14
 28729	137.037
 28730	132.522
 28731	134.199
 28732	138.017
 28733	134.548
 28734	126.527
 28735	127.37
 28736	130.528
 28737	124.567
 28738	122.767
 28739	132.234
 28740	134.32
 28741	129.105
 28742	136.324
 28743	145.692
 28744	142.707
 28745	138.194
 28746	143.513
 28747	144.74
 28748	139.338
 28749	138.554
 28750	144.799
 28751	148.443
 28752	149.151
 28753	147.536
 28754	142.694
 28755	138.852
 28756	138.527
 28757	144.261
 28758	143.837
 28759	141.232
 28760	143.365
 28761	141.46
 28762	136.097
 28763	141.802
 28764	148.609
 28765	151.276
 28766	151.611
 28767	154.254
 28768	155.454
 28769	149.314
 28770	144.514
 28771	142.889
 28772	141.203
 28773	147.008
 28774	150.111
 28775	148.201
 28776	150.791
 28777	150.781
 28778	149.351
 28779	151.017
 28780	151.145
 28781	146.438
 28782	144.67
 28783	147.501
 28784	149.975
 28785	150.415
 28786	150.073
 28787	148.579
 28788	144.141
 28789	142.169
 28790	145.128
 28791	150.456
 28792	152.224
 28793	150.677
 28794	152.145
 28795	154.329
 28796	149.844
 28797	150.286
 28798	157.656
 28799	159.365
 28800	156.087
 28801	158.401
 28802	156.79
 28803	157.005
 28804	162.243
 28805	166.595
 28806	166.911
 28807	163.527
 28808	164.261
 28809	166.215
 28810	163.433
 28811	167.527
 28812	173.108
 28813	170.447
 28814	164.022
 28815	160.338
 28816	160.939
 28817	160.522
 28818	158.864
 28819	165.38
 28820	167.058
 28821	157.407
 28822	153.63
 28823	156.481
 28824	156.997
 28825	151.938
 28826	148.775
 28827	152.056
 28828	151.881
 28829	147.192
 28830	147.799
 28831	150.692
 28832	150.872
 28833	151.928
 28834	158.09
 28835	159.699
 28836	156.788
 28837	156.953
 28838	156.865
 28839	154.133
 28840	156.446
 28841	160.846
 28842	156.788
 28843	152.821
 28844	150.315
 28845	146.471
 28846	146.155
 28847	147.428
 28848	147.604
 28849	147.838
 28850	151.364
 28851	152.966
 28852	153.51
 28853	157.781
 28854	161.173
 28855	161.764
 28856	158.632
 28857	153.169
 28858	153.194
 28859	158.896
 28860	157.206
 28861	157.465
 28862	159.925
 28863	157.205
 28864	153.849
 28865	152.531
 28866	155.507
 28867	159.511
 28868	155.53
 28869	147.199
 28870	141.841
 28871	142.2
 28872	145.055
 28873	148.147
 28874	150.479
 28875	150.712
 28876	145.907
 28877	144.789
 28878	144.01
 28879	146.65
 28880	154.738
 28881	154.413
 28882	149.083
 28883	148.4
 28884	149.257
 28885	151.186
 28886	154.945
 28887	154.674
 28888	154.517
 28889	153.141
 28890	147.533
 28891	143.547
 28892	145.34
 28893	151.969
 28894	152.288
 28895	148.367
 28896	146.888
 28897	144.145
 28898	145.562
 28899	149.893
 28900	148.202
 28901	146.76
 28902	146.374
 28903	142.594
 28904	144.262
 28905	151.307
 28906	157.856
 28907	157.953
 28908	151.619
 28909	148.887
 28910	151.146
 28911	147.978
 28912	146.757
 28913	150.395
 28914	149.563
 28915	142.468
 28916	138.31
 28917	143.666
 28918	145.36
 28919	145.348
 28920	150.321
 28921	151.649
 28922	145.586
 28923	142.449
 28924	144.25
 28925	149.731
 28926	154.593
 28927	155.062
 28928	155.206
 28929	156.298
 28930	158.435
 28931	159.989
 28932	157.322
 28933	154.803
 28934	161.531
 28935	167.095
 28936	160.041
 28937	154.403
 28938	159.029
 28939	157.877
 28940	146.795
 28941	146.296
 28942	155.054
 28943	158.618
 28944	155.457
 28945	153.414
 28946	154.14
 28947	159.138
 28948	155.153
 28949	147.448
 28950	147.045
 28951	151.371
 28952	147.955
 28953	142.53
 28954	140.849
 28955	144.212
 28956	143.391
 28957	143.237
 28958	139.048
 28959	138.82
 28960	141.964
 28961	140.975
 28962	132.2
 28963	135.531
 28964	136.58
 28965	135.724
 28966	136.479
 28967	138.873
 28968	143.123
 28969	147.319
 28970	142.995
 28971	139.28
 28972	144.08
 28973	152.053
 28974	151.861
 28975	151.242
 28976	154.231
 28977	152.752
 28978	147.724
 28979	149.988
 28980	155.82
 28981	161.172
 28982	161.348
 28983	157.912
 28984	157.241
 28985	156.586
 28986	155.162
 28987	153.154
 28988	149.192
 28989	151.272
 28990	156.369
 28991	153.406
 28992	153.052
 28993	159.398
 28994	160.038
 28995	157.265
 28996	159.925
 28997	159.681
 28998	156.201
 28999	157.862
 29000	166.307
 29001	166.559
 29002	166.352
 29003	168.946
 29004	163.856
 29005	159.471
 29006	164.565
 29007	163.893
 29008	157.761
 29009	158.64
 29010	161.994
 29011	157.441
 29012	155.981
 29013	166.38
 29014	172.362
 29015	165.326
 29016	164.796
 29017	173.891
 29018	174.453
 29019	169.224
 29020	172.539
 29021	179.717
 29022	175.261
 29023	170.958
 29024	172.331
 29025	174.834
 29026	177.012
 29027	-179.294
 29028	175.661
 29029	171.012
 29030	175.547
 29031	175.763
 29032	169.285
 29033	173.682
 29034	177.136
 29035	174.086
 29036	167.715
 29037	166.256
 29038	164.326
 29039	166.37
 29040	166.17
 29041	159.84
 29042	157.225
 29043	160.203
 29044	157.42
 29045	155.37
 29046	157.535
 29047	156.156
 29048	152.805
 29049	149.663
 29050	146.237
 29051	145.388
 29052	147.72
 29053	149.756
 29054	146.729
 29055	145.001
 29056	142.53
 29057	141.27
 29058	143.871
 29059	145.398
 29060	146.181
 29061	147.735
 29062	144.378
 29063	146.879
 29064	153.144
 29065	152.705
 29066	153.52
 29067	160.994
 29068	160.224
 29069	158.988
 29070	162.135
 29071	162.779
 29072	159.616
 29073	158.133
 29074	161.739
 29075	163.07
 29076	161.256
 29077	158.883
 29078	156.095
 29079	153.28
 29080	154.434
 29081	151.031
 29082	151.03
 29083	156.674
 29084	155.465
 29085	153.478
 29086	157.269
 29087	161.529
 29088	167.515
 29089	168.85
 29090	166.723
 29091	167.267
 29092	165.299
 29093	164.312
 29094	165.247
 29095	165.537
 29096	166.614
 29097	165.624
 29098	164.867
 29099	168.095
 29100	168.782
 29101	174.031
 29102	175.92
 29103	175.246
 29104	173.637
 29105	170.586
 29106	170.244
 29107	172.895
 29108	175.277
 29109	172.901
 29110	168.127
 29111	163.798
 29112	167.955
 29113	166.047
 29114	161.613
 29115	158.538
 29116	160.604
 29117	155.683
 29118	153.606
 29119	155.689
 29120	160.286
 29121	159.462
 29122	157.744
 29123	155.861
 29124	155.022
 29125	156.517
 29126	156.328
 29127	154.373
 29128	158.939
 29129	161.358
 29130	156.015
 29131	152.555
 29132	148.998
 29133	152.804
 29134	152.652
 29135	150.348
 29136	149.551
 29137	144.782
 29138	137.965
 29139	138.887
 29140	142.688
 29141	144.688
 29142	145.919
 29143	150.004
 29144	153.168
 29145	153.059
 29146	153.963
 29147	160.385
 29148	162.298
 29149	162.189
 29150	161.797
 29151	163.365
 29152	162.938
 29153	164.841
 29154	168.662
 29155	170.123
 29156	166.598
 29157	163.864
 29158	155.705
 29159	154.132
 29160	161.075
 29161	163.634
 29162	158.183
 29163	152.714
 29164	149.624
 29165	151.43
 29166	153.76
 29167	158.735
 29168	162.402
 29169	163.303
 29170	162.299
 29171	163.739
 29172	163.522
 29173	168.484
 29174	175.008
 29175	168.843
 29176	161.923
 29177	162.44
 29178	166.525
 29179	164.504
 29180	167.777
 29181	173.114
 29182	168.177
 29183	156.904
 29184	156.002
 29185	155.292
 29186	156.517
 29187	163.372
 29188	163.736
 29189	160.63
 29190	160.466
 29191	155.873
 29192	149.138
 29193	148.414
 29194	152.007
 29195	151.933
 29196	142.03
 29197	138.306
 29198	140.737
 29199	138.475
 29200	134.629
 29201	137.6
 29202	139.127
 29203	137.544
 29204	133.276
 29205	134.915
 29206	137.151
 29207	133.559
 29208	132.734
 29209	138.376
 29210	135.754
 29211	129.182
 29212	134.061
 29213	142.373
 29214	141.56
 29215	136.17
 29216	137.42
 29217	138.148
 29218	129.455
 29219	124.057
 29220	128.089
 29221	135.734
 29222	138.875
 29223	138.781
 29224	141.673
 29225	143.49
 29226	142.355
 29227	144.732
 29228	146.763
 29229	148.265
 29230	149.749
 29231	144.706
 29232	144.582
 29233	147.844
 29234	149.674
 29235	149.644
 29236	148.562
 29237	141.979
 29238	136.828
 29239	140.84
 29240	146.258
 29241	143.912
 29242	144.079
 29243	143.594
 29244	140.95
 29245	137.304
 29246	137.729
 29247	141.717
 29248	148.003
 29249	145.366
 29250	135.908
 29251	131.774
 29252	128.051
 29253	124.275
 29254	127.598
 29255	131.785
 29256	130.525
 29257	126.377
 29258	126.207
 29259	127.724
 29260	125.561
 29261	124.526
 29262	133.226
 29263	135.392
 29264	125.909
 29265	129.9
 29266	139.673
 29267	141.63
 29268	137.287
 29269	138.795
 29270	139.14
 29271	133.74
 29272	133.164
 29273	135.743
 29274	132.234
 29275	138.189
 29276	144.009
 29277	136.697
 29278	133.742
 29279	141.596
 29280	144.824
 29281	140.689
 29282	140.254
 29283	147.608
 29284	145.396
 29285	134.135
 29286	132.619
 29287	134.33
 29288	134.739
 29289	137.027
 29290	140.506
 29291	138.29
 29292	135.518
 29293	143
 29294	145.89
 29295	140.108
 29296	142.24
 29297	147.861
 29298	141.983
 29299	134.302
 29300	142.519
 29301	150.701
 29302	148.633
 29303	143.117
 29304	143.574
 29305	142.904
 29306	141.43
 29307	142.28
 29308	148.653
 29309	155.992
 29310	160.57
 29311	159.121
 29312	154.242
 29313	154.592
 29314	160.746
 29315	160.585
 29316	156.942
 29317	154.693
 29318	153.256
 29319	155.031
 29320	152.082
 29321	152.279
 29322	155.251
 29323	153.326
 29324	146.27
 29325	147.62
 29326	155.991
 29327	158.06
 29328	152.978
 29329	148.028
 29330	142.635
 29331	137.232
 29332	142.707
 29333	147.298
 29334	146.329
 29335	142.431
 29336	144.959
 29337	144.81
 29338	140.225
 29339	141.803
 29340	148.235
 29341	147.471
 29342	145.857
 29343	150.061
 29344	154.006
 29345	154.701
 29346	156.552
 29347	158.797
 29348	156.759
 29349	156.854
 29350	160.022
 29351	159.769
 29352	156.89
 29353	154.206
 29354	148.43
 29355	147.437
 29356	148.326
 29357	149.561
 29358	150.254
 29359	153.607
 29360	154.832
 29361	148.259
 29362	144.959
 29363	149.513
 29364	153.725
 29365	148.916
 29366	147.517
 29367	153.316
 29368	153.828
 29369	145.92
 29370	140.644
 29371	139.264
 29372	144.082
 29373	143.044
 29374	139.935
 29375	140.21
 29376	144.388
 29377	145.902
 29378	141.625
 29379	143.191
 29380	149.133
 29381	152.358
 29382	149.476
 29383	146.401
 29384	143.032
 29385	146.903
 29386	148.36
 29387	145.316
 29388	147.313
 29389	153.364
 29390	157.307
 29391	156.459
 29392	154.553
 29393	159.295
 29394	161.928
 29395	157.035
 29396	153.855
 29397	156.176
 29398	156.083
 29399	160.637
 29400	163.889
 29401	158.304
 29402	159.13
 29403	166.898
 29404	165.693
 29405	163.594
 29406	169.809
 29407	169.477
 29408	156.973
 29409	150.895
 29410	153.105
 29411	151.916
 29412	152.387
 29413	153.276
 29414	150.779
 29415	151.685
 29416	152.088
 29417	149.162
 29418	150.403
 29419	153.46
 29420	151.653
 29421	149.848
 29422	150.193
 29423	154.791
 29424	157.307
 29425	153.007
 29426	155.466
 29427	160.794
 29428	155.745
 29429	152.351
 29430	161.94
 29431	168.469
 29432	163.33
 29433	160.13
 29434	163.153
 29435	163.307
 29436	157.932
 29437	156.722
 29438	161.033
 29439	165.364
 29440	165.105
 29441	162.173
 29442	161.693
 29443	160.854
 29444	157.078
 29445	152.486
 29446	152.411
 29447	154.494
 29448	157.424
 29449	160.693
 29450	158.455
 29451	158.898
 29452	162.19
 29453	164.054
 29454	159.581
 29455	155.557
 29456	159.688
 29457	164.466
 29458	159.433
 29459	158.45
 29460	162.633
 29461	156.974
 29462	148.695
 29463	156.412
 29464	164.477
 29465	163.802
 29466	165.142
 29467	170.563
 29468	168.951
 29469	159.596
 29470	156.332
 29471	157.813
 29472	156.251
 29473	154.538
 29474	155.989
 29475	150.293
 29476	145.823
 29477	147.182
 29478	146.791
 29479	142.976
 29480	143.225
 29481	147.131
 29482	145.151
 29483	142.541
 29484	145.221
 29485	145.028
 29486	137.568
 29487	135.286
 29488	138.55
 29489	141.832
 29490	142.806
 29491	140.013
 29492	138.994
 29493	136.296
 29494	129.462
 29495	132.784
 29496	136.168
 29497	136.813
 29498	141.866
 29499	147.492
 29500	142.524
 29501	136.804
 29502	143.126
 29503	148.076
 29504	140.502
 29505	134.454
 29506	139.524
 29507	142.988
 29508	141.318
 29509	146.149
 29510	153.832
 29511	154.875
 29512	148.286
 29513	147.857
 29514	150.723
 29515	149.743
 29516	150.838
 29517	157.938
 29518	154.863
 29519	151.083
 29520	154.861
 29521	152.028
 29522	144.364
 29523	148.988
 29524	154.168
 29525	150.354
 29526	147.104
 29527	153.835
 29528	156.152
 29529	150.704
 29530	152.563
 29531	155.581
 29532	151.096
 29533	149.257
 29534	153.319
 29535	155.172
 29536	156.484
 29537	161.393
 29538	162.178
 29539	156.118
 29540	158.759
 29541	161.643
 29542	158.961
 29543	160.07
 29544	161.803
 29545	156.538
 29546	151.622
 29547	152.405
 29548	156.667
 29549	161.271
 29550	162.968
 29551	163.55
 29552	159.776
 29553	153.491
 29554	146.403
 29555	147.826
 29556	152.927
 29557	152.675
 29558	150.614
 29559	154.552
 29560	154.897
 29561	151.349
 29562	152.269
 29563	158.106
 29564	159.468
 29565	152.775
 29566	150.465
 29567	147.456
 29568	139.339
 29569	139.104
 29570	146.213
 29571	142.489
 29572	140.344
 29573	142.352
 29574	139.625
 29575	135.818
 29576	139.825
 29577	142.102
 29578	141.289
 29579	141.114
 29580	144.913
 29581	146.435
 29582	142.619
 29583	142.442
 29584	142.632
 29585	141.058
 29586	139.795
 29587	143.238
 29588	144.364
 29589	143.406
 29590	140.388
 29591	144.21
 29592	147.904
 29593	150.491
 29594	155.423
 29595	152.685
 29596	145.225
 29597	144.797
 29598	148.813
 29599	149.502
 29600	153.033
 29601	158.233
 29602	162.589
 29603	156.56
 29604	148.801
 29605	147.785
 29606	147.306
 29607	145.477
 29608	145.756
 29609	145.177
 29610	146.175
 29611	146.514
 29612	149.062
 29613	149.529
 29614	148.222
 29615	152.009
 29616	149.073
 29617	141.662
 29618	143.026
 29619	147.019
 29620	144.746
 29621	140.684
 29622	140.605
 29623	144.167
 29624	146.24
 29625	146.286
 29626	147.275
 29627	151.709
 29628	155.568
 29629	157.118
 29630	158.917
 29631	159.371
 29632	159.754
 29633	161.754
 29634	159.948
 29635	153.503
 29636	158.806
 29637	156.273
 29638	149.394
 29639	150.679
 29640	157.516
 29641	158.162
 29642	155.362
 29643	157.456
 29644	161.98
 29645	158.165
 29646	157.19
 29647	162.614
 29648	165.627
 29649	166.977
 29650	167.086
 29651	161.354
 29652	159.277
 29653	161.139
 29654	161.745
 29655	158.741
 29656	156.007
 29657	153.253
 29658	148.057
 29659	141.421
 29660	145.282
 29661	146.885
 29662	143.12
 29663	145.186
 29664	147.809
 29665	144.424
 29666	144.984
 29667	146.066
 29668	147.37
 29669	142.394
 29670	141.298
 29671	139.673
 29672	135.621
 29673	134.518
 29674	138.759
 29675	138.773
 29676	139.192
 29677	134.995
 29678	133.992
 29679	136.403
 29680	136.871
 29681	135.605
 29682	136.014
 29683	134.793
 29684	135.063
 29685	133.757
 29686	135.164
 29687	136.807
 29688	132.891
 29689	133.053
 29690	132.019
 29691	129.827
 29692	137.408
 29693	144.371
 29694	142.247
 29695	142.512
 29696	144.803
 29697	143.887
 29698	137.133
 29699	140.132
 29700	145.921
 29701	143.304
 29702	138.657
 29703	142.193
 29704	142.663
 29705	136.111
 29706	137.659
 29707	144.038
 29708	145.181
 29709	143.762
 29710	144.724
 29711	143.834
 29712	138.441
 29713	142.817
 29714	148.969
 29715	149.819
 29716	149.974
 29717	153.136
 29718	151.036
 29719	145.039
 29720	144.015
 29721	149.609
 29722	149.9
 29723	146.518
 29724	145.215
 29725	142.398
 29726	134.716
 29727	132.412
 29728	130.46
 29729	130.918
 29730	132.691
 29731	128.215
 29732	123.391
 29733	127.37
 29734	128.798
 29735	128.918
 29736	131.11
 29737	131.002
 29738	127.023
 29739	124.231
 29740	122.874
 29741	125.391
 29742	125.673
 29743	123.044
 29744	122.282
 29745	120.183
 29746	117.056
 29747	119.93
 29748	123.166
 29749	123.834
 29750	124.847
 29751	122.566
 29752	115.394
 29753	117.508
 29754	118.444
 29755	116.47
 29756	118.515
 29757	123.516
 29758	123.812
 29759	126.18
 29760	129.116
 29761	131.333
 29762	132.521
 29763	128.368
 29764	119.583
 29765	124.879
 29766	130.993
 29767	130.793
 29768	126.468
 29769	125.795
 29770	126.253
 29771	124.591
 29772	121.869
 29773	125.018
 29774	128.377
 29775	132.495
 29776	134.282
 29777	132.324
 29778	133.409
 29779	134.905
 29780	130.348
 29781	126.349
 29782	125.348
 29783	134.022
 29784	133.519
 29785	126.749
 29786	125.754
 29787	130.023
 29788	129.059
 29789	129.196
 29790	131.802
 29791	132.944
 29792	132.259
 29793	130.867
 29794	130.215
 29795	135.19
 29796	132.302
 29797	127.644
 29798	128.763
 29799	127.181
 29800	123.141
 29801	125.832
 29802	132.169
 29803	134.019
 29804	129.961
 29805	129.81
 29806	133.425
 29807	132.679
 29808	133.649
 29809	133.506
 29810	131.737
 29811	132.39
 29812	130.172
 29813	127.42
 29814	130.297
 29815	129.306
 29816	130.307
 29817	132.661
 29818	133.896
 29819	135.25
 29820	140.422
 29821	138.159
 29822	132.19
 29823	129.083
 29824	135.162
 29825	138.865
 29826	132.499
 29827	126.988
 29828	134.142
 29829	133.638
 29830	125.926
 29831	127.47
 29832	137.342
 29833	138.89
 29834	135.919
 29835	134.19
 29836	135.558
 29837	136.255
 29838	134.938
 29839	132.463
 29840	136.399
 29841	138.971
 29842	137.474
 29843	137.767
 29844	141.62
 29845	143.134
 29846	147.457
 29847	139.217
 29848	133.356
 29849	138.128
 29850	145.766
 29851	145.054
 29852	147.746
 29853	150.841
 29854	151.66
 29855	144.479
 29856	146.238
 29857	150.558
 29858	150.771
 29859	148.869
 29860	149.171
 29861	147.506
 29862	147.123
 29863	147.011
 29864	148.43
 29865	149.865
 29866	156.452
 29867	159.187
 29868	156.494
 29869	157.052
 29870	158.517
 29871	152.912
 29872	149.518
 29873	152.196
 29874	150.934
 29875	147.257
 29876	143.139
 29877	138.104
 29878	140.516
 29879	138.773
 29880	134.514
 29881	130.735
 29882	133.389
 29883	127.79
 29884	120.508
 29885	120.593
 29886	126.123
 29887	125.253
 29888	118.299
 29889	113.149
 29890	111.811
 29891	111.351
 29892	110.714
 29893	107.482
 29894	114.019
 29895	115.707
 29896	113.296
 29897	114.225
 29898	123.197
 29899	129.835
 29900	131.223
 29901	129.622
 29902	132.581
 29903	136.287
 29904	134.674
 29905	134.93
 29906	136.222
 29907	139.797
 29908	141.864
 29909	136.698
 29910	135.315
 29911	139.973
 29912	143.744
 29913	137.681
 29914	132.37
 29915	137.343
 29916	134.808
 29917	123.602
 29918	119.431
 29919	127.389
 29920	133.588
 29921	129.919
 29922	125.571
 29923	126.149
 29924	128.069
 29925	121.887
 29926	122.423
 29927	127.72
 29928	139.377
 29929	139.106
 29930	128.869
 29931	130.525
 29932	139.449
 29933	137.812
 29934	133.929
 29935	133.863
 29936	140.47
 29937	141.799
 29938	136.221
 29939	136.464
 29940	150.538
 29941	155.685
 29942	149.654
 29943	141.942
 29944	145.075
 29945	152.686
 29946	149.353
 29947	144.977
 29948	149.574
 29949	153.581
 29950	151.495
 29951	139.699
 29952	139.845
 29953	147.217
 29954	144.804
 29955	141.879
 29956	145.057
 29957	146.26
 29958	144.944
 29959	143.802
 29960	141.936
 29961	141.95
 29962	139.444
 29963	137.766
 29964	135.276
 29965	129.946
 29966	133.717
 29967	141.012
 29968	141.464
 29969	133.436
 29970	128.159
 29971	126.215
 29972	117.949
 29973	109.04
 29974	116.44
 29975	125.652
 29976	122.791
 29977	121.223
 29978	125.734
 29979	127.451
 29980	125.623
 29981	125.301
 29982	127.209
 29983	131.482
 29984	133.257
 29985	134.091
 29986	138.5
 29987	143.906
 29988	148.039
 29989	144.202
 29990	136.273
 29991	140.183
 29992	141.804
 29993	140.915
 29994	141.787
 29995	147.212
 29996	146.51
 29997	142.201
 29998	140.477
 29999	145.208
 30000	148.91
 30001	152.134
 30002	154.857
 30003	158.708
 30004	159.838
 30005	159.738
 30006	158.47
 30007	160.92
 30008	164.88
 30009	164.904
 30010	164.597
 30011	166.823
 30012	168.493
 30013	165.703
 30014	162.996
 30015	162.092
 30016	161.892
 30017	156.986
 30018	151.722
 30019	157.029
 30020	166.639
 30021	163.651
 30022	159.455
 30023	161.194
 30024	165.566
 30025	163.865
 30026	161.868
 30027	163.144
 30028	167.027
 30029	169.586
 30030	164.843
 30031	155.178
 30032	152.532
 30033	156.573
 30034	153.608
 30035	146.161
 30036	145.902
 30037	147.961
 30038	142.911
 30039	130.712
 30040	124.981
 30041	130.894
 30042	127.729
 30043	119.114
 30044	123.543
 30045	130.526
 30046	133.36
 30047	127.236
 30048	125.528
 30049	134.014
 30050	136.994
 30051	134.373
 30052	132.378
 30053	133.007
 30054	135.983
 30055	136.294
 30056	133.946
 30057	132.229
 30058	132.314
 30059	130.941
 30060	127.181
 30061	126.967
 30062	137.077
 30063	142.579
 30064	132.833
 30065	135.676
 30066	142.809
 30067	137.016
 30068	129.181
 30069	134.949
 30070	141.547
 30071	139.894
 30072	134.432
 30073	134.825
 30074	134.949
 30075	132.224
 30076	128.788
 30077	134.018
 30078	137.192
 30079	139.357
 30080	139.596
 30081	141.083
 30082	139.354
 30083	141.711
 30084	145.179
 30085	142.723
 30086	141.919
 30087	144.146
 30088	145.436
 30089	145.559
 30090	146.621
 30091	144.044
 30092	144.48
 30093	140.603
 30094	141.449
 30095	146.54
 30096	150.25
 30097	145.746
 30098	146.107
 30099	148.055
 30100	145.692
 30101	141.908
 30102	148.206
 30103	150.823
 30104	152.055
 30105	154.819
 30106	155.995
 30107	154.732
 30108	152.032
 30109	149.43
 30110	152.25
 30111	154.789
 30112	153.129
 30113	152.23
 30114	148.958
 30115	148.626
 30116	150.751
 30117	147.147
 30118	146.461
 30119	149.006
 30120	151.798
 30121	151.709
 30122	151.343
 30123	156.279
 30124	159.071
 30125	152.455
 30126	150.728
 30127	157.326
 30128	164.228
 30129	165.755
 30130	169.359
 30131	176.29
 30132	175.508
 30133	166.525
 30134	162.633
 30135	162.066
 30136	161.085
 30137	161.908
 30138	157.953
 30139	151.053
 30140	151.069
 30141	151.28
 30142	148.052
 30143	146.531
 30144	147.796
 30145	151.111
 30146	147.122
 30147	140.532
 30148	140.686
 30149	140.613
 30150	143.903
 30151	140.116
 30152	136.01
 30153	139.806
 30154	144.563
 30155	141.683
 30156	135.253
 30157	136.494
 30158	147.965
 30159	147.68
 30160	139.014
 30161	136.026
 30162	134.713
 30163	132.725
 30164	129.103
 30165	127.174
 30166	135.109
 30167	137.218
 30168	126.385
 30169	120.935
 30170	122.362
 30171	125.354
 30172	123.918
 30173	123.126
 30174	127.569
 30175	127.797
 30176	122.195
 30177	126.033
 30178	124.955
 30179	122.926
 30180	121.728
 30181	119.562
 30182	112.338
 30183	113.235
 30184	118.09
 30185	120.783
 30186	115.389
 30187	114.538
 30188	119.202
 30189	119.058
 30190	115.356
 30191	119.469
 30192	119.958
 30193	118.357
 30194	121.391
 30195	132.226
 30196	134.264
 30197	123.522
 30198	125.87
 30199	137.981
 30200	136.74
 30201	131.748
 30202	135.64
 30203	136.852
 30204	128.739
 30205	126.44
 30206	133.518
 30207	137.711
 30208	137.134
 30209	136.563
 30210	135.034
 30211	132.456
 30212	135.075
 30213	140.314
 30214	138.626
 30215	134.278
 30216	133.684
 30217	133.744
 30218	130.785
 30219	131.232
 30220	134.62
 30221	133.326
 30222	128.756
 30223	125.372
 30224	130.061
 30225	132.333
 30226	127.228
 30227	130.55
 30228	138.101
 30229	134.091
 30230	128.438
 30231	134.113
 30232	143.011
 30233	137.569
 30234	135.881
 30235	144.251
 30236	148.979
 30237	144.492
 30238	141.454
 30239	138.587
 30240	135.392
 30241	137.655
 30242	135.168
 30243	132.065
 30244	136.739
 30245	140.562
 30246	133.749
 30247	131.333
 30248	138.834
 30249	141.593
 30250	135.82
 30251	138.334
 30252	143.486
 30253	143.445
 30254	142.074
 30255	145.898
 30256	146.828
 30257	147.557
 30258	143.497
 30259	139.207
 30260	137.943
 30261	144.159
 30262	145.895
 30263	139.129
 30264	135.212
 30265	140.188
 30266	137.206
 30267	128.765
 30268	131.575
 30269	135.534
 30270	129.315
 30271	127.798
 30272	128.089
 30273	125.102
 30274	123.098
 30275	127.184
 30276	129.267
 30277	128.249
 30278	130.823
 30279	135.296
 30280	132.184
 30281	127.659
 30282	129.425
 30283	132.054
 30284	127.03
 30285	128.734
 30286	131.36
 30287	131.332
 30288	126.807
 30289	130.003
 30290	131.074
 30291	129.5
 30292	126.021
 30293	124.397
 30294	118.208
 30295	117.452
 30296	117.623
 30297	117.259
 30298	119.871
 30299	126.884
 30300	126.912
 30301	126.222
 30302	123.971
 30303	125.93
 30304	123.772
 30305	123.239
 30306	121.285
 30307	122.533
 30308	121.516
 30309	124.58
 30310	124.442
 30311	125.945
 30312	129.522
 30313	131.073
 30314	126.123
 30315	128.56
 30316	135.244
 30317	134.185
 30318	128.287
 30319	130.911
 30320	131.549
 30321	130.743
 30322	129.662
 30323	135.116
 30324	132.387
 30325	127.14
 30326	125.533
 30327	121.347
 30328	116.817
 30329	119.163
 30330	122.709
 30331	122.859
 30332	128.782
 30333	135.757
 30334	134.343
 30335	131.666
 30336	131.179
 30337	127.423
 30338	128.056
 30339	133.246
 30340	138.687
 30341	139.763
 30342	139.85
 30343	139.449
 30344	136.113
 30345	129.876
 30346	133.978
 30347	135.547
 30348	131.522
 30349	126.592
 30350	129.802
 30351	129.484
 30352	131.05
 30353	134.359
 30354	134.766
 30355	130.137
 30356	128.356
 30357	129.798
 30358	132.008
 30359	137.779
 30360	139.542
 30361	140.492
 30362	141.567
 30363	137.741
 30364	139.546
 30365	145.107
 30366	146.401
 30367	147.699
 30368	148.378
 30369	144.939
 30370	144.745
 30371	143.11
 30372	139.77
 30373	139.91
 30374	138.233
 30375	134.405
 30376	133.728
 30377	137.357
 30378	135.707
 30379	130.041
 30380	130.467
 30381	131.214
 30382	131.304
 30383	126.997
 30384	126.236
 30385	126.771
 30386	129.301
 30387	121.229
 30388	122.332
 30389	124.749
 30390	123.636
 30391	124.562
 30392	125.98
 30393	128.804
 30394	136.437
 30395	137.01
 30396	133.261
 30397	133.301
 30398	135.911
 30399	135.263
 30400	136.271
 30401	136.905
 30402	139.197
 30403	137.067
 30404	137.033
 30405	134.081
 30406	136.853
 30407	140.792
 30408	138.768
 30409	135.721
 30410	139.564
 30411	137.575
 30412	135.037
 30413	136.108
 30414	137.868
 30415	138.633
 30416	140.339
 30417	136.893
 30418	133.334
 30419	133.306
 30420	139.841
 30421	135.533
 30422	132.736
 30423	143.125
 30424	147.341
 30425	134.215
 30426	133.5
 30427	141.377
 30428	140.523
 30429	134.204
 30430	138.527
 30431	140.776
 30432	134.562
 30433	131.525
 30434	137.934
 30435	135.496
 30436	137.736
 30437	143.514
 30438	140.122
 30439	136.119
 30440	142.046
 30441	143.105
 30442	142.098
 30443	145.854
 30444	145.878
 30445	138.973
 30446	136.869
 30447	144.97
 30448	149.897
 30449	151.784
 30450	150.747
 30451	147.277
 30452	144.29
 30453	143.005
 30454	142.963
 30455	144.837
 30456	149.469
 30457	147.924
 30458	141.006
 30459	138.58
 30460	136.812
 30461	142.071
 30462	144.662
 30463	144.978
 30464	143.264
 30465	143.83
 30466	147.564
 30467	145.356
 30468	140.796
 30469	149.907
 30470	157.651
 30471	148.157
 30472	144.278
 30473	154.203
 30474	155.291
 30475	145.051
 30476	147.964
 30477	160.036
 30478	160.062
 30479	153.969
 30480	152.017
 30481	153.447
 30482	154.508
 30483	158.033
 30484	159.958
 30485	161.632
 30486	162.472
 30487	163.384
 30488	165.374
 30489	166.01
 30490	171.768
 30491	174.096
 30492	166.32
 30493	164.832
 30494	166.405
 30495	161.943
 30496	159.374
 30497	160.457
 30498	159.443
 30499	153.29
 30500	146.078
 30501	144.947
 30502	144.982
 30503	141.974
 30504	137.811
 30505	136.193
 30506	129.55
 30507	131.231
 30508	131.275
 30509	126.017
 30510	120.945
 30511	125.188
 30512	124.366
 30513	117.262
 30514	111.238
 30515	118.723
 30516	126.714
 30517	123.922
 30518	123.48
 30519	132.875
 30520	132.22
 30521	126.922
 30522	120.445
 30523	129.754
 30524	135.385
 30525	134.02
 30526	133.553
 30527	136.078
 30528	139.178
 30529	142.458
 30530	141.977
 30531	143.746
 30532	143.671
 30533	142.774
 30534	139.386
 30535	134.207
 30536	137.843
 30537	148.309
 30538	144.054
 30539	139.506
 30540	142.543
 30541	143.126
 30542	139.454
 30543	136.579
 30544	140.399
 30545	147.833
 30546	144.19
 30547	132.593
 30548	129.54
 30549	129.99
 30550	127.291
 30551	128.004
 30552	132.859
 30553	135.431
 30554	133.142
 30555	135.409
 30556	135.292
 30557	132.423
 30558	137.295
 30559	141.428
 30560	141.332
 30561	142.738
 30562	143.96
 30563	141.975
 30564	141.833
 30565	143.039
 30566	143.747
 30567	140.954
 30568	139.478
 30569	146.879
 30570	148.637
 30571	142.229
 30572	146.23
 30573	151.594
 30574	149.866
 30575	146.04
 30576	147.265
 30577	151.34
 30578	156.162
 30579	154.677
 30580	153.916
 30581	156.683
 30582	157.293
 30583	149.501
 30584	143.461
 30585	144.436
 30586	147.343
 30587	145.844
 30588	142.284
 30589	137.068
 30590	135.102
 30591	131.298
 30592	129.363
 30593	123.558
 30594	126.117
 30595	129.888
 30596	128.185
 30597	124.528
 30598	127.71
 30599	130.039
 30600	126.729
 30601	122.791
 30602	125.505
 30603	130.241
 30604	129.101
 30605	129.481
 30606	130.992
 30607	129.552
 30608	130.114
 30609	131.079
 30610	130.967
 30611	130.459
 30612	130.731
 30613	127.759
 30614	123.95
 30615	127.27
 30616	134.186
 30617	130.574
 30618	126.916
 30619	128.356
 30620	126.057
 30621	124.506
 30622	125.807
 30623	125.418
 30624	125.341
 30625	124.551
 30626	124.756
 30627	126.925
 30628	130.821
 30629	128.242
 30630	126.575
 30631	129.168
 30632	134.388
 30633	137.412
 30634	135.206
 30635	135.73
 30636	140.333
 30637	140.264
 30638	138.793
 30639	142.939
 30640	144.548
 30641	142.96
 30642	141.72
 30643	142.862
 30644	144.92
 30645	151.306
 30646	155.305
 30647	150.599
 30648	151.889
 30649	156.866
 30650	153.975
 30651	151.602
 30652	156.753
 30653	156.493
 30654	148.794
 30655	145.053
 30656	143.754
 30657	143.623
 30658	146.742
 30659	150.759
 30660	150.441
 30661	149.066
 30662	147.69
 30663	144.497
 30664	141.441
 30665	140.158
 30666	143.737
 30667	147.024
 30668	147.506
 30669	144.03
 30670	134.991
 30671	132.49
 30672	134.818
 30673	135.403
 30674	136.682
 30675	138.156
 30676	132.767
 30677	125.321
 30678	124.469
 30679	124.551
 30680	123.598
 30681	127.638
 30682	128.016
 30683	123.701
 30684	119.441
 30685	119.168
 30686	121.448
 30687	123.355
 30688	124.85
 30689	122.735
 30690	120.406
 30691	122.133
 30692	119.732
 30693	119.228
 30694	122.149
 30695	122.904
 30696	122.12
 30697	122.726
 30698	123.527
 30699	128.131
 30700	126.606
 30701	126.317
 30702	129.011
 30703	130.585
 30704	129.618
 30705	129.995
 30706	133.972
 30707	140.725
 30708	139.139
 30709	135.332
 30710	136.215
 30711	134.696
 30712	129.056
 30713	127.408
 30714	128.232
 30715	132.212
 30716	129.739
 30717	128.014
 30718	129.702
 30719	127.332
 30720	124.71
 30721	129.935
 30722	129.852
 30723	123.604
 30724	125.497
 30725	129.899
 30726	128.916
 30727	124.438
 30728	125.092
 30729	128.844
 30730	128.757
 30731	128.143
 30732	130.745
 30733	129.323
 30734	126.96
 30735	128.461
 30736	131.792
 30737	130.576
 30738	127.619
 30739	131.837
 30740	135.533
 30741	129.144
 30742	129.553
 30743	133.519
 30744	140.363
 30745	138.163
 30746	132.729
 30747	132.894
 30748	138.856
 30749	140.627
 30750	136.36
 30751	135.324
 30752	136.861
 30753	136.129
 30754	134.125
 30755	134.179
 30756	134.102
 30757	134.028
 30758	137.941
 30759	136.904
 30760	131.555
 30761	129.77
 30762	132.599
 30763	132.82
 30764	132.051
 30765	136.175
 30766	141.281
 30767	138.767
 30768	136.489
 30769	136.53
 30770	130.396
 30771	135.578
 30772	145.106
 30773	143.626
 30774	137.869
 30775	138.257
 30776	138.424
 30777	136.043
 30778	138.384
 30779	145.841
 30780	147.137
 30781	140.031
 30782	135.677
 30783	135.07
 30784	140.384
 30785	143.841
 30786	140.605
 30787	143.019
 30788	145.777
 30789	142.793
 30790	141.556
 30791	147.426
 30792	153.335
 30793	153.481
 30794	149.114
 30795	142.367
 30796	138.812
 30797	142.035
 30798	149.037
 30799	147.65
 30800	141.073
 30801	144.067
 30802	141.732
 30803	130.759
 30804	129.875
 30805	140.376
 30806	142.342
 30807	137.608
 30808	128.092
 30809	126.478
 30810	131.846
 30811	136.438
 30812	137.838
 30813	137.54
 30814	139.794
 30815	141.158
 30816	138.501
 30817	137.866
 30818	143.278
 30819	151.159
 30820	149.131
 30821	146.164
 30822	146.898
 30823	145.457
 30824	144.118
 30825	146.451
 30826	148.001
 30827	152.501
 30828	155.704
 30829	153.375
 30830	146.682
 30831	142.164
 30832	146.31
 30833	152.152
 30834	148.66
 30835	141.725
 30836	137.999
 30837	135.886
 30838	132.78
 30839	131.654
 30840	141.152
 30841	146.982
 30842	140.211
 30843	134.779
 30844	130.374
 30845	128.997
 30846	131.005
 30847	136.855
 30848	142.138
 30849	138.482
 30850	133.616
 30851	133.863
 30852	132.742
 30853	129.246
 30854	141.047
 30855	143.94
 30856	135.029
 30857	128.649
 30858	134.618
 30859	143.043
 30860	146.221
 30861	142.627
 30862	145.532
 30863	144.017
 30864	141.281
 30865	146.234
 30866	152.385
 30867	157.121
 30868	162.11
 30869	154.807
 30870	147.433
 30871	146.802
 30872	152.308
 30873	151.835
 30874	149.206
 30875	153.122
 30876	153.473
 30877	141.714
 30878	136.269
 30879	138.827
 30880	139.254
 30881	144.385
 30882	150.299
 30883	149.745
 30884	142.86
 30885	141.903
 30886	142.413
 30887	144.163
 30888	150.852
 30889	163.873
 30890	165.354
 30891	159.096
 30892	155.148
 30893	160.296
 30894	163.095
 30895	162.636
 30896	160.471
 30897	159.223
 30898	154.83
 30899	150.633
 30900	152.698
 30901	158.229
 30902	163.764
 30903	169.038
 30904	165.622
 30905	158.866
 30906	159.622
 30907	166.641
 30908	165.181
 30909	161.995
 30910	164.259
 30911	160.81
 30912	152.719
 30913	153.918
 30914	158.957
 30915	158.636
 30916	155.938
 30917	155.539
 30918	153.045
 30919	147.671
 30920	145.772
 30921	148.255
 30922	150.268
 30923	152.911
 30924	157.566
 30925	154.81
 30926	148.626
 30927	153.15
 30928	163.666
 30929	167.07
 30930	169.43
 30931	170.846
 30932	170.723
 30933	161.804
 30934	155.539
 30935	154.703
 30936	155.659
 30937	155.559
 30938	153.66
 30939	146.879
 30940	141.355
 30941	141.938
 30942	145.349
 30943	143.882
 30944	147.202
 30945	149.187
 30946	147.257
 30947	144.965
 30948	140.975
 30949	141.499
 30950	144.993
 30951	146.575
 30952	141.548
 30953	139.653
 30954	138.919
 30955	141.107
 30956	140.121
 30957	139.836
 30958	140.615
 30959	141.71
 30960	137.941
 30961	130.996
 30962	130.599
 30963	134.851
 30964	133.74
 30965	130.002
 30966	132.127
 30967	137.967
 30968	139.193
 30969	137.845
 30970	143.133
 30971	154.551
 30972	153.762
 30973	145.309
 30974	138.559
 30975	136.159
 30976	140.043
 30977	142.614
 30978	143.416
 30979	146.102
 30980	152.18
 30981	148.025
 30982	137.668
 30983	143.469
 30984	150.811
 30985	148.36
 30986	146.246
 30987	149.457
 30988	147.458
 30989	142.505
 30990	142.146
 30991	144.324
 30992	146.918
 30993	150.575
 30994	149.426
 30995	145.677
 30996	149.119
 30997	151.614
 30998	152.313
 30999	151.231
 31000	150.401
 31001	144.103
 31002	140.184
 31003	139.863
 31004	141.169
 31005	144.204
 31006	145.071
 31007	142.047
 31008	140.103
 31009	141.975
 31010	148.26
 31011	149.444
 31012	148.852
 31013	150.532
 31014	154.959
 31015	149.115
 31016	145.301
 31017	152.058
 31018	156.746
 31019	157.084
 31020	159.235
 31021	160.723
 31022	156.466
 31023	155.53
 31024	154.492
 31025	151.113
 31026	150.658
 31027	149.907
 31028	146.455
 31029	147.207
 31030	152.605
 31031	155.353
 31032	159.173
 31033	160.535
 31034	158.191
 31035	153.625
 31036	151.002
 31037	154.705
 31038	161.774
 31039	164.519
 31040	161.565
 31041	160.143
 31042	155.729
 31043	150.904
 31044	149.945
 31045	151.851
 31046	153.385
 31047	153.455
 31048	153.072
 31049	145.596
 31050	139.714
 31051	140.7
 31052	143.43
 31053	142.202
 31054	140.833
 31055	142.02
 31056	142.696
 31057	142.197
 31058	143.806
 31059	146.648
 31060	149.598
 31061	148.549
 31062	149.473
 31063	150.983
 31064	148.721
 31065	147.866
 31066	149.435
 31067	150.928
 31068	152.202
 31069	150.622
 31070	146.521
 31071	145.649
 31072	149.767
 31073	148.978
 31074	148.31
 31075	151.81
 31076	153.764
 31077	149.827
 31078	149.812
 31079	157.188
 31080	160.611
 31081	157.28
 31082	157.651
 31083	157.263
 31084	155.558
 31085	155.186
 31086	161.004
 31087	163.678
 31088	163.001
 31089	160.28
 31090	158.178
 31091	157.346
 31092	161.415
 31093	169.542
 31094	172.842
 31095	168.327
 31096	170.388
 31097	171.144
 31098	163.508
 31099	159.81
 31100	169.53
 31101	172.115
 31102	163.806
 31103	160.199
 31104	164.921
 31105	162.505
 31106	157.524
 31107	159.469
 31108	159.922
 31109	158.123
 31110	157.52
 31111	157.843
 31112	158.584
 31113	162.473
 31114	168.577
 31115	167.681
 31116	159.873
 31117	156.999
 31118	161.204
 31119	161.442
 31120	158.454
 31121	161.504
 31122	163.025
 31123	156.649
 31124	150.018
 31125	154.052
 31126	153.263
 31127	151.026
 31128	152.204
 31129	155.539
 31130	151.692
 31131	149.11
 31132	145.564
 31133	144.51
 31134	143.056
 31135	145.05
 31136	149.348
 31137	146.393
 31138	142.519
 31139	144.764
 31140	142.145
 31141	138.681
 31142	141.559
 31143	144.831
 31144	139.953
 31145	137.707
 31146	144.908
 31147	146.955
 31148	147.938
 31149	154.858
 31150	157.35
 31151	151.008
 31152	150.186
 31153	152.446
 31154	154.591
 31155	153.796
 31156	154.537
 31157	150.406
 31158	143.339
 31159	147.165
 31160	151.63
 31161	152.484
 31162	156.423
 31163	162.217
 31164	163.442
 31165	155.594
 31166	154.331
 31167	162.395
 31168	168.904
 31169	167.39
 31170	167.095
 31171	168.328
 31172	166.433
 31173	162.53
 31174	163.094
 31175	165.648
 31176	165.02
 31177	161.053
 31178	160.759
 31179	159.027
 31180	157.81
 31181	158.354
 31182	163.54
 31183	165.395
 31184	161.507
 31185	157.444
 31186	157.043
 31187	156.297
 31188	159.355
 31189	161.463
 31190	157.74
 31191	153.73
 31192	152.533
 31193	151.718
 31194	152.275
 31195	153.638
 31196	152.612
 31197	151.621
 31198	150.197
 31199	146.682
 31200	146.603
 31201	148.696
 31202	150.97
 31203	152.399
 31204	152.084
 31205	150.182
 31206	150.716
 31207	154.22
 31208	153.037
 31209	153.608
 31210	156.973
 31211	155.151
 31212	150.285
 31213	150.754
 31214	153.899
 31215	151.542
 31216	150.232
 31217	147.801
 31218	147.156
 31219	146.217
 31220	143.971
 31221	141.834
 31222	141.14
 31223	142.497
 31224	143.209
 31225	142.79
 31226	147.738
 31227	149.672
 31228	147.96
 31229	145.641
 31230	143.309
 31231	145.559
 31232	147.796
 31233	146.79
 31234	147.418
 31235	148.368
 31236	153.135
 31237	153.711
 31238	152.538
 31239	155.285
 31240	162.386
 31241	166.783
 31242	163.496
 31243	164.264
 31244	170.552
 31245	168.811
 31246	161.604
 31247	161.184
 31248	159.256
 31249	157.109
 31250	157.217
 31251	153.591
 31252	152.457
 31253	155.869
 31254	155.598
 31255	153.326
 31256	156.365
 31257	158.238
 31258	155.376
 31259	157.301
 31260	164.536
 31261	167.455
 31262	168.6
 31263	168.957
 31264	167.276
 31265	164.139
 31266	161.592
 31267	161.37
 31268	164.549
 31269	160.587
 31270	159.677
 31271	156.479
 31272	151.272
 31273	147.301
 31274	151.775
 31275	152.085
 31276	146.499
 31277	145.906
 31278	151.743
 31279	151.143
 31280	149.299
 31281	150.449
 31282	150.343
 31283	148.074
 31284	143.881
 31285	144.472
 31286	146.107
 31287	151.634
 31288	156.746
 31289	154.608
 31290	147.639
 31291	148.921
 31292	147.464
 31293	142.545
 31294	140.045
 31295	146.419
 31296	148.367
 31297	146.868
 31298	151.74
 31299	161.279
 31300	156.381
 31301	149.861
 31302	152.997
 31303	157.195
 31304	156.142
 31305	161.579
 31306	166.971
 31307	166.396
 31308	164.018
 31309	166.999
 31310	169.075
 31311	166.345
 31312	165.661
 31313	170.892
 31314	166.349
 31315	160.577
 31316	159.008
 31317	160.192
 31318	159.27
 31319	156.364
 31320	156.761
 31321	156.632
 31322	151.12
 31323	151.467
 31324	154.569
 31325	155.253
 31326	157.246
 31327	158.718
 31328	150.872
 31329	145.269
 31330	146.714
 31331	154.746
 31332	156.713
 31333	157.062
 31334	158.924
 31335	160.422
 31336	159.07
 31337	156.09
 31338	155.881
 31339	165.34
 31340	171.694
 31341	166.153
 31342	160.476
 31343	165.036
 31344	168.115
 31345	163.43
 31346	160.376
 31347	161.843
 31348	166.142
 31349	162.859
 31350	153.064
 31351	151.181
 31352	161.226
 31353	160.868
 31354	152.599
 31355	152.409
 31356	154.579
 31357	153.884
 31358	153.858
 31359	158.839
 31360	163.591
 31361	158.808
 31362	149.658
 31363	148.031
 31364	144.597
 31365	141.651
 31366	148.312
 31367	155.225
 31368	148.672
 31369	144.223
 31370	151.802
 31371	150.278
 31372	144.659
 31373	150.473
 31374	157.415
 31375	155.148
 31376	150.115
 31377	152.061
 31378	155.206
 31379	150.509
 31380	146.474
 31381	151.783
 31382	150.722
 31383	143.358
 31384	148.6
 31385	156.464
 31386	154.82
 31387	154.318
 31388	160.31
 31389	163.595
 31390	160.525
 31391	162.696
 31392	175.672
 31393	-179.977
 31394	179.376
 31395	-179.369
 31396	-178.65
 31397	177.509
 31398	177.611
 31399	178.646
 31400	177.688
 31401	175.008
 31402	173.348
 31403	167.401
 31404	163.338
 31405	166.296
 31406	168.914
 31407	165.607
 31408	163.573
 31409	161.741
 31410	158.066
 31411	157.944
 31412	159.493
 31413	159.381
 31414	157.872
 31415	155.036
 31416	152.325
 31417	149.29
 31418	146.348
 31419	147.237
 31420	151.258
 31421	153.215
 31422	145.453
 31423	136.445
 31424	140.013
 31425	141.188
 31426	138.118
 31427	134.071
 31428	132.849
 31429	128.755
 31430	125.245
 31431	129.294
 31432	137.365
 31433	133.8
 31434	128.392
 31435	133.922
 31436	128.115
 31437	118.985
 31438	122.823
 31439	126.356
 31440	118.281
 31441	114.085
 31442	118.278
 31443	117.329
 31444	108.957
 31445	110.091
 31446	111.53
 31447	110.668
 31448	107.427
 31449	109.394
 31450	111.69
 31451	111.037
 31452	106.593
 31453	110.328
 31454	110.57
 31455	110.429
 31456	117.519
 31457	120.802
 31458	118.771
 31459	121.838
 31460	124.933
 31461	127.059
 31462	132.508
 31463	131.402
 31464	133.496
 31465	138.224
 31466	140.097
 31467	140.752
 31468	140.456
 31469	138.538
 31470	138.542
 31471	138.642
 31472	140.424
 31473	138.92
 31474	137.239
 31475	140.164
 31476	140.335
 31477	136.054
 31478	131.025
 31479	129.7
 31480	131.109
 31481	126.168
 31482	123.836
 31483	126.489
 31484	120.621
 31485	111.696
 31486	118.902
 31487	126.26
 31488	126.43
 31489	128.053
 31490	135.125
 31491	137.171
 31492	133.572
 31493	133.634
 31494	137.618
 31495	136.641
 31496	135.704
 31497	137.826
 31498	142.491
 31499	143.733
 31500	146.773
 31501	150.082
 31502	151.531
 31503	151.915
 31504	156.103
 31505	157.262
 31506	157.468
 31507	158.036
 31508	158.579
 31509	156.759
 31510	156.512
 31511	155.83
 31512	155.337
 31513	155.596
 31514	161.646
 31515	164.079
 31516	164.185
 31517	166.281
 31518	165.769
 31519	158.252
 31520	155.851
 31521	157.744
 31522	159.803
 31523	156.986
 31524	156.098
 31525	154.547
 31526	151.988
 31527	151.631
 31528	152.031
 31529	146.835
 31530	142.994
 31531	146.322
 31532	148.168
 31533	145.089
 31534	146.481
 31535	151.056
 31536	147.907
 31537	141.061
 31538	141.691
 31539	147.646
 31540	149.842
 31541	149.888
 31542	146.855
 31543	139.399
 31544	129.067
 31545	127.34
 31546	130.249
 31547	131.686
 31548	133.36
 31549	138.977
 31550	138.091
 31551	132.724
 31552	131.258
 31553	135.189
 31554	140.056
 31555	146.02
 31556	155.667
 31557	158.157
 31558	151.34
 31559	147.947
 31560	148.448
 31561	149.418
 31562	152.418
 31563	157.186
 31564	159.989
 31565	159.131
 31566	157.498
 31567	157.997
 31568	156.181
 31569	156.82
 31570	159.528
 31571	159.938
 31572	161.869
 31573	167.11
 31574	167.813
 31575	168.444
 31576	170.013
 31577	171.009
 31578	168.056
 31579	167.525
 31580	174.904
 31581	-176.674
 31582	-178.606
 31583	-178.84
 31584	177.763
 31585	170.194
 31586	167.296
 31587	175.356
 31588	-179.293
 31589	178.978
 31590	176.968
 31591	174.287
 31592	167.463
 31593	165.871
 31594	171.486
 31595	175.962
 31596	176.823
 31597	178.156
 31598	175.012
 31599	170.661
 31600	170.833
 31601	173.541
 31602	174.882
 31603	172.039
 31604	170.678
 31605	167.785
 31606	164.37
 31607	165.772
 31608	168.277
 31609	162.514
 31610	157.068
 31611	154.531
 31612	153.242
 31613	152.2
 31614	156.263
 31615	158.982
 31616	155.472
 31617	153.109
 31618	154.047
 31619	157.671
 31620	163.485
 31621	169.113
 31622	171.05
 31623	170.489
 31624	169.123
 31625	165.62
 31626	163.279
 31627	166.578
 31628	170.957
 31629	175.426
 31630	174.233
 31631	172.603
 31632	173.848
 31633	174.419
 31634	173.509
 31635	175.301
 31636	-178.57
 31637	178.882
 31638	169.722
 31639	167.122
 31640	169.524
 31641	169.626
 31642	165.086
 31643	163.814
 31644	165.036
 31645	164.829
 31646	161.222
 31647	160.965
 31648	162.871
 31649	163.748
 31650	164.294
 31651	161.506
 31652	163.284
 31653	168.47
 31654	175.221
 31655	177.001
 31656	176.262
 31657	177.411
 31658	-179.495
 31659	179.645
 31660	-179.167
 31661	-175.04
 31662	-174.094
 31663	179.307
 31664	171.311
 31665	166.929
 31666	167.154
 31667	169.56
 31668	172.288
 31669	174.047
 31670	172.61
 31671	173.599
 31672	171.136
 31673	165.99
 31674	161.26
 31675	162.698
 31676	168.451
 31677	172.298
 31678	169.214
 31679	164.532
 31680	162.416
 31681	163.275
 31682	163.447
 31683	161.298
 31684	165.533
 31685	172.56
 31686	170.023
 31687	165.55
 31688	165.7
 31689	168.937
 31690	171.106
 31691	170.902
 31692	169.667
 31693	168.049
 31694	172.104
 31695	175.376
 31696	173.804
 31697	168.641
 31698	166.996
 31699	165.666
 31700	165.943
 31701	169.924
 31702	176.551
 31703	176.372
 31704	172.07
 31705	167.633
 31706	169.06
 31707	168.936
 31708	170.357
 31709	175.77
 31710	178.916
 31711	174.609
 31712	164.745
 31713	160.1
 31714	163.613
 31715	164.619
 31716	161.251
 31717	164.941
 31718	172.069
 31719	168.074
 31720	158.271
 31721	162.98
 31722	173.926
 31723	175.982
 31724	173.842
 31725	175.596
 31726	176.098
 31727	177.373
 31728	-179.925
 31729	-178.128
 31730	-178.154
 31731	-179.41
 31732	175.599
 31733	166.566
 31734	166.601
 31735	174.033
 31736	174.347
 31737	170.327
 31738	168.695
 31739	162.479
 31740	158.327
 31741	162.778
 31742	167.264
 31743	168.777
 31744	168.342
 31745	168.204
 31746	164.22
 31747	162.792
 31748	164.736
 31749	170.49
 31750	172.439
 31751	175.255
 31752	176.414
 31753	179.2
 31754	175.922
 31755	171.232
 31756	174.905
 31757	-179.941
 31758	173.431
 31759	167.742
 31760	163.746
 31761	159.351
 31762	160.267
 31763	159.945
 31764	158.118
 31765	156.011
 31766	152.458
 31767	149.653
 31768	151.938
 31769	154.045
 31770	158.912
 31771	160.319
 31772	156.222
 31773	151.227
 31774	152.915
 31775	154.748
 31776	155.628
 31777	153.448
 31778	156.041
 31779	154.436
 31780	152.744
 31781	151.175
 31782	150.386
 31783	154.293
 31784	156.36
 31785	153.565
 31786	156.534
 31787	156.589
 31788	152.35
 31789	153.545
 31790	156.834
 31791	152.467
 31792	153.564
 31793	157.353
 31794	156.619
 31795	157.476
 31796	165.893
 31797	171.715
 31798	168.177
 31799	169.198
 31800	174.381
 31801	173.403
 31802	171.16
 31803	172.34
 31804	174.478
 31805	168.06
 31806	160.377
 31807	160.749
 31808	161.991
 31809	157.358
 31810	153.762
 31811	153.46
 31812	155.333
 31813	156.667
 31814	158.339
 31815	160.68
 31816	160.567
 31817	158.338
 31818	159.828
 31819	161.854
 31820	161.978
 31821	161.071
 31822	160.789
 31823	159.607
 31824	158.507
 31825	158.41
 31826	161.557
 31827	159.468
 31828	156.578
 31829	157.691
 31830	155.653
 31831	156.782
 31832	158.409
 31833	159.964
 31834	157.902
 31835	156.883
 31836	154.869
 31837	155.846
 31838	160.476
 31839	169.735
 31840	170.346
 31841	164.603
 31842	162.993
 31843	162.17
 31844	160.518
 31845	165.842
 31846	169.8
 31847	169.85
 31848	166.87
 31849	160.996
 31850	159.802
 31851	162.783
 31852	164.1
 31853	163.154
 31854	158.331
 31855	158.203
 31856	160.519
 31857	159.099
 31858	159.367
 31859	158.711
 31860	158.259
 31861	157.454
 31862	155.944
 31863	154.896
 31864	156.474
 31865	156.488
 31866	155.14
 31867	154.166
 31868	153.401
 31869	155.275
 31870	152.973
 31871	150.945
 31872	153.347
 31873	155.662
 31874	156.813
 31875	159.879
 31876	163.203
 31877	163.164
 31878	162.861
 31879	164.348
 31880	169.811
 31881	174.135
 31882	175.685
 31883	177.123
 31884	179.989
 31885	178.951
 31886	179.659
 31887	-177.792
 31888	-178.125
 31889	174.882
 31890	171.88
 31891	171.516
 31892	166.531
 31893	162.007
 31894	162.645
 31895	165.525
 31896	162.531
 31897	158.792
 31898	158.856
 31899	162.897
 31900	163.843
 31901	162.807
 31902	162.145
 31903	163.811
 31904	160.942
 31905	160.431
 31906	162.901
 31907	163.208
 31908	164.723
 31909	163.279
 31910	156.954
 31911	152.703
 31912	154.067
 31913	156.134
 31914	149.9
 31915	143.292
 31916	142.944
 31917	140.51
 31918	138.39
 31919	146.266
 31920	151.168
 31921	147.685
 31922	145.285
 31923	143.507
 31924	138.44
 31925	134.671
 31926	139.889
 31927	147.643
 31928	146.392
 31929	143.24
 31930	145.026
 31931	144.954
 31932	145.08
 31933	143.723
 31934	142.492
 31935	145.017
 31936	146.334
 31937	142.636
 31938	137.819
 31939	139.353
 31940	146.407
 31941	149.309
 31942	151.281
 31943	155.804
 31944	158.478
 31945	154.107
 31946	153.846
 31947	159.181
 31948	166.091
 31949	166.386
 31950	160.565
 31951	160.697
 31952	159.86
 31953	156.446
 31954	155.438
 31955	159.705
 31956	161.572
 31957	160.34
 31958	160.713
 31959	160.943
 31960	159.573
 31961	159.88
 31962	162.078
 31963	162.563
 31964	161.123
 31965	159.426
 31966	159.181
 31967	161.081
 31968	160.372
 31969	157.337
 31970	155.637
 31971	153.654
 31972	147.441
 31973	145.624
 31974	152.756
 31975	159.19
 31976	161.073
 31977	162.078
 31978	162.293
 31979	163.13
 31980	162.923
 31981	163.86
 31982	168.25
 31983	168.704
 31984	162.661
 31985	158.658
 31986	155.04
 31987	153.484
 31988	157.384
 31989	165.106
 31990	170.417
 31991	168.862
 31992	165.986
 31993	166.093
 31994	166.099
 31995	166.551
 31996	167.616
 31997	171.065
 31998	175.096
 31999	175.848
 32000	169.661
 32001	169.045
 32002	173.827
 32003	173.928
 32004	169.567
 32005	166.972
 32006	169.693
 32007	164.358
 32008	159.211
 32009	159.996
 32010	163.408
 32011	161.989
 32012	160.55
 32013	160.799
 32014	160.618
 32015	160.123
 32016	162.46
 32017	165.35
 32018	165.285
 32019	163.716
 32020	165.538
 32021	171.497
 32022	173.746
 32023	171.735
 32024	171.63
 32025	175.976
 32026	174.535
 32027	168.02
 32028	169.423
 32029	172.85
 32030	171.931
 32031	167.987
 32032	168.941
 32033	168.346
 32034	166.852
 32035	163.065
 32036	160.323
 32037	162.524
 32038	165.324
 32039	163.035
 32040	159.265
 32041	158.183
 32042	156.766
 32043	156.103
 32044	155.024
 32045	156.973
 32046	159.899
 32047	157.459
 32048	152.561
 32049	151.297
 32050	153.542
 32051	155.168
 32052	156.338
 32053	162.258
 32054	162.165
 32055	156.044
 32056	152.837
 32057	157.6
 32058	155.753
 32059	152.315
 32060	148.549
 32061	149.159
 32062	150.349
 32063	147.601
 32064	149.386
 32065	154.504
 32066	149.766
 32067	141.71
 32068	144.351
 32069	150.866
 32070	153.74
 32071	152.496
 32072	154.652
 32073	158.379
 32074	156.646
 32075	156.883
 32076	158.308
 32077	157.541
 32078	157.492
 32079	159.444
 32080	159.736
 32081	157.327
 32082	156.136
 32083	158.491
 32084	158.156
 32085	155.614
 32086	162.78
 32087	165.649
 32088	162.317
 32089	159.763
 32090	156.209
 32091	155.872
 32092	158.647
 32093	160.976
 32094	161.35
 32095	157.964
 32096	151.774
 32097	145.439
 32098	146.306
 32099	151.715
 32100	153.747
 32101	154.219
 32102	153.02
 32103	152.591
 32104	155.981
 32105	160.353
 32106	162.391
 32107	163.706
 32108	161.45
 32109	159.831
 32110	161.458
 32111	164.775
 32112	168.749
 32113	171.689
 32114	172.926
 32115	167.901
 32116	160.565
 32117	164.027
 32118	167.73
 32119	166.071
 32120	163.472
 32121	165.035
 32122	164.703
 32123	159.745
 32124	160.218
 32125	164.391
 32126	166.388
 32127	163.929
 32128	166.401
 32129	167.282
 32130	164.475
 32131	162.733
 32132	163.888
 32133	163.225
 32134	161.469
 32135	159.779
 32136	161.87
 32137	160.604
 32138	158.836
 32139	158.625
 32140	154.338
 32141	154.55
 32142	152.857
 32143	151.36
 32144	152.566
 32145	152.801
 32146	152.954
 32147	155.224
 32148	151.218
 32149	147.707
 32150	148.734
 32151	151.149
 32152	150.768
 32153	150.784
 32154	155.779
 32155	156.156
 32156	153.735
 32157	154.472
 32158	151.785
 32159	148.117
 32160	151.874
 32161	153.231
 32162	149.682
 32163	150.009
 32164	152.015
 32165	150.889
 32166	147.399
 32167	146.071
 32168	150.742
 32169	149.365
 32170	146.099
 32171	148.491
 32172	149.991
 32173	144.606
 32174	143.428
 32175	153.068
 32176	158.332
 32177	154.789
 32178	155.7
 32179	161.462
 32180	162.011
 32181	161.856
 32182	166.322
 32183	170.077
 32184	168.646
 32185	164.705
 32186	167.711
 32187	172.073
 32188	169.112
 32189	167.966
 32190	172.513
 32191	171.918
 32192	164.483
 32193	163.958
 32194	168.378
 32195	167.21
 32196	162.008
 32197	161.127
 32198	160.041
 32199	157.026
 32200	158.072
 32201	160.033
 32202	158.792
 32203	156.015
 32204	153.787
 32205	151.383
 32206	146.72
 32207	145.591
 32208	144.001
 32209	141.098
 32210	137.917
 32211	139.587
 32212	139.555
 32213	138.071
 32214	137.23
 32215	137.857
 32216	136.956
 32217	140.17
 32218	148.087
 32219	151.898
 32220	150.286
 32221	151.105
 32222	146.776
 32223	144.293
 32224	150.116
 32225	155.147
 32226	155.462
 32227	156.988
 32228	154.181
 32229	149.618
 32230	150.032
 32231	149.651
 32232	150.585
 32233	150.771
 32234	153.312
 32235	151.171
 32236	146.817
 32237	146.064
 32238	150.584
 32239	151.872
 32240	152.425
 32241	149.854
 32242	152.882
 32243	154.611
 32244	153.364
 32245	150.128
 32246	152.317
 32247	150.954
 32248	153.11
 32249	148.86
 32250	144.491
 32251	146.5
 32252	148.855
 32253	150.89
 32254	151.649
 32255	148.563
 32256	143.8
 32257	142.935
 32258	140.973
 32259	136.81
 32260	142.215
 32261	148.189
 32262	145.183
 32263	140.392
 32264	140.838
 32265	140.231
 32266	140.95
 32267	145.791
 32268	147.425
 32269	151.374
 32270	159.304
 32271	158.395
 32272	151.653
 32273	155.694
 32274	163.597
 32275	163.204
 32276	161.418
 32277	162.801
 32278	158.092
 32279	151.087
 32280	147.464
 32281	147.912
 32282	147.226
 32283	149.414
 32284	150.012
 32285	144.145
 32286	141.719
 32287	145.968
 32288	146.262
 32289	143.255
 32290	146.786
 32291	155.71
 32292	154.357
 32293	147.435
 32294	147.512
 32295	153.84
 32296	157.952
 32297	155.023
 32298	151.805
 32299	153.833
 32300	159.134
 32301	156.558
 32302	151.184
 32303	154.937
 32304	161.998
 32305	157.619
 32306	155.372
 32307	160.415
 32308	163.993
 32309	164.367
 32310	162.86
 32311	159.613
 32312	157.819
 32313	161.27
 32314	164.627
 32315	164.346
 32316	170.347
 32317	173.927
 32318	167.429
 32319	160.727
 32320	161.747
 32321	162.587
 32322	163.372
 32323	165.264
 32324	166.232
 32325	164.495
 32326	158.083
 32327	152.241
 32328	152.264
 32329	152.729
 32330	151.742
 32331	153.426
 32332	155.737
 32333	153.152
 32334	149.394
 32335	146.6
 32336	145.849
 32337	146.279
 32338	146.937
 32339	151.368
 32340	154.199
 32341	148.829
 32342	146.634
 32343	151
 32344	151.33
 32345	149.473
 32346	157.52
 32347	160.467
 32348	156.45
 32349	157.311
 32350	160.594
 32351	158.301
 32352	158.265
 32353	159.46
 32354	154.04
 32355	147.833
 32356	149.524
 32357	152.649
 32358	149.93
 32359	147.912
 32360	148.363
 32361	146.474
 32362	144.903
 32363	150.502
 32364	162.461
 32365	166.305
 32366	159.621
 32367	158.121
 32368	159.891
 32369	162.831
 32370	165.638
 32371	170.463
 32372	169.094
 32373	165.698
 32374	162.179
 32375	158.96
 32376	154.573
 32377	156.65
 32378	158.456
 32379	152.527
 32380	143.695
 32381	145.099
 32382	146.765
 32383	144.073
 32384	143.407
 32385	147.053
 32386	146.207
 32387	144.065
 32388	147.271
 32389	154.787
 32390	156.523
 32391	155.635
 32392	156.637
 32393	158.441
 32394	158.86
 32395	159.203
 32396	164.787
 32397	166.147
 32398	159.826
 32399	159.738
 32400	162.203
 32401	161.621
 32402	160.556
 32403	160.134
 32404	160.73
 32405	162.714
 32406	159.442
 32407	158.532
 32408	159.178
 32409	158.827
 32410	160.829
 32411	162.279
 32412	161.738
 32413	161.338
 32414	156.595
 32415	153.933
 32416	155.386
 32417	155.751
 32418	153.127
 32419	153.705
 32420	157.744
 32421	154.86
 32422	144.438
 32423	142.655
 32424	146.811
 32425	143.948
 32426	143.789
 32427	146.895
 32428	145.156
 32429	143.598
 32430	144.331
 32431	144.049
 32432	141.957
 32433	140.248
 32434	140.492
 32435	139.033
 32436	140.581
 32437	147.16
 32438	150.318
 32439	148.001
 32440	149.558
 32441	150.536
 32442	147.038
 32443	143.406
 32444	150.939
 32445	159.981
 32446	162.389
 32447	162.197
 32448	162.818
 32449	159.634
 32450	158.535
 32451	163.335
 32452	165.151
 32453	163.536
 32454	167.348
 32455	165.824
 32456	158.823
 32457	156.934
 32458	162.909
 32459	165.262
 32460	163.148
 32461	165.844
 32462	171.015
 32463	169.772
 32464	166.294
 32465	167.618
 32466	168.392
 32467	166.757
 32468	172.468
 32469	178.509
 32470	176.199
 32471	173.92
 32472	175.048
 32473	168.756
 32474	156.106
 32475	152.881
 32476	160.496
 32477	162.619
 32478	153.4
 32479	152.324
 32480	156.278
 32481	152.345
 32482	151.771
 32483	156.272
 32484	159.52
 32485	162.842
 32486	170.086
 32487	171.42
 32488	165.248
 32489	163.182
 32490	167.358
 32491	170.773
 32492	168.426
 32493	163.778
 32494	162.251
 32495	160.508
 32496	154.452
 32497	151.818
 32498	157.344
 32499	158.964
 32500	153.204
 32501	154.981
 32502	156.199
 32503	150.812
 32504	150.106
 32505	157.443
 32506	158.846
 32507	154.577
 32508	157.574
 32509	158.691
 32510	149.808
 32511	147.401
 32512	151.742
 32513	152.077
 32514	152.117
 32515	157.047
 32516	155.162
 32517	145.064
 32518	142.99
 32519	145.809
 32520	140.721
 32521	132.662
 32522	133.888
 32523	135.856
 32524	131.155
 32525	136.358
 32526	141.808
 32527	142.034
 32528	143.203
 32529	144.656
 32530	142.968
 32531	144.866
 32532	155.061
 32533	160.526
 32534	159.571
 32535	157.029
 32536	158.62
 32537	158.287
 32538	158.505
 32539	163.456
 32540	166.074
 32541	166.419
 32542	162.103
 32543	155.958
 32544	155.57
 32545	158.592
 32546	159.046
 32547	156.305
 32548	154.579
 32549	154.771
 32550	152.967
 32551	153.279
 32552	158.245
 32553	161.642
 32554	160.219
 32555	157.061
 32556	153.799
 32557	153.948
 32558	154.655
 32559	154.623
 32560	155.112
 32561	149.795
 32562	143.129
 32563	140.444
 32564	138.184
 32565	137.133
 32566	136.076
 32567	136.735
 32568	138.195
 32569	136.233
 32570	140.543
 32571	142.766
 32572	144.855
 32573	146.153
 32574	149.83
 32575	153.807
 32576	160.611
 32577	162.989
 32578	162.73
 32579	158.965
 32580	162.201
 32581	167.955
 32582	170.683
 32583	170.664
 32584	165.978
 32585	160.105
 32586	158.641
 32587	154.176
 32588	154.371
 32589	161.011
 32590	162.474
 32591	158.001
 32592	155.083
 32593	157.839
 32594	160.725
 32595	160.026
 32596	160.158
 32597	158.256
 32598	153.926
 32599	154.816
 32600	157.499
 32601	152.944
 32602	149.763
 32603	148.574
 32604	148.359
 32605	142.109
 32606	139.108
 32607	142.932
 32608	147.064
 32609	143.002
 32610	138.946
 32611	139.981
 32612	147.903
 32613	150.284
 32614	150.608
 32615	154.008
 32616	158.298
 32617	155.507
 32618	156.941
 32619	160.466
 32620	161.05
 32621	160.482
 32622	160.467
 32623	158.433
 32624	155.977
 32625	158.135
 32626	163.524
 32627	166.381
 32628	165.485
 32629	168.493
 32630	167.14
 32631	168.72
 32632	170.027
 32633	170.931
 32634	165.514
 32635	161.699
 32636	162.218
 32637	165.345
 32638	159.955
 32639	158.513
 32640	161.303
 32641	164.15
 32642	159.679
 32643	160.914
 32644	167.062
 32645	167.318
 32646	163.448
 32647	161.891
 32648	163.52
 32649	162.306
 32650	161.373
 32651	159.527
 32652	159.033
 32653	156.927
 32654	156.916
 32655	162.482
 32656	168.07
 32657	169.564
 32658	167.919
 32659	167.531
 32660	169.444
 32661	170.843
 32662	171.674
 32663	172.244
 32664	168.293
 32665	168.021
 32666	166.969
 32667	167.074
 32668	169.9
 32669	171.589
 32670	165.599
 32671	157.763
 32672	154.668
 32673	158.315
 32674	161.204
 32675	158.186
 32676	158.667
 32677	156.507
 32678	154.454
 32679	153.946
 32680	156.275
 32681	156.952
 32682	160.476
 32683	158.768
 32684	155.503
 32685	152.889
 32686	157.194
 32687	158.16
 32688	150.714
 32689	149.442
 32690	150.684
 32691	146.841
 32692	150.336
 32693	151.489
 32694	148.429
 32695	149.063
 32696	150.109
 32697	152.105
 32698	155.494
 32699	156.597
 32700	156.835
 32701	157.558
 32702	158.522
 32703	157.486
 32704	154.76
 32705	158.12
 32706	158.116
 32707	155.412
 32708	157.389
 32709	159.872
 32710	155.789
 32711	154.442
 32712	156.531
 32713	156.307
 32714	153.154
 32715	154.838
 32716	163.729
 32717	168.811
 32718	171.268
 32719	170.102
 32720	162.471
 32721	157.187
 32722	160.848
 32723	165.261
 32724	170.047
 32725	170.588
 32726	166.283
 32727	161.752
 32728	154.578
 32729	152.138
 32730	155.993
 32731	159.444
 32732	156.642
 32733	151.529
 32734	150.54
 32735	150.17
 32736	146.465
 32737	146.152
 32738	148.702
 32739	147.022
 32740	144.021
 32741	147.101
 32742	154.137
 32743	158.057
 32744	155.187
 32745	154.462
 32746	150.876
 32747	147.455
 32748	149.504
 32749	153.846
 32750	158.074
 32751	158.875
 32752	158.712
 32753	156.335
 32754	152.775
 32755	149.405
 32756	152.151
 32757	154.501
 32758	159.501
 32759	165.447
 32760	165.654
 32761	163.541
 32762	163.037
 32763	164.541
 32764	165.85
 32765	164.1
 32766	164.708
 32767	168.311
 32768	166.778
 32769	167.431
 32770	167.035
 32771	159.655
 32772	158.18
 32773	159.051
 32774	157.756
 32775	156.361
 32776	153.634
 32777	154.958
 32778	160.087
 32779	163.09
 32780	159.417
 32781	154.407
 32782	158.063
 32783	163.505
 32784	160.618
 32785	165.227
 32786	168.96
 32787	162.704
 32788	158.393
 32789	159.561
 32790	164.91
 32791	170.372
 32792	171.05
 32793	170.092
 32794	164.975
 32795	158.55
 32796	158.636
 32797	163.355
 32798	165.466
 32799	164.65
 32800	157.955
 32801	154.026
 32802	153.954
 32803	153.972
 32804	155.525
 32805	159.893
 32806	163.739
 32807	161.415
 32808	155.366
 32809	159.01
 32810	167.447
 32811	167.342
 32812	167.892
 32813	166.148
 32814	161.992
 32815	163.674
 32816	167.657
 32817	165.455
 32818	162.319
 32819	160.879
 32820	163.29
 32821	160.047
 32822	157.191
 32823	158.482
 32824	160.721
 32825	159.654
 32826	153.684
 32827	153.124
 32828	157.611
 32829	157.202
 32830	154.08
 32831	158.702
 32832	163.949
 32833	163.211
 32834	162.908
 32835	164.598
 32836	158.441
 32837	155.924
 32838	161.694
 32839	162.541
 32840	154.205
 32841	151.332
 32842	152.17
 32843	155.568
 32844	158.209
 32845	155.823
 32846	154.755
 32847	155.578
 32848	154.822
 32849	154.293
 32850	154.577
 32851	158.115
 32852	160.321
 32853	155.089
 32854	150.664
 32855	153.233
 32856	153.795
 32857	152.072
 32858	151.027
 32859	154.618
 32860	152.747
 32861	145.28
 32862	140.181
 32863	139.085
 32864	142.335
 32865	151.486
 32866	155.603
 32867	156.038
 32868	155.009
 32869	150.487
 32870	147.603
 32871	146.895
 32872	147.817
 32873	152.858
 32874	154.655
 32875	149.805
 32876	148.96
 32877	148.05
 32878	145.951
 32879	146.902
 32880	150.441
 32881	153.258
 32882	157.583
 32883	157.628
 32884	154.037
 32885	150.5
 32886	160.197
 32887	164.377
 32888	160.895
 32889	159.309
 32890	162.594
 32891	157.635
 32892	155.765
 32893	159.878
 32894	161.065
 32895	158.385
 32896	155.539
 32897	156.867
 32898	162.186
 32899	165.999
 32900	167.588
 32901	164.186
 32902	156.754
 32903	151.968
 32904	155.579
 32905	161.317
 32906	164.893
 32907	172.159
 32908	174.142
 32909	171.623
 32910	165.422
 32911	161.315
 32912	161.265
 32913	166.007
 32914	170.427
 32915	169.455
 32916	163.842
 32917	160.456
 32918	162.054
 32919	161.03
 32920	158.607
 32921	161.402
 32922	167.19
 32923	167.337
 32924	161.604
 32925	161.247
 32926	166.034
 32927	166.528
 32928	165.071
 32929	163.963
 32930	163.527
 32931	162.744
 32932	164.302
 32933	162.273
 32934	158.956
 32935	160.379
 32936	163.266
 32937	160.335
 32938	155.212
 32939	157.274
 32940	168.013
 32941	172.684
 32942	169.504
 32943	167.999
 32944	168.307
 32945	168.007
 32946	167.33
 32947	168.029
 32948	172.859
 32949	174.782
 32950	170.449
 32951	164.243
 32952	160.525
 32953	160.753
 32954	165.575
 32955	166.225
 32956	164.99
 32957	165.13
 32958	161.952
 32959	160.561
 32960	163.317
 32961	169.266
 32962	171.371
 32963	169.781
 32964	169.851
 32965	167.337
 32966	163.739
 32967	170.376
 32968	177.32
 32969	175.446
 32970	173.647
 32971	175.048
 32972	174.208
 32973	169.526
 32974	170.609
 32975	175.125
 32976	175.215
 32977	166.091
 32978	162.539
 32979	160.41
 32980	161.878
 32981	164.858
 32982	165.801
 32983	164.691
 32984	165.603
 32985	159.518
 32986	153.227
 32987	154.776
 32988	161.256
 32989	160.299
 32990	156.648
 32991	158.032
 32992	155.522
 32993	152.697
 32994	158.046
 32995	159.807
 32996	158.384
 32997	159.995
 32998	160.846
 32999	160.085
 33000	158.975
 33001	159.768
 33002	162.49
 33003	165.689
 33004	166.686
 33005	165.893
 33006	163.875
 33007	162.986
 33008	160.733
 33009	162.42
 33010	166.869
 33011	166.78
 33012	160.707
 33013	156.814
 33014	152.864
 33015	152.075
 33016	152.488
 33017	152.108
 33018	148.504
 33019	145.686
 33020	147.454
 33021	150.654
 33022	148.024
 33023	146.701
 33024	147.371
 33025	149.239
 33026	144.864
 33027	141.258
 33028	145.192
 33029	150.144
 33030	145.369
 33031	146.152
 33032	146.703
 33033	144.474
 33034	145.892
 33035	148.208
 33036	147.292
 33037	145.241
 33038	142.97
 33039	146.109
 33040	140.085
 33041	136.744
 33042	142.802
 33043	144.839
 33044	140.827
 33045	142.903
 33046	145.679
 33047	145.007
 33048	139.237
 33049	139.01
 33050	146.825
 33051	146.915
 33052	148.072
 33053	151.809
 33054	150.415
 33055	147.526
 33056	144.973
 33057	147.885
 33058	153.334
 33059	150.028
 33060	150.699
 33061	157.107
 33062	156.499
 33063	151.121
 33064	150.989
 33065	155.291
 33066	156.307
 33067	153.418
 33068	158.566
 33069	161.93
 33070	154.566
 33071	153.468
 33072	156.846
 33073	155.792
 33074	157.471
 33075	161.26
 33076	160.251
 33077	158.404
 33078	160.816
 33079	160.666
 33080	155.792
 33081	157.83
 33082	162.73
 33083	160.027
 33084	158.43
 33085	162.109
 33086	160.006
 33087	156.533
 33088	157.801
 33089	161.917
 33090	162.083
 33091	161.345
 33092	166.262
 33093	167.077
 33094	164.262
 33095	165.224
 33096	164.841
 33097	161.922
 33098	164.015
 33099	168.106
 33100	168.616
 33101	164.708
 33102	165.875
 33103	169.649
 33104	168.233
 33105	166.584
 33106	167.667
 33107	170.494
 33108	171.178
 33109	165.793
 33110	160.808
 33111	160.288
 33112	158.216
 33113	153.963
 33114	155.518
 33115	158.797
 33116	160.8
 33117	161.056
 33118	160.06
 33119	159.016
 33120	157.025
 33121	157.609
 33122	159.752
 33123	157.993
 33124	165.785
 33125	166.821
 33126	162.887
 33127	162.232
 33128	164.745
 33129	162.706
 33130	159.324
 33131	161.08
 33132	164.31
 33133	160.642
 33134	162.124
 33135	164.934
 33136	161.704
 33137	160.238
 33138	164.89
 33139	158.257
 33140	151.78
 33141	156.315
 33142	164.976
 33143	159.922
 33144	152.488
 33145	157.14
 33146	159.066
 33147	150.831
 33148	151.724
 33149	157.119
 33150	158.548
 33151	156.441
 33152	151.02
 33153	148.518
 33154	147.191
 33155	145.57
 33156	146.612
 33157	145.722
 33158	146.712
 33159	148.774
 33160	146.286
 33161	144.611
 33162	144.296
 33163	145.505
 33164	150.433
 33165	151.468
 33166	153.309
 33167	155.925
 33168	152.993
 33169	151.131
 33170	154.404
 33171	156.271
 33172	156.161
 33173	155.817
 33174	157.852
 33175	157.095
 33176	155.755
 33177	152.443
 33178	147.586
 33179	146.944
 33180	150.246
 33181	149.135
 33182	155.678
 33183	159.111
 33184	157.725
 33185	158.625
 33186	156.538
 33187	148.974
 33188	147.629
 33189	146.406
 33190	145.458
 33191	146.727
 33192	146.794
 33193	142.939
 33194	141.871
 33195	145.058
 33196	145.786
 33197	143.766
 33198	147.211
 33199	148.271
 33200	145.234
 33201	146.825
 33202	152.103
 33203	152.873
 33204	150.156
 33205	151.667
 33206	155.517
 33207	155.783
 33208	154.367
 33209	158.875
 33210	158.194
 33211	155.887
 33212	158.459
 33213	162.309
 33214	161.62
 33215	166.323
 33216	172.069
 33217	167.447
 33218	161.665
 33219	166.678
 33220	170.387
 33221	169.332
 33222	167.048
 33223	164.351
 33224	161.629
 33225	161.334
 33226	161.571
 33227	162.072
 33228	161.907
 33229	161.767
 33230	156.422
 33231	153.015
 33232	154.748
 33233	157.016
 33234	154.89
 33235	150.882
 33236	148.149
 33237	147.161
 33238	144.833
 33239	143.695
 33240	148.298
 33241	150.325
 33242	149.133
 33243	149.244
 33244	145.84
 33245	150.624
 33246	159.752
 33247	162.294
 33248	159.976
 33249	159.537
 33250	163.063
 33251	164.447
 33252	164.52
 33253	166.771
 33254	166.198
 33255	161.467
 33256	157.899
 33257	152.261
 33258	147.458
 33259	152.806
 33260	153.851
 33261	146.396
 33262	144.473
 33263	152.714
 33264	154.109
 33265	148.933
 33266	147.684
 33267	151.236
 33268	148.029
 33269	150.049
 33270	155.214
 33271	156.058
 33272	157.396
 33273	164.032
 33274	163.695
 33275	162.931
 33276	164.138
 33277	161.51
 33278	157.086
 33279	160.141
 33280	162.745
 33281	158.373
 33282	153.732
 33283	156.103
 33284	155.178
 33285	152.889
 33286	154.78
 33287	157.521
 33288	158.802
 33289	162.435
 33290	165.738
 33291	166.316
 33292	166.301
 33293	171.497
 33294	172.885
 33295	170.224
 33296	173.107
 33297	176.529
 33298	172.008
 33299	163.74
 33300	169.578
 33301	173.879
 33302	165.816
 33303	163.32
 33304	169.426
 33305	169.088
 33306	163.211
 33307	167.862
 33308	176.744
 33309	175.518
 33310	172.254
 33311	177.98
 33312	176.049
 33313	176.507
 33314	-179.171
 33315	178.386
 33316	164.403
 33317	162.294
 33318	168.138
 33319	166.362
 33320	159.527
 33321	167.214
 33322	170.797
 33323	162.13
 33324	154.106
 33325	157.129
 33326	161.575
 33327	165.171
 33328	165.597
 33329	166.638
 33330	169.149
 33331	169.492
 33332	166.932
 33333	164.883
 33334	169.123
 33335	176.626
 33336	178.687
 33337	173.29
 33338	172.547
 33339	173.877
 33340	173.445
 33341	167.968
 33342	167.476
 33343	171.67
 33344	174.451
 33345	166.962
 33346	160.975
 33347	164.302
 33348	165.185
 33349	163.36
 33350	167.802
 33351	172.299
 33352	175.097
 33353	177.568
 33354	173.909
 33355	168.61
 33356	173.151
 33357	174.743
 33358	169.261
 33359	163.136
 33360	164.451
 33361	168.713
 33362	162.202
 33363	157.907
 33364	157.183
 33365	152.81
 33366	143.646
 33367	144.745
 33368	151.64
 33369	153.079
 33370	146.896
 33371	141.898
 33372	140.815
 33373	141.877
 33374	147.157
 33375	149.854
 33376	152.24
 33377	159.443
 33378	159.982
 33379	155.497
 33380	155.37
 33381	158.784
 33382	161.306
 33383	160.916
 33384	157.252
 33385	161.407
 33386	166.062
 33387	165.261
 33388	165.598
 33389	162.924
 33390	159.69
 33391	157.829
 33392	159.444
 33393	162.167
 33394	165.627
 33395	170.689
 33396	169.764
 33397	161.32
 33398	155.88
 33399	156.617
 33400	155.1
 33401	156.15
 33402	161.246
 33403	161.491
 33404	162.632
 33405	157.915
 33406	155.226
 33407	156.466
 33408	159.71
 33409	160.718
 33410	160.612
 33411	156.078
 33412	158.347
 33413	159.828
 33414	156.285
 33415	151.82
 33416	156.474
 33417	161.074
 33418	156.344
 33419	153.416
 33420	161.927
 33421	164.356
 33422	157.493
 33423	157.448
 33424	158.659
 33425	154.123
 33426	151.12
 33427	152.694
 33428	156.141
 33429	159.29
 33430	160.984
 33431	162.998
 33432	156.251
 33433	150.136
 33434	159.074
 33435	162.953
 33436	156.465
 33437	154.518
 33438	155.32
 33439	152.907
 33440	147.064
 33441	151.209
 33442	154.338
 33443	152.134
 33444	150.807
 33445	150.046
 33446	149.691
 33447	149.666
 33448	150.617
 33449	157.666
 33450	163.501
 33451	154.133
 33452	146.814
 33453	147.415
 33454	149.359
 33455	148.251
 33456	150.597
 33457	156.804
 33458	155.255
 33459	149.626
 33460	150.33
 33461	153.116
 33462	151.994
 33463	154.742
 33464	157.216
 33465	156.611
 33466	150.639
 33467	153.369
 33468	162.189
 33469	158.122
 33470	158.542
 33471	162.874
 33472	159.079
 33473	149.845
 33474	151.099
 33475	158.545
 33476	160.319
 33477	159.246
 33478	160.168
 33479	164.803
 33480	158.307
 33481	150.869
 33482	158.811
 33483	170.46
 33484	169.56
 33485	167.122
 33486	168.033
 33487	165.957
 33488	162.683
 33489	168.045
 33490	175.105
 33491	171.042
 33492	169.78
 33493	174.814
 33494	174.487
 33495	169.088
 33496	168.758
 33497	174.327
 33498	171.346
 33499	164.553
 33500	169.309
 33501	175.635
 33502	168.921
 33503	167.021
 33504	174.265
 33505	177.794
 33506	170.993
 33507	167.828
 33508	174.598
 33509	175.52
 33510	169.03
 33511	170.753
 33512	172.892
 33513	165.57
 33514	154.415
 33515	154.952
 33516	159.886
 33517	158.685
 33518	155.388
 33519	160.197
 33520	160.363
 33521	156.555
 33522	152.015
 33523	152.707
 33524	151.869
 33525	155.267
 33526	162.838
 33527	170.333
 33528	166.164
 33529	161.292
 33530	166.356
 33531	173.815
 33532	172.509
 33533	170.246
 33534	177.63
 33535	176.729
 33536	166.066
 33537	160.159
 33538	162.136
 33539	160.376
 33540	159.219
 33541	163.414
 33542	167.586
 33543	161.609
 33544	160.331
 33545	166.71
 33546	164.531
 33547	161.497
 33548	167.388
 33549	169.672
 33550	165.461
 33551	162.482
 33552	165.811
 33553	165.231
 33554	162.346
 33555	163.41
 33556	171.293
 33557	169.152
 33558	159.675
 33559	162.89
 33560	177.209
 33561	176.411
 33562	166.691
 33563	164.385
 33564	169.141
 33565	168.531
 33566	165.416
 33567	170.073
 33568	172.359
 33569	164.753
 33570	161.908
 33571	164.136
 33572	159.952
 33573	155.254
 33574	160.98
 33575	168.091
 33576	161.206
 33577	157.634
 33578	158.687
 33579	154.231
 33580	153.852
 33581	160.57
 33582	160.369
 33583	156.554
 33584	156.31
 33585	161.722
 33586	163.112
 33587	163.754
 33588	173.098
 33589	-179.8
 33590	171.182
 33591	166.945
 33592	174.319
 33593	174.909
 33594	167.395
 33595	166.835
 33596	176.699
 33597	173.787
 33598	166.549
 33599	165.474
 33600	166.035
 33601	162.049
 33602	165.277
 33603	171.166
 33604	171.591
 33605	167.099
 33606	167.84
 33607	171.028
 33608	169.583
 33609	170.625
 33610	175.737
 33611	170.647
 33612	161.56
 33613	162.379
 33614	165.119
 33615	160.429
 33616	158.849
 33617	161.496
 33618	157.845
 33619	147.567
 33620	149.587
 33621	158.662
 33622	161.174
 33623	161.011
 33624	163.259
 33625	162.418
 33626	155.034
 33627	153.5
 33628	155.907
 33629	161.231
 33630	163.129
 33631	166.636
 33632	164.525
 33633	156.888
 33634	152.291
 33635	158.092
 33636	166.457
 33637	169.14
 33638	168.763
 33639	171.997
 33640	176.11
 33641	175.242
 33642	176.434
 33643	178.523
 33644	176.775
 33645	169.878
 33646	163.646
 33647	161.959
 33648	155.037
 33649	152.05
 33650	158.238
 33651	160.392
 33652	153.616
 33653	149.239
 33654	153.57
 33655	155.02
 33656	156.054
 33657	160.823
 33658	167.572
 33659	160.464
 33660	154.348
 33661	152.416
 33662	155.038
 33663	159.055
 33664	165.428
 33665	164.799
 33666	162.728
 33667	157.84
 33668	155.516
 33669	155.168
 33670	156.396
 33671	156.127
 33672	161.996
 33673	165.848
 33674	165.897
 33675	163.9
 33676	164.591
 33677	161.99
 33678	161.47
 33679	164.1
 33680	163.026
 33681	159.007
 33682	157.999
 33683	163.443
 33684	158.143
 33685	155.047
 33686	155.026
 33687	158.691
 33688	152.491
 33689	148.664
 33690	158.162
 33691	164.479
 33692	159.924
 33693	160.604
 33694	162.535
 33695	155.791
 33696	145.878
 33697	145.846
 33698	151.669
 33699	149.149
 33700	149.331
 33701	155.388
 33702	157.372
 33703	147.292
 33704	141.575
 33705	144.812
 33706	146.821
 33707	148.126
 33708	150.747
 33709	147.64
 33710	146.794
 33711	153.844
 33712	160.782
 33713	154.028
 33714	149.419
 33715	155.252
 33716	152.746
 33717	145.544
 33718	146.235
 33719	154.039
 33720	152.305
 33721	150.373
 33722	149.612
 33723	148.217
 33724	143.419
 33725	142.248
 33726	144.445
 33727	144.862
 33728	146.123
 33729	147.943
 33730	140.625
 33731	141.137
 33732	146.587
 33733	150.018
 33734	146.611
 33735	150.361
 33736	156.35
 33737	152.635
 33738	147.856
 33739	147.656
 33740	150.155
 33741	147.162
 33742	148.241
 33743	150.229
 33744	152.735
 33745	153.241
 33746	152.087
 33747	154.635
 33748	158.351
 33749	156.832
 33750	153.425
 33751	150.433
 33752	149.948
 33753	155.715
 33754	159.012
 33755	156.397
 33756	156.763
 33757	163.121
 33758	160.379
 33759	148.697
 33760	146.764
 33761	153.417
 33762	157.283
 33763	154.711
 33764	158.477
 33765	159.796
 33766	156.065
 33767	154.749
 33768	155.788
 33769	154.996
 33770	153.777
 33771	156.496
 33772	156.669
 33773	152.59
 33774	151.021
 33775	152.428
 33776	151.728
 33777	151.136
 33778	155.328
 33779	153.291
 33780	153.115
 33781	154.508
 33782	156.533
 33783	156.645
 33784	155.399
 33785	155.951
 33786	155.564
 33787	154.031
 33788	150.735
 33789	151.371
 33790	155.098
 33791	158.596
 33792	156.014
 33793	150.247
 33794	146.553
 33795	144.332
 33796	144.66
 33797	146.185
 33798	146.668
 33799	147.16
 33800	148.607
 33801	145.949
 33802	139.224
 33803	135.743
 33804	137.249
 33805	138.845
 33806	138.991
 33807	137.39
 33808	136.572
 33809	136.009
 33810	137.29
 33811	137.732
 33812	139.944
 33813	142.864
 33814	142.31
 33815	142.724
 33816	140.155
 33817	139.252
 33818	139.782
 33819	142.334
 33820	143.03
 33821	146.648
 33822	143.862
 33823	141.544
 33824	140.009
 33825	141.91
 33826	144.339
 33827	146.424
 33828	144.892
 33829	143.723
 33830	139.818
 33831	138.581
 33832	137.653
 33833	146.043
 33834	148.313
 33835	149.308
 33836	145.05
 33837	143.661
 33838	144.906
 33839	147.192
 33840	144.108
 33841	147.638
 33842	156.713
 33843	158.995
 33844	155.919
 33845	155.825
 33846	156.915
 33847	157.396
 33848	159.807
 33849	162.476
 33850	168.039
 33851	172.487
 33852	174.74
 33853	174.086
 33854	175.821
 33855	173.155
 33856	172.017
 33857	169.158
 33858	166.048
 33859	162.207
 33860	159.24
 33861	160.035
 33862	163.772
 33863	164.667
 33864	160.729
 33865	156.52
 33866	154.81
 33867	156.803
 33868	160.165
 33869	161.891
 33870	166.888
 33871	175.359
 33872	173.171
 33873	167.874
 33874	168.588
 33875	171.393
 33876	166.394
 33877	164.162
 33878	167.3
 33879	167.801
 33880	165.661
 33881	164.269
 33882	161.99
 33883	162.025
 33884	166.087
 33885	165.481
 33886	166.861
 33887	168.316
 33888	167.266
 33889	163.454
 33890	161.076
 33891	161.86
 33892	166.369
 33893	164.268
 33894	162.575
 33895	159.962
 33896	161.505
 33897	162.735
 33898	161.319
 33899	154.397
 33900	154.544
 33901	154.518
 33902	148.501
 33903	142.923
 33904	147.021
 33905	153.032
 33906	147.233
 33907	144.418
 33908	144.988
 33909	142.768
 33910	138.494
 33911	141.684
 33912	144.915
 33913	150.362
 33914	151.948
 33915	150.692
 33916	148.414
 33917	144.929
 33918	141.248
 33919	145.48
 33920	144.609
 33921	140.568
 33922	140.201
 33923	140.608
 33924	136.506
 33925	131.088
 33926	132.122
 33927	134.32
 33928	131.786
 33929	130.986
 33930	133.048
 33931	129.876
 33932	126.009
 33933	126.005
 33934	131.83
 33935	128.278
 33936	123.125
 33937	126.942
 33938	136.282
 33939	133.437
 33940	131.017
 33941	132.872
 33942	135.75
 33943	136.48
 33944	139.348
 33945	139.791
 33946	138.89
 33947	137.468
 33948	141.051
 33949	142.624
 33950	140.068
 33951	142.448
 33952	146.513
 33953	141.558
 33954	137.857
 33955	143.311
 33956	151.695
 33957	153.956
 33958	155.216
 33959	159.022
 33960	162.419
 33961	159.354
 33962	157.938
 33963	160.751
 33964	162.575
 33965	162.863
 33966	160.17
 33967	155.077
 33968	146.053
 33969	146.028
 33970	150.989
 33971	146.179
 33972	143.881
 33973	146.869
 33974	144.3
 33975	141.225
 33976	144.151
 33977	147.201
 33978	151.186
 33979	149.042
 33980	149.155
 33981	153.735
 33982	154.779
 33983	149.014
 33984	152.959
 33985	158.291
 33986	159.762
 33987	159.893
 33988	162.684
 33989	157.98
 33990	152.938
 33991	151.614
 33992	152.188
 33993	151.26
 33994	154.853
 33995	154.598
 33996	150.424
 33997	146.781
 33998	144.146
 33999	141.461
 34000	139.082
 34001	139.748
 34002	144.486
 34003	144.138
 34004	142.958
 34005	147.284
 34006	150.592
 34007	146.595
 34008	147.867
 34009	151.541
 34010	149.679
 34011	151.795
 34012	151.031
 34013	149.902
 34014	156.649
 34015	162.443
 34016	158.972
 34017	159.115
 34018	161.474
 34019	160.346
 34020	153.654
 34021	155.807
 34022	163.958
 34023	164.485
 34024	157.347
 34025	151.452
 34026	148.865
 34027	150.596
 34028	152.314
 34029	155.279
 34030	158.927
 34031	159.135
 34032	153.929
 34033	151.345
 34034	149.824
 34035	150.136
 34036	152.058
 34037	148.791
 34038	146.258
 34039	145.494
 34040	145.033
 34041	140.358
 34042	136.875
 34043	134.306
 34044	138.078
 34045	134.512
 34046	129.651
 34047	136.967
 34048	140.33
 34049	133.022
 34050	133.575
 34051	134.415
 34052	129.348
 34053	132.386
 34054	138.783
 34055	137.807
 34056	135.136
 34057	141.081
 34058	146.852
 34059	143.014
 34060	140.012
 34061	139.924
 34062	143
 34063	142.999
 34064	139.924
 34065	145.848
 34066	149.921
 34067	144.55
 34068	138.748
 34069	137.625
 34070	135.676
 34071	139.299
 34072	144.216
 34073	143.979
 34074	141.89
 34075	143.151
 34076	143.85
 34077	145.701
 34078	143.353
 34079	144.146
 34080	146.929
 34081	146.039
 34082	144.855
 34083	149.462
 34084	152.503
 34085	150.157
 34086	149.141
 34087	152.05
 34088	153.038
 34089	156.605
 34090	162.265
 34091	159.46
 34092	157.099
 34093	160.591
 34094	158.159
 34095	153.223
 34096	153.57
 34097	154.376
 34098	149.885
 34099	150.721
 34100	151.044
 34101	147.156
 34102	144.642
 34103	150.325
 34104	151.132
 34105	148.85
 34106	150.227
 34107	154.529
 34108	151.981
 34109	146.151
 34110	145.234
 34111	148.782
 34112	149.236
 34113	149.557
 34114	149.425
 34115	151.137
 34116	153.026
 34117	156.037
 34118	154.071
 34119	147.604
 34120	145.409
 34121	144.901
 34122	140.172
 34123	142.057
 34124	151.976
 34125	153.047
 34126	144.47
 34127	143.117
 34128	146.399
 34129	141.066
 34130	139.372
 34131	143.542
 34132	145.801
 34133	148.385
 34134	149.853
 34135	148.923
 34136	147.99
 34137	149.231
 34138	148.085
 34139	146.103
 34140	150.157
 34141	150.999
 34142	148.74
 34143	136.512
 34144	129.986
 34145	134.421
 34146	127.664
 34147	114.79
 34148	125.126
 34149	134.193
 34150	124.333
 34151	122.122
 34152	127.884
 34153	130.87
 34154	130.304
 34155	127.464
 34156	133.278
 34157	138.839
 34158	141.436
 34159	138.639
 34160	139.113
 34161	138.907
 34162	139.606
 34163	146.035
 34164	147.255
 34165	143.571
 34166	148.315
 34167	155.771
 34168	151.542
 34169	149.586
 34170	152.885
 34171	149.49
 34172	143.703
 34173	143.006
 34174	145.362
 34175	147.722
 34176	138.657
 34177	134.945
 34178	139.36
 34179	138.526
 34180	136.512
 34181	142.575
 34182	144.036
 34183	144.707
 34184	143.97
 34185	145.49
 34186	143.047
 34187	142.614
 34188	146.986
 34189	144.316
 34190	138.159
 34191	141.195
 34192	140.258
 34193	137.949
 34194	135.008
 34195	136.885
 34196	145.602
 34197	147.906
 34198	148.696
 34199	152.033
 34200	154.992
 34201	153.668
 34202	152.875
 34203	155.77
 34204	162.17
 34205	159.033
 34206	154.752
 34207	152.882
 34208	150.375
 34209	148.31
 34210	147.832
 34211	147.608
 34212	148.528
 34213	151.813
 34214	153.749
 34215	157.622
 34216	163.751
 34217	169.618
 34218	170.992
 34219	166.017
 34220	161.036
 34221	165.036
 34222	165.559
 34223	162.196
 34224	161.752
 34225	165.198
 34226	158.072
 34227	148.429
 34228	143.443
 34229	143.744
 34230	140.534
 34231	139.168
 34232	140.673
 34233	141.623
 34234	138.04
 34235	134.929
 34236	135.11
 34237	131.652
 34238	130.512
 34239	134.01
 34240	134.484
 34241	133.953
 34242	138.023
 34243	138.348
 34244	136.089
 34245	137.797
 34246	142.431
 34247	140.552
 34248	140.369
 34249	143.606
 34250	143.344
 34251	135.423
 34252	138.333
 34253	142.694
 34254	142.402
 34255	142.235
 34256	146.021
 34257	146.493
 34258	141.512
 34259	140.954
 34260	149.081
 34261	151.106
 34262	150.922
 34263	151.585
 34264	150.399
 34265	146.992
 34266	152.364
 34267	153.056
 34268	148.797
 34269	144.541
 34270	151.568
 34271	155.282
 34272	149.323
 34273	149.453
 34274	155.47
 34275	151.216
 34276	144.227
 34277	146.913
 34278	148.412
 34279	149.016
 34280	143.863
 34281	141.495
 34282	143.315
 34283	140.364
 34284	134.906
 34285	136.209
 34286	137.976
 34287	141.019
 34288	143.596
 34289	142.975
 34290	145.899
 34291	154.275
 34292	152.551
 34293	151.631
 34294	152.812
 34295	155.227
 34296	154.415
 34297	154.322
 34298	154.7
 34299	154.045
 34300	156.301
 34301	154.728
 34302	149.05
 34303	149.98
 34304	159.122
 34305	159.1
 34306	156.914
 34307	158.363
 34308	159.637
 34309	160.425
 34310	158.328
 34311	159.442
 34312	166.298
 34313	166.265
 34314	161.901
 34315	161.335
 34316	160.15
 34317	160.569
 34318	159.055
 34319	156.614
 34320	156.713
 34321	157.863
 34322	152.312
 34323	147.644
 34324	152.008
 34325	157.126
 34326	151.886
 34327	148.016
 34328	146.623
 34329	146.105
 34330	141.221
 34331	139.651
 34332	138.703
 34333	140.156
 34334	139.05
 34335	135.125
 34336	132.527
 34337	129.337
 34338	126.125
 34339	124.847
 34340	126.278
 34341	123.781
 34342	122.876
 34343	123.36
 34344	120.296
 34345	119.665
 34346	125.382
 34347	130.129
 34348	136.834
 34349	134.972
 34350	130.736
 34351	129.765
 34352	130.497
 34353	125.906
 34354	127.48
 34355	131.017
 34356	134.766
 34357	131.58
 34358	128.733
 34359	125.094
 34360	123.61
 34361	125.525
 34362	125.703
 34363	125.112
 34364	132.975
 34365	138.033
 34366	136.705
 34367	137.171
 34368	137.785
 34369	136.444
 34370	138.689
 34371	140.49
 34372	143.902
 34373	145.295
 34374	143.963
 34375	143.382
 34376	144.105
 34377	140.977
 34378	140.852
 34379	142.324
 34380	137.426
 34381	132.749
 34382	133.799
 34383	133.003
 34384	137.106
 34385	137.572
 34386	133.141
 34387	134.863
 34388	141.307
 34389	142.945
 34390	144.714
 34391	151.175
 34392	152.928
 34393	147.9
 34394	148.12
 34395	152.953
 34396	152.07
 34397	153.642
 34398	152.323
 34399	151.519
 34400	151.664
 34401	152.83
 34402	150.046
 34403	149.549
 34404	149.039
 34405	146.083
 34406	146.856
 34407	148.62
 34408	146.354
 34409	147.196
 34410	151.039
 34411	147.089
 34412	144.274
 34413	148.384
 34414	149.165
 34415	144.438
 34416	139.926
 34417	142.217
 34418	142.667
 34419	135.421
 34420	133.766
 34421	137.23
 34422	136.457
 34423	131.216
 34424	131.38
 34425	138.765
 34426	140.907
 34427	137.075
 34428	139.929
 34429	139.396
 34430	138.183
 34431	142.187
 34432	139.59
 34433	131.031
 34434	133.718
 34435	138.599
 34436	133.437
 34437	130.246
 34438	132.417
 34439	135.811
 34440	131.04
 34441	122.776
 34442	127.741
 34443	132.099
 34444	133.023
 34445	138.442
 34446	143.145
 34447	146.67
 34448	147.628
 34449	149.324
 34450	149.879
 34451	147.885
 34452	142.691
 34453	140.381
 34454	135.908
 34455	137.557
 34456	139.917
 34457	138.014
 34458	142.738
 34459	145.802
 34460	145.395
 34461	146.319
 34462	147.904
 34463	144.503
 34464	144.947
 34465	145.258
 34466	143.524
 34467	142.754
 34468	148.648
 34469	149.709
 34470	148.698
 34471	149.548
 34472	150.13
 34473	144.955
 34474	138.536
 34475	134.706
 34476	135.191
 34477	135.168
 34478	135.737
 34479	134.254
 34480	133.973
 34481	131.285
 34482	126.647
 34483	126.679
 34484	127.888
 34485	130.177
 34486	131.467
 34487	129.022
 34488	120.194
 34489	118.247
 34490	119.342
 34491	119.37
 34492	118.625
 34493	122.269
 34494	120.711
 34495	121.12
 34496	122.731
 34497	126.655
 34498	126.189
 34499	124.993
 34500	127.429
 34501	131.573
 34502	130.637
 34503	131.943
 34504	137.875
 34505	139.824
 34506	137.904
 34507	136.589
 34508	136.715
 34509	139.968
 34510	137.075
 34511	131.302
 34512	129.401
 34513	129.939
 34514	135.172
 34515	137.528
 34516	138.678
 34517	143.083
 34518	143.184
 34519	139.839
 34520	139.548
 34521	143.232
 34522	145.892
 34523	144.966
 34524	136.121
 34525	134.779
 34526	132.855
 34527	131.188
 34528	133.431
 34529	140.67
 34530	143.588
 34531	143.032
 34532	141.809
 34533	143.027
 34534	145.509
 34535	146.331
 34536	142.126
 34537	141.757
 34538	145.772
 34539	147.83
 34540	143.766
 34541	150.675
 34542	158.372
 34543	158.165
 34544	154.904
 34545	153.631
 34546	147.373
 34547	144.697
 34548	145.719
 34549	145.113
 34550	148.266
 34551	150.022
 34552	149.899
 34553	145.252
 34554	141.012
 34555	138.897
 34556	141.123
 34557	141.108
 34558	147.616
 34559	148.28
 34560	150.133
 34561	150.823
 34562	149.974
 34563	145.695
 34564	147.706
 34565	151.258
 34566	149.431
 34567	144.373
 34568	147.759
 34569	149.049
 34570	149.467
 34571	149.068
 34572	147.891
 34573	146.747
 34574	149.399
 34575	146.204
 34576	136.936
 34577	142.815
 34578	148.622
 34579	146.253
 34580	142.589
 34581	144.27
 34582	140.446
 34583	132.471
 34584	130.136
 34585	135.21
 34586	138.149
 34587	136.659
 34588	135.502
 34589	138.433
 34590	140.516
 34591	138.922
 34592	137.693
 34593	140.035
 34594	148.674
 34595	155.4
 34596	153.97
 34597	151.154
 34598	157.176
 34599	161.904
 34600	155.592
 34601	150.808
 34602	153.005
 34603	156.381
 34604	158.698
 34605	156.545
 34606	154.924
 34607	158.8
 34608	163.154
 34609	158.027
 34610	150.902
 34611	156.924
 34612	163.128
 34613	161.452
 34614	161.482
 34615	164.359
 34616	163.96
 34617	159.686
 34618	158.794
 34619	160.59
 34620	164.507
 34621	166.866
 34622	159.34
 34623	150.149
 34624	148.027
 34625	148.758
 34626	146.057
 34627	141.629
 34628	139.625
 34629	136.096
 34630	130.718
 34631	122.975
 34632	121.556
 34633	123.655
 34634	125.251
 34635	122.511
 34636	122.144
 34637	123.052
 34638	127.703
 34639	128.843
 34640	127.755
 34641	128.909
 34642	132.989
 34643	133.843
 34644	135.902
 34645	137.725
 34646	138.518
 34647	140.548
 34648	143.436
 34649	144.173
 34650	139.454
 34651	137.328
 34652	145.479
 34653	148.253
 34654	146.662
 34655	152.368
 34656	162.071
 34657	163.444
 34658	156.438
 34659	159.617
 34660	167.963
 34661	171.017
 34662	172.433
 34663	177.086
 34664	-179.896
 34665	-179.827
 34666	178.397
 34667	174.621
 34668	171.708
 34669	174.717
 34670	175.364
 34671	168.734
 34672	165.353
 34673	168.096
 34674	164.006
 34675	154.012
 34676	154.212
 34677	160.462
 34678	160.036
 34679	156.524
 34680	155.823
 34681	158.005
 34682	155.932
 34683	153.555
 34684	154.984
 34685	157.59
 34686	154.887
 34687	151.829
 34688	152.503
 34689	153.659
 34690	152.297
 34691	150.313
 34692	151.678
 34693	149.937
 34694	144.991
 34695	149.159
 34696	154.377
 34697	152.951
 34698	153.665
 34699	158.505
 34700	160.926
 34701	158.474
 34702	156.891
 34703	159.116
 34704	160.942
 34705	159.904
 34706	164.733
 34707	164.301
 34708	156.602
 34709	154.571
 34710	162.514
 34711	163.371
 34712	156.628
 34713	156.62
 34714	161.586
 34715	159.226
 34716	151.574
 34717	149.621
 34718	149.508
 34719	143.696
 34720	142.009
 34721	145.312
 34722	144.323
 34723	134.738
 34724	132.552
 34725	134.713
 34726	126.861
 34727	119.971
 34728	129.707
 34729	131.578
 34730	123.8
 34731	120.602
 34732	122.253
 34733	126.849
 34734	129.458
 34735	132.989
 34736	138.057
 34737	134.955
 34738	131.617
 34739	138.463
 34740	142.069
 34741	141.355
 34742	146.633
 34743	151.498
 34744	148.565
 34745	142.216
 34746	144.122
 34747	149.922
 34748	146.625
 34749	145.166
 34750	151.239
 34751	152.692
 34752	145.557
 34753	143.809
 34754	152.939
 34755	162.689
 34756	163.33
 34757	165.088
 34758	168.439
 34759	167.139
 34760	166.309
 34761	173.207
 34762	175.696
 34763	172.503
 34764	172.549
 34765	172.69
 34766	162.494
 34767	153.972
 34768	162.649
 34769	170.816
 34770	161.782
 34771	159.15
 34772	162.896
 34773	157.267
 34774	151.826
 34775	154.529
 34776	159.569
 34777	162.515
 34778	163.048
 34779	166.638
 34780	167.124
 34781	163.354
 34782	162.45
 34783	164.678
 34784	166.793
 34785	165.981
 34786	165.642
 34787	169.238
 34788	169.545
 34789	163.441
 34790	163.37
 34791	164.617
 34792	160.427
 34793	156.712
 34794	154.485
 34795	154.4
 34796	151.236
 34797	144.228
 34798	147.572
 34799	151.398
 34800	142.302
 34801	139.339
 34802	143.309
 34803	143.99
 34804	141.084
 34805	142.639
 34806	147.341
 34807	147.503
 34808	148.116
 34809	158.974
 34810	161.675
 34811	154.07
 34812	152.944
 34813	158.401
 34814	157.266
 34815	158.986
 34816	166.626
 34817	170.403
 34818	164.521
 34819	161.933
 34820	162.402
 34821	154.016
 34822	150.778
 34823	156.919
 34824	156.883
 34825	153.691
 34826	156.072
 34827	158.454
 34828	156.194
 34829	151.807
 34830	151.428
 34831	154.924
 34832	157.643
 34833	157.927
 34834	159.376
 34835	162.163
 34836	164.536
 34837	162.91
 34838	165.257
 34839	167.905
 34840	164.931
 34841	164.644
 34842	170.802
 34843	172.378
 34844	171.052
 34845	169.21
 34846	165.657
 34847	161.903
 34848	158.201
 34849	156.852
 34850	154.995
 34851	157.282
 34852	163.149
 34853	163.809
 34854	159.763
 34855	160.552
 34856	160.286
 34857	160.177
 34858	160.784
 34859	163.298
 34860	163.233
 34861	159.269
 34862	151.735
 34863	153.955
 34864	152.571
 34865	150.274
 34866	151.577
 34867	150.846
 34868	146.501
 34869	146.883
 34870	146.757
 34871	143.899
 34872	140.161
 34873	139.635
 34874	138.086
 34875	136.601
 34876	135.393
 34877	137.808
 34878	142.81
 34879	148.33
 34880	148.267
 34881	149.07
 34882	155.16
 34883	155.535
 34884	148.507
 34885	145.718
 34886	146.812
 34887	153.901
 34888	155.131
 34889	148.68
 34890	145.236
 34891	148.342
 34892	147.104
 34893	143.736
 34894	143.293
 34895	146.018
 34896	147.023
 34897	144.551
 34898	143.783
 34899	142.776
 34900	143.828
 34901	150.372
 34902	151.605
 34903	146.85
 34904	148.44
 34905	154.524
 34906	156.519
 34907	152.951
 34908	157.078
 34909	165.87
 34910	165.243
 34911	158.55
 34912	155.719
 34913	152.947
 34914	147.446
 34915	149.342
 34916	150.978
 34917	146.699
 34918	146.686
 34919	149.781
 34920	147.296
 34921	146.911
 34922	154.266
 34923	161.043
 34924	159.52
 34925	156.714
 34926	156.017
 34927	155.753
 34928	155.182
 34929	151.305
 34930	145.306
 34931	144.956
 34932	143.482
 34933	138.389
 34934	138.667
 34935	138.28
 34936	138.511
 34937	139.104
 34938	138.333
 34939	136.677
 34940	141.93
 34941	148.037
 34942	149.392
 34943	150.942
 34944	159.441
 34945	161.945
 34946	158.171
 34947	152.643
 34948	153.405
 34949	155.92
 34950	154.453
 34951	152.889
 34952	153.87
 34953	149.783
 34954	145.817
 34955	145.236
 34956	141.986
 34957	139.297
 34958	142.707
 34959	144.836
 34960	141.595
 34961	142.066
 34962	144.973
 34963	147.138
 34964	151.212
 34965	152.792
 34966	151.918
 34967	154.095
 34968	157.718
 34969	158.013
 34970	152.991
 34971	151.129
 34972	154.753
 34973	160.004
 34974	154.291
 34975	147.644
 34976	150.43
 34977	152.881
 34978	146.939
 34979	143.788
 34980	145.808
 34981	145.851
 34982	141.558
 34983	140.4
 34984	143.522
 34985	146.76
 34986	143.974
 34987	142.18
 34988	142.508
 34989	143.233
 34990	144.154
 34991	150.237
 34992	156.365
 34993	157.363
 34994	156.068
 34995	156.691
 34996	151.547
 34997	146.758
 34998	146.684
 34999	147.383
 35000	142.47
 35001	142.864
 35002	147.943
 35003	145.921
 35004	140.456
 35005	144.186
 35006	154.226
 35007	151.759
 35008	147.002
 35009	152.478
 35010	157.574
 35011	155.508
 35012	150.2
 35013	152.7
 35014	162.711
 35015	161.066
 35016	152.554
 35017	153.866
 35018	156.009
 35019	155.499
 35020	149.941
 35021	147.947
 35022	153.658
 35023	156.165
 35024	151.274
 35025	148.317
 35026	152.218
 35027	156.398
 35028	150.48
 35029	145.01
 35030	150.571
 35031	158.428
 35032	154.15
 35033	150.783
 35034	154.817
 35035	160.943
 35036	156.98
 35037	152.232
 35038	156.964
 35039	159.881
 35040	163.376
 35041	167.156
 35042	162.985
 35043	158.995
 35044	163.946
 35045	166.131
 35046	167.141
 35047	171.338
 35048	177.538
 35049	179.398
 35050	177.596
 35051	175.356
 35052	174.245
 35053	174.221
 35054	177.239
 35055	177.817
 35056	176.408
 35057	176.319
 35058	173.412
 35059	169.314
 35060	165.506
 35061	160.705
 35062	158.99
 35063	160.188
 35064	161.562
 35065	160.854
 35066	153.886
 35067	148.435
 35068	148.087
 35069	148.029
 35070	146.881
 35071	149.575
 35072	152.896
 35073	154.357
 35074	152.847
 35075	153.302
 35076	155.093
 35077	153.602
 35078	154.21
 35079	156.771
 35080	157.196
 35081	158.041
 35082	159.053
 35083	159.144
 35084	155.45
 35085	145.271
 35086	140.145
 35087	141.795
 35088	137.244
 35089	134.645
 35090	139.631
 35091	141.305
 35092	136.518
 35093	137.893
 35094	144.685
 35095	144.518
 35096	144.186
 35097	147.523
 35098	150.596
 35099	149.954
 35100	152.471
 35101	153.941
 35102	152.702
 35103	147.159
 35104	145.493
 35105	151.239
 35106	150.852
 35107	146.973
 35108	149.974
 35109	147.717
 35110	144.431
 35111	148.687
 35112	155.718
 35113	159.906
 35114	162.037
 35115	164.62
 35116	165.038
 35117	166.048
 35118	168.023
 35119	170.438
 35120	168.788
 35121	168.979
 35122	168.274
 35123	168.172
 35124	166.794
 35125	165.151
 35126	164.14
 35127	162.225
 35128	158.762
 35129	157.903
 35130	157.786
 35131	156.307
 35132	157.128
 35133	157.378
 35134	152.506
 35135	151.715
 35136	151.158
 35137	144.554
 35138	143.251
 35139	150.205
 35140	150.692
 35141	146.052
 35142	147.756
 35143	148.611
 35144	142.111
 35145	138.518
 35146	140.62
 35147	142.009
 35148	139.946
 35149	138.084
 35150	140.253
 35151	140.963
 35152	142.023
 35153	146.469
 35154	149.896
 35155	150.982
 35156	149.454
 35157	151.926
 35158	154.178
 35159	150.857
 35160	154.884
 35161	164.408
 35162	164.705
 35163	160.437
 35164	161.705
 35165	167.883
 35166	170.409
 35167	168.53
 35168	168.575
 35169	165.523
 35170	156.827
 35171	154.276
 35172	160.887
 35173	162.481
 35174	161.977
 35175	161.486
 35176	156.314
 35177	154.592
 35178	156.519
 35179	154.742
 35180	158.06
 35181	164.25
 35182	163.921
 35183	159.753
 35184	163.086
 35185	168.429
 35186	165.659
 35187	159.904
 35188	159.042
 35189	158.742
 35190	158.046
 35191	159.802
 35192	157.03
 35193	155.09
 35194	155.886
 35195	159.764
 35196	159.133
 35197	153.655
 35198	153.322
 35199	156.249
 35200	149.583
 35201	146.223
 35202	151.984
 35203	153.393
 35204	146.953
 35205	144.164
 35206	150.141
 35207	153.494
 35208	151.386
 35209	156.246
 35210	160.237
 35211	156.079
 35212	154.912
 35213	162.555
 35214	169.724
 35215	167.772
 35216	170.021
 35217	172.713
 35218	170.549
 35219	170.801
 35220	173.716
 35221	173.736
 35222	176.714
 35223	178.901
 35224	178.109
 35225	175.447
 35226	175.561
 35227	175.541
 35228	174.718
 35229	173.562
 35230	171.219
 35231	165.446
 35232	161.116
 35233	161.833
 35234	161.914
 35235	162.014
 35236	160.3
 35237	155.004
 35238	148.555
 35239	148.792
 35240	151.984
 35241	149.706
 35242	144.497
 35243	150.981
 35244	157.39
 35245	155.181
 35246	150.717
 35247	152.24
 35248	151.627
 35249	154.073
 35250	154.064
 35251	155.756
 35252	157.012
 35253	158.637
 35254	160.385
 35255	162.075
 35256	164.407
 35257	162.859
 35258	159.35
 35259	157.396
 35260	156.042
 35261	154.861
 35262	156.809
 35263	156.739
 35264	151.888
 35265	150.147
 35266	151.156
 35267	152.576
 35268	149.814
 35269	149.949
 35270	152.501
 35271	149.111
 35272	144.723
 35273	149.072
 35274	150.073
 35275	146.575
 35276	145.889
 35277	143.863
 35278	143.135
 35279	142.373
 35280	139.974
 35281	136.882
 35282	133.943
 35283	137.985
 35284	137.308
 35285	132.632
 35286	135.548
 35287	144.754
 35288	147.465
 35289	147.881
 35290	152.406
 35291	153.41
 35292	148.644
 35293	143.086
 35294	143.324
 35295	143.592
 35296	145.442
 35297	150.354
 35298	149.581
 35299	147.15
 35300	144.695
 35301	144.008
 35302	142.784
 35303	141.491
 35304	146.648
 35305	153.216
 35306	153.02
 35307	152.477
 35308	154.008
 35309	156.112
 35310	154.254
 35311	152.967
 35312	158.602
 35313	164.902
 35314	158.762
 35315	156.155
 35316	163.41
 35317	167.075
 35318	163.498
 35319	160.313
 35320	160.521
 35321	156.708
 35322	154.034
 35323	155.666
 35324	154.279
 35325	150.284
 35326	157.478
 35327	159.999
 35328	155.357
 35329	155.014
 35330	163.298
 35331	165.03
 35332	161.777
 35333	164.783
 35334	169.427
 35335	164.107
 35336	160.102
 35337	162.076
 35338	161.467
 35339	160.86
 35340	163.683
 35341	163.892
 35342	158.446
 35343	156.127
 35344	158.519
 35345	158.406
 35346	154.22
 35347	158.441
 35348	161.014
 35349	157.941
 35350	158.779
 35351	162.763
 35352	160.667
 35353	160.502
 35354	161.132
 35355	158.955
 35356	154.997
 35357	159.556
 35358	166.846
 35359	168.06
 35360	170.998
 35361	178.117
 35362	175.119
 35363	167.636
 35364	168.179
 35365	170.516
 35366	171.887
 35367	169.626
 35368	168.578
 35369	165.816
 35370	156.818
 35371	150.45
 35372	151.331
 35373	149.288
 35374	155.152
 35375	158.033
 35376	156.865
 35377	158.859
 35378	164.5
 35379	162.109
 35380	158.185
 35381	157.069
 35382	160.349
 35383	156.864
 35384	148.622
 35385	144.665
 35386	144.894
 35387	148.775
 35388	145.448
 35389	144.644
 35390	151.804
 35391	153.44
 35392	147.386
 35393	145.702
 35394	155.173
 35395	162.127
 35396	159.467
 35397	157.534
 35398	157.581
 35399	152.945
 35400	149.638
 35401	154.388
 35402	155.317
 35403	153.677
 35404	152.106
 35405	153.675
 35406	153.539
 35407	155.801
 35408	161.175
 35409	162.985
 35410	161.886
 35411	160.126
 35412	157.428
 35413	155.104
 35414	154.045
 35415	157.959
 35416	159.888
 35417	157.733
 35418	155.761
 35419	151.812
 35420	150.811
 35421	154.37
 35422	160.695
 35423	167.539
 35424	166.189
 35425	158.331
 35426	153.268
 35427	153.265
 35428	156.403
 35429	155.425
 35430	156.664
 35431	160.141
 35432	163.277
 35433	161.927
 35434	161.962
 35435	167.214
 35436	169.994
 35437	165.623
 35438	162.376
 35439	159.441
 35440	155.819
 35441	156.174
 35442	160.645
 35443	159.891
 35444	157.925
 35445	152.893
 35446	144.682
 35447	141.542
 35448	143.708
 35449	142.644
 35450	143.24
 35451	144.23
 35452	139.215
 35453	135.524
 35454	136.876
 35455	135.397
 35456	134.561
 35457	139.665
 35458	137.67
 35459	133.274
 35460	133.869
 35461	140.365
 35462	144.556
 35463	143.824
 35464	146.25
 35465	151.949
 35466	152.708
 35467	149.046
 35468	148.471
 35469	151.78
 35470	153.959
 35471	157.862
 35472	159.728
 35473	155.184
 35474	151.386
 35475	151.689
 35476	148.573
 35477	144.393
 35478	145.743
 35479	147.688
 35480	146.943
 35481	145.026
 35482	142.312
 35483	142.325
 35484	145.071
 35485	147.459
 35486	148.786
 35487	149.645
 35488	146.959
 35489	147.019
 35490	148.079
 35491	151.474
 35492	153.766
 35493	153.356
 35494	148.93
 35495	141.535
 35496	132.413
 35497	134.275
 35498	139.868
 35499	137.587
 35500	134.328
 35501	138.548
 35502	133.959
 35503	129.243
 35504	132.461
 35505	141.453
 35506	143.628
 35507	148.137
 35508	154.364
 35509	153.359
 35510	150.035
 35511	150.41
 35512	152.475
 35513	154.058
 35514	152.213
 35515	148.628
 35516	149.253
 35517	148.502
 35518	150.021
 35519	154.306
 35520	153.884
 35521	152.252
 35522	152.383
 35523	151.209
 35524	150.189
 35525	150.878
 35526	151.566
 35527	150.238
 35528	148.808
 35529	151.677
 35530	151.383
 35531	148.273
 35532	148.055
 35533	150.343
 35534	153.946
 35535	156.697
 35536	152.63
 35537	150.093
 35538	151.402
 35539	154.918
 35540	152.346
 35541	150.845
 35542	158.58
 35543	163.593
 35544	153.403
 35545	148.175
 35546	151.69
 35547	153.712
 35548	147.797
 35549	146.861
 35550	152.856
 35551	153.167
 35552	143.726
 35553	143.575
 35554	152.976
 35555	155.058
 35556	150.295
 35557	150.467
 35558	154.083
 35559	150.201
 35560	142.941
 35561	146.775
 35562	151.274
 35563	146.386
 35564	143.381
 35565	143.624
 35566	142.18
 35567	140.291
 35568	141.933
 35569	147.541
 35570	147.304
 35571	144.12
 35572	148.307
 35573	145.99
 35574	140.752
 35575	143.549
 35576	151.25
 35577	147.188
 35578	143.657
 35579	145.717
 35580	147.311
 35581	137.926
 35582	137.12
 35583	135.644
 35584	130.728
 35585	128.587
 35586	128.419
 35587	122.984
 35588	119.527
 35589	114.076
 35590	114.284
 35591	114.799
 35592	113.662
 35593	115.251
 35594	117.529
 35595	114.654
 35596	121.821
 35597	127.075
 35598	124.427
 35599	122.706
 35600	129.203
 35601	138.425
 35602	139.897
 35603	140.807
 35604	152.184
 35605	159.869
 35606	152.356
 35607	143.787
 35608	145.295
 35609	156.301
 35610	159.048
 35611	156.721
 35612	163.9
 35613	167.81
 35614	166.123
 35615	162.909
 35616	159.554
 35617	159.51
 35618	162.48
 35619	160.699
 35620	162.004
 35621	162.839
 35622	160.546
 35623	157.685
 35624	153.62
 35625	151.479
 35626	152.626
 35627	153.157
 35628	156.827
 35629	156.913
 35630	156.761
 35631	161.227
 35632	163.103
 35633	160.062
 35634	159.228
 35635	160.872
 35636	159.882
 35637	157.293
 35638	159.974
 35639	165.532
 35640	160.017
 35641	152.555
 35642	154.907
 35643	155.219
 35644	152.953
 35645	157.003
 35646	162.173
 35647	163.183
 35648	158.923
 35649	161.237
 35650	165.854
 35651	164.391
 35652	162.722
 35653	168.766
 35654	168.492
 35655	164.607
 35656	162.86
 35657	160.285
 35658	154.69
 35659	152.714
 35660	158.876
 35661	158.921
 35662	153.517
 35663	156.369
 35664	159.253
 35665	156.795
 35666	155.679
 35667	160.428
 35668	165.059
 35669	161.626
 35670	155.857
 35671	157.504
 35672	157.422
 35673	155.308
 35674	160.282
 35675	164.344
 35676	162.084
 35677	157.23
 35678	151.477
 35679	151.855
 35680	156.785
 35681	160.442
 35682	163.481
 35683	164.974
 35684	161.797
 35685	155.805
 35686	157.035
 35687	163.503
 35688	167.99
 35689	170.044
 35690	169.911
 35691	166.106
 35692	164.887
 35693	163.636
 35694	163.447
 35695	170.403
 35696	174.399
 35697	172.641
 35698	172.292
 35699	166.527
 35700	157.354
 35701	152.983
 35702	156.406
 35703	164.92
 35704	167.876
 35705	166.505
 35706	161.723
 35707	155.484
 35708	153.488
 35709	152.648
 35710	149.657
 35711	151.505
 35712	159.478
 35713	162.826
 35714	156.543
 35715	156.177
 35716	165.091
 35717	165.988
 35718	160.058
 35719	163.68
 35720	169.324
 35721	166.399
 35722	164.313
 35723	167.554
 35724	171.295
 35725	174.813
 35726	178.312
 35727	175.759
 35728	171.408
 35729	166.102
 35730	162.711
 35731	164.745
 35732	169.104
 35733	170.343
 35734	172.131
 35735	171.266
 35736	168.617
 35737	168.24
 35738	166.217
 35739	162.131
 35740	166.059
 35741	173.337
 35742	169.646
 35743	162.639
 35744	163.998
 35745	167.473
 35746	165.54
 35747	167.464
 35748	170.148
 35749	167.688
 35750	165.026
 35751	161.981
 35752	156.757
 35753	155.998
 35754	159.305
 35755	164.649
 35756	161.919
 35757	161.812
 35758	162.119
 35759	156.193
 35760	150.629
 35761	155.012
 35762	163.765
 35763	160.568
 35764	155.625
 35765	161.177
 35766	163.943
 35767	161.868
 35768	164.821
 35769	169.222
 35770	168.795
 35771	168.226
 35772	169.587
 35773	168.18
 35774	165.187
 35775	164.699
 35776	167.136
 35777	168.539
 35778	169.681
 35779	172.784
 35780	170.738
 35781	165.131
 35782	167.319
 35783	171.439
 35784	170.578
 35785	173.832
 35786	177.25
 35787	170.283
 35788	162.021
 35789	162.261
 35790	162.312
 35791	157.645
 35792	156.955
 35793	161.329
 35794	163.586
 35795	164.251
 35796	164.566
 35797	162.015
 35798	159.806
 35799	160.402
 35800	161.482
 35801	162.065
 35802	163.933
 35803	162.517
 35804	164.843
 35805	165.359
 35806	160.644
 35807	155.387
 35808	154.363
 35809	153.363
 35810	158.595
 35811	163.383
 35812	164.744
 35813	167.858
 35814	172.283
 35815	168.629
 35816	164.398
 35817	162.963
 35818	164.254
 35819	165.658
 35820	167.119
 35821	168.008
 35822	165.556
 35823	162.638
 35824	158.213
 35825	153.173
 35826	154.668
 35827	154.899
 35828	155.702
 35829	160.108
 35830	158.154
 35831	157.514
 35832	159.197
 35833	157.662
 35834	157.683
 35835	160.272
 35836	160.055
 35837	162.184
 35838	164.322
 35839	166.579
 35840	162.745
 35841	158.599
 35842	160.339
 35843	163.734
 35844	163.442
 35845	165.339
 35846	164.723
 35847	163.872
 35848	164.599
 35849	165.434
 35850	164.434
 35851	164.683
 35852	167.314
 35853	170.519
 35854	168.43
 35855	168.991
 35856	171.123
 35857	168.004
 35858	164.915
 35859	163.871
 35860	160.746
 35861	158.066
 35862	158.185
 35863	160.601
 35864	162.104
 35865	160.748
 35866	156.573
 35867	150.616
 35868	151.718
 35869	155.333
 35870	152.424
 35871	153.295
 35872	159.902
 35873	159.911
 35874	156.317
 35875	156.139
 35876	157.913
 35877	159.029
 35878	164.236
 35879	164.389
 35880	162.171
 35881	164.684
 35882	167.179
 35883	162.768
 35884	158.339
 35885	159.016
 35886	160.473
 35887	159.076
 35888	159.787
 35889	160.048
 35890	158.238
 35891	156.742
 35892	157.499
 35893	159.25
 35894	156.788
 35895	155.468
 35896	156.987
 35897	157.717
 35898	157.348
 35899	155.198
 35900	152.202
 35901	155.867
 35902	155.963
 35903	149.932
 35904	146.076
 35905	146.928
 35906	146.458
 35907	147.708
 35908	151.435
 35909	151.682
 35910	150.445
 35911	154.611
 35912	155.683
 35913	157.044
 35914	162.084
 35915	164.783
 35916	165.586
 35917	165.762
 35918	162.992
 35919	160.081
 35920	159.031
 35921	154.467
 35922	149.466
 35923	148.83
 35924	149.14
 35925	150.321
 35926	152.825
 35927	149.273
 35928	145.081
 35929	150.782
 35930	156.865
 35931	156.041
 35932	154.772
 35933	160.864
 35934	165.501
 35935	162.886
 35936	159.423
 35937	163.755
 35938	171.509
 35939	170.203
 35940	164.997
 35941	166.514
 35942	166.064
 35943	158.362
 35944	152.946
 35945	156.065
 35946	160.387
 35947	160.06
 35948	153.296
 35949	150.251
 35950	151.531
 35951	150.329
 35952	148.191
 35953	148.884
 35954	149.719
 35955	151.342
 35956	154.263
 35957	156.586
 35958	158.223
 35959	162.3
 35960	168.035
 35961	172.226
 35962	172.921
 35963	171.314
 35964	169.29
 35965	165.596
 35966	165.23
 35967	170.197
 35968	173.56
 35969	168.215
 35970	164.611
 35971	164.543
 35972	158.055
 35973	151.107
 35974	152.019
 35975	154.137
 35976	154.52
 35977	154.288
 35978	155.774
 35979	157.429
 35980	154.703
 35981	151.656
 35982	155.35
 35983	158.756
 35984	158.143
 35985	156.567
 35986	157.104
 35987	156.22
 35988	152.755
 35989	153.23
 35990	153.35
 35991	151.134
 35992	153.392
 35993	152.074
 35994	149.209
 35995	144.882
 35996	148.101
 35997	152.346
 35998	151.438
 35999	153.848
 36000	160.673
 36001	159.926
 36002	156.672
 36003	158.461
 36004	159.461
 36005	156.922
 36006	158.885
 36007	165.472
 36008	167.853
 36009	170.371
 36010	178.828
 36011	-178.259
 36012	173.235
 36013	171.771
 36014	174.697
 36015	174.362
 36016	173.891
 36017	-178.45
 36018	-176.279
 36019	176.268
 36020	167.103
 36021	166.824
 36022	165.52
 36023	164.085
 36024	161.805
 36025	160.2
 36026	158.092
 36027	156.081
 36028	152.418
 36029	148.154
 36030	144.887
 36031	148.519
 36032	151.464
 36033	150.686
 36034	152.129
 36035	159.808
 36036	163.606
 36037	159.819
 36038	157.327
 36039	161.732
 36040	166.338
 36041	168.949
 36042	174.01
 36043	175.193
 36044	173.591
 36045	171.308
 36046	170.635
 36047	168.471
 36048	167.75
 36049	167.635
 36050	168.474
 36051	169.174
 36052	171.869
 36053	168.394
 36054	160.339
 36055	158.838
 36056	164.282
 36057	166.16
 36058	163.233
 36059	166.922
 36060	175.34
 36061	175.012
 36062	169.578
 36063	171.634
 36064	171.916
 36065	169.211
 36066	168.384
 36067	169.265
 36068	167.221
 36069	168.936
 36070	175.786
 36071	173.191
 36072	161.67
 36073	162.856
 36074	172.587
 36075	174.371
 36076	172.117
 36077	178.143
 36078	-175.807
 36079	-179.832
 36080	178.135
 36081	178.561
 36082	170.708
 36083	165.218
 36084	172.55
 36085	-178.952
 36086	175.941
 36087	167.525
 36088	169.024
 36089	169.326
 36090	165.069
 36091	167.651
 36092	170.735
 36093	171.132
 36094	174.241
 36095	175.619
 36096	165.954
 36097	162.264
 36098	163.402
 36099	163.047
 36100	159.444
 36101	162.949
 36102	168.376
 36103	165.739
 36104	156.535
 36105	152.995
 36106	154.348
 36107	155.282
 36108	153.267
 36109	157.728
 36110	162.357
 36111	160.53
 36112	158.069
 36113	159.343
 36114	158.412
 36115	153.518
 36116	151.849
 36117	157.453
 36118	160.801
 36119	158.08
 36120	155.872
 36121	159.569
 36122	162.635
 36123	158.577
 36124	158.186
 36125	159.79
 36126	156.803
 36127	159.016
 36128	165.418
 36129	166.502
 36130	168.369
 36131	169.728
 36132	167.674
 36133	164.552
 36134	162.62
 36135	162.702
 36136	165.156
 36137	168.384
 36138	171.939
 36139	171.407
 36140	169.638
 36141	167.831
 36142	163.708
 36143	159.151
 36144	161.676
 36145	168.468
 36146	173.209
 36147	173.868
 36148	173.473
 36149	171.966
 36150	165.215
 36151	162.032
 36152	165.837
 36153	166.892
 36154	167.509
 36155	170.433
 36156	168.465
 36157	164.71
 36158	160.443
 36159	154.235
 36160	152.807
 36161	155.698
 36162	158.814
 36163	155.859
 36164	153.338
 36165	150.773
 36166	149.725
 36167	149.276
 36168	150.119
 36169	156.441
 36170	163.173
 36171	161.491
 36172	162.769
 36173	166.797
 36174	166.832
 36175	164.88
 36176	164.451
 36177	165.513
 36178	166.356
 36179	164.716
 36180	158.32
 36181	154.947
 36182	156.625
 36183	157.031
 36184	152.518
 36185	150.078
 36186	146.391
 36187	142.879
 36188	140.363
 36189	137.266
 36190	135.729
 36191	138.057
 36192	142.072
 36193	146.055
 36194	143.661
 36195	135.112
 36196	132.582
 36197	134.727
 36198	133.199
 36199	132.942
 36200	135.672
 36201	138.342
 36202	139.312
 36203	137.772
 36204	138.193
 36205	137.716
 36206	138.811
 36207	143.88
 36208	145.769
 36209	144.08
 36210	147.938
 36211	155.189
 36212	159.392
 36213	158.87
 36214	159.016
 36215	160.705
 36216	162.602
 36217	164.112
 36218	161.323
 36219	157.259
 36220	159.983
 36221	162.765
 36222	157.326
 36223	151.611
 36224	154.282
 36225	158.008
 36226	157.402
 36227	158.415
 36228	157.081
 36229	160.067
 36230	164.168
 36231	161.593
 36232	156.794
 36233	158.157
 36234	163.986
 36235	165.444
 36236	165.141
 36237	171.568
 36238	173.931
 36239	169.916
 36240	166.006
 36241	161.811
 36242	160.007
 36243	165.114
 36244	169.054
 36245	167.224
 36246	167.639
 36247	174.095
 36248	172.916
 36249	164.142
 36250	163.576
 36251	169.999
 36252	171.307
 36253	171.133
 36254	175.635
 36255	172.336
 36256	161.218
 36257	155.668
 36258	158.635
 36259	155.938
 36260	154.556
 36261	162.107
 36262	169.401
 36263	162.907
 36264	157.502
 36265	158.698
 36266	158.386
 36267	153.73
 36268	152.827
 36269	155.498
 36270	160.333
 36271	161.952
 36272	158.902
 36273	155.584
 36274	156.589
 36275	158.708
 36276	155.114
 36277	151.326
 36278	155.007
 36279	158.087
 36280	155.238
 36281	153.857
 36282	157.283
 36283	159.876
 36284	159.101
 36285	162.862
 36286	166.29
 36287	165.835
 36288	165.602
 36289	170.108
 36290	173.922
 36291	170.494
 36292	165.077
 36293	162.7
 36294	163.236
 36295	163.291
 36296	160.505
 36297	154.552
 36298	149.767
 36299	152.21
 36300	145.956
 36301	134.109
 36302	134.006
 36303	139.317
 36304	133.766
 36305	131.277
 36306	137.458
 36307	140.841
 36308	141.133
 36309	136.862
 36310	130.974
 36311	135.746
 36312	132.721
 36313	128.992
 36314	135.022
 36315	142.663
 36316	141.684
 36317	145.391
 36318	148.555
 36319	142.51
 36320	137.629
 36321	139.652
 36322	141.434
 36323	141.454
 36324	142.794
 36325	144.824
 36326	144.513
 36327	140.44
 36328	136.452
 36329	138.479
 36330	136.464
 36331	132.676
 36332	136.823
 36333	135.077
 36334	126.31
 36335	126.675
 36336	130.035
 36337	123.765
 36338	120.763
 36339	121.896
 36340	122.025
 36341	121.25
 36342	117.681
 36343	114.306
 36344	120.899
 36345	124.828
 36346	123.766
 36347	123.196
 36348	127.214
 36349	125.723
 36350	125.221
 36351	123.474
 36352	118.252
 36353	121.873
 36354	126.949
 36355	124.337
 36356	124.022
 36357	130.84
 36358	135.284
 36359	135.426
 36360	131.315
 36361	130.693
 36362	133.821
 36363	134.732
 36364	134.483
 36365	134.806
 36366	136.414
 36367	135.274
 36368	134.061
 36369	134.759
 36370	132.626
 36371	133.571
 36372	133.31
 36373	130.328
 36374	132.794
 36375	134.165
 36376	135.284
 36377	143.294
 36378	144.646
 36379	135.973
 36380	134.047
 36381	136.157
 36382	137.708
 36383	138.888
 36384	139.303
 36385	143.412
 36386	145.866
 36387	143.679
 36388	141.226
 36389	138.649
 36390	134.643
 36391	133.396
 36392	136.062
 36393	135.057
 36394	130.871
 36395	136.328
 36396	134.438
 36397	120.097
 36398	117.39
 36399	122.564
 36400	118.516
 36401	118.877
 36402	123.232
 36403	127.849
 36404	126.671
 36405	119.598
 36406	118.178
 36407	122.41
 36408	118.802
 36409	120.136
 36410	126.905
 36411	130.755
 36412	129.319
 36413	136.608
 36414	139.362
 36415	137.369
 36416	140.015
 36417	140.832
 36418	138.245
 36419	141.346
 36420	142.763
 36421	140.879
 36422	142.152
 36423	146.045
 36424	150.805
 36425	153.059
 36426	150.988
 36427	152.075
 36428	154.162
 36429	148.098
 36430	144.595
 36431	148.648
 36432	149.298
 36433	147.656
 36434	149.166
 36435	147.884
 36436	145.396
 36437	150.07
 36438	152.423
 36439	147.957
 36440	151.137
 36441	152.918
 36442	148.051
 36443	141.594
 36444	140.904
 36445	140.359
 36446	142.508
 36447	135.144
 36448	131.609
 36449	136.085
 36450	130.538
 36451	122.464
 36452	121.17
 36453	117.496
 36454	119.327
 36455	118.76
 36456	118.718
 36457	120.359
 36458	116.133
 36459	103.591
 36460	107.188
 36461	112.771
 36462	107.353
 36463	107.522
 36464	119.181
 36465	116.515
 36466	109.707
 36467	111.528
 36468	106.727
 36469	106.13
 36470	110.329
 36471	106.765
 36472	109.65
 36473	122.128
 36474	119.685
 36475	112.296
 36476	111.851
 36477	111.031
 36478	109.798
 36479	108.484
 36480	109.536
 36481	112.595
 36482	116.397
 36483	114.912
 36484	108.008
 36485	109.421
 36486	114.408
 36487	116.272
 36488	108.687
 36489	111.603
 36490	121.593
 36491	119.076
 36492	112.668
 36493	119.847
 36494	126.74
 36495	121.275
 36496	122.132
 36497	128.686
 36498	128.092
 36499	124.235
 36500	120.485
 36501	122.079
 36502	122.462
 36503	125.778
 36504	130.847
 36505	128.935
 36506	125.653
 36507	127.805
 36508	127.555
 36509	120.891
 36510	117.501
 36511	117.975
 36512	119.869
 36513	118.901
 36514	117.6
 36515	125.848
 36516	126.291
 36517	116.365
 36518	108.87
 36519	108.475
 36520	107.216
 36521	104.125
 36522	107.205
 36523	112.467
 36524	113.259
 36525	113.932
 36526	111.612
 36527	106.981
 36528	111.894
 36529	112.494
 36530	114.414
 36531	122.856
 36532	129.38
 36533	134.872
 36534	138.208
 36535	138.039
 36536	135.013
 36537	138.305
 36538	143.003
 36539	142.931
 36540	144.417
 36541	150.367
 36542	156.94
 36543	157.477
 36544	155.74
 36545	153.541
 36546	152.605
 36547	155.13
 36548	153.688
 36549	148.934
 36550	151.872
 36551	153.316
 36552	152.903
 36553	146.114
 36554	145.933
 36555	144.396
 36556	143.252
 36557	141.405
 36558	144.116
 36559	141.39
 36560	146.598
 36561	149.286
 36562	144.783
 36563	142.428
 36564	149.257
 36565	152.356
 36566	150.48
 36567	150.79
 36568	158.104
 36569	159.6
 36570	159.613
 36571	159.67
 36572	155.99
 36573	154.104
 36574	159.143
 36575	160.317
 36576	157.403
 36577	157.583
 36578	161.583
 36579	160.776
 36580	154.798
 36581	154.449
 36582	158.072
 36583	157.31
 36584	157.609
 36585	157.084
 36586	156.284
 36587	152.262
 36588	150.916
 36589	150.187
 36590	146.328
 36591	147.662
 36592	154.536
 36593	159.436
 36594	157.926
 36595	154.538
 36596	155.758
 36597	160.985
 36598	159.866
 36599	159.122
 36600	163.535
 36601	163.615
 36602	165.242
 36603	165.533
 36604	165.002
 36605	165.465
 36606	169.536
 36607	169.643
 36608	165.05
 36609	159.844
 36610	160.087
 36611	156.782
 36612	155.11
 36613	154.822
 36614	152.716
 36615	154.534
 36616	160.116
 36617	157.686
 36618	152.612
 36619	154.904
 36620	155.604
 36621	156.179
 36622	154.257
 36623	152.926
 36624	154.153
 36625	155.746
 36626	152.606
 36627	148.05
 36628	149.205
 36629	154.346
 36630	154.202
 36631	155.749
 36632	159.158
 36633	159.731
 36634	161.203
 36635	158.952
 36636	149.513
 36637	146.885
 36638	148.719
 36639	150.599
 36640	150.287
 36641	149.649
 36642	150.556
 36643	149.604
 36644	144.272
 36645	141.48
 36646	138.637
 36647	143.514
 36648	148.688
 36649	147.622
 36650	147.93
 36651	152.125
 36652	154.399
 36653	151.131
 36654	149.985
 36655	155.374
 36656	158.519
 36657	155.922
 36658	156.133
 36659	156.768
 36660	152.811
 36661	149.332
 36662	151.33
 36663	153.489
 36664	154.415
 36665	154.735
 36666	156.472
 36667	151.907
 36668	146
 36669	147.306
 36670	144.847
 36671	142.392
 36672	143.712
 36673	144.804
 36674	140.115
 36675	136.261
 36676	137.306
 36677	133.872
 36678	129.414
 36679	132.581
 36680	139.815
 36681	144.299
 36682	142.327
 36683	136.949
 36684	140.021
 36685	140.742
 36686	132.573
 36687	128.562
 36688	137.876
 36689	146.155
 36690	142.872
 36691	140.041
 36692	138.731
 36693	135.88
 36694	131.061
 36695	132.026
 36696	131.82
 36697	128.587
 36698	133.147
 36699	139.267
 36700	139.178
 36701	136.581
 36702	136.772
 36703	136.009
 36704	135.706
 36705	132.509
 36706	135.885
 36707	143.046
 36708	147.302
 36709	147.549
 36710	148.58
 36711	150.079
 36712	151.214
 36713	155.805
 36714	160.083
 36715	158.094
 36716	159.699
 36717	170.327
 36718	176.298
 36719	170.143
 36720	164.621
 36721	166.299
 36722	166.424
 36723	160.137
 36724	162.164
 36725	168.162
 36726	170.089
 36727	164.69
 36728	157.518
 36729	156.649
 36730	157.093
 36731	155.853
 36732	157.809
 36733	160.512
 36734	157.815
 36735	153.93
 36736	152.663
 36737	152.61
 36738	147.462
 36739	144.606
 36740	152.421
 36741	159.07
 36742	158.173
 36743	153.905
 36744	151.667
 36745	153.932
 36746	152.084
 36747	144.677
 36748	144.19
 36749	150.121
 36750	155.756
 36751	152.104
 36752	148.988
 36753	151.353
 36754	151.91
 36755	148.956
 36756	148.767
 36757	149.328
 36758	153.175
 36759	157.647
 36760	159.299
 36761	158.029
 36762	158.54
 36763	157.33
 36764	151.56
 36765	149.979
 36766	153.385
 36767	150.649
 36768	145.812
 36769	150.742
 36770	152.027
 36771	146.299
 36772	142.353
 36773	146.01
 36774	148.769
 36775	145.553
 36776	140.259
 36777	146.293
 36778	151.555
 36779	153.305
 36780	151.98
 36781	153.266
 36782	153.337
 36783	151.857
 36784	148.668
 36785	151.29
 36786	154.148
 36787	150.36
 36788	147.42
 36789	146.927
 36790	140.381
 36791	138.983
 36792	141.374
 36793	143.414
 36794	140.296
 36795	142.578
 36796	145.26
 36797	141.171
 36798	142.947
 36799	150.438
 36800	149.966
 36801	149.996
 36802	157.739
 36803	164.109
 36804	161.658
 36805	159.488
 36806	163.23
 36807	168.078
 36808	169.123
 36809	169.64
 36810	170.115
 36811	171.623
 36812	168.269
 36813	163.153
 36814	163.72
 36815	167.654
 36816	164.415
 36817	160.806
 36818	159.31
 36819	159.624
 36820	153.888
 36821	150.365
 36822	155.829
 36823	154.684
 36824	147.743
 36825	149.668
 36826	151.157
 36827	148.032
 36828	147.678
 36829	149.462
 36830	150.043
 36831	147.367
 36832	147.478
 36833	145.733
 36834	144.724
 36835	145.988
 36836	147.907
 36837	144.397
 36838	142.647
 36839	146.089
 36840	150.119
 36841	147.276
 36842	145.121
 36843	149.713
 36844	153.063
 36845	150.446
 36846	149.372
 36847	148.995
 36848	147.829
 36849	145.978
 36850	144.895
 36851	141.082
 36852	141.439
 36853	140.74
 36854	137.942
 36855	136.722
 36856	135.088
 36857	134.638
 36858	136.545
 36859	137.401
 36860	135.435
 36861	134.903
 36862	140.484
 36863	143.322
 36864	142.461
 36865	141.712
 36866	145.128
 36867	143.678
 36868	140.512
 36869	140.705
 36870	145.366
 36871	146.155
 36872	146.776
 36873	150.36
 36874	149.609
 36875	150.51
 36876	155.774
 36877	158.535
 36878	153.025
 36879	147.724
 36880	149.999
 36881	145.908
 36882	140.94
 36883	138.945
 36884	140.218
 36885	141.182
 36886	137.016
 36887	131.495
 36888	132.375
 36889	131.046
 36890	124.282
 36891	125.398
 36892	130.872
 36893	134.779
 36894	135.199
 36895	136.239
 36896	136.473
 36897	131.841
 36898	130.658
 36899	138.268
 36900	142.697
 36901	142.361
 36902	145.465
 36903	149.891
 36904	146.27
 36905	141.597
 36906	145.384
 36907	146.446
 36908	146.565
 36909	150.214
 36910	154.06
 36911	151.033
 36912	145.461
 36913	144.092
 36914	145.553
 36915	142.578
 36916	142.175
 36917	144.834
 36918	146.115
 36919	143.015
 36920	141.964
 36921	141.25
 36922	134.714
 36923	130.686
 36924	140.068
 36925	142.652
 36926	139.898
 36927	137.518
 36928	140.535
 36929	137.046
 36930	132.95
 36931	133.168
 36932	144.265
 36933	149.565
 36934	145.324
 36935	141.018
 36936	137.551
 36937	136.149
 36938	137.472
 36939	139.543
 36940	141.827
 36941	145.563
 36942	149.539
 36943	148.832
 36944	142.803
 36945	140.59
 36946	143.011
 36947	143.929
 36948	145.569
 36949	148.94
 36950	150.408
 36951	149.876
 36952	146.161
 36953	145.229
 36954	145.922
 36955	145.014
 36956	142.515
 36957	145.046
 36958	140.449
 36959	135.96
 36960	133.224
 36961	136.818
 36962	135.693
 36963	129.995
 36964	130.896
 36965	133.478
 36966	128.705
 36967	121.113
 36968	123.039
 36969	131.374
 36970	133.619
 36971	133.598
 36972	136.732
 36973	143.41
 36974	146.316
 36975	142.169
 36976	136.685
 36977	140.527
 36978	141.706
 36979	140.227
 36980	141.541
 36981	143.04
 36982	144.363
 36983	144.849
 36984	141.736
 36985	136.222
 36986	134.687
 36987	140.092
 36988	143.983
 36989	141.196
 36990	139.843
 36991	144.059
 36992	140.794
 36993	136.478
 36994	135.047
 36995	135.824
 36996	133.66
 36997	136.816
 36998	137.695
 36999	135.818
 37000	139.123
 37001	141.187
 37002	138.012
 37003	138.067
 37004	138.146
 37005	137.826
 37006	139.195
 37007	140.99
 37008	137.047
 37009	140.96
 37010	143.763
 37011	142.018
 37012	138.565
 37013	140.916
 37014	144.898
 37015	141.092
 37016	138.741
 37017	143.769
 37018	148.875
 37019	149.245
 37020	148.402
 37021	147.006
 37022	141.595
 37023	139.226
 37024	141.513
 37025	140.171
 37026	134.925
 37027	137.781
 37028	141.865
 37029	142.326
 37030	138.919
 37031	135.86
 37032	136.208
 37033	143.351
 37034	141.618
 37035	141.758
 37036	144.065
 37037	147.358
 37038	146.676
 37039	146.969
 37040	148.629
 37041	151.922
 37042	152.149
 37043	151.597
 37044	149.818
 37045	147.447
 37046	146.803
 37047	151.041
 37048	150.149
 37049	148.844
 37050	151.53
 37051	158.254
 37052	155.322
 37053	148.633
 37054	153.769
 37055	154.837
 37056	147.695
 37057	145.377
 37058	146.934
 37059	148.356
 37060	144.537
 37061	141.024
 37062	146.05
 37063	148.244
 37064	144.144
 37065	146.381
 37066	150.453
 37067	146.474
 37068	141.258
 37069	145.68
 37070	149.416
 37071	143.196
 37072	142.748
 37073	146.783
 37074	146.45
 37075	143.134
 37076	139.597
 37077	139.229
 37078	136.945
 37079	128.118
 37080	127.997
 37081	134.1
 37082	135.266
 37083	135.602
 37084	138.45
 37085	135.654
 37086	132.442
 37087	135.479
 37088	138.896
 37089	139.358
 37090	142.712
 37091	150.455
 37092	153.808
 37093	147.754
 37094	145.779
 37095	149.51
 37096	150.796
 37097	148.225
 37098	150.779
 37099	154.038
 37100	153.229
 37101	153.285
 37102	152.602
 37103	146.703
 37104	142.114
 37105	145.98
 37106	149.177
 37107	148.414
 37108	151.911
 37109	153.594
 37110	152.192
 37111	146.263
 37112	144.699
 37113	147.02
 37114	148.615
 37115	149.685
 37116	150.511
 37117	152.774
 37118	154.541
 37119	153.413
 37120	151.716
 37121	149.886
 37122	147.757
 37123	150.565
 37124	151.939
 37125	150.785
 37126	146.495
 37127	148.85
 37128	151.821
 37129	148.606
 37130	145.05
 37131	150.741
 37132	151.698
 37133	148.174
 37134	145.744
 37135	143
 37136	140.396
 37137	143.144
 37138	146.933
 37139	147.321
 37140	148.289
 37141	153.549
 37142	159.142
 37143	156.177
 37144	152.977
 37145	157.739
 37146	162.561
 37147	163.957
 37148	166.884
 37149	165.967
 37150	161.298
 37151	157.549
 37152	155.326
 37153	152.126
 37154	146.969
 37155	148.174
 37156	149.806
 37157	147.899
 37158	143.015
 37159	140.444
 37160	139.491
 37161	143.748
 37162	146.706
 37163	146.066
 37164	145.556
 37165	149.112
 37166	152.917
 37167	152.879
 37168	151.961
 37169	157.927
 37170	161.34
 37171	159.418
 37172	156.702
 37173	156.355
 37174	156.16
 37175	154.019
 37176	150.425
 37177	147.502
 37178	150.184
 37179	148.559
 37180	141.106
 37181	137.28
 37182	142.159
 37183	142.383
 37184	137.444
 37185	136.745
 37186	142.625
 37187	138.84
 37188	134.514
 37189	137.13
 37190	141.73
 37191	140.88
 37192	142.657
 37193	142.296
 37194	141.12
 37195	138.072
 37196	142.67
 37197	150.321
 37198	151.193
 37199	151.162
 37200	155.063
 37201	153.555
 37202	148.867
 37203	146.332
 37204	147.43
 37205	153.837
 37206	156.653
 37207	151.407
 37208	149.426
 37209	154.905
 37210	154.99
 37211	149.462
 37212	146.014
 37213	151.043
 37214	155.057
 37215	151.695
 37216	149.384
 37217	155.097
 37218	157.37
 37219	158.377
 37220	155.826
 37221	151.288
 37222	153.372
 37223	157.728
 37224	157.22
 37225	154.767
 37226	156.561
 37227	157.847
 37228	153.73
 37229	152.078
 37230	153.935
 37231	150.018
 37232	148.365
 37233	153.319
 37234	154.804
 37235	155.213
 37236	157.326
 37237	159.06
 37238	159.643
 37239	156.622
 37240	155.84
 37241	157.126
 37242	154.859
 37243	155.492
 37244	158.389
 37245	155.131
 37246	152.909
 37247	155.847
 37248	151.613
 37249	147.387
 37250	149.46
 37251	148.936
 37252	143.271
 37253	144.838
 37254	146.793
 37255	140.991
 37256	136.924
 37257	142.579
 37258	146.256
 37259	142.785
 37260	137.129
 37261	138.034
 37262	142.43
 37263	141.741
 37264	139.6
 37265	142.88
 37266	146.707
 37267	144.942
 37268	138.443
 37269	138.314
 37270	141.305
 37271	143.248
 37272	142.811
 37273	143.855
 37274	145.921
 37275	149.384
 37276	142.799
 37277	136.551
 37278	138.888
 37279	140.038
 37280	134.1
 37281	130.219
 37282	135.642
 37283	135.613
 37284	129.273
 37285	131.055
 37286	137.163
 37287	137.089
 37288	132.03
 37289	134.69
 37290	141.951
 37291	142.603
 37292	138.401
 37293	137.74
 37294	139.952
 37295	139.616
 37296	138.879
 37297	134.143
 37298	135.516
 37299	137.381
 37300	139.163
 37301	138.915
 37302	138.573
 37303	140.385
 37304	139.736
 37305	135.812
 37306	134.761
 37307	136.691
 37308	137.919
 37309	137.681
 37310	140.485
 37311	144.658
 37312	143.431
 37313	138.99
 37314	140.063
 37315	145.78
 37316	146.772
 37317	144.092
 37318	143.842
 37319	146.204
 37320	144.81
 37321	144.598
 37322	150.404
 37323	153.04
 37324	150.723
 37325	152.107
 37326	150.129
 37327	145.841
 37328	146.069
 37329	147.572
 37330	144.874
 37331	141.086
 37332	143.406
 37333	147.311
 37334	148.6
 37335	147.176
 37336	146.149
 37337	143.66
 37338	145.982
 37339	152.599
 37340	155.807
 37341	156.085
 37342	157.078
 37343	158.002
 37344	154.818
 37345	152.093
 37346	152.072
 37347	154.618
 37348	157.564
 37349	156.368
 37350	154.061
 37351	154.818
 37352	148.981
 37353	136.518
 37354	132.074
 37355	134.822
 37356	138.476
 37357	142.911
 37358	144.878
 37359	143.323
 37360	137.18
 37361	136.518
 37362	135.358
 37363	135.315
 37364	138.911
 37365	140.429
 37366	143.875
 37367	148.078
 37368	148.325
 37369	144.004
 37370	137.791
 37371	139.376
 37372	147.785
 37373	147.152
 37374	144.773
 37375	153.881
 37376	155.295
 37377	145.779
 37378	140.428
 37379	141.656
 37380	143.772
 37381	148.912
 37382	156.379
 37383	161.477
 37384	160.863
 37385	158.724
 37386	156.502
 37387	157.676
 37388	160.297
 37389	164.607
 37390	162.841
 37391	161.569
 37392	160.238
 37393	159.965
 37394	155.191
 37395	152.304
 37396	154.752
 37397	157.063
 37398	153.088
 37399	151.731
 37400	155.409
 37401	151.274
 37402	143.921
 37403	147.705
 37404	151.801
 37405	146.243
 37406	148.48
 37407	154.884
 37408	159.413
 37409	151.504
 37410	147.302
 37411	151.986
 37412	152.995
 37413	144.204
 37414	146.587
 37415	151.934
 37416	151.642
 37417	147.204
 37418	143.376
 37419	139.384
 37420	138.044
 37421	137.629
 37422	140.057
 37423	139.784
 37424	140.009
 37425	133.779
 37426	131.382
 37427	131.599
 37428	130.871
 37429	134.009
 37430	137.532
 37431	134.108
 37432	132.779
 37433	138.509
 37434	134.241
 37435	130.201
 37436	134.317
 37437	138.679
 37438	134.464
 37439	134.176
 37440	138.365
 37441	137.945
 37442	133.515
 37443	132.172
 37444	132.377
 37445	136.624
 37446	136.874
 37447	134.639
 37448	132.771
 37449	140.41
 37450	142.141
 37451	137.025
 37452	133.848
 37453	140.502
 37454	144.439
 37455	142.572
 37456	140.968
 37457	144.253
 37458	150.042
 37459	151.306
 37460	148.093
 37461	147.804
 37462	152.167
 37463	153.507
 37464	149.055
 37465	145.472
 37466	147.614
 37467	150.974
 37468	149.342
 37469	147.017
 37470	146.773
 37471	141.698
 37472	138.274
 37473	135.192
 37474	127.075
 37475	124.816
 37476	127.749
 37477	129.259
 37478	127.229
 37479	126.084
 37480	123.374
 37481	124.451
 37482	126.152
 37483	119.443
 37484	117.388
 37485	125.565
 37486	128.066
 37487	124.736
 37488	125.853
 37489	131.817
 37490	132.848
 37491	134.948
 37492	135.429
 37493	132.636
 37494	134.807
 37495	138.509
 37496	136.409
 37497	136.104
 37498	144.071
 37499	147.312
 37500	143.788
 37501	140.097
 37502	139.445
 37503	141.505
 37504	145.821
 37505	146.371
 37506	144.769
 37507	143.914
 37508	145.451
 37509	140.348
 37510	133.456
 37511	134.366
 37512	137.869
 37513	138.795
 37514	136.904
 37515	136.704
 37516	135.556
 37517	138.38
 37518	138.846
 37519	134.058
 37520	132.623
 37521	142.847
 37522	144.488
 37523	137.367
 37524	133.486
 37525	136.102
 37526	134.993
 37527	133.379
 37528	130.456
 37529	126.469
 37530	129.077
 37531	132.239
 37532	127.753
 37533	129.379
 37534	134.094
 37535	137.294
 37536	136.594
 37537	139.272
 37538	141.917
 37539	144.285
 37540	144.188
 37541	148.888
 37542	150.121
 37543	146.408
 37544	140.422
 37545	142.031
 37546	141.824
 37547	142.577
 37548	141.064
 37549	135.661
 37550	132.473
 37551	134.962
 37552	129.939
 37553	130.235
 37554	131.951
 37555	130.367
 37556	131.788
 37557	132.669
 37558	126.148
 37559	123.842
 37560	126.266
 37561	129.062
 37562	130.203
 37563	133.565
 37564	133.923
 37565	131.337
 37566	133.628
 37567	136.025
 37568	133.509
 37569	129.227
 37570	130.352
 37571	135.306
 37572	133.178
 37573	128.251
 37574	133.308
 37575	134.072
 37576	130.087
 37577	128
 37578	129.754
 37579	130.731
 37580	132.461
 37581	130.586
 37582	130.181
 37583	131.543
 37584	130.329
 37585	127.834
 37586	134.407
 37587	134.877
 37588	131.468
 37589	133.374
 37590	136.108
 37591	133.182
 37592	131.35
 37593	134.281
 37594	138.957
 37595	141.242
 37596	143.244
 37597	144.056
 37598	143.803
 37599	144.963
 37600	142.943
 37601	138.918
 37602	135.667
 37603	137.558
 37604	141.169
 37605	141.537
 37606	139.878
 37607	138.665
 37608	134.404
 37609	130.521
 37610	132.009
 37611	136.111
 37612	139.375
 37613	140.064
 37614	137.229
 37615	134.159
 37616	135.796
 37617	131.57
 37618	126.233
 37619	130.991
 37620	135.794
 37621	133.883
 37622	136.633
 37623	142.324
 37624	142.27
 37625	132.473
 37626	128.778
 37627	132.299
 37628	132.138
 37629	128.65
 37630	131.306
 37631	132.873
 37632	127.383
 37633	123.258
 37634	119.13
 37635	112.105
 37636	113.872
 37637	118.218
 37638	117.367
 37639	113.204
 37640	116.738
 37641	116.099
 37642	109.188
 37643	103.94
 37644	106.671
 37645	112.75
 37646	110.495
 37647	107.69
 37648	111.974
 37649	114.595
 37650	110.565
 37651	105.547
 37652	111.622
 37653	109.682
 37654	111.891
 37655	117.136
 37656	118.326
 37657	115.996
 37658	110.357
 37659	110.163
 37660	114.444
 37661	107.493
 37662	107.006
 37663	108.996
 37664	113.898
 37665	111.68
 37666	106.621
 37667	102.962
 37668	107.744
 37669	104.293
 37670	102.746
 37671	108.957
 37672	115.832
 37673	110.813
 37674	112.183
 37675	117.81
 37676	118.298
 37677	115.416
 37678	126.21
 37679	132.091
 37680	130.627
 37681	129.62
 37682	135.496
 37683	134.856
 37684	130.431
 37685	127.694
 37686	135.183
 37687	134.489
 37688	129.876
 37689	131.365
 37690	137.32
 37691	131.558
 37692	128.207
 37693	132.006
 37694	135.879
 37695	135.03
 37696	136.332
 37697	140.777
 37698	144.169
 37699	141.281
 37700	139.241
 37701	138.977
 37702	137.022
 37703	132.669
 37704	134.891
 37705	137.162
 37706	133.198
 37707	132.4
 37708	135.788
 37709	134.288
 37710	132.237
 37711	134.153
 37712	134.396
 37713	135.154
 37714	136.151
 37715	139.634
 37716	140.594
 37717	139.405
 37718	141.054
 37719	144.221
 37720	139.609
 37721	140.714
 37722	147.506
 37723	151.884
 37724	148.898
 37725	148.926
 37726	152.302
 37727	152.662
 37728	148.08
 37729	140.481
 37730	134.431
 37731	137.012
 37732	134.795
 37733	129.37
 37734	131.923
 37735	134.341
 37736	128.856
 37737	120.755
 37738	118.994
 37739	117.002
 37740	113.356
 37741	112.875
 37742	112.968
 37743	111.404
 37744	109.954
 37745	111.96
 37746	112.094
 37747	106.843
 37748	103.842
 37749	108.492
 37750	105.599
 37751	98.7235
 37752	101.23
 37753	104.138
 37754	101.259
 37755	100.25
 37756	101.108
 37757	98.9927
 37758	96.5972
 37759	96.9152
 37760	96.9126
 37761	98.626
 37762	96.1374
 37763	102.855
 37764	111.763
 37765	110.02
 37766	105.847
 37767	111.863
 37768	110.848
 37769	103
 37770	106.963
 37771	113.411
 37772	108.582
 37773	104.198
 37774	108.73
 37775	111.095
 37776	105.36
 37777	105.985
 37778	109.587
 37779	113.718
 37780	112.555
 37781	119.668
 37782	127.017
 37783	124.651
 37784	120.621
 37785	121.074
 37786	118.303
 37787	116.022
 37788	118.97
 37789	122.764
 37790	124.862
 37791	124.057
 37792	121.781
 37793	122.674
 37794	118.833
 37795	118.332
 37796	121.723
 37797	126.128
 37798	122.451
 37799	119.236
 37800	119.935
 37801	122.779
 37802	118.753
 37803	120.27
 37804	126.058
 37805	128.597
 37806	128.013
 37807	130.741
 37808	131.168
 37809	127.688
 37810	124.449
 37811	131.925
 37812	132.775
 37813	131.768
 37814	132.321
 37815	136.123
 37816	135.173
 37817	133.111
 37818	129.789
 37819	129.337
 37820	128.391
 37821	129.535
 37822	128.067
 37823	125.294
 37824	127.49
 37825	131.652
 37826	129.691
 37827	121.077
 37828	115.893
 37829	118.069
 37830	116.728
 37831	119.483
 37832	123.024
 37833	124.872
 37834	124.132
 37835	119.962
 37836	115.995
 37837	115.194
 37838	119.283
 37839	117.653
 37840	119.587
 37841	120.664
 37842	116.526
 37843	114.748
 37844	113.533
 37845	109.744
 37846	105.627
 37847	110.067
 37848	113.095
 37849	118.245
 37850	120.211
 37851	117.096
 37852	118.203
 37853	114.113
 37854	103.869
 37855	105.181
 37856	113.782
 37857	113.729
 37858	112.329
 37859	119.331
 37860	118.371
 37861	114.352
 37862	110.934
 37863	108.339
 37864	110.066
 37865	111.108
 37866	111.168
 37867	117.1
 37868	120.411
 37869	118.477
 37870	117.515
 37871	118.886
 37872	113.738
 37873	114.091
 37874	117.954
 37875	120.811
 37876	118.361
 37877	119.217
 37878	122.054
 37879	128.305
 37880	127.713
 37881	128.52
 37882	129.521
 37883	128.794
 37884	128.265
 37885	128.826
 37886	127.198
 37887	132.162
 37888	137.828
 37889	138.621
 37890	130.246
 37891	132.343
 37892	137.447
 37893	135.607
 37894	130.644
 37895	132.952
 37896	136.126
 37897	137.159
 37898	132.734
 37899	127.599
 37900	125.644
 37901	130.4
 37902	128.392
 37903	122.429
 37904	118.922
 37905	127.338
 37906	126.962
 37907	121.186
 37908	122.411
 37909	127.459
 37910	124.681
 37911	123.24
 37912	127.449
 37913	127.236
 37914	127.492
 37915	132.896
 37916	132.384
 37917	131.339
 37918	131.754
 37919	133.977
 37920	136.292
 37921	139.201
 37922	137.999
 37923	136.757
 37924	136.834
 37925	137.379
 37926	136.151
 37927	130.329
 37928	128.591
 37929	135.626
 37930	136.088
 37931	129.149
 37932	126.83
 37933	132.002
 37934	131.34
 37935	126.411
 37936	130.974
 37937	136.124
 37938	138.334
 37939	137.355
 37940	135.285
 37941	134.268
 37942	135.057
 37943	132.362
 37944	133.003
 37945	135.482
 37946	138.43
 37947	139.343
 37948	135.543
 37949	131.289
 37950	132.79
 37951	135.531
 37952	135.395
 37953	130.825
 37954	129.671
 37955	134.442
 37956	131.778
 37957	122.147
 37958	122.642
 37959	128.586
 37960	122.198
 37961	113.156
 37962	118.271
 37963	119.976
 37964	110.857
 37965	112.475
 37966	123.38
 37967	126.364
 37968	124.355
 37969	117.025
 37970	124.868
 37971	129.078
 37972	116.499
 37973	114.243
 37974	125.625
 37975	124.372
 37976	109.705
 37977	112.892
 37978	118.854
 37979	117.271
 37980	113.634
 37981	117.474
 37982	122.623
 37983	121.976
 37984	118.949
 37985	123.361
 37986	123.449
 37987	116.335
 37988	116.212
 37989	120.545
 37990	116.467
 37991	114.93
 37992	123.418
 37993	118.827
 37994	111.592
 37995	117.676
 37996	109.879
 37997	104.71
 37998	107.212
 37999	111.197
 38000	110.195
 38001	112.19
 38002	112.265
 38003	116.007
 38004	120.623
 38005	112.709
 38006	109.661
 38007	123.734
 38008	125.399
 38009	113.795
 38010	117.009
 38011	126.791
 38012	119.525
 38013	117.858
 38014	121.898
 38015	123.252
 38016	121.83
 38017	121.491
 38018	121.423
 38019	119.598
 38020	125.203
 38021	131.202
 38022	134.587
 38023	133.747
 38024	135.433
 38025	140.707
 38026	138.383
 38027	136.544
 38028	146.585
 38029	147.16
 38030	144.901
 38031	150.545
 38032	151.755
 38033	143.552
 38034	139.408
 38035	137.676
 38036	140.764
 38037	142.946
 38038	141
 38039	146.111
 38040	150.983
 38041	146.683
 38042	141.872
 38043	141.86
 38044	142.996
 38045	137.211
 38046	136.079
 38047	141.545
 38048	144.435
 38049	140.976
 38050	140.671
 38051	141.66
 38052	142.383
 38053	139.646
 38054	138.234
 38055	142.677
 38056	146.912
 38057	148.764
 38058	150.288
 38059	149.51
 38060	151.674
 38061	150.823
 38062	150.471
 38063	154.358
 38064	155.071
 38065	152.771
 38066	153.69
 38067	152.475
 38068	153.4
 38069	154.685
 38070	153.896
 38071	151.462
 38072	151.49
 38073	156.127
 38074	157.27
 38075	149.582
 38076	150.518
 38077	157.691
 38078	157.193
 38079	149.949
 38080	146.51
 38081	149.783
 38082	150.577
 38083	146.132
 38084	144.355
 38085	142.756
 38086	143.379
 38087	149.262
 38088	151.104
 38089	146.774
 38090	142.186
 38091	143.871
 38092	147.554
 38093	144.364
 38094	143.234
 38095	150.258
 38096	162.329
 38097	171.255
 38098	164.636
 38099	156.878
 38100	160.169
 38101	162.624
 38102	155.83
 38103	152.884
 38104	155.788
 38105	157.205
 38106	156.434
 38107	155.385
 38108	149.429
 38109	142.824
 38110	144.258
 38111	145.166
 38112	143.19
 38113	141.412
 38114	143.441
 38115	142.018
 38116	142.223
 38117	145.415
 38118	146.024
 38119	144.983
 38120	148.097
 38121	151.296
 38122	151.964
 38123	153.194
 38124	156.624
 38125	160.609
 38126	164.337
 38127	161.891
 38128	159.93
 38129	159.34
 38130	156.838
 38131	153.06
 38132	152.847
 38133	154.344
 38134	158.573
 38135	155.559
 38136	150.289
 38137	150.39
 38138	145.96
 38139	137.862
 38140	135.184
 38141	132.538
 38142	129.897
 38143	129.749
 38144	129.819
 38145	127.222
 38146	120.092
 38147	121.186
 38148	123.769
 38149	122.747
 38150	122.644
 38151	121.462
 38152	121.326
 38153	121.495
 38154	116.362
 38155	113.479
 38156	116.75
 38157	124.764
 38158	133.741
 38159	132.527
 38160	130.703
 38161	134.335
 38162	134.11
 38163	124.877
 38164	126.191
 38165	137.337
 38166	147.455
 38167	149.934
 38168	152.943
 38169	154.381
 38170	153.315
 38171	149.529
 38172	146.059
 38173	145.637
 38174	156.199
 38175	163.121
 38176	158.72
 38177	156.826
 38178	158.266
 38179	148.013
 38180	141.75
 38181	144.753
 38182	143.361
 38183	139.653
 38184	146.242
 38185	150.189
 38186	138.269
 38187	131.467
 38188	139.302
 38189	142.953
 38190	138.741
 38191	140.482
 38192	145.183
 38193	143.679
 38194	134.073
 38195	136.964
 38196	136.868
 38197	132.75
 38198	135.217
 38199	147.019
 38200	149.139
 38201	142.872
 38202	142.954
 38203	147.951
 38204	142.221
 38205	141.433
 38206	146.068
 38207	145.17
 38208	146.395
 38209	150.458
 38210	150.28
 38211	145.497
 38212	136.876
 38213	133.266
 38214	138.876
 38215	143.986
 38216	144.23
 38217	148.757
 38218	150.606
 38219	149.106
 38220	142.591
 38221	139.931
 38222	144.742
 38223	150.736
 38224	149.501
 38225	151.312
 38226	152.982
 38227	152.382
 38228	148.105
 38229	146.503
 38230	144.068
 38231	141.821
 38232	142.527
 38233	146.822
 38234	147.783
 38235	149.483
 38236	151.464
 38237	147.833
 38238	146.043
 38239	149.225
 38240	148.891
 38241	149.48
 38242	150.244
 38243	145.524
 38244	139.736
 38245	139.526
 38246	141.56
 38247	139.451
 38248	135.519
 38249	138.725
 38250	143.354
 38251	137.747
 38252	134.195
 38253	136.828
 38254	131.398
 38255	128.614
 38256	132.518
 38257	131.484
 38258	129.445
 38259	133.59
 38260	130.648
 38261	129.259
 38262	133.699
 38263	138.092
 38264	135.138
 38265	134.075
 38266	136.355
 38267	134.471
 38268	131.554
 38269	134.907
 38270	135.994
 38271	126.112
 38272	124.862
 38273	132.677
 38274	129.328
 38275	124.75
 38276	133.215
 38277	139.932
 38278	137.017
 38279	135.752
 38280	138.348
 38281	139.844
 38282	140.301
 38283	142.477
 38284	145.793
 38285	145.027
 38286	147.145
 38287	153.238
 38288	154.307
 38289	147.451
 38290	145.851
 38291	153.981
 38292	156.356
 38293	144.985
 38294	143.05
 38295	153.97
 38296	157.894
 38297	150.068
 38298	153.893
 38299	160.571
 38300	156.516
 38301	152.358
 38302	154.226
 38303	152.257
 38304	143.96
 38305	147.579
 38306	154.6
 38307	150.532
 38308	147.816
 38309	151.971
 38310	152.84
 38311	148.168
 38312	142.383
 38313	142.887
 38314	147.303
 38315	143.306
 38316	141.514
 38317	145.344
 38318	142.931
 38319	134.367
 38320	132.515
 38321	130.773
 38322	130.41
 38323	132.176
 38324	134.024
 38325	134.078
 38326	133.867
 38327	131.258
 38328	131.023
 38329	131.73
 38330	130.412
 38331	132.689
 38332	137.652
 38333	134.472
 38334	133.961
 38335	134.179
 38336	130.776
 38337	124.5
 38338	126.789
 38339	131.827
 38340	134.281
 38341	132.774
 38342	134.373
 38343	134.337
 38344	131.253
 38345	128.015
 38346	130.392
 38347	136.261
 38348	136.159
 38349	136.058
 38350	141.879
 38351	140.885
 38352	131.913
 38353	130.5
 38354	133.289
 38355	130.211
 38356	133.691
 38357	142.59
 38358	142.042
 38359	138.138
 38360	136.653
 38361	132.359
 38362	126.833
 38363	132.041
 38364	140.382
 38365	139.917
 38366	141.315
 38367	146.337
 38368	147.931
 38369	144.267
 38370	138.389
 38371	137.823
 38372	140.694
 38373	141.707
 38374	141.093
 38375	139.611
 38376	138.212
 38377	140.688
 38378	141.861
 38379	139.734
 38380	139.96
 38381	143.234
 38382	145.666
 38383	145.525
 38384	142.827
 38385	142.893
 38386	146.141
 38387	141.572
 38388	133.592
 38389	135.396
 38390	139.103
 38391	137.063
 38392	141.609
 38393	144.731
 38394	140.728
 38395	139.897
 38396	140.313
 38397	137.769
 38398	133.366
 38399	138.544
 38400	149.932
 38401	150.246
 38402	143.636
 38403	149.625
 38404	155.514
 38405	149.695
 38406	142.299
 38407	141.671
 38408	141.432
 38409	138.542
 38410	136.695
 38411	142.981
 38412	143.902
 38413	135.866
 38414	134.741
 38415	136.464
 38416	132.416
 38417	131.91
 38418	134.273
 38419	136.321
 38420	130.138
 38421	126.242
 38422	125.624
 38423	123.057
 38424	120.56
 38425	119.27
 38426	115.289
 38427	113.139
 38428	113.427
 38429	112.79
 38430	110.895
 38431	103.301
 38432	102.057
 38433	108.45
 38434	107.446
 38435	106.884
 38436	109.59
 38437	109.041
 38438	106.615
 38439	106.745
 38440	109.226
 38441	112.166
 38442	114.703
 38443	118.733
 38444	121.068
 38445	120.532
 38446	125.513
 38447	129.681
 38448	123.377
 38449	115.845
 38450	119.067
 38451	125.688
 38452	123.049
 38453	123.897
 38454	126.738
 38455	128.782
 38456	126.611
 38457	125.968
 38458	125.006
 38459	128.491
 38460	129.151
 38461	126.95
 38462	120.664
 38463	123.207
 38464	125.435
 38465	122.616
 38466	122.796
 38467	129.028
 38468	130.729
 38469	138.222
 38470	139.572
 38471	139.014
 38472	139.959
 38473	139.52
 38474	131.32
 38475	128.466
 38476	126.643
 38477	127.23
 38478	130.269
 38479	130.819
 38480	131.389
 38481	129.371
 38482	124.661
 38483	121.828
 38484	119.517
 38485	120.163
 38486	122.496
 38487	131.116
 38488	132.817
 38489	126.888
 38490	127.371
 38491	128.897
 38492	126.731
 38493	126.007
 38494	126.472
 38495	131.609
 38496	127.97
 38497	117.923
 38498	116.383
 38499	120.793
 38500	112.419
 38501	105.793
 38502	108.034
 38503	110.587
 38504	105.786
 38505	105.486
 38506	107.592
 38507	106.694
 38508	106.814
 38509	109.031
 38510	110.954
 38511	113.049
 38512	112.663
 38513	114.021
 38514	112.283
 38515	114.936
 38516	121.929
 38517	128.303
 38518	126.27
 38519	119.884
 38520	121.079
 38521	121.507
 38522	118.815
 38523	123.157
 38524	131.019
 38525	137.998
 38526	137.924
 38527	137.556
 38528	136.535
 38529	131.524
 38530	132.815
 38531	136.605
 38532	137.369
 38533	135.01
 38534	137.936
 38535	139.515
 38536	136.345
 38537	133.825
 38538	138.562
 38539	139.367
 38540	134.803
 38541	133.374
 38542	131.788
 38543	133.159
 38544	132.853
 38545	134.475
 38546	136.679
 38547	134.887
 38548	137.166
 38549	133.336
 38550	126.229
 38551	129.473
 38552	134.235
 38553	131.145
 38554	127.811
 38555	129.606
 38556	130.615
 38557	127.97
 38558	120.846
 38559	118.588
 38560	120.871
 38561	121.101
 38562	122.062
 38563	118.946
 38564	117.312
 38565	121.217
 38566	117.661
 38567	108.12
 38568	110.018
 38569	116.322
 38570	113.352
 38571	109.727
 38572	110.386
 38573	115.328
 38574	118.593
 38575	114.701
 38576	110.751
 38577	113.239
 38578	118.68
 38579	114.129
 38580	115.221
 38581	119.793
 38582	118.464
 38583	116.289
 38584	113.512
 38585	116.53
 38586	120.602
 38587	125.949
 38588	128.306
 38589	127.742
 38590	125.876
 38591	124.932
 38592	127.073
 38593	133.114
 38594	135.723
 38595	133.254
 38596	136.779
 38597	141.728
 38598	136.873
 38599	132.214
 38600	133.866
 38601	134.435
 38602	128.422
 38603	126.201
 38604	131.229
 38605	132.812
 38606	133.616
 38607	132.638
 38608	133.255
 38609	136.169
 38610	139.663
 38611	142.969
 38612	140.016
 38613	136.095
 38614	138.513
 38615	138.256
 38616	135.95
 38617	139.895
 38618	147.133
 38619	148.191
 38620	142.729
 38621	138.492
 38622	135.495
 38623	131.972
 38624	128.765
 38625	127.569
 38626	131.868
 38627	135.295
 38628	132.947
 38629	129.458
 38630	126.329
 38631	119.67
 38632	116.993
 38633	119.931
 38634	123.972
 38635	124.995
 38636	129.87
 38637	133.541
 38638	131.7
 38639	128.902
 38640	127.5
 38641	128.222
 38642	131.123
 38643	132.809
 38644	132.04
 38645	129.718
 38646	136.273
 38647	137.374
 38648	129.768
 38649	126.458
 38650	129.549
 38651	129.88
 38652	118.827
 38653	112.01
 38654	114.177
 38655	108.838
 38656	101.355
 38657	100.798
 38658	99.5494
 38659	102.285
 38660	107.077
 38661	102.473
 38662	99.8602
 38663	106.64
 38664	109.468
 38665	105.993
 38666	106.846
 38667	110.483
 38668	113.147
 38669	119.808
 38670	122.735
 38671	122.163
 38672	127.097
 38673	127.206
 38674	119.74
 38675	118.985
 38676	124.004
 38677	128.701
 38678	129.81
 38679	130.7
 38680	129.192
 38681	128.018
 38682	124.431
 38683	122.499
 38684	120.051
 38685	117.477
 38686	122.845
 38687	127.91
 38688	127.214
 38689	130.239
 38690	136.017
 38691	133.886
 38692	128.278
 38693	130.379
 38694	130.503
 38695	127.843
 38696	131.667
 38697	135.927
 38698	134.349
 38699	133.143
 38700	134.267
 38701	130.899
 38702	126.772
 38703	121.085
 38704	120.254
 38705	123.952
 38706	126.9
 38707	127.539
 38708	128.576
 38709	130.099
 38710	123.319
 38711	116.874
 38712	115.782
 38713	118.823
 38714	125.912
 38715	129.683
 38716	130.867
 38717	131.675
 38718	130.666
 38719	129.856
 38720	130.713
 38721	132.68
 38722	135.556
 38723	142.348
 38724	144.942
 38725	145.015
 38726	145.43
 38727	147.335
 38728	145.345
 38729	144.16
 38730	143.359
 38731	143.173
 38732	140.775
 38733	138.724
 38734	136.087
 38735	131.249
 38736	123.383
 38737	122.4
 38738	124.51
 38739	119.201
 38740	110.745
 38741	113.887
 38742	115.513
 38743	111.632
 38744	112.37
 38745	109.842
 38746	106.275
 38747	108.36
 38748	102.78
 38749	97.9726
 38750	104.632
 38751	105.51
 38752	101.626
 38753	103.943
 38754	102.959
 38755	105.818
 38756	107.548
 38757	101.667
 38758	99.5486
 38759	106.577
 38760	107.529
 38761	102.023
 38762	101.584
 38763	100.713
 38764	99.5845
 38765	102.801
 38766	102.407
 38767	107.016
 38768	115.178
 38769	120.176
 38770	121.75
 38771	121.688
 38772	117.981
 38773	122.808
 38774	129.798
 38775	125.66
 38776	125.193
 38777	132.954
 38778	133.678
 38779	127.575
 38780	126.266
 38781	128.091
 38782	125.748
 38783	122.809
 38784	121.821
 38785	119.973
 38786	119.972
 38787	120.778
 38788	119.038
 38789	115.773
 38790	114.645
 38791	111.289
 38792	115.129
 38793	115.369
 38794	109.268
 38795	115.347
 38796	118.361
 38797	107.003
 38798	108.069
 38799	114.414
 38800	114.291
 38801	105.95
 38802	108.35
 38803	110.581
 38804	112.633
 38805	107.895
 38806	108.626
 38807	113.071
 38808	111.86
 38809	108.721
 38810	112.504
 38811	107.96
 38812	104.412
 38813	105.863
 38814	103.56
 38815	96.2573
 38816	104.221
 38817	104.35
 38818	97.7933
 38819	97.7636
 38820	97.5314
 38821	99.7013
 38822	105.205
 38823	105.669
 38824	108.657
 38825	108.203
 38826	101.07
 38827	96.5176
 38828	101.461
 38829	96.7745
 38830	94.1782
 38831	99.9401
 38832	107.336
 38833	105.664
 38834	99.3947
 38835	100.57
 38836	105.508
 38837	105.27
 38838	105.73
 38839	112.083
 38840	115.37
 38841	115.612
 38842	123.226
 38843	126.19
 38844	123.806
 38845	127.837
 38846	137.811
 38847	133.735
 38848	130.433
 38849	136.948
 38850	140.39
 38851	135.364
 38852	130.617
 38853	136.563
 38854	137.967
 38855	130.56
 38856	129.608
 38857	130.316
 38858	126.118
 38859	122.407
 38860	123.804
 38861	124.593
 38862	128.011
 38863	128.383
 38864	131.397
 38865	130.637
 38866	125.203
 38867	126.415
 38868	125.862
 38869	117.234
 38870	116.187
 38871	118.79
 38872	114.18
 38873	108.928
 38874	111.37
 38875	108.828
 38876	106.928
 38877	109.943
 38878	111.886
 38879	111.449
 38880	109.583
 38881	112.283
 38882	121.381
 38883	119.693
 38884	113.706
 38885	116.938
 38886	123.689
 38887	119.72
 38888	116.931
 38889	116.234
 38890	123.844
 38891	125.794
 38892	120.75
 38893	121.192
 38894	123.879
 38895	116.87
 38896	115.495
 38897	120.269
 38898	115.848
 38899	113.895
 38900	121.923
 38901	121.929
 38902	115.739
 38903	117.495
 38904	122.354
 38905	115.212
 38906	106.631
 38907	109.59
 38908	112.335
 38909	110.941
 38910	112.606
 38911	122.704
 38912	118.426
 38913	112.905
 38914	114.069
 38915	113.501
 38916	110.051
 38917	117.23
 38918	128.143
 38919	128.801
 38920	130.854
 38921	131.055
 38922	129.684
 38923	129.217
 38924	129.249
 38925	131.787
 38926	137.259
 38927	142.117
 38928	138.63
 38929	138.857
 38930	140.863
 38931	137.404
 38932	129.943
 38933	130.251
 38934	131.97
 38935	126.475
 38936	128.265
 38937	134.877
 38938	131.754
 38939	127.364
 38940	131.984
 38941	135.983
 38942	131.344
 38943	133.965
 38944	139.933
 38945	142.108
 38946	140.043
 38947	140.79
 38948	138.853
 38949	135.564
 38950	135.898
 38951	135.949
 38952	132.485
 38953	129.514
 38954	123.515
 38955	122.92
 38956	119.385
 38957	114.55
 38958	112.704
 38959	114.762
 38960	111.865
 38961	108.268
 38962	106.349
 38963	112.702
 38964	111.798
 38965	113.106
 38966	118.724
 38967	124.043
 38968	123.486
 38969	122.128
 38970	126.136
 38971	128.924
 38972	126.8
 38973	130.748
 38974	134.487
 38975	124.799
 38976	114.513
 38977	118.471
 38978	118.62
 38979	113.903
 38980	113.69
 38981	116.977
 38982	119.594
 38983	120.291
 38984	116.764
 38985	114.929
 38986	119.944
 38987	118.657
 38988	120.611
 38989	121.122
 38990	123.872
 38991	126.531
 38992	123.618
 38993	115.569
 38994	114.59
 38995	115.732
 38996	114.695
 38997	113.549
 38998	114.03
 38999	116.48
 39000	118.597
 39001	116.93
 39002	110.708
 39003	109.694
 39004	111.734
 39005	113.531
 39006	115.837
 39007	118.101
 39008	124.599
 39009	125.133
 39010	125.69
 39011	127.433
 39012	124.196
 39013	123.915
 39014	125.352
 39015	124.904
 39016	122.64
 39017	123.854
 39018	118.329
 39019	112.938
 39020	119.279
 39021	119.291
 39022	119.801
 39023	120.9
 39024	120.868
 39025	122.739
 39026	126.308
 39027	128.386
 39028	132.149
 39029	136.377
 39030	135.881
 39031	133.218
 39032	133.612
 39033	136.511
 39034	138.166
 39035	139.598
 39036	141.621
 39037	144.226
 39038	145.751
 39039	142.014
 39040	144.215
 39041	144.004
 39042	139.085
 39043	140.04
 39044	144.479
 39045	144.685
 39046	144.064
 39047	145.023
 39048	147.636
 39049	151.816
 39050	153.116
 39051	149.204
 39052	152.604
 39053	155.019
 39054	151.558
 39055	153.019
 39056	154.227
 39057	154.05
 39058	160.639
 39059	160.556
 39060	154.916
 39061	154.977
 39062	155.877
 39063	153.724
 39064	154.866
 39065	158.189
 39066	162.539
 39067	164.708
 39068	160
 39069	156.856
 39070	157.766
 39071	155.26
 39072	151.039
 39073	149.334
 39074	148.603
 39075	148.478
 39076	144.669
 39077	140.257
 39078	137.516
 39079	133.358
 39080	122.757
 39081	118.557
 39082	124.619
 39083	128.152
 39084	123.745
 39085	128.341
 39086	130.374
 39087	124.416
 39088	118.982
 39089	118.646
 39090	123.038
 39091	129.819
 39092	131.371
 39093	132.337
 39094	136.441
 39095	135.654
 39096	132.08
 39097	133.43
 39098	136.805
 39099	139.993
 39100	144.563
 39101	150.994
 39102	152.384
 39103	147.982
 39104	145.789
 39105	147.959
 39106	150.173
 39107	152.537
 39108	156.676
 39109	156.533
 39110	155.27
 39111	155.801
 39112	150.688
 39113	145.537
 39114	143.727
 39115	142.493
 39116	141.765
 39117	141.945
 39118	138.348
 39119	137.246
 39120	137.914
 39121	135.466
 39122	128.616
 39123	123.624
 39124	125.682
 39125	125.879
 39126	116.326
 39127	114.657
 39128	118.144
 39129	118.21
 39130	115.798
 39131	115.915
 39132	119.04
 39133	117.838
 39134	112.46
 39135	113.593
 39136	119.337
 39137	122.833
 39138	125.718
 39139	130.095
 39140	131.375
 39141	128.607
 39142	132.601
 39143	131.177
 39144	130.671
 39145	135.704
 39146	134.069
 39147	133.876
 39148	138.879
 39149	139.792
 39150	135.868
 39151	133.623
 39152	132.247
 39153	133.337
 39154	131.836
 39155	127.845
 39156	130.188
 39157	129.222
 39158	128.516
 39159	124.388
 39160	121.23
 39161	122.746
 39162	125.037
 39163	122.006
 39164	119.822
 39165	123.442
 39166	127.774
 39167	126.858
 39168	129.415
 39169	132.285
 39170	129.338
 39171	131.721
 39172	133.047
 39173	126.922
 39174	129.223
 39175	136.225
 39176	140.71
 39177	137.677
 39178	137.168
 39179	138.646
 39180	138.793
 39181	132.865
 39182	128.474
 39183	127.583
 39184	127.321
 39185	131.39
 39186	130.591
 39187	125.536
 39188	126.097
 39189	125.827
 39190	121.541
 39191	120.165
 39192	122.132
 39193	123.928
 39194	129.489
 39195	129.845
 39196	125.847
 39197	127.793
 39198	129.65
 39199	125.695
 39200	127.757
 39201	129.578
 39202	126.179
 39203	133.557
 39204	140.98
 39205	140.779
 39206	138.634
 39207	140.115
 39208	145.725
 39209	146.345
 39210	144.289
 39211	145.321
 39212	149.331
 39213	149.795
 39214	148.713
 39215	147.812
 39216	145.894
 39217	145.44
 39218	142.468
 39219	138.91
 39220	135.727
 39221	131.666
 39222	136.754
 39223	137.953
 39224	134.839
 39225	133.78
 39226	138.725
 39227	137.717
 39228	131.581
 39229	133.196
 39230	139.205
 39231	137.292
 39232	137.453
 39233	143.418
 39234	144.507
 39235	139.215
 39236	139.195
 39237	139.327
 39238	139.255
 39239	137.559
 39240	137.904
 39241	140.063
 39242	136.912
 39243	133.348
 39244	130.596
 39245	129.256
 39246	130.369
 39247	138.018
 39248	141.305
 39249	138.483
 39250	137.747
 39251	141.805
 39252	140.34
 39253	140.124
 39254	139.942
 39255	145.427
 39256	148.954
 39257	150.462
 39258	150.548
 39259	153.186
 39260	151.978
 39261	154.269
 39262	153.23
 39263	152.58
 39264	152.101
 39265	155.197
 39266	160.533
 39267	156.793
 39268	143.931
 39269	144.773
 39270	152.126
 39271	147.755
 39272	144.266
 39273	148.344
 39274	146.85
 39275	146.9
 39276	143.077
 39277	135.684
 39278	139.538
 39279	148.191
 39280	146.317
 39281	143.438
 39282	144.876
 39283	148.217
 39284	147.684
 39285	147.361
 39286	147.166
 39287	148.756
 39288	149.556
 39289	153.034
 39290	154.46
 39291	150.625
 39292	146.963
 39293	145.878
 39294	144.926
 39295	143.245
 39296	145.643
 39297	148.668
 39298	149.241
 39299	152.079
 39300	155.023
 39301	151.757
 39302	150.553
 39303	150.77
 39304	152.212
 39305	154.641
 39306	152.613
 39307	155.399
 39308	162.406
 39309	161.125
 39310	156.224
 39311	155.888
 39312	154.746
 39313	152.98
 39314	150.674
 39315	149.29
 39316	146.308
 39317	145.442
 39318	146.193
 39319	145.798
 39320	139.962
 39321	137.081
 39322	140.089
 39323	135.659
 39324	132.367
 39325	131.906
 39326	136.016
 39327	136.85
 39328	137.244
 39329	141.659
 39330	144.119
 39331	139.109
 39332	143.396
 39333	148.041
 39334	148.298
 39335	145.42
 39336	154.44
 39337	160.192
 39338	156.793
 39339	154.83
 39340	157.307
 39341	155.26
 39342	152.8
 39343	150.445
 39344	149.934
 39345	152.394
 39346	154.044
 39347	158.824
 39348	162.188
 39349	160.136
 39350	159.121
 39351	155.205
 39352	150.24
 39353	150.939
 39354	150.481
 39355	145.748
 39356	144.767
 39357	145.293
 39358	139.916
 39359	135.09
 39360	136.17
 39361	137.692
 39362	135.696
 39363	134.634
 39364	136.082
 39365	140.815
 39366	140.517
 39367	136.318
 39368	140.826
 39369	145.598
 39370	136.627
 39371	129.971
 39372	134.97
 39373	136.152
 39374	130.911
 39375	128.928
 39376	132.233
 39377	136.367
 39378	131.055
 39379	129.052
 39380	135.146
 39381	136.456
 39382	136.315
 39383	142.448
 39384	146.428
 39385	145.272
 39386	142.164
 39387	142.28
 39388	144.499
 39389	144.929
 39390	142.499
 39391	146.867
 39392	154.945
 39393	153.426
 39394	149.863
 39395	152.215
 39396	157.857
 39397	158.079
 39398	158.458
 39399	158.973
 39400	162.528
 39401	160.399
 39402	159.328
 39403	157.672
 39404	153.269
 39405	150.584
 39406	155.301
 39407	153.483
 39408	146.552
 39409	146.821
 39410	152.477
 39411	149.007
 39412	147.441
 39413	147.241
 39414	147.505
 39415	146.44
 39416	141.378
 39417	138.94
 39418	133.996
 39419	129.736
 39420	129.788
 39421	132.336
 39422	128.438
 39423	126.368
 39424	130.297
 39425	129.322
 39426	120.475
 39427	121.928
 39428	130.508
 39429	130.403
 39430	127.829
 39431	131.615
 39432	135.229
 39433	131.39
 39434	130.555
 39435	134.059
 39436	132.073
 39437	126.114
 39438	128.126
 39439	131.983
 39440	127.145
 39441	123.036
 39442	131.605
 39443	134.408
 39444	132.217
 39445	129.923
 39446	133.379
 39447	133.832
 39448	131.904
 39449	134.327
 39450	136.231
 39451	136.458
 39452	142.265
 39453	141.487
 39454	133.622
 39455	138.599
 39456	142.839
 39457	142.19
 39458	139.467
 39459	138.748
 39460	137.918
 39461	136.615
 39462	134.77
 39463	132.657
 39464	132.16
 39465	135.558
 39466	135.071
 39467	135.064
 39468	133.545
 39469	134.915
 39470	135.663
 39471	131.294
 39472	128.629
 39473	134.509
 39474	138.329
 39475	137.847
 39476	138.208
 39477	133.267
 39478	133.063
 39479	136.099
 39480	134.039
 39481	136.849
 39482	144.578
 39483	144.971
 39484	142.849
 39485	142.563
 39486	140.869
 39487	142.002
 39488	143.21
 39489	144.321
 39490	149.357
 39491	150.067
 39492	148.532
 39493	148.111
 39494	149.177
 39495	149.307
 39496	147.517
 39497	149.054
 39498	147.217
 39499	143.68
 39500	142.131
 39501	141.034
 39502	141.296
 39503	141.998
 39504	139.226
 39505	142.827
 39506	146.018
 39507	141.576
 39508	139.296
 39509	139.241
 39510	143.107
 39511	148.024
 39512	148.022
 39513	147.981
 39514	150.543
 39515	149.356
 39516	145.772
 39517	143.336
 39518	145.057
 39519	144.893
 39520	143.192
 39521	141.989
 39522	143.238
 39523	145.817
 39524	148.762
 39525	146.928
 39526	146.732
 39527	148.594
 39528	150.142
 39529	151.818
 39530	153.669
 39531	155.253
 39532	160.943
 39533	163.741
 39534	164.453
 39535	163.846
 39536	165.013
 39537	166.682
 39538	165.561
 39539	160.022
 39540	163.104
 39541	168.57
 39542	167.508
 39543	159.384
 39544	150.226
 39545	144.816
 39546	145.395
 39547	143.546
 39548	140.349
 39549	140.064
 39550	144.965
 39551	147.217
 39552	140.783
 39553	133.282
 39554	132.696
 39555	138.147
 39556	143.696
 39557	140.309
 39558	139.381
 39559	145.996
 39560	146.12
 39561	142.867
 39562	137.8
 39563	134.478
 39564	143.065
 39565	149.046
 39566	145.349
 39567	142.044
 39568	145.071
 39569	149.655
 39570	145.476
 39571	140.261
 39572	140.319
 39573	145.05
 39574	143.13
 39575	140.565
 39576	143.288
 39577	146.965
 39578	149.759
 39579	151.768
 39580	151.708
 39581	143.636
 39582	139.032
 39583	146.936
 39584	150.084
 39585	146.032
 39586	147.203
 39587	146.914
 39588	140.747
 39589	135.511
 39590	132.928
 39591	128.633
 39592	126.116
 39593	127.672
 39594	137.419
 39595	138.614
 39596	128.862
 39597	129.151
 39598	139.94
 39599	137.496
 39600	130.392
 39601	131.349
 39602	138.335
 39603	138.202
 39604	135.321
 39605	136.676
 39606	139.308
 39607	140.029
 39608	139.21
 39609	142.772
 39610	143.337
 39611	140.924
 39612	142.914
 39613	147.305
 39614	147.423
 39615	149.576
 39616	152.59
 39617	152.79
 39618	157.244
 39619	162.391
 39620	160.061
 39621	158.266
 39622	161.311
 39623	163.625
 39624	160.062
 39625	155.341
 39626	158.737
 39627	162.412
 39628	157.873
 39629	151.904
 39630	151.988
 39631	151.24
 39632	150.267
 39633	149.597
 39634	150.584
 39635	149.746
 39636	149.295
 39637	145.818
 39638	144.765
 39639	147.576
 39640	148.497
 39641	143.664
 39642	149.898
 39643	157.519
 39644	151.417
 39645	145.056
 39646	148.818
 39647	155.955
 39648	155.087
 39649	152.267
 39650	153.989
 39651	156.096
 39652	158.073
 39653	157.421
 39654	158.144
 39655	157.93
 39656	160.767
 39657	170.001
 39658	175.687
 39659	172.93
 39660	170.74
 39661	172.87
 39662	175.753
 39663	177.727
 39664	179.797
 39665	179.941
 39666	-179.833
 39667	-177.913
 39668	-177.455
 39669	178.261
 39670	170.743
 39671	166.252
 39672	171.026
 39673	173.794
 39674	169.051
 39675	165.17
 39676	164.256
 39677	164.43
 39678	161.386
 39679	157.986
 39680	159.099
 39681	163.305
 39682	165.524
 39683	163.279
 39684	160.9
 39685	164.716
 39686	164.548
 39687	162.569
 39688	163.626
 39689	165.19
 39690	163.734
 39691	160.987
 39692	158.525
 39693	160.79
 39694	155.629
 39695	150.487
 39696	153.431
 39697	155.403
 39698	152.486
 39699	152.72
 39700	151.182
 39701	153.561
 39702	155.871
 39703	158.741
 39704	158.023
 39705	159.805
 39706	161.377
 39707	164.101
 39708	162.731
 39709	163.418
 39710	161.408
 39711	162.356
 39712	165.116
 39713	167.363
 39714	162.726
 39715	158.947
 39716	157.561
 39717	165.15
 39718	165.559
 39719	155.688
 39720	152.757
 39721	158.738
 39722	163.58
 39723	160.517
 39724	156.338
 39725	159.713
 39726	167.819
 39727	167.513
 39728	164.271
 39729	164.286
 39730	168.303
 39731	168.18
 39732	163.162
 39733	160.262
 39734	162.201
 39735	160.718
 39736	159.878
 39737	163.58
 39738	165.216
 39739	164.742
 39740	167.262
 39741	169.627
 39742	167.471
 39743	166.062
 39744	173.342
 39745	178.112
 39746	177.585
 39747	174.093
 39748	171.274
 39749	167.957
 39750	171.622
 39751	173.539
 39752	170.587
 39753	165.038
 39754	166.485
 39755	169.43
 39756	165.918
 39757	156.951
 39758	154.79
 39759	162.398
 39760	169.141
 39761	171.037
 39762	170.135
 39763	170.424
 39764	170.797
 39765	166.751
 39766	161.743
 39767	165.285
 39768	171.152
 39769	174.969
 39770	176.373
 39771	176.16
 39772	176.516
 39773	177.854
 39774	175.773
 39775	177.057
 39776	-178.645
 39777	-175.218
 39778	-174.569
 39779	-171.04
 39780	-171.561
 39781	-177.563
 39782	178.655
 39783	-178.116
 39784	-179.95
 39785	169.755
 39786	168.701
 39787	176.534
 39788	-179.703
 39789	175.03
 39790	172.495
 39791	177.795
 39792	-179.741
 39793	177.954
 39794	178.371
 39795	178.11
 39796	177.013
 39797	176.928
 39798	176.047
 39799	172.486
 39800	170.484
 39801	167.589
 39802	166.374
 39803	168.106
 39804	165.602
 39805	164.175
 39806	168.37
 39807	170.02
 39808	165.374
 39809	162.211
 39810	165.866
 39811	167.385
 39812	163.784
 39813	162.92
 39814	167.985
 39815	171.74
 39816	167.658
 39817	170.325
 39818	177.791
 39819	-179.787
 39820	179.347
 39821	-178.625
 39822	178.79
 39823	177.707
 39824	179.194
 39825	-179.022
 39826	178.941
 39827	179.824
 39828	-177.408
 39829	-179.619
 39830	176.384
 39831	175.451
 39832	173.241
 39833	171.209
 39834	174.639
 39835	176.217
 39836	173.257
 39837	171.286
 39838	174.029
 39839	167.693
 39840	159.642
 39841	163.609
 39842	167.642
 39843	163.247
 39844	160.023
 39845	162.592
 39846	164.506
 39847	165.884
 39848	165.304
 39849	164.742
 39850	165.473
 39851	166.606
 39852	168.504
 39853	169.005
 39854	170.295
 39855	174.32
 39856	174.78
 39857	171.033
 39858	168.909
 39859	165.261
 39860	160.698
 39861	160.367
 39862	164.077
 39863	167.606
 39864	165.118
 39865	161.603
 39866	161.124
 39867	158.662
 39868	158.807
 39869	159.739
 39870	158.866
 39871	163.849
 39872	169.759
 39873	169.369
 39874	165.119
 39875	169.943
 39876	176.762
 39877	178.644
 39878	-177.501
 39879	-169.316
 39880	-169.889
 39881	-174.083
 39882	-177.996
 39883	-176.604
 39884	-175.845
 39885	-174.243
 39886	-171.196
 39887	-165.893
 39888	-165.812
 39889	-171.459
 39890	-173.943
 39891	-173.888
 39892	-174.109
 39893	-173.453
 39894	-170.798
 39895	-169.115
 39896	-170.338
 39897	-177.066
 39898	177.214
 39899	175.255
 39900	177.283
 39901	176.31
 39902	174.526
 39903	174.092
 39904	172.179
 39905	170.109
 39906	172.305
 39907	171.117
 39908	164.7
 39909	165.99
 39910	173.849
 39911	172.771
 39912	164.505
 39913	162.369
 39914	164.796
 39915	163.155
 39916	161.013
 39917	159.545
 39918	154.89
 39919	148.206
 39920	148.139
 39921	151.032
 39922	148.921
 39923	146.534
 39924	149.938
 39925	150.538
 39926	143.097
 39927	135.117
 39928	134.829
 39929	135.694
 39930	133.622
 39931	134.558
 39932	138.305
 39933	138.158
 39934	134.96
 39935	129.386
 39936	129.02
 39937	128.804
 39938	137.318
 39939	142.727
 39940	141.482
 39941	140.029
 39942	141.14
 39943	139.922
 39944	142.781
 39945	147.354
 39946	153.544
 39947	158.721
 39948	161.783
 39949	160.414
 39950	155.562
 39951	157.212
 39952	163.137
 39953	165.248
 39954	167.62
 39955	175.754
 39956	177.363
 39957	173.7
 39958	171.737
 39959	179.347
 39960	-178.661
 39961	177.998
 39962	176.523
 39963	177.553
 39964	171.677
 39965	166.83
 39966	168.377
 39967	172.384
 39968	171.316
 39969	165.68
 39970	164.435
 39971	163.667
 39972	157.593
 39973	152.66
 39974	156.002
 39975	160.522
 39976	159.488
 39977	152.478
 39978	150.411
 39979	155.398
 39980	158.195
 39981	156.563
 39982	157.478
 39983	161.232
 39984	162.63
 39985	158.516
 39986	158.545
 39987	159.008
 39988	157.754
 39989	162.321
 39990	164.565
 39991	160.977
 39992	157.247
 39993	156.661
 39994	157.377
 39995	155.948
 39996	156.359
 39997	161.888
 39998	162.198
 39999	160.408
 40000	164.735
 40001	166.07
 40002	163.313
 40003	166.717
 40004	170.798
 40005	171.607
 40006	174.058
 40007	175.825
 40008	175.125
 40009	171.968
 40010	170.681
 40011	165.721
 40012	159.657
 40013	162.34
 40014	163.761
 40015	158.209
 40016	160.557
 40017	164.416
 40018	160.916
 40019	160.486
 40020	164.361
 40021	167.404
 40022	166.213
 40023	165.934
 40024	167.043
 40025	167.137
 40026	169.073
 40027	173.396
 40028	171.27
 40029	169.045
 40030	172.667
 40031	171.19
 40032	162.305
 40033	159.577
 40034	166.823
 40035	165.212
 40036	160.764
 40037	166.005
 40038	169.158
 40039	163.409
 40040	166.31
 40041	174.47
 40042	173.202
 40043	170.833
 40044	175.079
 40045	175.744
 40046	170.788
 40047	168.923
 40048	169.496
 40049	167.227
 40050	166.942
 40051	168.185
 40052	167.507
 40053	166.097
 40054	164.859
 40055	161.22
 40056	158.265
 40057	162.527
 40058	165.909
 40059	161.893
 40060	159.101
 40061	166.262
 40062	166.212
 40063	160.157
 40064	160.88
 40065	163.102
 40066	163.32
 40067	164.921
 40068	168.332
 40069	167.051
 40070	164.8
 40071	166.129
 40072	166.92
 40073	165.906
 40074	170.184
 40075	176.74
 40076	176.77
 40077	171.841
 40078	171.648
 40079	177.023
 40080	177.919
 40081	176.784
 40082	-178.873
 40083	-173.783
 40084	-174.905
 40085	-174.627
 40086	-173.069
 40087	-175.175
 40088	-179.639
 40089	-176.206
 40090	-171.863
 40091	-173.652
 40092	-178.19
 40093	-176.696
 40094	-176.031
 40095	-177.941
 40096	178.292
 40097	175.814
 40098	175.881
 40099	-178.766
 40100	-179.336
 40101	172.503
 40102	169.554
 40103	172.651
 40104	172.818
 40105	169.444
 40106	169.489
 40107	171.439
 40108	171.663
 40109	170.361
 40110	167.648
 40111	169.265
 40112	174.167
 40113	175.536
 40114	169.467
 40115	164.137
 40116	165.402
 40117	167.027
 40118	164.811
 40119	160.715
 40120	161.267
 40121	159.36
 40122	155.864
 40123	154.939
 40124	156.139
 40125	153.864
 40126	153.931
 40127	154.356
 40128	156.251
 40129	155.02
 40130	152.472
 40131	148.248
 40132	143.689
 40133	141.488
 40134	140.694
 40135	137.059
 40136	138.277
 40137	141.601
 40138	141.236
 40139	139.867
 40140	138.595
 40141	137.922
 40142	142.38
 40143	147.068
 40144	147.267
 40145	149.783
 40146	154.773
 40147	156.921
 40148	155.514
 40149	157.102
 40150	158.386
 40151	154.793
 40152	151.849
 40153	158.025
 40154	159.466
 40155	152.786
 40156	152.765
 40157	159.677
 40158	157.65
 40159	153.859
 40160	154.65
 40161	149.667
 40162	143.267
 40163	145.926
 40164	147.856
 40165	147.343
 40166	147.453
 40167	150.108
 40168	143.822
 40169	139.497
 40170	142.862
 40171	146.989
 40172	145.591
 40173	147.318
 40174	150.696
 40175	151.871
 40176	148.2
 40177	146.066
 40178	146.224
 40179	144.308
 40180	141.431
 40181	144.4
 40182	144.588
 40183	142.352
 40184	143.226
 40185	147.972
 40186	152.96
 40187	153.336
 40188	153.249
 40189	155.627
 40190	158.388
 40191	156.683
 40192	153.756
 40193	157.878
 40194	163.616
 40195	160.857
 40196	157.774
 40197	160.813
 40198	156.828
 40199	152.276
 40200	156.237
 40201	162.553
 40202	162.084
 40203	163.193
 40204	168.053
 40205	166.117
 40206	157.221
 40207	149.552
 40208	145.08
 40209	143.96
 40210	144.277
 40211	143.238
 40212	144.548
 40213	144.18
 40214	142.159
 40215	137.12
 40216	132.194
 40217	129.893
 40218	130.272
 40219	127.186
 40220	128.357
 40221	133.236
 40222	132.61
 40223	130.687
 40224	131.774
 40225	129.247
 40226	124.703
 40227	125.455
 40228	129.974
 40229	129.765
 40230	128.551
 40231	136.722
 40232	141.544
 40233	138.38
 40234	136.308
 40235	134.475
 40236	137.778
 40237	140.086
 40238	136.783
 40239	139.773
 40240	147.455
 40241	144.996
 40242	139.018
 40243	138.205
 40244	142.021
 40245	141.613
 40246	138.394
 40247	141.596
 40248	142.25
 40249	143.559
 40250	148.52
 40251	152.54
 40252	151.95
 40253	149.347
 40254	151.792
 40255	154.468
 40256	150.657
 40257	150.387
 40258	153.475
 40259	156.265
 40260	157.648
 40261	155.588
 40262	151.275
 40263	148.691
 40264	146.245
 40265	142.56
 40266	137.785
 40267	141.799
 40268	146.12
 40269	142.842
 40270	142.652
 40271	146.824
 40272	145.786
 40273	144.29
 40274	147.097
 40275	150.462
 40276	152.016
 40277	153.777
 40278	158.664
 40279	157.443
 40280	152.067
 40281	151.837
 40282	152.37
 40283	153.057
 40284	155.634
 40285	158.263
 40286	158.669
 40287	159.446
 40288	160.103
 40289	155.135
 40290	151.947
 40291	154.618
 40292	158.651
 40293	157.526
 40294	158.591
 40295	157.427
 40296	155.227
 40297	155.182
 40298	159.24
 40299	160.498
 40300	160.001
 40301	163.127
 40302	164.754
 40303	160.573
 40304	161.228
 40305	161.306
 40306	161.049
 40307	163.367
 40308	165.361
 40309	161.399
 40310	158.987
 40311	156.042
 40312	150.769
 40313	145.532
 40314	148.475
 40315	150.138
 40316	148.244
 40317	147.366
 40318	145.223
 40319	141.674
 40320	141.146
 40321	141.691
 40322	142.395
 40323	143.486
 40324	142.692
 40325	141.693
 40326	140.183
 40327	139.704
 40328	141.343
 40329	140.161
 40330	143.837
 40331	153.054
 40332	154.268
 40333	152.827
 40334	158.39
 40335	163.592
 40336	163.988
 40337	164.219
 40338	166.584
 40339	170.868
 40340	173.139
 40341	169.624
 40342	167.969
 40343	168.471
 40344	169.894
 40345	164.094
 40346	161.27
 40347	161.505
 40348	160.001
 40349	154.806
 40350	150.627
 40351	150.305
 40352	154.019
 40353	155.479
 40354	148.45
 40355	143.883
 40356	146.29
 40357	151.261
 40358	146.447
 40359	143.418
 40360	151.674
 40361	160.443
 40362	162.582
 40363	162.524
 40364	165.083
 40365	164.199
 40366	156.449
 40367	152.632
 40368	153.237
 40369	156.154
 40370	159.186
 40371	161.616
 40372	157.35
 40373	154.407
 40374	155.938
 40375	155.972
 40376	151.129
 40377	154.002
 40378	162.242
 40379	158.418
 40380	153.7
 40381	154.661
 40382	151.753
 40383	144.86
 40384	146.972
 40385	150.719
 40386	146.168
 40387	142.953
 40388	147.726
 40389	146.756
 40390	141.592
 40391	136.981
 40392	136.304
 40393	139.493
 40394	138.09
 40395	135.678
 40396	138.119
 40397	134.424
 40398	132.049
 40399	133.914
 40400	137.2
 40401	140.046
 40402	140.525
 40403	135.398
 40404	136.552
 40405	139.446
 40406	138.549
 40407	138.374
 40408	138.735
 40409	138.53
 40410	138.447
 40411	139.059
 40412	138.73
 40413	137.437
 40414	141.573
 40415	145.534
 40416	148.586
 40417	148.343
 40418	147.236
 40419	146.831
 40420	151.74
 40421	149.983
 40422	146.912
 40423	151.388
 40424	158.318
 40425	161.026
 40426	159.881
 40427	159.174
 40428	159.336
 40429	162.318
 40430	161.909
 40431	161.134
 40432	159.52
 40433	159.596
 40434	157.702
 40435	150.515
 40436	144.145
 40437	143.343
 40438	139.81
 40439	132.252
 40440	123.328
 40441	120.886
 40442	124.719
 40443	128.198
 40444	124.072
 40445	119.694
 40446	125.59
 40447	127.207
 40448	119.652
 40449	121.611
 40450	133.224
 40451	137.873
 40452	134.371
 40453	133.388
 40454	135.468
 40455	140.711
 40456	141.428
 40457	136.259
 40458	137.914
 40459	142.596
 40460	141.915
 40461	136.353
 40462	131.923
 40463	134.983
 40464	138.227
 40465	132.66
 40466	132.717
 40467	141.839
 40468	138.818
 40469	134.766
 40470	140.143
 40471	141.814
 40472	142.46
 40473	148.215
 40474	151.23
 40475	156.132
 40476	156.25
 40477	151.635
 40478	147.903
 40479	156.153
 40480	161.443
 40481	157.849
 40482	152.009
 40483	152.197
 40484	151.943
 40485	147.263
 40486	143.076
 40487	145.005
 40488	151.935
 40489	149.789
 40490	142.059
 40491	140.822
 40492	144.371
 40493	142.709
 40494	137.573
 40495	132.455
 40496	139.359
 40497	141.663
 40498	133.564
 40499	127.718
 40500	129.08
 40501	130.257
 40502	134.402
 40503	141.16
 40504	145.356
 40505	146.222
 40506	146.363
 40507	145.784
 40508	148.424
 40509	155.907
 40510	163.856
 40511	167.639
 40512	164.307
 40513	158.601
 40514	155.25
 40515	155.906
 40516	157.925
 40517	162.948
 40518	166.87
 40519	167.222
 40520	162.259
 40521	154.714
 40522	150.415
 40523	150.239
 40524	155.816
 40525	162.454
 40526	160.547
 40527	155.69
 40528	158.093
 40529	153.059
 40530	144.306
 40531	144.214
 40532	149.307
 40533	149.908
 40534	147.618
 40535	150.8
 40536	147.887
 40537	139.447
 40538	141.221
 40539	142.989
 40540	140.349
 40541	141.365
 40542	143.245
 40543	143.346
 40544	140.205
 40545	144.335
 40546	155.436
 40547	159.337
 40548	160.924
 40549	166.65
 40550	163.598
 40551	160.232
 40552	163.544
 40553	166.264
 40554	169.077
 40555	174.75
 40556	173.218
 40557	168.377
 40558	165.554
 40559	163.792
 40560	164.014
 40561	167.794
 40562	172.653
 40563	169.297
 40564	164.085
 40565	168.478
 40566	170.45
 40567	162.017
 40568	164.305
 40569	173.132
 40570	177.259
 40571	175.09
 40572	171.584
 40573	168.273
 40574	166.032
 40575	166.806
 40576	168.119
 40577	166.293
 40578	166.115
 40579	163.056
 40580	156.386
 40581	149.009
 40582	144.291
 40583	144.761
 40584	148.728
 40585	144.128
 40586	136.744
 40587	132.683
 40588	131.067
 40589	129.546
 40590	133.633
 40591	135.071
 40592	135.541
 40593	136.33
 40594	134.839
 40595	132.756
 40596	132.657
 40597	134.612
 40598	142.319
 40599	145.092
 40600	140.625
 40601	136.753
 40602	141.428
 40603	143.889
 40604	142.458
 40605	143.076
 40606	148.783
 40607	146.082
 40608	144.668
 40609	150.159
 40610	151.221
 40611	148.754
 40612	154.156
 40613	162.451
 40614	163.258
 40615	159.984
 40616	162.419
 40617	165.631
 40618	166.613
 40619	167.429
 40620	173.048
 40621	175.55
 40622	175.068
 40623	173.308
 40624	172.039
 40625	175.692
 40626	179.782
 40627	175.565
 40628	171.752
 40629	173.158
 40630	171.075
 40631	166.433
 40632	166.791
 40633	170.287
 40634	169.976
 40635	168.565
 40636	166.44
 40637	162.109
 40638	161.337
 40639	159.646
 40640	160.958
 40641	160.721
 40642	159.264
 40643	157.362
 40644	157.476
 40645	153.853
 40646	149.782
 40647	148.392
 40648	149.681
 40649	150.524
 40650	147.52
 40651	144.762
 40652	151.07
 40653	152.524
 40654	143.857
 40655	142.884
 40656	147.704
 40657	146.439
 40658	154.337
 40659	165.764
 40660	164.9
 40661	161.605
 40662	166.619
 40663	172.655
 40664	169.227
 40665	167.721
 40666	169.416
 40667	173.359
 40668	174.715
 40669	177.833
 40670	174.007
 40671	168.779
 40672	168.012
 40673	168.48
 40674	163.12
 40675	159.651
 40676	165.885
 40677	166.645
 40678	162.959
 40679	161.646
 40680	161.14
 40681	156.469
 40682	155.256
 40683	155.366
 40684	157.528
 40685	158
 40686	159.845
 40687	160.063
 40688	163.344
 40689	162.796
 40690	160.324
 40691	160.131
 40692	165.151
 40693	169.005
 40694	169.79
 40695	172.569
 40696	177.819
 40697	176.723
 40698	170.917
 40699	169.822
 40700	172.574
 40701	173.436
 40702	175.289
 40703	179.765
 40704	-179.31
 40705	178.763
 40706	174.595
 40707	169.16
 40708	167.312
 40709	169.248
 40710	171.295
 40711	170.563
 40712	175.086
 40713	176.299
 40714	168.617
 40715	160.439
 40716	158.46
 40717	159.478
 40718	159.702
 40719	156.495
 40720	155.878
 40721	154.299
 40722	151.134
 40723	146.503
 40724	141.065
 40725	140.358
 40726	145.155
 40727	147.66
 40728	147.405
 40729	150.996
 40730	148.909
 40731	147.081
 40732	147.206
 40733	150.339
 40734	153.36
 40735	159.478
 40736	166.434
 40737	172.839
 40738	171.971
 40739	168.271
 40740	166.438
 40741	167.804
 40742	165.609
 40743	160.089
 40744	161.173
 40745	166.642
 40746	164.464
 40747	159.529
 40748	157.117
 40749	157.321
 40750	159.372
 40751	161.653
 40752	161.26
 40753	164.079
 40754	169.262
 40755	172.425
 40756	166.503
 40757	162.924
 40758	166.465
 40759	172.112
 40760	164.915
 40761	155.85
 40762	157.566
 40763	164.625
 40764	157.459
 40765	152.413
 40766	152.909
 40767	148.606
 40768	141.055
 40769	141.135
 40770	142.987
 40771	140.631
 40772	139.639
 40773	145.504
 40774	146.338
 40775	142.28
 40776	144.722
 40777	152.53
 40778	152.655
 40779	152.536
 40780	158.751
 40781	158.725
 40782	155.003
 40783	159.282
 40784	161.352
 40785	154.932
 40786	155.128
 40787	165.057
 40788	169.088
 40789	163.079
 40790	162.742
 40791	166.295
 40792	162.404
 40793	157.626
 40794	159.734
 40795	165.338
 40796	166.458
 40797	167.951
 40798	169.452
 40799	165.982
 40800	165.622
 40801	171.237
 40802	173.045
 40803	171.22
 40804	175.771
 40805	-178.664
 40806	177.122
 40807	174.396
 40808	175.583
 40809	173.165
 40810	169.194
 40811	170.511
 40812	170.016
 40813	160.372
 40814	157.484
 40815	162.404
 40816	159.786
 40817	155.84
 40818	161.452
 40819	166.536
 40820	165.927
 40821	164.315
 40822	164.604
 40823	163.347
 40824	160.441
 40825	160.652
 40826	162.717
 40827	158.261
 40828	157.478
 40829	158.381
 40830	152.704
 40831	145.934
 40832	145.906
 40833	149.9
 40834	152.44
 40835	150.535
 40836	148.791
 40837	152.099
 40838	155.619
 40839	157.971
 40840	159.578
 40841	164.08
 40842	170.063
 40843	172.105
 40844	173.475
 40845	171.074
 40846	167.14
 40847	170.788
 40848	168.236
 40849	158.839
 40850	156.449
 40851	157.822
 40852	154.208
 40853	151.897
 40854	152.781
 40855	157.341
 40856	156.851
 40857	154.426
 40858	157.098
 40859	155.313
 40860	153.125
 40861	158.581
 40862	161.58
 40863	160.822
 40864	162.639
 40865	163.677
 40866	160.334
 40867	156.424
 40868	156.876
 40869	154.985
 40870	151.376
 40871	157.108
 40872	159.308
 40873	151.941
 40874	153.998
 40875	159.382
 40876	156.218
 40877	147.798
 40878	143.84
 40879	143.823
 40880	146.253
 40881	146.086
 40882	149.155
 40883	152.891
 40884	153.376
 40885	154.814
 40886	152.653
 40887	143.514
 40888	143.882
 40889	149.832
 40890	155.245
 40891	153.354
 40892	152.675
 40893	155.551
 40894	159.401
 40895	151.317
 40896	143.712
 40897	145.061
 40898	151.256
 40899	154.488
 40900	161.138
 40901	166.735
 40902	165.781
 40903	163.082
 40904	163.168
 40905	160.671
 40906	156.065
 40907	157.892
 40908	162.801
 40909	166.659
 40910	164.478
 40911	164.476
 40912	162.573
 40913	162.874
 40914	159.336
 40915	158.284
 40916	155.857
 40917	156.957
 40918	157.958
 40919	161.705
 40920	160.744
 40921	158.835
 40922	153.531
 40923	150.512
 40924	151.112
 40925	149.113
 40926	143.871
 40927	146.685
 40928	151.569
 40929	148.566
 40930	145.949
 40931	147.318
 40932	147.679
 40933	145.751
 40934	147.622
 40935	147.457
 40936	150.607
 40937	154.885
 40938	157.672
 40939	153.513
 40940	154.835
 40941	160.799
 40942	166.467
 40943	166.079
 40944	166.904
 40945	172.148
 40946	175.385
 40947	170.863
 40948	170.977
 40949	-179.548
 40950	-173.472
 40951	-176.32
 40952	178.317
 40953	174.509
 40954	172.963
 40955	169.88
 40956	168.409
 40957	174.022
 40958	175.39
 40959	172.204
 40960	166.322
 40961	161.698
 40962	159.54
 40963	158.29
 40964	157.864
 40965	155.5
 40966	153.418
 40967	150.553
 40968	147.083
 40969	146.463
 40970	146.778
 40971	143.081
 40972	146.8
 40973	151.009
 40974	145.545
 40975	142.634
 40976	145.336
 40977	140.347
 40978	136.326
 40979	138.001
 40980	139.702
 40981	133.958
 40982	131.774
 40983	136.907
 40984	137.985
 40985	130.464
 40986	133.104
 40987	145.542
 40988	144.681
 40989	136.057
 40990	139.267
 40991	148.226
 40992	147.204
 40993	144.378
 40994	151.41
 40995	154.807
 40996	152.231
 40997	153.979
 40998	156.829
 40999	155.101
 41000	154.223
 41001	158.856
 41002	160.941
 41003	157.029
 41004	158.141
 41005	163.985
 41006	161.775
 41007	157.705
 41008	156.695
 41009	150.309
 41010	144.47
 41011	143.626
 41012	144.961
 41013	143.201
 41014	145.785
 41015	149.285
 41016	148.03
 41017	146.046
 41018	145.422
 41019	145.46
 41020	150.496
 41021	149.935
 41022	146.356
 41023	151.96
 41024	153.743
 41025	151.188
 41026	151.498
 41027	154.662
 41028	158.323
 41029	160.191
 41030	154.952
 41031	146.101
 41032	146.724
 41033	152.538
 41034	158.358
 41035	158.579
 41036	154.84
 41037	152.845
 41038	149.57
 41039	144.647
 41040	149.038
 41041	161.551
 41042	166.067
 41043	163.721
 41044	162.846
 41045	161.512
 41046	161.867
 41047	163.763
 41048	162.954
 41049	162.695
 41050	166.25
 41051	165.783
 41052	159.038
 41053	154.928
 41054	153.243
 41055	156.826
 41056	156.587
 41057	151.112
 41058	147.9
 41059	152.029
 41060	149.186
 41061	145.572
 41062	146.512
 41063	151.16
 41064	147.428
 41065	141.708
 41066	139.189
 41067	140.007
 41068	141.029
 41069	140.113
 41070	141.607
 41071	142.13
 41072	139.184
 41073	139.079
 41074	139.393
 41075	140.795
 41076	150.249
 41077	153.742
 41078	148.498
 41079	145.984
 41080	149.061
 41081	147.09
 41082	145.671
 41083	147.36
 41084	153.827
 41085	154.785
 41086	152.826
 41087	146.158
 41088	147.322
 41089	151.856
 41090	151.746
 41091	145.292
 41092	144.061
 41093	144.93
 41094	147.937
 41095	148.569
 41096	152.37
 41097	161.13
 41098	165.404
 41099	163.773
 41100	159.207
 41101	151.438
 41102	146.803
 41103	148.537
 41104	148.015
 41105	147.079
 41106	155.628
 41107	159.436
 41108	156.825
 41109	160.457
 41110	165.027
 41111	162.441
 41112	161.255
 41113	166.473
 41114	170.198
 41115	169.338
 41116	168.089
 41117	167.713
 41118	165.345
 41119	167.1
 41120	171.765
 41121	170.962
 41122	165.591
 41123	165.911
 41124	168.623
 41125	163.865
 41126	159.094
 41127	160.344
 41128	161.122
 41129	162.787
 41130	164.003
 41131	158.454
 41132	153.792
 41133	155.05
 41134	153.343
 41135	150.112
 41136	152.859
 41137	156.702
 41138	155.974
 41139	154.751
 41140	157.58
 41141	159.145
 41142	155.142
 41143	153.967
 41144	159.59
 41145	159.907
 41146	152.076
 41147	156.394
 41148	162.127
 41149	155.377
 41150	152.224
 41151	157.831
 41152	154
 41153	148.23
 41154	148.182
 41155	149.17
 41156	147.096
 41157	148.193
 41158	148.86
 41159	148.393
 41160	141.47
 41161	136.771
 41162	136.8
 41163	135.124
 41164	132.081
 41165	136.197
 41166	138.18
 41167	135.208
 41168	136.204
 41169	139.646
 41170	136.676
 41171	135.912
 41172	140.605
 41173	142.729
 41174	141.43
 41175	139.188
 41176	138.24
 41177	142.174
 41178	145.033
 41179	146.359
 41180	147.799
 41181	146.129
 41182	141.518
 41183	135.16
 41184	130.692
 41185	130.557
 41186	135.713
 41187	138.777
 41188	140.684
 41189	143.804
 41190	145.253
 41191	144.503
 41192	142.2
 41193	139.605
 41194	141.416
 41195	142.684
 41196	145.579
 41197	148.363
 41198	151.183
 41199	153.335
 41200	157.185
 41201	158.777
 41202	154.035
 41203	148.245
 41204	147.496
 41205	144.954
 41206	147.23
 41207	155.54
 41208	158.795
 41209	155.502
 41210	159.961
 41211	161.822
 41212	153.647
 41213	150.774
 41214	154.259
 41215	156.214
 41216	157.266
 41217	161.598
 41218	163.578
 41219	157.114
 41220	153.258
 41221	156.902
 41222	157.278
 41223	150.641
 41224	148.159
 41225	150.769
 41226	146.415
 41227	144.667
 41228	152.333
 41229	156.278
 41230	150.119
 41231	151.754
 41232	157.733
 41233	155.459
 41234	150.624
 41235	148.88
 41236	149.65
 41237	151.862
 41238	153.929
 41239	158.435
 41240	157.358
 41241	150.135
 41242	150.411
 41243	149.274
 41244	142.726
 41245	136.897
 41246	140.161
 41247	146.934
 41248	146.535
 41249	145.114
 41250	147.528
 41251	148.227
 41252	141.482
 41253	137.134
 41254	139.263
 41255	140.705
 41256	138.325
 41257	138.776
 41258	143.996
 41259	146.75
 41260	147.244
 41261	150.695
 41262	151.88
 41263	150.27
 41264	149.363
 41265	149.691
 41266	151.05
 41267	148.004
 41268	143.949
 41269	141.325
 41270	137.273
 41271	133.792
 41272	132.211
 41273	125.278
 41274	121.341
 41275	123.223
 41276	125.215
 41277	124.512
 41278	119.293
 41279	118.894
 41280	123.458
 41281	122.755
 41282	121.675
 41283	122.036
 41284	125.07
 41285	125.946
 41286	120.888
 41287	117.883
 41288	119.988
 41289	122.065
 41290	122.012
 41291	123.91
 41292	129.842
 41293	133.428
 41294	130.71
 41295	131.231
 41296	133.185
 41297	136.168
 41298	143.606
 41299	147.18
 41300	144.317
 41301	144.75
 41302	146.148
 41303	139.921
 41304	134.004
 41305	136.468
 41306	138.859
 41307	136.052
 41308	133.618
 41309	140.815
 41310	146.917
 41311	145.878
 41312	143.924
 41313	146.464
 41314	147.229
 41315	142.289
 41316	136.891
 41317	140.532
 41318	143.304
 41319	137.437
 41320	133.049
 41321	132.478
 41322	128.029
 41323	120.945
 41324	125.501
 41325	134.96
 41326	132.907
 41327	127.987
 41328	134.065
 41329	136.541
 41330	131.932
 41331	132.93
 41332	141.148
 41333	146.35
 41334	145.46
 41335	146.71
 41336	146.474
 41337	141.446
 41338	139.032
 41339	146.126
 41340	146.997
 41341	142.742
 41342	142.683
 41343	146.64
 41344	147.585
 41345	146.125
 41346	144.286
 41347	142.451
 41348	141.557
 41349	135.726
 41350	136.474
 41351	143.31
 41352	146.185
 41353	142.646
 41354	147.227
 41355	148.726
 41356	144.594
 41357	145.108
 41358	147.314
 41359	145.341
 41360	146.802
 41361	153.078
 41362	157.632
 41363	157.071
 41364	159.732
 41365	159.395
 41366	153.257
 41367	153.401
 41368	157.69
 41369	156.467
 41370	150.832
 41371	151.481
 41372	153.735
 41373	154.244
 41374	151.675
 41375	155.431
 41376	156.175
 41377	157.005
 41378	157.932
 41379	159.655
 41380	159.249
 41381	160.791
 41382	163.707
 41383	168.834
 41384	172.436
 41385	170.45
 41386	171.273
 41387	176.362
 41388	174.931
 41389	169.681
 41390	168.617
 41391	170.845
 41392	167.439
 41393	160.025
 41394	160.252
 41395	161.173
 41396	155.716
 41397	150.742
 41398	151.44
 41399	150.571
 41400	146.349
 41401	146.516
 41402	146.097
 41403	141.963
 41404	138.928
 41405	145.936
 41406	150.122
 41407	146.651
 41408	140.436
 41409	141.634
 41410	142.432
 41411	140.518
 41412	140.801
 41413	143.78
 41414	144.187
 41415	138.723
 41416	136.446
 41417	142.64
 41418	143.501
 41419	140.633
 41420	142.496
 41421	143.149
 41422	141.067
 41423	135.219
 41424	133.904
 41425	141.417
 41426	143.369
 41427	136.709
 41428	138.442
 41429	139.889
 41430	132.843
 41431	131.477
 41432	140.227
 41433	143.027
 41434	136.286
 41435	139.032
 41436	142.704
 41437	137.433
 41438	132.573
 41439	136.738
 41440	139.691
 41441	143.187
 41442	146.28
 41443	149.286
 41444	149.185
 41445	145.421
 41446	145.714
 41447	150.249
 41448	147.773
 41449	144.884
 41450	147.551
 41451	150.128
 41452	145.71
 41453	142.048
 41454	146.507
 41455	147.169
 41456	144.344
 41457	143.389
 41458	142.617
 41459	140.469
 41460	138.6
 41461	141.096
 41462	146.717
 41463	143.341
 41464	139.439
 41465	146.409
 41466	150.393
 41467	145.115
 41468	147.621
 41469	151.604
 41470	150.48
 41471	146.956
 41472	148.388
 41473	153.729
 41474	157.221
 41475	157.408
 41476	157.228
 41477	155.413
 41478	154.269
 41479	153.83
 41480	153.729
 41481	153.807
 41482	154.8
 41483	153.846
 41484	152.564
 41485	151.142
 41486	151.175
 41487	148.05
 41488	145.853
 41489	151.831
 41490	152.751
 41491	147.91
 41492	151.311
 41493	152.951
 41494	146.574
 41495	146.611
 41496	151.088
 41497	152.026
 41498	150.481
 41499	154.248
 41500	158.133
 41501	154.52
 41502	150.795
 41503	156.953
 41504	164.26
 41505	159.057
 41506	150.349
 41507	152.18
 41508	153.585
 41509	145.746
 41510	144.503
 41511	151.509
 41512	148.975
 41513	144.234
 41514	145.99
 41515	145.953
 41516	144.84
 41517	143.707
 41518	146.054
 41519	151.029
 41520	147.631
 41521	144.434
 41522	149.129
 41523	149.06
 41524	145.976
 41525	147.43
 41526	151.588
 41527	155.745
 41528	156.347
 41529	155.155
 41530	154.741
 41531	150.907
 41532	146.424
 41533	150.718
 41534	156.807
 41535	153.98
 41536	152.186
 41537	156.538
 41538	154.226
 41539	145.853
 41540	145.634
 41541	150.315
 41542	149.323
 41543	148.359
 41544	154.919
 41545	158.711
 41546	153.542
 41547	150.394
 41548	155.127
 41549	155.945
 41550	147.948
 41551	141.707
 41552	144.518
 41553	146.602
 41554	141.91
 41555	140.439
 41556	143.157
 41557	144.04
 41558	137.079
 41559	131.435
 41560	130.273
 41561	127.01
 41562	119.145
 41563	125.262
 41564	138.549
 41565	137.348
 41566	132.912
 41567	143.151
 41568	142.383
 41569	131.453
 41570	134.219
 41571	143.053
 41572	143.659
 41573	140.316
 41574	143.009
 41575	147.95
 41576	145.677
 41577	140.736
 41578	142.617
 41579	141.759
 41580	135.207
 41581	133.956
 41582	143.031
 41583	144.625
 41584	138.139
 41585	140.873
 41586	150.564
 41587	148.011
 41588	146.095
 41589	152.279
 41590	157.528
 41591	157.842
 41592	156.476
 41593	162.372
 41594	164.465
 41595	158.628
 41596	161.048
 41597	167.381
 41598	160.031
 41599	155.022
 41600	159.843
 41601	163.12
 41602	161.757
 41603	160.254
 41604	160.998
 41605	163.39
 41606	166.698
 41607	166.772
 41608	164.601
 41609	164.641
 41610	166.498
 41611	169.044
 41612	171.052
 41613	165.503
 41614	164.531
 41615	166.001
 41616	162.606
 41617	156.551
 41618	153.666
 41619	151.817
 41620	150.618
 41621	146.992
 41622	145.581
 41623	147.127
 41624	147.673
 41625	147.732
 41626	147.952
 41627	148.025
 41628	144.825
 41629	145.057
 41630	150.964
 41631	152.553
 41632	153.951
 41633	155.682
 41634	156.482
 41635	156.45
 41636	153.871
 41637	152.265
 41638	154.734
 41639	154.153
 41640	151.277
 41641	149.937
 41642	149.742
 41643	151.188
 41644	148.694
 41645	146.957
 41646	148.328
 41647	147.207
 41648	143.514
 41649	141.277
 41650	137.215
 41651	131.427
 41652	130.069
 41653	134.033
 41654	134.442
 41655	131.32
 41656	129.812
 41657	127.041
 41658	118.476
 41659	115.219
 41660	118.318
 41661	122.653
 41662	126.99
 41663	126.197
 41664	125.696
 41665	122.12
 41666	121.212
 41667	124.302
 41668	126.873
 41669	125.546
 41670	131.507
 41671	133.933
 41672	131.345
 41673	133.436
 41674	137.172
 41675	134.833
 41676	134.85
 41677	137.377
 41678	138.516
 41679	133.915
 41680	135.056
 41681	137.285
 41682	137.722
 41683	137.617
 41684	137.885
 41685	136.18
 41686	135.814
 41687	133.613
 41688	130.982
 41689	133.234
 41690	136.975
 41691	133.279
 41692	130.456
 41693	131.136
 41694	135.957
 41695	136.352
 41696	135.308
 41697	138.195
 41698	146.677
 41699	150.949
 41700	144.91
 41701	140.125
 41702	142.889
 41703	142.007
 41704	139.84
 41705	141.798
 41706	147.655
 41707	150.452
 41708	145.423
 41709	145.232
 41710	149.92
 41711	147.658
 41712	144.845
 41713	146.128
 41714	148.872
 41715	149.611
 41716	149.566
 41717	149.607
 41718	147.31
 41719	148.172
 41720	152.768
 41721	152.272
 41722	150.47
 41723	149.541
 41724	148.53
 41725	146.624
 41726	149.286
 41727	153.144
 41728	153.327
 41729	150.25
 41730	153.021
 41731	156.859
 41732	155.351
 41733	156.177
 41734	159.942
 41735	160.153
 41736	159.257
 41737	163.66
 41738	165.206
 41739	161.129
 41740	160.957
 41741	167.35
 41742	164.91
 41743	159.48
 41744	161.265
 41745	163.797
 41746	157.585
 41747	155.962
 41748	164.66
 41749	166.088
 41750	157.964
 41751	154.158
 41752	157.092
 41753	158.248
 41754	158.009
 41755	159.346
 41756	161.459
 41757	162.716
 41758	164.761
 41759	163.412
 41760	159.492
 41761	153.019
 41762	155.428
 41763	160.249
 41764	158.149
 41765	153.759
 41766	152.091
 41767	150.585
 41768	144.608
 41769	141.289
 41770	145.128
 41771	146.289
 41772	148.141
 41773	152.395
 41774	150.914
 41775	150.66
 41776	155.379
 41777	157.563
 41778	152.911
 41779	155.021
 41780	163.333
 41781	166.731
 41782	165.954
 41783	167.785
 41784	166.032
 41785	158.95
 41786	160.543
 41787	166.22
 41788	163.288
 41789	159.501
 41790	160.358
 41791	161.023
 41792	156.12
 41793	151.57
 41794	152.676
 41795	154.809
 41796	154.275
 41797	154.022
 41798	151.027
 41799	153.362
 41800	155.248
 41801	149.731
 41802	145.678
 41803	152.633
 41804	156.619
 41805	157.351
 41806	155.744
 41807	156.741
 41808	156.077
 41809	155.325
 41810	154.531
 41811	154.829
 41812	152.566
 41813	151.03
 41814	152.06
 41815	154.154
 41816	152.164
 41817	148.112
 41818	147.356
 41819	151.89
 41820	158.098
 41821	156.308
 41822	151.306
 41823	152.895
 41824	153.705
 41825	150.23
 41826	146.198
 41827	144.588
 41828	146.498
 41829	146.79
 41830	143.1
 41831	140.458
 41832	142.028
 41833	144.631
 41834	143.51
 41835	141.485
 41836	143.267
 41837	148.036
 41838	150.512
 41839	148.23
 41840	146.398
 41841	149.938
 41842	153.477
 41843	151.126
 41844	147.706
 41845	142.91
 41846	142.938
 41847	141.338
 41848	138.4
 41849	141.163
 41850	145.341
 41851	144.116
 41852	143.621
 41853	142.907
 41854	140.898
 41855	143.275
 41856	141.263
 41857	137.64
 41858	143.93
 41859	148.283
 41860	146.128
 41861	142.233
 41862	140.833
 41863	139.126
 41864	136.609
 41865	135.6
 41866	138.414
 41867	141.813
 41868	144.28
 41869	142.934
 41870	142.693
 41871	144.767
 41872	145.603
 41873	141.764
 41874	141.102
 41875	147.28
 41876	154.814
 41877	156.499
 41878	161.156
 41879	169.533
 41880	169.985
 41881	168.385
 41882	168.826
 41883	164.647
 41884	159.024
 41885	159.721
 41886	163.093
 41887	164.234
 41888	163.245
 41889	161.779
 41890	158.875
 41891	151.603
 41892	147.879
 41893	147.471
 41894	141.216
 41895	140.128
 41896	148.494
 41897	151.484
 41898	147.533
 41899	147.035
 41900	147.054
 41901	143.769
 41902	141.189
 41903	144.219
 41904	148.011
 41905	152.128
 41906	154.893
 41907	148.5
 41908	140.608
 41909	139.57
 41910	139.194
 41911	139.032
 41912	141.567
 41913	146.152
 41914	149.663
 41915	148.924
 41916	147.835
 41917	148.287
 41918	150.029
 41919	155.348
 41920	157.099
 41921	154.952
 41922	160.843
 41923	164.009
 41924	159.469
 41925	159.342
 41926	165.133
 41927	164.174
 41928	160.758
 41929	163.174
 41930	165.946
 41931	160.801
 41932	158.175
 41933	160.908
 41934	159.407
 41935	154.835
 41936	159.057
 41937	161.283
 41938	158.981
 41939	157.19
 41940	156.14
 41941	152.533
 41942	149.658
 41943	152.339
 41944	157.064
 41945	158.125
 41946	159.316
 41947	159.109
 41948	160.238
 41949	157.001
 41950	151.148
 41951	146.766
 41952	151.022
 41953	153.758
 41954	154.716
 41955	158.162
 41956	159.033
 41957	154.313
 41958	149.225
 41959	147.991
 41960	151.159
 41961	153.122
 41962	152.293
 41963	151.76
 41964	151.227
 41965	151.875
 41966	152.818
 41967	151.057
 41968	150.856
 41969	155.353
 41970	153.926
 41971	150.287
 41972	153.713
 41973	159.915
 41974	162.619
 41975	165.142
 41976	163.581
 41977	158.617
 41978	157.436
 41979	157.11
 41980	152.863
 41981	150.671
 41982	156.261
 41983	161.483
 41984	156.828
 41985	150.285
 41986	147.45
 41987	143.486
 41988	146.009
 41989	148.894
 41990	146.793
 41991	149.671
 41992	161.737
 41993	165.95
 41994	153.955
 41995	144.438
 41996	151.254
 41997	158.207
 41998	156.058
 41999	155.526
 42000	155.154
 42001	155.717
 42002	150.976
 42003	142.602
 42004	143.332
 42005	148.522
 42006	148.771
 42007	148.008
 42008	152.613
 42009	154.484
 42010	149.491
 42011	146.741
 42012	148.905
 42013	149.082
 42014	145.767
 42015	148.278
 42016	154.068
 42017	155.106
 42018	153.163
 42019	153.76
 42020	156.439
 42021	154.354
 42022	152.714
 42023	153.022
 42024	149.235
 42025	146.827
 42026	146.564
 42027	142.66
 42028	138.877
 42029	141.607
 42030	143.09
 42031	141.026
 42032	139.057
 42033	139.167
 42034	143.281
 42035	145.314
 42036	143.565
 42037	146.198
 42038	151.95
 42039	155.216
 42040	154.566
 42041	156.337
 42042	156.972
 42043	150.064
 42044	148.024
 42045	150.116
 42046	151.429
 42047	149.081
 42048	150.336
 42049	151.893
 42050	152.772
 42051	149.074
 42052	148.921
 42053	150.092
 42054	147.819
 42055	146.022
 42056	152.367
 42057	156.412
 42058	154.407
 42059	153.166
 42060	155.014
 42061	157.522
 42062	159.981
 42063	163.364
 42064	158.122
 42065	155.165
 42066	159.811
 42067	160.134
 42068	155.714
 42069	161.568
 42070	170.704
 42071	170.202
 42072	160.77
 42073	157.958
 42074	161.189
 42075	162.416
 42076	161.377
 42077	164.9
 42078	167.393
 42079	168.089
 42080	164.669
 42081	155.682
 42082	150.148
 42083	151.964
 42084	152.907
 42085	152.928
 42086	151.43
 42087	151.784
 42088	150.661
 42089	143.359
 42090	138.355
 42091	139.466
 42092	141.721
 42093	143.737
 42094	146.148
 42095	151.107
 42096	154.321
 42097	149.955
 42098	149.139
 42099	152.618
 42100	152.225
 42101	152.782
 42102	158.141
 42103	158.357
 42104	158.934
 42105	158.735
 42106	153.441
 42107	152.909
 42108	153.9
 42109	150.578
 42110	150.292
 42111	154.082
 42112	154.957
 42113	156.953
 42114	160.9
 42115	161.367
 42116	163.177
 42117	166.752
 42118	166.009
 42119	161.951
 42120	159.007
 42121	160.775
 42122	160.73
 42123	161.912
 42124	163.198
 42125	165.889
 42126	167.396
 42127	167.234
 42128	165.786
 42129	168.142
 42130	175.113
 42131	-178.519
 42132	179.004
 42133	176.367
 42134	-178.755
 42135	-178.727
 42136	176.787
 42137	177.452
 42138	-179.581
 42139	177.597
 42140	177.833
 42141	-179.945
 42142	172.735
 42143	161.745
 42144	162.353
 42145	165.699
 42146	166.53
 42147	167.267
 42148	165.331
 42149	157.926
 42150	152.684
 42151	155.353
 42152	158.598
 42153	159.394
 42154	163.405
 42155	170.462
 42156	166.545
 42157	159.278
 42158	159.335
 42159	163.283
 42160	162.976
 42161	164.543
 42162	169.27
 42163	170.079
 42164	164.466
 42165	163.778
 42166	163.988
 42167	160.055
 42168	159.142
 42169	163.017
 42170	165.559
 42171	163.097
 42172	161.325
 42173	159.917
 42174	159.12
 42175	157.928
 42176	157.424
 42177	153.743
 42178	150.602
 42179	147.912
 42180	147.064
 42181	145.579
 42182	142.105
 42183	143.35
 42184	151.313
 42185	152.411
 42186	148.953
 42187	148.828
 42188	150.207
 42189	149.539
 42190	148.252
 42191	151.246
 42192	155.99
 42193	159.85
 42194	159.516
 42195	157.11
 42196	153.476
 42197	152.204
 42198	155.505
 42199	160.938
 42200	160.711
 42201	160.802
 42202	166.046
 42203	164.108
 42204	157.998
 42205	156.686
 42206	157.292
 42207	155.768
 42208	156.401
 42209	160.336
 42210	160.093
 42211	155.474
 42212	155.457
 42213	155.258
 42214	152.623
 42215	153.942
 42216	160.815
 42217	165.039
 42218	165.095
 42219	162.087
 42220	165.836
 42221	168.396
 42222	166.62
 42223	167.613
 42224	169.346
 42225	169.168
 42226	170.743
 42227	167.252
 42228	162.791
 42229	161.6
 42230	160.389
 42231	157.671
 42232	153.652
 42233	150.184
 42234	148.191
 42235	147.976
 42236	148.867
 42237	149.809
 42238	147.882
 42239	152.002
 42240	155.849
 42241	155.589
 42242	156.197
 42243	163.691
 42244	168.277
 42245	166.196
 42246	166.23
 42247	171.465
 42248	172.204
 42249	168.839
 42250	167.779
 42251	167.307
 42252	163.891
 42253	164.84
 42254	166.931
 42255	160.983
 42256	154.153
 42257	153.438
 42258	156.704
 42259	155.514
 42260	154.617
 42261	153.667
 42262	155.466
 42263	151.712
 42264	149.266
 42265	145.314
 42266	143.405
 42267	143.111
 42268	141.198
 42269	140.646
 42270	145.15
 42271	143.693
 42272	138.894
 42273	137.369
 42274	136.876
 42275	136.131
 42276	139.815
 42277	138.728
 42278	136.668
 42279	138.769
 42280	142.551
 42281	144.843
 42282	143.718
 42283	145.427
 42284	149.613
 42285	146.593
 42286	142.067
 42287	144.489
 42288	150.13
 42289	153.693
 42290	150.226
 42291	145.338
 42292	146.2
 42293	146.637
 42294	141.85
 42295	131.393
 42296	131.379
 42297	141.902
 42298	145.133
 42299	144.227
 42300	142.371
 42301	138.604
 42302	137.629
 42303	137.339
 42304	136.302
 42305	135.249
 42306	138.426
 42307	141.737
 42308	141.732
 42309	136.964
 42310	139.607
 42311	146.581
 42312	150.971
 42313	149.891
 42314	150.626
 42315	152.296
 42316	152.891
 42317	155.643
 42318	158.622
 42319	158.816
 42320	163.022
 42321	165.49
 42322	158.57
 42323	152.278
 42324	159.986
 42325	165.728
 42326	165.143
 42327	174.32
 42328	-175.766
 42329	179.005
 42330	168.211
 42331	165.457
 42332	167.407
 42333	166.573
 42334	164.01
 42335	166.299
 42336	163.966
 42337	155.877
 42338	148.824
 42339	137.931
 42340	133.346
 42341	134.91
 42342	131.178
 42343	132.884
 42344	142.412
 42345	144.13
 42346	138.118
 42347	137.584
 42348	145.249
 42349	152.219
 42350	154.091
 42351	157.522
 42352	162.518
 42353	165.877
 42354	162.178
 42355	158.972
 42356	160.519
 42357	162.085
 42358	157.976
 42359	162.232
 42360	165.737
 42361	166.059
 42362	165.269
 42363	161.857
 42364	158.136
 42365	158.82
 42366	162.172
 42367	163.693
 42368	161.951
 42369	160.968
 42370	163.969
 42371	162.419
 42372	157.284
 42373	158.209
 42374	160.081
 42375	155.899
 42376	154.954
 42377	158.146
 42378	157.509
 42379	150.762
 42380	150.159
 42381	149.762
 42382	147.021
 42383	147.359
 42384	152.683
 42385	153.589
 42386	156.951
 42387	164.132
 42388	166.481
 42389	162.752
 42390	159.889
 42391	161.249
 42392	160.43
 42393	159.66
 42394	161.197
 42395	162.626
 42396	160.303
 42397	161.459
 42398	159.385
 42399	156.103
 42400	152.983
 42401	155.39
 42402	157.98
 42403	164.949
 42404	166.497
 42405	163.841
 42406	162.452
 42407	166.104
 42408	165.613
 42409	162.759
 42410	162.606
 42411	168.771
 42412	172.883
 42413	166.098
 42414	160.45
 42415	160.881
 42416	165.081
 42417	164.644
 42418	163.879
 42419	168.581
 42420	170.813
 42421	169.253
 42422	166.929
 42423	162.115
 42424	159.005
 42425	162.652
 42426	166.354
 42427	163.47
 42428	158.987
 42429	157.663
 42430	159.92
 42431	154.37
 42432	148.426
 42433	155.392
 42434	159.582
 42435	157.471
 42436	158.332
 42437	161.86
 42438	163.096
 42439	163.889
 42440	165.47
 42441	163.712
 42442	165.415
 42443	163.018
 42444	161.442
 42445	166.783
 42446	172.674
 42447	165.36
 42448	156.566
 42449	156.83
 42450	156.142
 42451	151.978
 42452	152.165
 42453	154.257
 42454	158.16
 42455	159.649
 42456	159.331
 42457	162.084
 42458	163.123
 42459	162.482
 42460	165.171
 42461	168.437
 42462	169.313
 42463	171.747
 42464	170.873
 42465	168.014
 42466	165.306
 42467	164.154
 42468	161.054
 42469	161.743
 42470	162.176
 42471	158.916
 42472	156.717
 42473	163.071
 42474	168.031
 42475	164.644
 42476	157.494
 42477	156.716
 42478	162.559
 42479	165.968
 42480	162.713
 42481	161.089
 42482	162.159
 42483	159.034
 42484	153.52
 42485	152.951
 42486	152.137
 42487	152.994
 42488	153.106
 42489	149.534
 42490	147.034
 42491	149.065
 42492	149.476
 42493	152.726
 42494	150.132
 42495	148.079
 42496	154.441
 42497	159.131
 42498	156.223
 42499	151.783
 42500	154.17
 42501	157.66
 42502	154.056
 42503	151.253
 42504	152.789
 42505	151.907
 42506	152.933
 42507	155.792
 42508	162.458
 42509	166.157
 42510	163.112
 42511	160.301
 42512	162.102
 42513	162.743
 42514	163.334
 42515	166.726
 42516	169.797
 42517	172.222
 42518	169.045
 42519	160.148
 42520	158.988
 42521	166.847
 42522	165.257
 42523	162.702
 42524	169.165
 42525	172.76
 42526	167.857
 42527	165.915
 42528	168.781
 42529	170.717
 42530	169.049
 42531	165.232
 42532	164.388
 42533	161.382
 42534	156.086
 42535	156.622
 42536	159.281
 42537	156.446
 42538	157.168
 42539	157.698
 42540	158.351
 42541	160.509
 42542	165.527
 42543	164.605
 42544	167.391
 42545	173.627
 42546	174.979
 42547	171.537
 42548	172.469
 42549	171.517
 42550	169.09
 42551	165.565
 42552	167.024
 42553	169.498
 42554	170.399
 42555	169.939
 42556	169.09
 42557	168.021
 42558	162.435
 42559	159.263
 42560	156.352
 42561	161.082
 42562	164.244
 42563	159.857
 42564	153.362
 42565	154.374
 42566	154.92
 42567	151.57
 42568	154.685
 42569	159.616
 42570	160.652
 42571	161.018
 42572	162.134
 42573	165.334
 42574	168.137
 42575	167.715
 42576	170.38
 42577	172.32
 42578	166.105
 42579	162.395
 42580	164.812
 42581	167.98
 42582	165.928
 42583	165.268
 42584	163.915
 42585	164.293
 42586	163.697
 42587	164.73
 42588	159.003
 42589	157.302
 42590	159.226
 42591	164.707
 42592	165.939
 42593	167.112
 42594	168.539
 42595	170.638
 42596	166.736
 42597	164.183
 42598	166.727
 42599	167.728
 42600	170.848
 42601	174.854
 42602	170.51
 42603	165.404
 42604	168.403
 42605	170.317
 42606	168.659
 42607	163.442
 42608	164.141
 42609	168.842
 42610	169.259
 42611	164.982
 42612	160.499
 42613	158.812
 42614	160.86
 42615	160.354
 42616	156.878
 42617	156.478
 42618	153.178
 42619	153.025
 42620	150.744
 42621	147.394
 42622	144.774
 42623	146.489
 42624	151.571
 42625	152.528
 42626	149.333
 42627	151.066
 42628	157.277
 42629	161.508
 42630	163.861
 42631	164.184
 42632	163.382
 42633	162.909
 42634	163.114
 42635	166.449
 42636	166.636
 42637	163.534
 42638	165.149
 42639	168.527
 42640	166.665
 42641	162.31
 42642	158.768
 42643	156.235
 42644	155.313
 42645	154.949
 42646	155.832
 42647	157.507
 42648	164.03
 42649	164.415
 42650	162.253
 42651	158.677
 42652	160.438
 42653	164.209
 42654	166.636
 42655	164.34
 42656	163.24
 42657	164.425
 42658	169.627
 42659	169.635
 42660	168.035
 42661	169.561
 42662	171.176
 42663	168.354
 42664	169.156
 42665	169.887
 42666	170.381
 42667	167.152
 42668	165.192
 42669	165.964
 42670	159.929
 42671	157.645
 42672	162.906
 42673	164.411
 42674	159.732
 42675	161.765
 42676	164.51
 42677	164.711
 42678	161.621
 42679	163.598
 42680	162.088
 42681	158.053
 42682	158.699
 42683	164.425
 42684	167.504
 42685	168.913
 42686	168.425
 42687	167.262
 42688	163.176
 42689	160.524
 42690	163.045
 42691	166.404
 42692	170.063
 42693	173.906
 42694	169.749
 42695	170.155
 42696	173.565
 42697	171.662
 42698	169.452
 42699	170.079
 42700	170.767
 42701	173.192
 42702	176.67
 42703	177.926
 42704	171.672
 42705	162.699
 42706	161.692
 42707	166.675
 42708	166.031
 42709	162.748
 42710	162.267
 42711	167.709
 42712	167.413
 42713	159.148
 42714	152.461
 42715	151.504
 42716	156.384
 42717	153.576
 42718	153.463
 42719	159.498
 42720	158.073
 42721	152.083
 42722	154.651
 42723	155.506
 42724	149.992
 42725	145.775
 42726	149.172
 42727	154.55
 42728	153.929
 42729	150.704
 42730	154.121
 42731	155.435
 42732	155.513
 42733	157.162
 42734	157.05
 42735	160.861
 42736	162.788
 42737	164.843
 42738	166.531
 42739	169.211
 42740	170.841
 42741	171.354
 42742	168.577
 42743	165.791
 42744	165.013
 42745	168.64
 42746	176.442
 42747	179.336
 42748	177.418
 42749	171.318
 42750	167.816
 42751	165.721
 42752	163.399
 42753	153.698
 42754	151.006
 42755	154.135
 42756	159.362
 42757	154.773
 42758	148.678
 42759	149.194
 42760	150.377
 42761	141.448
 42762	139.097
 42763	141.245
 42764	141.843
 42765	144.075
 42766	146.424
 42767	145.685
 42768	143.277
 42769	144.277
 42770	146.195
 42771	145.482
 42772	140.701
 42773	144.531
 42774	149.508
 42775	148.65
 42776	147.128
 42777	148.435
 42778	149.568
 42779	147.661
 42780	141.88
 42781	142.181
 42782	143.882
 42783	142.987
 42784	141.312
 42785	144.244
 42786	146.084
 42787	139.989
 42788	133.309
 42789	139.56
 42790	143.684
 42791	138.916
 42792	139.921
 42793	148.192
 42794	151.312
 42795	153.253
 42796	152.661
 42797	154.419
 42798	157.784
 42799	164.497
 42800	164.785
 42801	158.816
 42802	154.907
 42803	161.657
 42804	160.627
 42805	157.55
 42806	155.541
 42807	158.107
 42808	156.252
 42809	157.749
 42810	155.065
 42811	148.467
 42812	148.843
 42813	155.281
 42814	154.921
 42815	149.817
 42816	147.239
 42817	145.92
 42818	146.767
 42819	147.094
 42820	146.819
 42821	141.716
 42822	144.126
 42823	150.622
 42824	151.743
 42825	144.053
 42826	142.229
 42827	147.49
 42828	149.903
 42829	145.465
 42830	144.541
 42831	145.667
 42832	152.678
 42833	153.17
 42834	152.439
 42835	147.584
 42836	153.516
 42837	163.038
 42838	167.938
 42839	170.388
 42840	175.219
 42841	179.324
 42842	179.263
 42843	175.182
 42844	168.356
 42845	166.927
 42846	166.812
 42847	167.172
 42848	168.379
 42849	165.268
 42850	162.887
 42851	161.556
 42852	164.068
 42853	162.027
 42854	157.908
 42855	156.369
 42856	161.105
 42857	162.471
 42858	158.246
 42859	156.233
 42860	154.258
 42861	152.157
 42862	153.095
 42863	155.014
 42864	157.854
 42865	158.224
 42866	161.557
 42867	169.305
 42868	171.293
 42869	171.021
 42870	169.085
 42871	165.262
 42872	166.928
 42873	172.507
 42874	172.374
 42875	172.614
 42876	175.262
 42877	-179.871
 42878	-178.003
 42879	177.875
 42880	176.887
 42881	-179.342
 42882	-177.921
 42883	-179.23
 42884	178.892
 42885	175.734
 42886	168.427
 42887	161.042
 42888	159.755
 42889	158.558
 42890	150.691
 42891	147.698
 42892	146.694
 42893	149.323
 42894	147.986
 42895	141.488
 42896	142.156
 42897	151.859
 42898	149.783
 42899	147.109
 42900	145.878
 42901	150.796
 42902	153.421
 42903	149.162
 42904	143.973
 42905	149.417
 42906	152.582
 42907	149.935
 42908	145.558
 42909	143.792
 42910	146.72
 42911	148.182
 42912	145.918
 42913	143.454
 42914	141.066
 42915	141.196
 42916	144.139
 42917	143.238
 42918	141.312
 42919	139.649
 42920	142.352
 42921	144.842
 42922	144.337
 42923	141.205
 42924	149.009
 42925	153.817
 42926	152.586
 42927	151.156
 42928	148.564
 42929	148.476
 42930	145.52
 42931	144.397
 42932	149.87
 42933	152.575
 42934	152.478
 42935	153.731
 42936	149.489
 42937	143.616
 42938	145.329
 42939	147.965
 42940	150.229
 42941	149.089
 42942	151.309
 42943	158.6
 42944	160.976
 42945	152.788
 42946	152.355
 42947	154.679
 42948	152.406
 42949	143.74
 42950	144.937
 42951	151.961
 42952	150.183
 42953	142.275
 42954	143.369
 42955	143.535
 42956	141.257
 42957	137.292
 42958	142.218
 42959	148.082
 42960	145.508
 42961	146.983
 42962	153.163
 42963	157.011
 42964	156.641
 42965	152.344
 42966	144.508
 42967	149.958
 42968	152.912
 42969	151.392
 42970	149.522
 42971	152.675
 42972	153.936
 42973	158.134
 42974	157.232
 42975	154.392
 42976	149.686
 42977	154.511
 42978	155.978
 42979	149.518
 42980	145.551
 42981	148.072
 42982	145.035
 42983	138.507
 42984	135.858
 42985	132.512
 42986	139.458
 42987	141.301
 42988	142.653
 42989	145.989
 42990	142.584
 42991	141.198
 42992	143.474
 42993	138.288
 42994	135.746
 42995	140.486
 42996	141.941
 42997	137.649
 42998	135.216
 42999	137.322
 43000	140.989
 43001	141.459
 43002	141.699
 43003	144.714
 43004	146.945
 43005	146.7
 43006	145.615
 43007	151.509
 43008	147.423
 43009	143.165
 43010	142.601
 43011	142.658
 43012	139.569
 43013	140.1
 43014	135.914
 43015	132.937
 43016	139.484
 43017	141.279
 43018	140.098
 43019	141.259
 43020	139.592
 43021	136.922
 43022	136.978
 43023	138.762
 43024	145.714
 43025	143.399
 43026	144.395
 43027	149.532
 43028	153.498
 43029	147.232
 43030	140.378
 43031	136.369
 43032	141.997
 43033	146.107
 43034	145.416
 43035	144.021
 43036	145.963
 43037	147.474
 43038	139.669
 43039	132.115
 43040	130.942
 43041	136.286
 43042	142.566
 43043	143.824
 43044	143.552
 43045	145.927
 43046	142.96
 43047	137.736
 43048	138.528
 43049	141.689
 43050	142.473
 43051	142.548
 43052	141.214
 43053	141.912
 43054	138.023
 43055	141.486
 43056	145.682
 43057	141.696
 43058	141.78
 43059	141.567
 43060	142.027
 43061	141.595
 43062	141.022
 43063	135.667
 43064	136.983
 43065	141.2
 43066	136.544
 43067	129.563
 43068	125.12
 43069	128.115
 43070	129.725
 43071	133.511
 43072	137.342
 43073	138.382
 43074	136.796
 43075	135.646
 43076	133.034
 43077	127.203
 43078	129.82
 43079	138.656
 43080	139.659
 43081	140.062
 43082	143.87
 43083	146.911
 43084	138.874
 43085	138.538
 43086	142.095
 43087	142.014
 43088	140.177
 43089	142.187
 43090	141.522
 43091	145.035
 43092	147.392
 43093	139.307
 43094	134.216
 43095	138.017
 43096	142.268
 43097	138.478
 43098	135.761
 43099	139.406
 43100	139.944
 43101	133.813
 43102	135.743
 43103	144.16
 43104	146.458
 43105	145.715
 43106	144.437
 43107	140.17
 43108	137.776
 43109	140.818
 43110	146.366
 43111	145.53
 43112	148.554
 43113	151.498
 43114	149.549
 43115	145.068
 43116	144.501
 43117	143.864
 43118	143.947
 43119	149.089
 43120	155.5
 43121	156.484
 43122	148.796
 43123	144.86
 43124	148.559
 43125	145.41
 43126	145.885
 43127	149.402
 43128	149.031
 43129	146.056
 43130	148.09
 43131	147.851
 43132	144.105
 43133	143.975
 43134	146.457
 43135	143.101
 43136	141.216
 43137	142.676
 43138	140.028
 43139	141.254
 43140	145.791
 43141	145.762
 43142	137.665
 43143	132.145
 43144	136.223
 43145	140.463
 43146	136.965
 43147	138.284
 43148	140.049
 43149	139.688
 43150	142.235
 43151	141.021
 43152	135.279
 43153	137.693
 43154	143.475
 43155	145.945
 43156	139.686
 43157	144.985
 43158	149.328
 43159	146.697
 43160	141.113
 43161	141.88
 43162	143.729
 43163	146.235
 43164	144.618
 43165	146.301
 43166	144.539
 43167	142.952
 43168	143.555
 43169	146.572
 43170	149
 43171	148.273
 43172	142.073
 43173	146.936
 43174	149.235
 43175	143.119
 43176	140.738
 43177	149.781
 43178	146.512
 43179	137.788
 43180	138.371
 43181	145.294
 43182	144.422
 43183	145.899
 43184	146.43
 43185	145.304
 43186	145.17
 43187	144.3
 43188	140.724
 43189	140.529
 43190	137.305
 43191	137.752
 43192	136.637
 43193	139.662
 43194	143.13
 43195	144.241
 43196	137.552
 43197	140.688
 43198	144.332
 43199	145.549
 43200	146.985
 43201	145.477
 43202	144.787
 43203	143.98
 43204	143.856
 43205	145.461
 43206	147.681
 43207	144.925
 43208	148.902
 43209	153.843
 43210	154.651
 43211	154.75
 43212	154.531
 43213	151.522
 43214	149.085
 43215	148.869
 43216	150.296
 43217	149.407
 43218	152.791
 43219	155.254
 43220	152.673
 43221	147.442
 43222	147.06
 43223	149.562
 43224	149.3
 43225	147.194
 43226	151.734
 43227	156.548
 43228	151.093
 43229	148.801
 43230	147.928
 43231	145.355
 43232	143.803
 43233	143.653
 43234	139.602
 43235	141.369
 43236	142.773
 43237	142.431
 43238	139.95
 43239	135.945
 43240	138.395
 43241	143.37
 43242	147.294
 43243	146.726
 43244	147.902
 43245	151.838
 43246	153.09
 43247	158.044
 43248	162.451
 43249	163.906
 43250	164.314
 43251	168.049
 43252	164.249
 43253	161.831
 43254	159.117
 43255	157.839
 43256	158.15
 43257	156.252
 43258	159.548
 43259	165.297
 43260	167.489
 43261	165.965
 43262	166.971
 43263	169.811
 43264	174.584
 43265	175.612
 43266	174.583
 43267	173.391
 43268	174.546
 43269	168.742
 43270	163.652
 43271	161.903
 43272	164.537
 43273	160.897
 43274	160.486
 43275	159.711
 43276	159.138
 43277	160.824
 43278	163.466
 43279	161.442
 43280	159.718
 43281	158.517
 43282	161.269
 43283	158.601
 43284	153.589
 43285	151.461
 43286	154.519
 43287	155.157
 43288	153.618
 43289	151.091
 43290	147.32
 43291	150.716
 43292	155.919
 43293	150.863
 43294	140.713
 43295	146
 43296	155.889
 43297	153.509
 43298	144.89
 43299	146.467
 43300	150.531
 43301	151.998
 43302	145.348
 43303	148.689
 43304	154.714
 43305	153.582
 43306	152.997
 43307	156.191
 43308	152.044
 43309	154.17
 43310	158.412
 43311	158.774
 43312	156.953
 43313	157.003
 43314	159.034
 43315	157.601
 43316	157.745
 43317	161.588
 43318	165.072
 43319	162.489
 43320	164.083
 43321	167.487
 43322	170.977
 43323	169.528
 43324	172.308
 43325	171.579
 43326	165.846
 43327	162.167
 43328	164.479
 43329	163.779
 43330	163.801
 43331	164.948
 43332	165.193
 43333	163.879
 43334	162.647
 43335	164.813
 43336	162.524
 43337	159.358
 43338	158.56
 43339	156.362
 43340	147.076
 43341	145.513
 43342	145.332
 43343	142.884
 43344	140.342
 43345	147.983
 43346	153.887
 43347	154.12
 43348	153.387
 43349	155.983
 43350	158.496
 43351	161.057
 43352	162.293
 43353	163.736
 43354	161.538
 43355	161.453
 43356	164.172
 43357	159.332
 43358	150.598
 43359	154.001
 43360	158.062
 43361	150.71
 43362	145.277
 43363	143.47
 43364	141.62
 43365	140.144
 43366	140.64
 43367	142.956
 43368	139.9
 43369	135.697
 43370	140.039
 43371	141.245
 43372	131.729
 43373	130.763
 43374	140.722
 43375	143.529
 43376	137.826
 43377	139.379
 43378	145.544
 43379	138.911
 43380	132.629
 43381	135.734
 43382	138.127
 43383	137.433
 43384	139.007
 43385	145.072
 43386	146.405
 43387	140.555
 43388	137.535
 43389	145.018
 43390	150.225
 43391	149.585
 43392	153.402
 43393	157.021
 43394	163.535
 43395	166.703
 43396	163.153
 43397	161.26
 43398	160.905
 43399	161.754
 43400	161.802
 43401	158.382
 43402	156.406
 43403	162.366
 43404	161.986
 43405	158.645
 43406	161.1
 43407	164.384
 43408	164.876
 43409	159.44
 43410	160.183
 43411	161.395
 43412	158.318
 43413	152.646
 43414	155.314
 43415	156.468
 43416	153.779
 43417	148.914
 43418	155.197
 43419	161.59
 43420	166.329
 43421	164.012
 43422	162.802
 43423	158.175
 43424	158.282
 43425	152.633
 43426	146.488
 43427	146.15
 43428	151.54
 43429	151.491
 43430	153.034
 43431	155.242
 43432	153.789
 43433	153.91
 43434	159.131
 43435	157.383
 43436	151.437
 43437	154.177
 43438	158.968
 43439	156.809
 43440	153.128
 43441	155.191
 43442	156.189
 43443	154.249
 43444	148.199
 43445	150.377
 43446	150.84
 43447	147.323
 43448	143.468
 43449	145.516
 43450	147.273
 43451	148.751
 43452	140.627
 43453	133.309
 43454	141.394
 43455	146.14
 43456	139.965
 43457	138.884
 43458	145.592
 43459	149.681
 43460	146.943
 43461	144.382
 43462	148.073
 43463	152.627
 43464	157.145
 43465	161.21
 43466	164.996
 43467	166.517
 43468	168.792
 43469	173.729
 43470	171.178
 43471	164.372
 43472	164.347
 43473	168.913
 43474	169.016
 43475	168.464
 43476	166.217
 43477	165.3
 43478	169.327
 43479	170.453
 43480	165.358
 43481	159.901
 43482	164.827
 43483	170.918
 43484	165.656
 43485	156.624
 43486	159.598
 43487	168.825
 43488	170.842
 43489	164.796
 43490	163.899
 43491	163.156
 43492	161.861
 43493	158.703
 43494	159.642
 43495	158.202
 43496	156.784
 43497	152.417
 43498	153.989
 43499	151.909
 43500	149.021
 43501	152.007
 43502	159.899
 43503	163.046
 43504	167.525
 43505	169.049
 43506	168.906
 43507	167.631
 43508	166.838
 43509	164.685
 43510	165.597
 43511	169.192
 43512	167.881
 43513	168.72
 43514	170.368
 43515	165.881
 43516	158.32
 43517	161.25
 43518	165.311
 43519	166.25
 43520	163.701
 43521	167.505
 43522	169.07
 43523	167.413
 43524	161.611
 43525	158.634
 43526	152.721
 43527	153.36
 43528	156.852
 43529	159.125
 43530	154.01
 43531	156.087
 43532	155.798
 43533	151.681
 43534	149.036
 43535	148.026
 43536	144.681
 43537	145.748
 43538	149.054
 43539	155.047
 43540	152.142
 43541	153.141
 43542	159.263
 43543	167.097
 43544	164.148
 43545	158.496
 43546	160.028
 43547	164.816
 43548	165.856
 43549	163.888
 43550	165.735
 43551	169.824
 43552	171.173
 43553	165.649
 43554	161.607
 43555	160.327
 43556	160.05
 43557	159.78
 43558	163.586
 43559	164.488
 43560	165.549
 43561	167.747
 43562	169.553
 43563	164.146
 43564	161.379
 43565	159.852
 43566	159.68
 43567	160.335
 43568	164.688
 43569	167.839
 43570	165.443
 43571	163.216
 43572	162.928
 43573	162.551
 43574	160.348
 43575	162.613
 43576	162.193
 43577	161.711
 43578	161.897
 43579	164.349
 43580	163.093
 43581	164.164
 43582	164.789
 43583	168.921
 43584	169.726
 43585	169.041
 43586	168.409
 43587	169.79
 43588	167.181
 43589	165.227
 43590	169.894
 43591	173.247
 43592	166.903
 43593	160.014
 43594	159.991
 43595	157.356
 43596	154.751
 43597	156.744
 43598	163.038
 43599	165.353
 43600	162.499
 43601	160.836
 43602	157.929
 43603	153.878
 43604	152.057
 43605	153.777
 43606	157.055
 43607	157.025
 43608	161.624
 43609	165.564
 43610	165.318
 43611	166.287
 43612	166.018
 43613	164.231
 43614	166.874
 43615	169.362
 43616	167.42
 43617	166.81
 43618	173.139
 43619	176.578
 43620	170.751
 43621	168.02
 43622	173.477
 43623	174.517
 43624	172.14
 43625	169.308
 43626	172.608
 43627	174.22
 43628	176.208
 43629	174.193
 43630	170.011
 43631	166.213
 43632	168.996
 43633	167.596
 43634	159.005
 43635	156.007
 43636	159.118
 43637	157.922
 43638	156.141
 43639	155.491
 43640	154.837
 43641	152.189
 43642	149.991
 43643	153.123
 43644	151.409
 43645	150.981
 43646	159.272
 43647	163.466
 43648	156.03
 43649	149.974
 43650	155.294
 43651	159.895
 43652	156.766
 43653	155.11
 43654	159.659
 43655	160.431
 43656	162.736
 43657	165.171
 43658	164.866
 43659	166.953
 43660	172.246
 43661	171.364
 43662	167.19
 43663	163.661
 43664	167.432
 43665	169.258
 43666	168.116
 43667	168.211
 43668	172.683
 43669	173.597
 43670	169.99
 43671	166.829
 43672	164.885
 43673	163.331
 43674	159.9
 43675	158.85
 43676	162.073
 43677	168.501
 43678	170.646
 43679	168.848
 43680	169.521
 43681	168.424
 43682	163.475
 43683	164.148
 43684	167.486
 43685	171.411
 43686	173.972
 43687	175.983
 43688	177.248
 43689	176.384
 43690	174.727
 43691	168.404
 43692	161.426
 43693	165.222
 43694	170.41
 43695	166.034
 43696	160.939
 43697	162.627
 43698	162.205
 43699	157.951
 43700	151.019
 43701	153.43
 43702	155.692
 43703	158.113
 43704	158.448
 43705	155.398
 43706	152.138
 43707	153.264
 43708	148.318
 43709	142.598
 43710	142.75
 43711	145.992
 43712	148.62
 43713	150.674
 43714	146.253
 43715	145.367
 43716	150.967
 43717	152.159
 43718	149.956
 43719	151.165
 43720	156.457
 43721	161.99
 43722	162.468
 43723	159.072
 43724	159.254
 43725	160.728
 43726	162.387
 43727	159.196
 43728	155.279
 43729	156.838
 43730	162.255
 43731	160.779
 43732	154.406
 43733	155.295
 43734	159.997
 43735	162.921
 43736	164.834
 43737	166.383
 43738	166.067
 43739	166.319
 43740	162.89
 43741	161.145
 43742	160.504
 43743	163.273
 43744	164.803
 43745	166.884
 43746	166.103
 43747	163.334
 43748	159.008
 43749	159.165
 43750	158.774
 43751	156.214
 43752	157.875
 43753	164.395
 43754	168.703
 43755	167.046
 43756	167.602
 43757	167.499
 43758	165.89
 43759	162.355
 43760	164.048
 43761	161.904
 43762	162.253
 43763	165.022
 43764	163.87
 43765	155.134
 43766	152.943
 43767	154.34
 43768	150.602
 43769	147.384
 43770	154.112
 43771	157.717
 43772	154.476
 43773	156.58
 43774	160.845
 43775	160.085
 43776	157.088
 43777	161.56
 43778	164.379
 43779	164.212
 43780	163.399
 43781	165.654
 43782	165.234
 43783	166.036
 43784	167.966
 43785	169.899
 43786	168.714
 43787	168.514
 43788	168.694
 43789	166.436
 43790	168.28
 43791	172.264
 43792	172.72
 43793	167.892
 43794	162.631
 43795	161.575
 43796	163.053
 43797	159.447
 43798	158.026
 43799	158.544
 43800	162.636
 43801	163.858
 43802	161.428
 43803	156.544
 43804	158.878
 43805	157.129
 43806	152.985
 43807	155.339
 43808	164.136
 43809	164.572
 43810	159.92
 43811	160.851
 43812	163.043
 43813	164.154
 43814	166.05
 43815	164.093
 43816	162.479
 43817	168.708
 43818	171.901
 43819	170.045
 43820	170.129
 43821	172.613
 43822	175.57
 43823	176.966
 43824	169.217
 43825	160.274
 43826	159.84
 43827	160.744
 43828	162.9
 43829	165.577
 43830	167.659
 43831	165.633
 43832	159.765
 43833	153.663
 43834	154.443
 43835	155.227
 43836	157.321
 43837	164.215
 43838	169.392
 43839	166.476
 43840	162.213
 43841	166.08
 43842	169.019
 43843	165.007
 43844	162.244
 43845	167.125
 43846	168.661
 43847	169.105
 43848	169.187
 43849	166.722
 43850	164.499
 43851	166.805
 43852	165.621
 43853	164.146
 43854	163.346
 43855	162.549
 43856	158.391
 43857	153.138
 43858	150.049
 43859	146.157
 43860	141.65
 43861	144.382
 43862	150.771
 43863	151.356
 43864	149.806
 43865	154.355
 43866	154.241
 43867	154.471
 43868	154.838
 43869	153.892
 43870	155.574
 43871	162.004
 43872	162.388
 43873	152.79
 43874	153.505
 43875	160.786
 43876	155.89
 43877	149.339
 43878	156.585
 43879	162.891
 43880	161.503
 43881	159.092
 43882	164.713
 43883	163.081
 43884	153.326
 43885	145.407
 43886	147.273
 43887	144.939
 43888	143.537
 43889	148.035
 43890	152.581
 43891	150.98
 43892	146.06
 43893	144.217
 43894	150.424
 43895	150.839
 43896	150.155
 43897	160.245
 43898	166.239
 43899	163.201
 43900	161.097
 43901	163.503
 43902	165.309
 43903	166.014
 43904	167.358
 43905	168.566
 43906	167.714
 43907	167.777
 43908	169.721
 43909	167.473
 43910	163.143
 43911	160.283
 43912	156.796
 43913	150.507
 43914	146.683
 43915	147.694
 43916	147.689
 43917	145.045
 43918	147.067
 43919	139.392
 43920	130.158
 43921	132.875
 43922	138.287
 43923	135.254
 43924	134.514
 43925	141.339
 43926	144.078
 43927	140.184
 43928	137.923
 43929	139.051
 43930	139.136
 43931	139.604
 43932	135.959
 43933	137.847
 43934	144.495
 43935	145.668
 43936	142.965
 43937	145.138
 43938	146.609
 43939	146.116
 43940	139.731
 43941	141.305
 43942	150.964
 43943	151.194
 43944	144.974
 43945	145.955
 43946	148.766
 43947	144.565
 43948	139.685
 43949	145.382
 43950	153.385
 43951	149.751
 43952	146.049
 43953	149.91
 43954	152.225
 43955	148.974
 43956	146.73
 43957	149.546
 43958	153.675
 43959	149.973
 43960	146.94
 43961	147.494
 43962	147.131
 43963	148.864
 43964	149.193
 43965	148.206
 43966	144.286
 43967	140.127
 43968	142.645
 43969	146.068
 43970	144.587
 43971	141.875
 43972	142.109
 43973	144.193
 43974	139.024
 43975	132.019
 43976	133.142
 43977	134.654
 43978	131.164
 43979	129.671
 43980	130.54
 43981	129.508
 43982	129.328
 43983	127.56
 43984	130.059
 43985	128.143
 43986	128.39
 43987	131.206
 43988	134.256
 43989	131.498
 43990	128.529
 43991	127.972
 43992	129.368
 43993	128.004
 43994	131.33
 43995	132.319
 43996	129.923
 43997	130.899
 43998	133.171
 43999	123.71
 44000	119.44
 44001	120.859
 44002	124.002
 44003	122.106
 44004	117.988
 44005	124.345
 44006	129.698
 44007	125.323
 44008	122.982
 44009	129.097
 44010	130.194
 44011	126.055
 44012	125.262
 44013	128.242
 44014	124.925
 44015	120.485
 44016	122.285
 44017	123.484
 44018	118.962
 44019	123.538
 44020	128.015
 44021	124.749
 44022	115.831
 44023	117.349
 44024	124.236
 44025	123.658
 44026	120.978
 44027	126.215
 44028	128.721
 44029	127.952
 44030	130.92
 44031	134.118
 44032	136.623
 44033	137.322
 44034	135.871
 44035	137.181
 44036	135.594
 44037	130.778
 44038	130.108
 44039	134.597
 44040	135.657
 44041	128.023
 44042	122.881
 44043	126.658
 44044	126.41
 44045	120.086
 44046	118.571
 44047	123.722
 44048	129.496
 44049	129.982
 44050	128.467
 44051	127.886
 44052	128.416
 44053	131.175
 44054	129.792
 44055	128.179
 44056	135.217
 44057	145.287
 44058	150.017
 44059	151.895
 44060	152.143
 44061	148.995
 44062	146.285
 44063	145.575
 44064	144.754
 44065	141.941
 44066	143.211
 44067	147.287
 44068	140.78
 44069	131.21
 44070	133.769
 44071	136.717
 44072	136.649
 44073	137.28
 44074	139.304
 44075	138.787
 44076	140.326
 44077	143.169
 44078	144.499
 44079	142.403
 44080	145.348
 44081	148.931
 44082	150.186
 44083	150.082
 44084	148.404
 44085	149.921
 44086	152.027
 44087	149.046
 44088	149.981
 44089	151.547
 44090	155.098
 44091	158.362
 44092	158.227
 44093	155.579
 44094	154.466
 44095	153.091
 44096	152.816
 44097	149.449
 44098	148.985
 44099	152.438
 44100	153.233
 44101	151.03
 44102	150.465
 44103	150.926
 44104	151.14
 44105	149.638
 44106	152.038
 44107	154.265
 44108	147.982
 44109	143.607
 44110	147.374
 44111	151.944
 44112	153.59
 44113	149.005
 44114	146.192
 44115	153.134
 44116	152.697
 44117	145.866
 44118	145.61
 44119	149.572
 44120	147.721
 44121	146.938
 44122	150.161
 44123	154.571
 44124	151.62
 44125	151.807
 44126	154.427
 44127	154.283
 44128	148.156
 44129	144.474
 44130	146.382
 44131	148.729
 44132	141.731
 44133	142.301
 44134	146.581
 44135	142.7
 44136	139.576
 44137	139.462
 44138	134.755
 44139	137.453
 44140	142.939
 44141	141.652
 44142	140.529
 44143	141.502
 44144	138.539
 44145	137.808
 44146	139.431
 44147	140.242
 44148	139.332
 44149	140.54
 44150	142.373
 44151	141.482
 44152	135.233
 44153	135.624
 44154	143.033
 44155	142.91
 44156	141.041
 44157	148.066
 44158	149.889
 44159	148.312
 44160	150.929
 44161	152.363
 44162	150.193
 44163	149.201
 44164	154.743
 44165	159.98
 44166	156.307
 44167	148.984
 44168	146.473
 44169	148.691
 44170	147.356
 44171	144.515
 44172	148.274
 44173	152.04
 44174	149.614
 44175	150.011
 44176	153.023
 44177	150.985
 44178	147.787
 44179	149.736
 44180	153.624
 44181	154.413
 44182	153.08
 44183	156.343
 44184	158.306
 44185	153.874
 44186	154.004
 44187	157.131
 44188	157.05
 44189	157.413
 44190	161.397
 44191	159.184
 44192	155.34
 44193	158.062
 44194	163.005
 44195	160.299
 44196	160.486
 44197	160.987
 44198	160.777
 44199	159.176
 44200	159.838
 44201	160.306
 44202	159.638
 44203	153.642
 44204	152.796
 44205	156.878
 44206	157.214
 44207	155.306
 44208	158.197
 44209	164.366
 44210	165.464
 44211	165.751
 44212	167.387
 44213	169.876
 44214	168.021
 44215	164.295
 44216	158.847
 44217	160.362
 44218	159.858
 44219	157.654
 44220	157.75
 44221	154.647
 44222	148.866
 44223	149.196
 44224	149.214
 44225	148.459
 44226	147.426
 44227	146.105
 44228	145.811
 44229	145.877
 44230	144.181
 44231	141.982
 44232	142.825
 44233	148.167
 44234	146.473
 44235	140.083
 44236	135.838
 44237	137.553
 44238	139.327
 44239	138.025
 44240	138.531
 44241	144.251
 44242	146.452
 44243	148.681
 44244	153.137
 44245	154.318
 44246	150.671
 44247	151.633
 44248	157.02
 44249	160.553
 44250	160.011
 44251	162.062
 44252	165.969
 44253	165.482
 44254	157.851
 44255	151.576
 44256	150.208
 44257	151.093
 44258	146.754
 44259	143.629
 44260	148.105
 44261	148.586
 44262	147.901
 44263	149.794
 44264	147.674
 44265	147.964
 44266	154.774
 44267	158.62
 44268	155.163
 44269	151.63
 44270	154.492
 44271	153.794
 44272	148.245
 44273	147.687
 44274	149.019
 44275	146.869
 44276	144.583
 44277	149.296
 44278	153.584
 44279	149.839
 44280	152.289
 44281	159.107
 44282	156.108
 44283	152.222
 44284	158.228
 44285	168.048
 44286	173.4
 44287	171.382
 44288	169.848
 44289	164.974
 44290	162.378
 44291	161.871
 44292	162.664
 44293	162.2
 44294	165.776
 44295	168.008
 44296	168.867
 44297	162.115
 44298	157.854
 44299	155.536
 44300	154.587
 44301	152.052
 44302	152.56
 44303	156.747
 44304	162.224
 44305	163.173
 44306	160.771
 44307	157.591
 44308	157.129
 44309	159.016
 44310	163.414
 44311	165.322
 44312	163.711
 44313	163.173
 44314	161.491
 44315	160.942
 44316	156.17
 44317	153.298
 44318	155.245
 44319	156.989
 44320	154.549
 44321	153.13
 44322	155.634
 44323	158.846
 44324	156.423
 44325	153.444
 44326	153.245
 44327	151.399
 44328	145.029
 44329	143.557
 44330	146.514
 44331	147.607
 44332	146.7
 44333	146.415
 44334	145.545
 44335	145.146
 44336	145.848
 44337	145.927
 44338	148.434
 44339	152.135
 44340	155.992
 44341	152.899
 44342	148.691
 44343	148.671
 44344	147.575
 44345	145.98
 44346	144.757
 44347	147.891
 44348	150.796
 44349	149.754
 44350	146.142
 44351	149.023
 44352	152.58
 44353	152.161
 44354	153.757
 44355	155.731
 44356	155.031
 44357	154.55
 44358	157.317
 44359	154.898
 44360	149.876
 44361	147.255
 44362	146.355
 44363	145.57
 44364	148.111
 44365	152.882
 44366	152.696
 44367	148.95
 44368	144.983
 44369	145.554
 44370	148.954
 44371	146.241
 44372	144.065
 44373	147.702
 44374	147.403
 44375	139.648
 44376	139.208
 44377	142.67
 44378	139.248
 44379	134.867
 44380	137.507
 44381	140.7
 44382	138.164
 44383	135.625
 44384	138.167
 44385	143.1
 44386	143.786
 44387	144.628
 44388	150.504
 44389	154.547
 44390	151.83
 44391	145.867
 44392	144.24
 44393	143.545
 44394	145.016
 44395	147.422
 44396	150.876
 44397	154.034
 44398	158.433
 44399	153.706
 44400	146.382
 44401	145.816
 44402	146.643
 44403	142.894
 44404	139.118
 44405	139.127
 44406	143.995
 44407	145.367
 44408	143.948
 44409	136.806
 44410	136.619
 44411	134.461
 44412	130.805
 44413	128.577
 44414	132.118
 44415	128.121
 44416	126.798
 44417	131.01
 44418	136.057
 44419	135.829
 44420	137.161
 44421	142.005
 44422	142.064
 44423	139.463
 44424	139.285
 44425	142.841
 44426	146.127
 44427	148.069
 44428	152.634
 44429	153.031
 44430	153.593
 44431	157.233
 44432	154.311
 44433	148.007
 44434	147.063
 44435	152.862
 44436	155.054
 44437	153.571
 44438	158.478
 44439	162.887
 44440	160.071
 44441	155.61
 44442	154.184
 44443	157.056
 44444	157.855
 44445	153.853
 44446	152.981
 44447	156.79
 44448	157.601
 44449	152.422
 44450	154.441
 44451	159.878
 44452	155.037
 44453	147.177
 44454	148.419
 44455	147.573
 44456	141.025
 44457	142.37
 44458	148.187
 44459	148.011
 44460	146.826
 44461	148.273
 44462	147.737
 44463	144.719
 44464	142.711
 44465	143.507
 44466	142.877
 44467	144.885
 44468	151.44
 44469	157.119
 44470	152.964
 44471	149.731
 44472	148.879
 44473	152.369
 44474	151.464
 44475	151.699
 44476	157.85
 44477	163.811
 44478	161.496
 44479	157.496
 44480	157.402
 44481	156.567
 44482	150.473
 44483	151.614
 44484	158.046
 44485	158.483
 44486	161.55
 44487	167.196
 44488	163.397
 44489	152.893
 44490	149.741
 44491	151.582
 44492	148.105
 44493	146.687
 44494	150.732
 44495	154.554
 44496	151.147
 44497	143.562
 44498	140.87
 44499	140.947
 44500	141.035
 44501	142.605
 44502	144.54
 44503	139.339
 44504	136.329
 44505	139.824
 44506	137.186
 44507	132.892
 44508	135.329
 44509	138.064
 44510	139.999
 44511	141.545
 44512	141.207
 44513	137.588
 44514	136.776
 44515	138.14
 44516	138.735
 44517	138.727
 44518	140.964
 44519	137.532
 44520	134.223
 44521	132.128
 44522	130.327
 44523	126.277
 44524	124.074
 44525	123.266
 44526	123.342
 44527	124.037
 44528	128.609
 44529	129.768
 44530	124.81
 44531	125.488
 44532	125.215
 44533	117.459
 44534	114.215
 44535	121.525
 44536	123.634
 44537	115.513
 44538	114.899
 44539	119.417
 44540	116.047
 44541	113.828
 44542	116.26
 44543	123.1
 44544	118.757
 44545	115.886
 44546	113.426
 44547	114.994
 44548	117.05
 44549	118.195
 44550	116.831
 44551	122.066
 44552	130.147
 44553	130.589
 44554	124.767
 44555	125.981
 44556	131.261
 44557	132.309
 44558	128.551
 44559	130.986
 44560	136.13
 44561	139.359
 44562	136.988
 44563	137.019
 44564	142.147
 44565	148.222
 44566	152.309
 44567	153.293
 44568	158.622
 44569	161.654
 44570	161.931
 44571	158.127
 44572	156.671
 44573	154.722
 44574	151.622
 44575	152.989
 44576	156.226
 44577	157.596
 44578	157.975
 44579	161.566
 44580	162.2
 44581	161.727
 44582	161.746
 44583	159.919
 44584	157.294
 44585	161.983
 44586	165.286
 44587	160.518
 44588	156.755
 44589	164.907
 44590	169.207
 44591	165.361
 44592	159.274
 44593	159.361
 44594	154.403
 44595	147.613
 44596	146.277
 44597	147.361
 44598	143.968
 44599	145.189
 44600	149.432
 44601	145.624
 44602	143.558
 44603	144.157
 44604	141.677
 44605	141.887
 44606	145.712
 44607	144.191
 44608	144.588
 44609	150.965
 44610	152.969
 44611	148.794
 44612	149.476
 44613	153.767
 44614	154.092
 44615	154.722
 44616	158.66
 44617	159.064
 44618	160.971
 44619	168.357
 44620	169.897
 44621	164.036
 44622	164.808
 44623	169.623
 44624	167.765
 44625	167.522
 44626	176.079
 44627	-176.182
 44628	-176.827
 44629	-176.909
 44630	-171.519
 44631	-173.695
 44632	177.288
 44633	177.522
 44634	-172.353
 44635	-168.474
 44636	-170.376
 44637	-172.352
 44638	-169.699
 44639	-170.954
 44640	-176.858
 44641	177.346
 44642	174.038
 44643	169.964
 44644	168.921
 44645	169.805
 44646	167.511
 44647	161.068
 44648	160.881
 44649	161.616
 44650	154.606
 44651	147.663
 44652	147.15
 44653	152.535
 44654	150.286
 44655	147.628
 44656	147.928
 44657	149.301
 44658	153.055
 44659	157.412
 44660	157.719
 44661	156.516
 44662	157.863
 44663	159.117
 44664	151.493
 44665	150.43
 44666	156.554
 44667	158.638
 44668	152.941
 44669	152.876
 44670	153.578
 44671	148.98
 44672	144.267
 44673	150.978
 44674	158.135
 44675	152.879
 44676	148.944
 44677	156.021
 44678	155.612
 44679	150.631
 44680	150.811
 44681	153.839
 44682	155.694
 44683	159.401
 44684	164.333
 44685	160.747
 44686	154.806
 44687	153.495
 44688	155.503
 44689	151.183
 44690	147.469
 44691	152.52
 44692	159.275
 44693	159.709
 44694	153.012
 44695	150.189
 44696	153.279
 44697	158.023
 44698	155.678
 44699	152.744
 44700	155.066
 44701	160.846
 44702	157.928
 44703	155.464
 44704	159.46
 44705	165.451
 44706	161.942
 44707	161.499
 44708	161.353
 44709	163.282
 44710	163.037
 44711	162.428
 44712	154.569
 44713	150.662
 44714	149.377
 44715	151.337
 44716	149.624
 44717	145.824
 44718	141.54
 44719	140.862
 44720	139.645
 44721	140.911
 44722	144.214
 44723	140.592
 44724	141.242
 44725	146.805
 44726	147.223
 44727	140.209
 44728	141.463
 44729	146.125
 44730	145.326
 44731	139.201
 44732	139.115
 44733	138.771
 44734	140.498
 44735	140.422
 44736	140.995
 44737	142.736
 44738	147.39
 44739	147.79
 44740	147.239
 44741	146.031
 44742	146.333
 44743	149.554
 44744	152.75
 44745	153.701
 44746	156.032
 44747	157.169
 44748	157.364
 44749	156.904
 44750	156.029
 44751	154.578
 44752	156.616
 44753	160.942
 44754	163.129
 44755	159.617
 44756	157.43
 44757	158.929
 44758	163.664
 44759	163.824
 44760	163.29
 44761	164.036
 44762	167.594
 44763	168.376
 44764	164.277
 44765	159.2
 44766	158.739
 44767	161.068
 44768	161.175
 44769	160.596
 44770	162.478
 44771	162.317
 44772	157.649
 44773	155.525
 44774	156.978
 44775	157.927
 44776	155.519
 44777	156.596
 44778	160.598
 44779	162.137
 44780	156.261
 44781	152.181
 44782	152.779
 44783	151.436
 44784	144.692
 44785	145.407
 44786	148.207
 44787	146.058
 44788	142.161
 44789	141.246
 44790	137.518
 44791	137.789
 44792	139.108
 44793	139.43
 44794	142.086
 44795	147.164
 44796	145.455
 44797	143.125
 44798	146.885
 44799	153.268
 44800	151.932
 44801	148.765
 44802	153.095
 44803	157.779
 44804	152.806
 44805	148.324
 44806	146.361
 44807	142.821
 44808	139.726
 44809	140.587
 44810	138.893
 44811	134.974
 44812	135.317
 44813	134.415
 44814	127.501
 44815	121.27
 44816	120.6
 44817	125.97
 44818	133.507
 44819	137.482
 44820	136.423
 44821	140.296
 44822	143.238
 44823	140.518
 44824	136.3
 44825	135.206
 44826	135.483
 44827	138.358
 44828	143.771
 44829	150.105
 44830	149.313
 44831	147.097
 44832	152.035
 44833	155.817
 44834	150.136
 44835	148.218
 44836	155.574
 44837	162.257
 44838	159.585
 44839	155.654
 44840	158.529
 44841	158.514
 44842	152.154
 44843	146.902
 44844	143.595
 44845	141.576
 44846	142.891
 44847	145.608
 44848	146.906
 44849	149.409
 44850	152.426
 44851	150.011
 44852	148.477
 44853	148.748
 44854	152.886
 44855	155.424
 44856	155.994
 44857	156.956
 44858	159.768
 44859	160.444
 44860	161.339
 44861	155.605
 44862	148.225
 44863	147.727
 44864	151.302
 44865	154.579
 44866	159.512
 44867	165.611
 44868	165.901
 44869	163.541
 44870	162.74
 44871	164.123
 44872	163.109
 44873	164.2
 44874	168.797
 44875	177.387
 44876	-178.412
 44877	-176.095
 44878	-178.521
 44879	177.648
 44880	176.748
 44881	178.512
 44882	176.708
 44883	178.508
 44884	-175.98
 44885	-171.452
 44886	-171.172
 44887	-171.43
 44888	-172.994
 44889	-176.769
 44890	-179.473
 44891	-178.15
 44892	-174.317
 44893	-172.323
 44894	-170.812
 44895	-169.849
 44896	-170.526
 44897	-171.112
 44898	-172.86
 44899	-178.379
 44900	179.293
 44901	-177.483
 44902	-175.57
 44903	178.719
 44904	169.265
 44905	167.035
 44906	167.695
 44907	165.071
 44908	159.767
 44909	158.068
 44910	158.674
 44911	158.032
 44912	157.512
 44913	158.015
 44914	159.785
 44915	160.425
 44916	158.699
 44917	156.698
 44918	159.792
 44919	161.609
 44920	158.833
 44921	155.625
 44922	156.93
 44923	158.092
 44924	161.038
 44925	162.063
 44926	163.839
 44927	163.129
 44928	160.953
 44929	161.013
 44930	161.159
 44931	156.735
 44932	162.927
 44933	169.866
 44934	168.064
 44935	161.955
 44936	164.119
 44937	165.534
 44938	161.705
 44939	154.321
 44940	156.736
 44941	164.261
 44942	165.867
 44943	161.29
 44944	158.064
 44945	157.275
 44946	158.532
 44947	158.34
 44948	152.428
 44949	152.538
 44950	159.952
 44951	166.685
 44952	165.522
 44953	159.994
 44954	156.478
 44955	158.411
 44956	160.154
 44957	156.275
 44958	155.35
 44959	159.178
 44960	164.008
 44961	164.398
 44962	164.023
 44963	163.004
 44964	163.365
 44965	160.682
 44966	159.734
 44967	159.617
 44968	160.901
 44969	156.672
 44970	156.854
 44971	154.335
 44972	151.907
 44973	154.299
 44974	157.054
 44975	153.777
 44976	153.344
 44977	153.568
 44978	153.417
 44979	153.615
 44980	152.507
 44981	150.619
 44982	152.819
 44983	158.141
 44984	157.892
 44985	156.422
 44986	156.341
 44987	159.312
 44988	154.618
 44989	150.19
 44990	157.644
 44991	165.39
 44992	159.647
 44993	160.207
 44994	163.208
 44995	164.391
 44996	161.939
 44997	161.813
 44998	163.85
 44999	167.322
 45000	169.877
 45001	171.031
 45002	170.375
 45003	166.223
 45004	163.654
 45005	163.976
 45006	163.857
 45007	164.05
 45008	166.698
 45009	167.649
 45010	164.854
 45011	161.541
 45012	158.454
 45013	156.121
 45014	157.203
 45015	158.445
 45016	157.387
 45017	157.015
 45018	156.964
 45019	157.526
 45020	157.11
 45021	155.91
 45022	153.282
 45023	153.461
 45024	150.527
 45025	146.112
 45026	143.788
 45027	144.16
 45028	143.256
 45029	143.678
 45030	141.975
 45031	139.12
 45032	139.995
 45033	145.781
 45034	147.34
 45035	148.149
 45036	152.631
 45037	159.808
 45038	165.184
 45039	162.951
 45040	161.98
 45041	163.148
 45042	163.893
 45043	162.167
 45044	160.562
 45045	159.94
 45046	157.334
 45047	153.996
 45048	154.088
 45049	151.742
 45050	145.617
 45051	143.19
 45052	144.516
 45053	148.8
 45054	151.918
 45055	148.671
 45056	146.031
 45057	151.516
 45058	153.019
 45059	153.121
 45060	152.576
 45061	155.557
 45062	157.585
 45063	159.205
 45064	156.704
 45065	152.584
 45066	151.083
 45067	154.757
 45068	158.538
 45069	160.212
 45070	163.497
 45071	168.893
 45072	167.421
 45073	160.197
 45074	157.855
 45075	158.858
 45076	161.911
 45077	167.258
 45078	172.763
 45079	173.073
 45080	173.501
 45081	170.646
 45082	164.648
 45083	158.748
 45084	158.627
 45085	162.436
 45086	161.825
 45087	161.094
 45088	159.202
 45089	151.598
 45090	143.996
 45091	142.307
 45092	142.843
 45093	146.057
 45094	148.768
 45095	148.013
 45096	147.472
 45097	149.888
 45098	148.733
 45099	144.814
 45100	145.565
 45101	151.213
 45102	150.776
 45103	148.982
 45104	149.646
 45105	148.326
 45106	144.632
 45107	142.164
 45108	145.856
 45109	147.394
 45110	142.452
 45111	142.534
 45112	143.328
 45113	139.457
 45114	137.892
 45115	143.657
 45116	148.852
 45117	152.177
 45118	154.894
 45119	153.415
 45120	146.244
 45121	142.944
 45122	141.316
 45123	133.844
 45124	140.296
 45125	153.326
 45126	157.791
 45127	153.942
 45128	150.177
 45129	145.705
 45130	143.967
 45131	138.873
 45132	134.783
 45133	138.646
 45134	146.287
 45135	145.661
 45136	141.181
 45137	139.948
 45138	142.05
 45139	139.573
 45140	143.472
 45141	150.633
 45142	150.456
 45143	147.952
 45144	156.508
 45145	161.918
 45146	155.287
 45147	154.871
 45148	163.363
 45149	166.208
 45150	158.107
 45151	160.28
 45152	163.259
 45153	159.867
 45154	160.775
 45155	165.986
 45156	163.103
 45157	161.645
 45158	168.192
 45159	169.177
 45160	160.47
 45161	158.515
 45162	169.791
 45163	178.489
 45164	179.218
 45165	174.785
 45166	171.089
 45167	170.036
 45168	169.912
 45169	164.48
 45170	163.411
 45171	168.218
 45172	172.331
 45173	167.389
 45174	160.732
 45175	156.872
 45176	156.804
 45177	152.592
 45178	149.129
 45179	151.539
 45180	154.466
 45181	154.042
 45182	156.438
 45183	155.675
 45184	149.301
 45185	147.346
 45186	154.692
 45187	160.889
 45188	156.124
 45189	157.302
 45190	162.828
 45191	159.353
 45192	151.478
 45193	152.615
 45194	161.849
 45195	167.121
 45196	163.9
 45197	166.542
 45198	165.447
 45199	160.664
 45200	161.926
 45201	166.862
 45202	166.747
 45203	165.149
 45204	168.847
 45205	173.299
 45206	170.436
 45207	167.119
 45208	165.84
 45209	167.496
 45210	164.801
 45211	163.623
 45212	166.38
 45213	164.022
 45214	159.732
 45215	163.304
 45216	164.452
 45217	156.581
 45218	155.729
 45219	162.579
 45220	163.664
 45221	153.329
 45222	149.648
 45223	152.435
 45224	149.501
 45225	145.953
 45226	145.838
 45227	149.115
 45228	153.535
 45229	149.129
 45230	145.75
 45231	147.091
 45232	146.461
 45233	145.765
 45234	149.468
 45235	153.003
 45236	155.106
 45237	154.061
 45238	151.484
 45239	150.984
 45240	149.419
 45241	151.086
 45242	161.128
 45243	170.314
 45244	168.01
 45245	160.475
 45246	159.298
 45247	155.889
 45248	149.123
 45249	151.18
 45250	159.413
 45251	165.479
 45252	171.248
 45253	169.177
 45254	161.858
 45255	156.21
 45256	153.369
 45257	154.99
 45258	153.649
 45259	150.645
 45260	155.68
 45261	160.478
 45262	158.594
 45263	154.28
 45264	153.667
 45265	155.618
 45266	154.595
 45267	153.393
 45268	153.971
 45269	153.84
 45270	153.619
 45271	153.566
 45272	154.919
 45273	153.91
 45274	150.069
 45275	148.757
 45276	156.725
 45277	158.256
 45278	155.652
 45279	154.482
 45280	157.022
 45281	157.208
 45282	155.048
 45283	151.554
 45284	152.825
 45285	157.118
 45286	161.769
 45287	161.815
 45288	155.674
 45289	155.178
 45290	159.907
 45291	156.184
 45292	148.563
 45293	151.582
 45294	157.533
 45295	156.563
 45296	152.644
 45297	153.024
 45298	150.246
 45299	149.965
 45300	152.414
 45301	153.738
 45302	149.256
 45303	146.643
 45304	146.883
 45305	149.802
 45306	143.491
 45307	142.347
 45308	149.058
 45309	151.917
 45310	146.558
 45311	146.28
 45312	152.914
 45313	155.566
 45314	150.595
 45315	147.57
 45316	149.064
 45317	147.152
 45318	143.343
 45319	144.254
 45320	146.339
 45321	141.142
 45322	138.013
 45323	143.772
 45324	144.328
 45325	135.667
 45326	132.55
 45327	135.997
 45328	134.524
 45329	131.904
 45330	136.374
 45331	140.713
 45332	142.576
 45333	142.43
 45334	144.875
 45335	146.792
 45336	147.188
 45337	148.858
 45338	152.313
 45339	149.758
 45340	145.101
 45341	148.983
 45342	157.914
 45343	157.295
 45344	154.771
 45345	159.295
 45346	163.725
 45347	158.727
 45348	152.692
 45349	158.758
 45350	161.889
 45351	156.554
 45352	157.113
 45353	159.752
 45354	157.038
 45355	159.194
 45356	162.157
 45357	156.763
 45358	154.554
 45359	161.584
 45360	164.654
 45361	158.245
 45362	156.171
 45363	157.485
 45364	156.769
 45365	154.714
 45366	148.22
 45367	145.094
 45368	146.839
 45369	150.33
 45370	152.244
 45371	155.401
 45372	155.393
 45373	153.755
 45374	153.39
 45375	151.811
 45376	147.801
 45377	149.497
 45378	159.049
 45379	165.004
 45380	162.023
 45381	160.97
 45382	166.603
 45383	169.712
 45384	166.787
 45385	165.532
 45386	170.714
 45387	170.482
 45388	167.358
 45389	166.004
 45390	161.431
 45391	155.582
 45392	154.595
 45393	150.964
 45394	149.17
 45395	148.098
 45396	151.584
 45397	149.815
 45398	147.513
 45399	147.973
 45400	149.417
 45401	147.748
 45402	149.205
 45403	151.786
 45404	155.622
 45405	152.391
 45406	151.449
 45407	154.457
 45408	155.555
 45409	152.59
 45410	153.495
 45411	151.818
 45412	151.507
 45413	149.616
 45414	145.412
 45415	144.01
 45416	145.614
 45417	142.652
 45418	141.736
 45419	140.556
 45420	140.298
 45421	140.186
 45422	138.357
 45423	139.045
 45424	140.285
 45425	136.662
 45426	138.391
 45427	143.722
 45428	144.57
 45429	141.363
 45430	144.266
 45431	146.031
 45432	142.68
 45433	147.647
 45434	155.746
 45435	150.323
 45436	148.853
 45437	157.331
 45438	157.463
 45439	155.227
 45440	155.301
 45441	156.454
 45442	161.448
 45443	158.843
 45444	155.531
 45445	156.499
 45446	156.725
 45447	158.212
 45448	159.007
 45449	158.492
 45450	161.558
 45451	165.265
 45452	164.015
 45453	157.664
 45454	153.031
 45455	158.241
 45456	160.256
 45457	156.819
 45458	158.41
 45459	163.247
 45460	162.991
 45461	156.866
 45462	152.707
 45463	152.63
 45464	151.806
 45465	149.452
 45466	152.896
 45467	152.588
 45468	150.741
 45469	149.507
 45470	147.248
 45471	150.392
 45472	149.549
 45473	152.008
 45474	156.911
 45475	154.669
 45476	151.578
 45477	155.762
 45478	156.952
 45479	156.537
 45480	160.517
 45481	162.545
 45482	162.671
 45483	162.658
 45484	162.089
 45485	161.652
 45486	157.816
 45487	157.426
 45488	160.762
 45489	162.868
 45490	163.353
 45491	163.371
 45492	166.142
 45493	162.353
 45494	155.525
 45495	160.557
 45496	162.646
 45497	156.939
 45498	156.45
 45499	160.023
 45500	159.337
 45501	151.152
 45502	148.968
 45503	155.386
 45504	158.256
 45505	155.159
 45506	153.286
 45507	153.779
 45508	154.306
 45509	152.663
 45510	150.945
 45511	150.943
 45512	154.402
 45513	159.972
 45514	157.811
 45515	148.333
 45516	148.627
 45517	151.617
 45518	148.9
 45519	147.525
 45520	151.751
 45521	158.511
 45522	158.818
 45523	153.069
 45524	152.006
 45525	148.56
 45526	148.944
 45527	157.323
 45528	162.09
 45529	163.782
 45530	163.009
 45531	165.625
 45532	164.356
 45533	159.81
 45534	156.018
 45535	160.319
 45536	161.72
 45537	166.772
 45538	167.711
 45539	167.704
 45540	163.905
 45541	161.119
 45542	160.997
 45543	164.258
 45544	163.222
 45545	167.956
 45546	168.323
 45547	166.271
 45548	161.718
 45549	158.292
 45550	158.722
 45551	162.045
 45552	159.366
 45553	158.972
 45554	157.347
 45555	154.732
 45556	153.917
 45557	149.296
 45558	149.272
 45559	147.749
 45560	149.496
 45561	155.269
 45562	152.598
 45563	148.082
 45564	148.343
 45565	147.896
 45566	147.722
 45567	150.585
 45568	152.568
 45569	157.088
 45570	161.144
 45571	161.743
 45572	160.367
 45573	154.504
 45574	150.239
 45575	149.288
 45576	150.673
 45577	152.712
 45578	146.626
 45579	144.569
 45580	145.193
 45581	141.185
 45582	136.319
 45583	132.665
 45584	131.284
 45585	137.491
 45586	137.959
 45587	133.29
 45588	132.702
 45589	130.745
 45590	128.81
 45591	133.681
 45592	131.582
 45593	129.976
 45594	131.739
 45595	132.805
 45596	128.989
 45597	120.269
 45598	122.646
 45599	129.886
 45600	136.372
 45601	141.961
 45602	145.855
 45603	146.223
 45604	145.367
 45605	143.439
 45606	143.728
 45607	140.599
 45608	145.575
 45609	158.381
 45610	167.082
 45611	165.751
 45612	160.882
 45613	153.297
 45614	155.014
 45615	152.09
 45616	153.828
 45617	160.913
 45618	164.034
 45619	163.586
 45620	161.972
 45621	153.765
 45622	149.965
 45623	149.263
 45624	145.072
 45625	143.587
 45626	140.848
 45627	143.361
 45628	145.376
 45629	144.217
 45630	142.697
 45631	137.374
 45632	136.819
 45633	132.667
 45634	129.326
 45635	134.677
 45636	137.35
 45637	133.475
 45638	139.847
 45639	137.83
 45640	136.535
 45641	138.285
 45642	135.216
 45643	136.19
 45644	144.701
 45645	152.171
 45646	154.854
 45647	153.999
 45648	153.497
 45649	151.58
 45650	147.235
 45651	149.341
 45652	152.511
 45653	151.177
 45654	150.682
 45655	152.704
 45656	152.979
 45657	151.01
 45658	146.994
 45659	150.058
 45660	153.59
 45661	159.669
 45662	165.421
 45663	167.666
 45664	167.656
 45665	171.708
 45666	171.093
 45667	166.077
 45668	164.867
 45669	170.112
 45670	175.426
 45671	170.717
 45672	165.675
 45673	166.461
 45674	166.497
 45675	160.78
 45676	152.034
 45677	155.937
 45678	168.582
 45679	165.353
 45680	155.713
 45681	155.283
 45682	164.615
 45683	165.785
 45684	160.146
 45685	163.968
 45686	174.031
 45687	174.825
 45688	172.928
 45689	167.173
 45690	166.706
 45691	173.164
 45692	177.109
 45693	171.411
 45694	169.321
 45695	169.846
 45696	166.111
 45697	154.002
 45698	147.132
 45699	149.815
 45700	154.281
 45701	158.335
 45702	157.651
 45703	152.181
 45704	150.011
 45705	147.588
 45706	144.948
 45707	143.951
 45708	147.379
 45709	152.489
 45710	155.322
 45711	156.139
 45712	156.079
 45713	153.361
 45714	154.779
 45715	155.072
 45716	156.899
 45717	159.973
 45718	162.89
 45719	164.635
 45720	162.873
 45721	161.731
 45722	162.781
 45723	162.182
 45724	162.449
 45725	169.733
 45726	173.586
 45727	173.79
 45728	175.186
 45729	179.088
 45730	179.292
 45731	-179.854
 45732	-176.774
 45733	-171.339
 45734	-172.038
 45735	-169.454
 45736	-170.588
 45737	-176.957
 45738	174.331
 45739	179.097
 45740	-177.231
 45741	176.859
 45742	166.126
 45743	172.532
 45744	176.095
 45745	163.771
 45746	157.037
 45747	162.019
 45748	163.275
 45749	162.403
 45750	164.549
 45751	161.043
 45752	157.58
 45753	155.223
 45754	155.503
 45755	155.3
 45756	160.297
 45757	163.988
 45758	161.199
 45759	155.968
 45760	152.365
 45761	154.1
 45762	156.394
 45763	154.239
 45764	154.88
 45765	155.414
 45766	156.395
 45767	155.761
 45768	156.096
 45769	157.229
 45770	160.317
 45771	162.314
 45772	166.805
 45773	169.209
 45774	170.758
 45775	170.945
 45776	173.12
 45777	175.633
 45778	176.088
 45779	178.392
 45780	178.958
 45781	175.78
 45782	171.281
 45783	168.465
 45784	173.46
 45785	179.672
 45786	178.399
 45787	174.714
 45788	176.977
 45789	-178.282
 45790	176.673
 45791	168.757
 45792	172.549
 45793	179.273
 45794	177.992
 45795	173.298
 45796	173.129
 45797	173.9
 45798	172.872
 45799	170.57
 45800	169.759
 45801	167.322
 45802	169.094
 45803	171.225
 45804	173.041
 45805	170.437
 45806	168.836
 45807	169.071
 45808	169.225
 45809	165.479
 45810	160.164
 45811	154.861
 45812	156.151
 45813	161.444
 45814	163.303
 45815	159.138
 45816	159.414
 45817	165.465
 45818	164.282
 45819	154.52
 45820	149.131
 45821	153.804
 45822	157.826
 45823	157.325
 45824	160.32
 45825	163.42
 45826	164.922
 45827	164.761
 45828	164.811
 45829	164.575
 45830	161.697
 45831	161.865
 45832	166.279
 45833	165.13
 45834	161.686
 45835	168.244
 45836	170.282
 45837	162.942
 45838	158.283
 45839	161.331
 45840	162.729
 45841	165.635
 45842	167.276
 45843	166.411
 45844	163.759
 45845	164.943
 45846	164.44
 45847	159.274
 45848	155.722
 45849	160.432
 45850	167.227
 45851	166.397
 45852	161.322
 45853	164.468
 45854	165.442
 45855	163.992
 45856	163.467
 45857	166.061
 45858	162.801
 45859	160.789
 45860	166.673
 45861	163.369
 45862	154.528
 45863	157.847
 45864	166.83
 45865	161.817
 45866	149.264
 45867	147.081
 45868	153.598
 45869	147.518
 45870	143.822
 45871	151.649
 45872	156.404
 45873	156.602
 45874	154.557
 45875	152.897
 45876	155.676
 45877	159.838
 45878	163.307
 45879	163.569
 45880	170.373
 45881	171.626
 45882	162.064
 45883	155.732
 45884	162.068
 45885	164.205
 45886	158.858
 45887	159.767
 45888	158.942
 45889	152.311
 45890	149.43
 45891	150.724
 45892	147.231
 45893	144.804
 45894	146.926
 45895	147.744
 45896	148.784
 45897	154.318
 45898	153.674
 45899	148.144
 45900	144.618
 45901	149.262
 45902	149.835
 45903	147.018
 45904	144.626
 45905	149.749
 45906	150.35
 45907	144.565
 45908	141.494
 45909	143.982
 45910	144.066
 45911	140.601
 45912	139.37
 45913	144.698
 45914	149.779
 45915	146.023
 45916	142.596
 45917	143.222
 45918	143.348
 45919	144.972
 45920	143.552
 45921	141.954
 45922	141.915
 45923	151.447
 45924	153.088
 45925	144.438
 45926	144.717
 45927	152.957
 45928	157.476
 45929	153.974
 45930	154.041
 45931	159.949
 45932	165.491
 45933	165.039
 45934	161.666
 45935	161.411
 45936	159.744
 45937	156.397
 45938	154.022
 45939	153.411
 45940	152.586
 45941	152.151
 45942	157.12
 45943	163.405
 45944	155.317
 45945	141.857
 45946	146.014
 45947	155.456
 45948	156.414
 45949	151.619
 45950	160.631
 45951	169.778
 45952	169.508
 45953	160.528
 45954	156.331
 45955	154.899
 45956	161.805
 45957	166.738
 45958	167.441
 45959	167.503
 45960	175.528
 45961	179.532
 45962	176.15
 45963	170.764
 45964	173.039
 45965	173.401
 45966	175.795
 45967	175.67
 45968	167.13
 45969	162.585
 45970	169.681
 45971	166.048
 45972	157.728
 45973	156.463
 45974	157.823
 45975	153.315
 45976	151.417
 45977	154.37
 45978	154.006
 45979	153.243
 45980	158.908
 45981	159.416
 45982	152.447
 45983	152.67
 45984	160.822
 45985	163.06
 45986	156.72
 45987	157.017
 45988	165.303
 45989	165.832
 45990	159.893
 45991	162.996
 45992	164.685
 45993	159.368
 45994	154.924
 45995	160.704
 45996	165.868
 45997	166.204
 45998	166.756
 45999	165.701
 46000	169.073
 46001	171.486
 46002	162.697
 46003	158.486
 46004	163.298
 46005	168.912
 46006	169.251
 46007	163.878
 46008	158.634
 46009	160.149
 46010	164.662
 46011	160.427
 46012	153.005
 46013	154.175
 46014	158.418
 46015	157.565
 46016	155.368
 46017	154.473
 46018	157.568
 46019	160.418
 46020	164.665
 46021	166.798
 46022	165.877
 46023	165.264
 46024	171.847
 46025	173.849
 46026	171.213
 46027	169.942
 46028	172.53
 46029	176.798
 46030	177.876
 46031	170.591
 46032	167.405
 46033	172.346
 46034	172.805
 46035	166.849
 46036	165.135
 46037	170.378
 46038	168.596
 46039	168.306
 46040	168.572
 46041	169.53
 46042	169.884
 46043	173.47
 46044	175.999
 46045	170.509
 46046	164.586
 46047	167.187
 46048	166.893
 46049	162.057
 46050	161.901
 46051	165.568
 46052	160.914
 46053	159.272
 46054	161.754
 46055	160.112
 46056	160.712
 46057	167.622
 46058	169.439
 46059	167.319
 46060	166.58
 46061	173.519
 46062	177.488
 46063	174.351
 46064	171.078
 46065	174.959
 46066	179.215
 46067	179.412
 46068	176.342
 46069	172.553
 46070	174.853
 46071	177.657
 46072	176.375
 46073	174.774
 46074	174.199
 46075	169.972
 46076	163.949
 46077	160.59
 46078	162.825
 46079	165.361
 46080	164.143
 46081	159.109
 46082	158.418
 46083	161.349
 46084	153.546
 46085	143.965
 46086	145.671
 46087	153.199
 46088	158.467
 46089	158.353
 46090	159.257
 46091	160.251
 46092	160.109
 46093	156.627
 46094	156.34
 46095	161.448
 46096	166.939
 46097	172.884
 46098	172.333
 46099	167.858
 46100	165.516
 46101	165.6
 46102	165.528
 46103	167.436
 46104	170.482
 46105	173.357
 46106	172.51
 46107	166.927
 46108	159.655
 46109	155.586
 46110	159.279
 46111	159.488
 46112	156.676
 46113	155.838
 46114	154.53
 46115	151.286
 46116	149.41
 46117	145.969
 46118	144.629
 46119	148.413
 46120	148.785
 46121	150.931
 46122	150.867
 46123	149.316
 46124	150.186
 46125	149.806
 46126	152.222
 46127	151.909
 46128	152.746
 46129	155.582
 46130	155.786
 46131	157.849
 46132	156.949
 46133	156.487
 46134	165.6
 46135	168.083
 46136	156.93
 46137	152.633
 46138	153.579
 46139	150.308
 46140	146.707
 46141	148.658
 46142	151.615
 46143	154.188
 46144	154.622
 46145	150.494
 46146	142.507
 46147	135.685
 46148	139.596
 46149	145.003
 46150	143.608
 46151	150.299
 46152	158.872
 46153	158.015
 46154	150.142
 46155	148.19
 46156	145.196
 46157	145.244
 46158	147.132
 46159	152.745
 46160	153.972
 46161	154.548
 46162	153.96
 46163	152.522
 46164	149.018
 46165	150.915
 46166	150.126
 46167	152.339
 46168	152.712
 46169	158.191
 46170	158.005
 46171	156.38
 46172	157.942
 46173	155.821
 46174	150.222
 46175	153
 46176	153.114
 46177	150.926
 46178	152.399
 46179	154.358
 46180	154.286
 46181	155.378
 46182	156.75
 46183	157.617
 46184	158.889
 46185	156.263
 46186	156.068
 46187	160.67
 46188	167.02
 46189	166.81
 46190	165.827
 46191	170.541
 46192	173.666
 46193	166.024
 46194	161.075
 46195	163.804
 46196	168.828
 46197	164.281
 46198	165.167
 46199	166.125
 46200	163.101
 46201	160.09
 46202	162.5
 46203	158.024
 46204	159.083
 46205	165.498
 46206	170.643
 46207	165.191
 46208	165.095
 46209	164.903
 46210	162.263
 46211	161.286
 46212	163.447
 46213	164.093
 46214	161.78
 46215	160.05
 46216	160.753
 46217	160.875
 46218	161.56
 46219	164.289
 46220	165.415
 46221	162.87
 46222	162.12
 46223	164.136
 46224	162.095
 46225	160.818
 46226	163.026
 46227	168.525
 46228	169.791
 46229	167.757
 46230	163.892
 46231	160.846
 46232	158.866
 46233	154.248
 46234	154.29
 46235	158.414
 46236	153.708
 46237	149.49
 46238	148.422
 46239	147.548
 46240	147.628
 46241	149.139
 46242	151.421
 46243	154.913
 46244	155.245
 46245	155.714
 46246	159.026
 46247	155.967
 46248	148.14
 46249	148.694
 46250	153.802
 46251	155.243
 46252	155.606
 46253	159.272
 46254	161.858
 46255	155.931
 46256	152.975
 46257	151.597
 46258	146.881
 46259	148.871
 46260	153.257
 46261	152.988
 46262	146.624
 46263	143.94
 46264	147.267
 46265	143.926
 46266	140.694
 46267	145.727
 46268	152.064
 46269	153.139
 46270	151.053
 46271	154.874
 46272	160.265
 46273	159.648
 46274	158.912
 46275	164.642
 46276	167.027
 46277	166.565
 46278	164.171
 46279	165.116
 46280	164.119
 46281	158.778
 46282	157.369
 46283	162.704
 46284	164.863
 46285	157.195
 46286	152.914
 46287	158.395
 46288	156.06
 46289	151.836
 46290	153.898
 46291	157.242
 46292	160.667
 46293	164.528
 46294	162.858
 46295	160.961
 46296	160.231
 46297	157.14
 46298	153.723
 46299	152.882
 46300	150.854
 46301	147.056
 46302	147.944
 46303	144.673
 46304	139.342
 46305	138.752
 46306	138.329
 46307	134.459
 46308	134.94
 46309	139.258
 46310	138.059
 46311	142.34
 46312	152.185
 46313	148.63
 46314	142.415
 46315	143.726
 46316	149.074
 46317	152.907
 46318	145.392
 46319	142.866
 46320	153.231
 46321	157.452
 46322	150.832
 46323	147.445
 46324	145.212
 46325	149.618
 46326	154.112
 46327	154.828
 46328	154.991
 46329	160.547
 46330	161.542
 46331	158.573
 46332	159.095
 46333	155.818
 46334	150.95
 46335	161.533
 46336	165.139
 46337	158.941
 46338	159.912
 46339	166.002
 46340	165.114
 46341	161.562
 46342	159.252
 46343	165.151
 46344	166.635
 46345	163.701
 46346	164.076
 46347	162.653
 46348	157.402
 46349	156.495
 46350	160.593
 46351	159.336
 46352	154.122
 46353	156.592
 46354	163.932
 46355	161.461
 46356	159.027
 46357	163.939
 46358	172.591
 46359	173.27
 46360	173.215
 46361	174.518
 46362	174.305
 46363	169.913
 46364	174.472
 46365	-179.922
 46366	177.521
 46367	169.793
 46368	168.742
 46369	170.409
 46370	161.538
 46371	149.519
 46372	154.535
 46373	163.025
 46374	162.212
 46375	161.695
 46376	162.219
 46377	160.231
 46378	156.198
 46379	151.283
 46380	153.172
 46381	159.43
 46382	159.072
 46383	158.207
 46384	162.181
 46385	165.302
 46386	163.42
 46387	160.57
 46388	161.852
 46389	157.916
 46390	158.709
 46391	161.907
 46392	160.522
 46393	160.428
 46394	164.358
 46395	161.839
 46396	160.477
 46397	158.291
 46398	157.887
 46399	154.771
 46400	153.851
 46401	157.363
 46402	157.873
 46403	152.502
 46404	153.617
 46405	152.825
 46406	151.394
 46407	151.296
 46408	151.758
 46409	150.257
 46410	150.863
 46411	153.611
 46412	147.147
 46413	140.664
 46414	144.948
 46415	145.734
 46416	140.101
 46417	139.636
 46418	142.55
 46419	138.824
 46420	130.892
 46421	132.045
 46422	134.643
 46423	130.168
 46424	128.46
 46425	129.554
 46426	129.948
 46427	138.375
 46428	141.452
 46429	139.349
 46430	143.256
 46431	152.571
 46432	156.561
 46433	158.665
 46434	159.615
 46435	165.391
 46436	169.421
 46437	165.726
 46438	165.759
 46439	171.779
 46440	176.091
 46441	174.229
 46442	171.814
 46443	173.583
 46444	174.356
 46445	170.434
 46446	169.899
 46447	170.525
 46448	167.296
 46449	165.7
 46450	169.786
 46451	168.177
 46452	158.632
 46453	157.163
 46454	163.037
 46455	160.773
 46456	157.989
 46457	161.693
 46458	162.266
 46459	158.873
 46460	157.943
 46461	156.708
 46462	153.738
 46463	152.345
 46464	155.421
 46465	158.848
 46466	159.039
 46467	156.357
 46468	156.557
 46469	152.364
 46470	147.633
 46471	145.002
 46472	146.123
 46473	147.419
 46474	147.937
 46475	150.2
 46476	153.514
 46477	148.195
 46478	140.174
 46479	138.124
 46480	138.691
 46481	134.385
 46482	137.534
 46483	141.118
 46484	139.733
 46485	139.794
 46486	148.067
 46487	154.804
 46488	153.051
 46489	146.578
 46490	149.488
 46491	157.401
 46492	154.957
 46493	151.883
 46494	159.011
 46495	162.207
 46496	159.616
 46497	158.957
 46498	154.834
 46499	152.209
 46500	153.631
 46501	150.429
 46502	146.844
 46503	149.429
 46504	151.836
 46505	154.137
 46506	154.362
 46507	149.728
 46508	145.011
 46509	143.969
 46510	147.715
 46511	152.28
 46512	152.534
 46513	153.485
 46514	159.118
 46515	158.952
 46516	150.767
 46517	148.771
 46518	149.689
 46519	148.478
 46520	151.268
 46521	155.619
 46522	157.308
 46523	157.957
 46524	161.255
 46525	159.353
 46526	154.787
 46527	158.195
 46528	162.546
 46529	162.332
 46530	159.317
 46531	159.79
 46532	160.074
 46533	157.629
 46534	153.705
 46535	155.595
 46536	158.304
 46537	155.387
 46538	151.625
 46539	151.406
 46540	152.441
 46541	148.57
 46542	145.884
 46543	153.249
 46544	155.94
 46545	153.53
 46546	151.814
 46547	152.411
 46548	152.641
 46549	152.07
 46550	150.803
 46551	154.773
 46552	158.392
 46553	158.727
 46554	156.356
 46555	154.474
 46556	150.06
 46557	144.589
 46558	140.54
 46559	135.629
 46560	137.239
 46561	144.737
 46562	143.133
 46563	138.728
 46564	139.727
 46565	142.81
 46566	141.765
 46567	137.914
 46568	140.485
 46569	147.362
 46570	150.611
 46571	152.926
 46572	154.999
 46573	150.204
 46574	143.511
 46575	144.894
 46576	149.804
 46577	151.232
 46578	147.869
 46579	141.617
 46580	143.562
 46581	147.062
 46582	145.2
 46583	140.072
 46584	139.912
 46585	139.199
 46586	131.231
 46587	132.548
 46588	139.743
 46589	136.192
 46590	128.721
 46591	134.156
 46592	132.042
 46593	127.033
 46594	128.144
 46595	129.604
 46596	128.737
 46597	129.097
 46598	130.546
 46599	127.408
 46600	119.844
 46601	124.937
 46602	130.037
 46603	129.309
 46604	126.905
 46605	129.542
 46606	133.852
 46607	129.832
 46608	124.196
 46609	128.313
 46610	134.789
 46611	140.055
 46612	137.837
 46613	137.131
 46614	141.52
 46615	138.678
 46616	135.523
 46617	139.873
 46618	143.276
 46619	139.169
 46620	138.813
 46621	144.918
 46622	138.285
 46623	126.779
 46624	132.457
 46625	138.579
 46626	132.035
 46627	125.756
 46628	123.595
 46629	130.094
 46630	129.107
 46631	121.345
 46632	122.046
 46633	123.627
 46634	120.64
 46635	118.265
 46636	117.374
 46637	117.141
 46638	117.94
 46639	120.652
 46640	118.563
 46641	115.216
 46642	113.397
 46643	117.534
 46644	122.631
 46645	110.208
 46646	107.43
 46647	114.809
 46648	110.993
 46649	102.166
 46650	108.182
 46651	110.591
 46652	106.353
 46653	107.688
 46654	111.916
 46655	105.938
 46656	101.644
 46657	103.222
 46658	105.859
 46659	98.6896
 46660	99.9223
 46661	107.849
 46662	110.422
 46663	98.0439
 46664	105.292
 46665	112.605
 46666	107.901
 46667	104.356
 46668	108.101
 46669	111.214
 46670	116.299
 46671	118.831
 46672	121.757
 46673	120.624
 46674	121.382
 46675	125.045
 46676	129.244
 46677	128.347
 46678	130.026
 46679	134.108
 46680	137.513
 46681	129.571
 46682	130.779
 46683	131.61
 46684	131.187
 46685	130.29
 46686	131.379
 46687	136.358
 46688	137.522
 46689	130.701
 46690	125.632
 46691	126.184
 46692	126.585
 46693	125.192
 46694	127.209
 46695	126.647
 46696	121.531
 46697	120.674
 46698	118.252
 46699	112.655
 46700	115.085
 46701	118.452
 46702	117.252
 46703	119.344
 46704	117.134
 46705	113.3
 46706	113.095
 46707	112.759
 46708	116.82
 46709	120.678
 46710	116.644
 46711	116.805
 46712	126.665
 46713	124.946
 46714	113.924
 46715	118.12
 46716	126.121
 46717	124.242
 46718	115.661
 46719	114.471
 46720	123.418
 46721	125.128
 46722	117.631
 46723	111.46
 46724	116.751
 46725	118.553
 46726	112.519
 46727	111.052
 46728	110.651
 46729	109.08
 46730	114.663
 46731	113.337
 46732	107.192
 46733	112.775
 46734	115.733
 46735	109.872
 46736	107.419
 46737	106.919
 46738	106.675
 46739	106.099
 46740	105.909
 46741	105.459
 46742	110.162
 46743	109.908
 46744	109
 46745	114.754
 46746	109.942
 46747	106.571
 46748	111.519
 46749	112.659
 46750	112.593
 46751	118.145
 46752	119.928
 46753	120.303
 46754	121.305
 46755	121.834
 46756	120.181
 46757	120.2
 46758	118.437
 46759	120.829
 46760	117.581
 46761	116.525
 46762	122.815
 46763	130.777
 46764	128.71
 46765	131.964
 46766	136.9
 46767	138.087
 46768	135.215
 46769	133.338
 46770	132.479
 46771	133.956
 46772	135.098
 46773	134.652
 46774	133.905
 46775	134.65
 46776	137.055
 46777	137.556
 46778	137.211
 46779	134.089
 46780	131.676
 46781	133.449
 46782	131.915
 46783	125.822
 46784	128.975
 46785	130.759
 46786	124.167
 46787	118.886
 46788	121.82
 46789	119.305
 46790	117.581
 46791	120.374
 46792	119.916
 46793	124.257
 46794	125.248
 46795	127.769
 46796	128.178
 46797	129.937
 46798	126.79
 46799	126.205
 46800	128.163
 46801	129.515
 46802	122.483
 46803	126.545
 46804	131.498
 46805	132.347
 46806	131.226
 46807	137.183
 46808	138.16
 46809	141.024
 46810	146.568
 46811	147.334
 46812	144.129
 46813	149.11
 46814	147.896
 46815	147.172
 46816	152.32
 46817	158.629
 46818	156.087
 46819	152.878
 46820	155.473
 46821	157.32
 46822	154.952
 46823	151.311
 46824	153.095
 46825	156.838
 46826	156.411
 46827	153.838
 46828	151.58
 46829	150.048
 46830	142.914
 46831	139.245
 46832	136.787
 46833	137.157
 46834	139.912
 46835	143.516
 46836	144.836
 46837	140.483
 46838	132.635
 46839	129.592
 46840	128.669
 46841	129.866
 46842	135.282
 46843	143.618
 46844	145.408
 46845	143.776
 46846	147.948
 46847	148.092
 46848	142.136
 46849	141.151
 46850	146.756
 46851	149.973
 46852	149.442
 46853	150.064
 46854	151.824
 46855	146.131
 46856	143.191
 46857	143.291
 46858	145.185
 46859	143.943
 46860	147.166
 46861	151.86
 46862	155.533
 46863	151.031
 46864	147.457
 46865	149.666
 46866	144.716
 46867	137.074
 46868	136.029
 46869	141.874
 46870	142.063
 46871	140.841
 46872	146.571
 46873	149.112
 46874	141.336
 46875	139.696
 46876	144.572
 46877	145.714
 46878	137.198
 46879	134.199
 46880	136.204
 46881	134.843
 46882	131.507
 46883	136.021
 46884	136.384
 46885	132.841
 46886	130.676
 46887	132.894
 46888	129.875
 46889	126.12
 46890	128.738
 46891	136.012
 46892	136.925
 46893	137.638
 46894	144.726
 46895	145.766
 46896	137.87
 46897	134.034
 46898	135.406
 46899	139.173
 46900	138.847
 46901	142.239
 46902	149.044
 46903	150.094
 46904	144.541
 46905	142.933
 46906	143.848
 46907	142.721
 46908	142.547
 46909	145.808
 46910	147
 46911	145.54
 46912	144.894
 46913	149.134
 46914	145.677
 46915	139.302
 46916	137.628
 46917	141.206
 46918	139.674
 46919	137.411
 46920	144.523
 46921	149.091
 46922	143.059
 46923	139.939
 46924	142.304
 46925	139.987
 46926	138.126
 46927	142.875
 46928	149.709
 46929	151.079
 46930	155.178
 46931	155.47
 46932	153.328
 46933	152.232
 46934	150.499
 46935	146.518
 46936	146.425
 46937	144.993
 46938	142.486
 46939	137.589
 46940	137.113
 46941	140.103
 46942	143.17
 46943	142.479
 46944	141.656
 46945	139.18
 46946	138.851
 46947	140.067
 46948	141.377
 46949	143.557
 46950	146.116
 46951	148.307
 46952	145.947
 46953	147.367
 46954	145.553
 46955	139.522
 46956	141.246
 46957	144.794
 46958	139.725
 46959	138.685
 46960	142.612
 46961	143.35
 46962	140.244
 46963	144.16
 46964	144.573
 46965	141.652
 46966	145
 46967	146.617
 46968	141.397
 46969	142.804
 46970	143.776
 46971	143.339
 46972	143.801
 46973	144.623
 46974	140.891
 46975	142.749
 46976	146.366
 46977	148.09
 46978	145.507
 46979	143.065
 46980	141.965
 46981	136.515
 46982	134.758
 46983	135.044
 46984	131.99
 46985	130.283
 46986	137.133
 46987	137.582
 46988	131.151
 46989	129.554
 46990	130.837
 46991	127.086
 46992	120.4
 46993	123.009
 46994	131.248
 46995	134.729
 46996	134.198
 46997	128.577
 46998	126.171
 46999	125.865
 47000	122.217
 47001	119.965
 47002	124.008
 47003	132.195
 47004	138.434
 47005	137.334
 47006	134.767
 47007	138.148
 47008	143.522
 47009	141.206
 47010	136.908
 47011	145.065
 47012	151.225
 47013	146.774
 47014	135.236
 47015	131.291
 47016	132.56
 47017	127.096
 47018	126.211
 47019	132.925
 47020	137.347
 47021	138.095
 47022	133.587
 47023	130.88
 47024	137.718
 47025	141.531
 47026	139.657
 47027	142.502
 47028	146.709
 47029	147.541
 47030	149.21
 47031	143.859
 47032	137.528
 47033	138.316
 47034	138.286
 47035	132.87
 47036	135.82
 47037	145.727
 47038	147.112
 47039	137.578
 47040	136.682
 47041	141.057
 47042	139.995
 47043	138.278
 47044	138.991
 47045	137.081
 47046	136.849
 47047	132.819
 47048	135.553
 47049	133.612
 47050	132.574
 47051	134.349
 47052	131.377
 47053	130.87
 47054	136.03
 47055	134.724
 47056	130.937
 47057	132.464
 47058	137.132
 47059	137.979
 47060	137.619
 47061	143.182
 47062	145.455
 47063	145.194
 47064	144.353
 47065	143.277
 47066	147.396
 47067	149.812
 47068	146.369
 47069	149.297
 47070	152.377
 47071	152.388
 47072	154.194
 47073	156.344
 47074	156.523
 47075	156.986
 47076	156.211
 47077	157.284
 47078	156.599
 47079	154.015
 47080	154.162
 47081	152.029
 47082	150.105
 47083	143.622
 47084	140.384
 47085	140.77
 47086	139.349
 47087	136.194
 47088	131.656
 47089	129.856
 47090	140.009
 47091	140.737
 47092	135.286
 47093	135.365
 47094	138.914
 47095	135.22
 47096	131.389
 47097	136.261
 47098	141.256
 47099	139.74
 47100	138.542
 47101	139.955
 47102	137.421
 47103	135.099
 47104	137.875
 47105	132.874
 47106	127.939
 47107	128.57
 47108	133.417
 47109	132.262
 47110	128.228
 47111	136.158
 47112	137.109
 47113	129.697
 47114	127.783
 47115	127.342
 47116	120.337
 47117	124.955
 47118	131.275
 47119	134.378
 47120	139.565
 47121	145.243
 47122	144.024
 47123	143.457
 47124	144.289
 47125	145.172
 47126	145.132
 47127	148.299
 47128	148.793
 47129	152.857
 47130	155.957
 47131	154.467
 47132	154.557
 47133	155.564
 47134	154.077
 47135	154.188
 47136	156.095
 47137	155.648
 47138	152.058
 47139	151.804
 47140	156.34
 47141	154.056
 47142	149.949
 47143	150.314
 47144	152.709
 47145	149.399
 47146	145.244
 47147	145.657
 47148	143.874
 47149	137.2
 47150	139.183
 47151	142.098
 47152	139.584
 47153	143.696
 47154	148.031
 47155	147.083
 47156	144.445
 47157	150.426
 47158	154.889
 47159	154.485
 47160	150.311
 47161	149.905
 47162	151.253
 47163	152.023
 47164	149.936
 47165	148.964
 47166	148.247
 47167	149.05
 47168	149.236
 47169	148.021
 47170	140.77
 47171	136.656
 47172	137.335
 47173	139.239
 47174	137.937
 47175	138.153
 47176	139.934
 47177	138.822
 47178	134.464
 47179	129.111
 47180	131.528
 47181	132.918
 47182	131.925
 47183	133.095
 47184	134.562
 47185	134.343
 47186	132.092
 47187	128.393
 47188	128.3
 47189	125.943
 47190	125.905
 47191	133.238
 47192	136.015
 47193	137.094
 47194	139.399
 47195	139.296
 47196	133.132
 47197	131.57
 47198	137.375
 47199	139.823
 47200	137.256
 47201	137.861
 47202	137.853
 47203	134.029
 47204	131.062
 47205	127.015
 47206	127.656
 47207	131.27
 47208	128.563
 47209	127.887
 47210	124.557
 47211	123.965
 47212	123.89
 47213	125.706
 47214	124.756
 47215	124.893
 47216	126.16
 47217	125.319
 47218	121.549
 47219	118.365
 47220	117.555
 47221	121.057
 47222	121.233
 47223	119.903
 47224	124.226
 47225	130.307
 47226	125.916
 47227	122.983
 47228	121.905
 47229	122.453
 47230	123.017
 47231	122.935
 47232	124.901
 47233	130.516
 47234	131.279
 47235	126.325
 47236	122.916
 47237	125.896
 47238	127.565
 47239	130.979
 47240	133.815
 47241	137.989
 47242	135.502
 47243	135.304
 47244	132.581
 47245	129.382
 47246	128.628
 47247	134.746
 47248	135.65
 47249	137.463
 47250	135.901
 47251	140.274
 47252	142.627
 47253	142.023
 47254	139.849
 47255	144.983
 47256	145.534
 47257	148.367
 47258	150.26
 47259	150.898
 47260	148.28
 47261	150.202
 47262	149.612
 47263	147.338
 47264	149.665
 47265	153.223
 47266	151.071
 47267	149.222
 47268	145.512
 47269	139.095
 47270	137.948
 47271	142.904
 47272	144.794
 47273	141.322
 47274	140.888
 47275	147.034
 47276	143.428
 47277	138.45
 47278	143.411
 47279	148.385
 47280	145.162
 47281	141.37
 47282	145.314
 47283	148.628
 47284	145.237
 47285	144.219
 47286	145.967
 47287	140.618
 47288	137.686
 47289	138.803
 47290	143.778
 47291	146.032
 47292	143.273
 47293	145.465
 47294	148.399
 47295	146.516
 47296	144.65
 47297	143.442
 47298	143.688
 47299	146.431
 47300	142.717
 47301	139.568
 47302	141.68
 47303	147.245
 47304	149.115
 47305	143.145
 47306	145.121
 47307	155.719
 47308	157.201
 47309	149.092
 47310	151.001
 47311	156.183
 47312	158.194
 47313	157.753
 47314	156.925
 47315	157.515
 47316	160.424
 47317	154.904
 47318	146.616
 47319	145.628
 47320	149.619
 47321	148.516
 47322	146.891
 47323	146.695
 47324	146.728
 47325	143.396
 47326	138.423
 47327	134.678
 47328	135.077
 47329	135.352
 47330	135.189
 47331	137.033
 47332	136.014
 47333	137.975
 47334	136.001
 47335	133.53
 47336	128.174
 47337	125.427
 47338	131.046
 47339	134.699
 47340	132.756
 47341	131.963
 47342	130.034
 47343	130.288
 47344	129.389
 47345	126.225
 47346	126.395
 47347	126.665
 47348	129.037
 47349	132.383
 47350	130.578
 47351	132.275
 47352	136.738
 47353	137.423
 47354	137.098
 47355	137.951
 47356	145.123
 47357	152.059
 47358	149.91
 47359	143.381
 47360	142.292
 47361	146.464
 47362	150.616
 47363	148.119
 47364	148.921
 47365	154.239
 47366	150.333
 47367	143.575
 47368	143.101
 47369	142.6
 47370	142.418
 47371	139.881
 47372	130.485
 47373	129.907
 47374	133.98
 47375	131.261
 47376	125.908
 47377	124.426
 47378	125.718
 47379	127.088
 47380	128.67
 47381	133.066
 47382	134.292
 47383	133.529
 47384	135.483
 47385	132.465
 47386	130.742
 47387	132.658
 47388	138.673
 47389	135.136
 47390	131.986
 47391	139.017
 47392	143.817
 47393	136.58
 47394	137.121
 47395	139.19
 47396	138.678
 47397	137.443
 47398	143.466
 47399	143.809
 47400	143.689
 47401	142.831
 47402	146.249
 47403	146.289
 47404	153.682
 47405	159.55
 47406	159.171
 47407	153.617
 47408	150.962
 47409	152.223
 47410	157.293
 47411	159.261
 47412	160.364
 47413	164.764
 47414	167.925
 47415	164.907
 47416	157.642
 47417	159.206
 47418	166.522
 47419	169.695
 47420	168.3
 47421	168.658
 47422	167.285
 47423	166.591
 47424	162.602
 47425	157.418
 47426	156.983
 47427	163.103
 47428	169.241
 47429	166.51
 47430	158.785
 47431	161.568
 47432	160.219
 47433	153.44
 47434	152.739
 47435	157.966
 47436	161.979
 47437	162.469
 47438	159.916
 47439	158.278
 47440	156.748
 47441	157.723
 47442	157.81
 47443	156.035
 47444	153.306
 47445	158.24
 47446	162.125
 47447	159.305
 47448	152.685
 47449	148.289
 47450	145.966
 47451	144.185
 47452	142.612
 47453	145.936
 47454	152.565
 47455	154.781
 47456	152.701
 47457	151.881
 47458	151.994
 47459	152.757
 47460	155.941
 47461	160.474
 47462	161.337
 47463	162.232
 47464	164.757
 47465	161.593
 47466	157.417
 47467	154.824
 47468	156.447
 47469	156.82
 47470	156.206
 47471	158.005
 47472	159.509
 47473	156.717
 47474	155.37
 47475	152.903
 47476	151.008
 47477	148.876
 47478	150.125
 47479	150.533
 47480	148.692
 47481	143.975
 47482	145.783
 47483	146.555
 47484	149.622
 47485	149.743
 47486	153.185
 47487	153.304
 47488	154.414
 47489	153.044
 47490	147.27
 47491	146.427
 47492	152.349
 47493	150.168
 47494	148.697
 47495	151.926
 47496	152.572
 47497	147.478
 47498	142.466
 47499	140.332
 47500	141.088
 47501	146.555
 47502	152.013
 47503	147.114
 47504	145.73
 47505	149.714
 47506	150.277
 47507	146.564
 47508	145.11
 47509	153.083
 47510	157.91
 47511	155.63
 47512	154.178
 47513	156.348
 47514	156.245
 47515	154.184
 47516	154.546
 47517	153.343
 47518	148.902
 47519	146.181
 47520	147.709
 47521	143.896
 47522	141.463
 47523	141.614
 47524	140.093
 47525	143.021
 47526	144.384
 47527	138.011
 47528	131.096
 47529	135.3
 47530	136.792
 47531	130.273
 47532	126.707
 47533	135.325
 47534	139.737
 47535	143.496
 47536	137.857
 47537	134.716
 47538	138.236
 47539	140.207
 47540	135.04
 47541	131.445
 47542	132.039
 47543	136.487
 47544	138.377
 47545	132.578
 47546	127.244
 47547	128.956
 47548	129.909
 47549	124.505
 47550	124.152
 47551	129.339
 47552	130.293
 47553	128.719
 47554	126.489
 47555	125.134
 47556	129.76
 47557	127.355
 47558	126.028
 47559	129.371
 47560	132.591
 47561	134.444
 47562	137.667
 47563	143.43
 47564	148.462
 47565	147.534
 47566	144.758
 47567	145.928
 47568	145.317
 47569	141.41
 47570	139.881
 47571	145.504
 47572	146.815
 47573	138.462
 47574	132.786
 47575	134.927
 47576	133.2
 47577	128.492
 47578	124.253
 47579	120.617
 47580	121.209
 47581	123.61
 47582	118.707
 47583	115.169
 47584	123.604
 47585	127.657
 47586	123.949
 47587	122.769
 47588	124.593
 47589	124.054
 47590	124.564
 47591	123.307
 47592	123.888
 47593	129.338
 47594	135.936
 47595	134.162
 47596	131.726
 47597	134.764
 47598	134.162
 47599	128.234
 47600	122.866
 47601	122.174
 47602	124.907
 47603	127.617
 47604	132.856
 47605	134.087
 47606	134.304
 47607	134.645
 47608	133.811
 47609	131.545
 47610	131.078
 47611	135.986
 47612	139.518
 47613	143.821
 47614	146.619
 47615	147.067
 47616	146.504
 47617	152.854
 47618	150.005
 47619	143.671
 47620	147.97
 47621	153.598
 47622	154.996
 47623	155.637
 47624	158.551
 47625	156.538
 47626	152.155
 47627	150.242
 47628	147.744
 47629	141.991
 47630	144.69
 47631	154.175
 47632	160.041
 47633	160.935
 47634	157.617
 47635	153.92
 47636	152.474
 47637	149.823
 47638	148.366
 47639	152.202
 47640	157.031
 47641	163.034
 47642	162.91
 47643	158.575
 47644	158.977
 47645	157.151
 47646	147.342
 47647	144.146
 47648	142.257
 47649	141.853
 47650	148.497
 47651	153.36
 47652	145.748
 47653	145.674
 47654	148.314
 47655	147.478
 47656	145.562
 47657	148.301
 47658	149.424
 47659	154.138
 47660	154.349
 47661	150.556
 47662	147.982
 47663	145.885
 47664	141.807
 47665	140.987
 47666	142.436
 47667	142.606
 47668	144.189
 47669	148.91
 47670	151.411
 47671	147.385
 47672	146.906
 47673	146.009
 47674	140.8
 47675	137.804
 47676	138.676
 47677	142.991
 47678	142.271
 47679	142.095
 47680	149.86
 47681	155.185
 47682	147.99
 47683	146.57
 47684	148.19
 47685	137.765
 47686	132.172
 47687	136.774
 47688	139.201
 47689	141.874
 47690	148.465
 47691	151.917
 47692	141.64
 47693	139.466
 47694	140.368
 47695	130.873
 47696	118.295
 47697	123.88
 47698	136.083
 47699	139.555
 47700	137.259
 47701	142.782
 47702	151.061
 47703	145.657
 47704	139.776
 47705	140.666
 47706	141.593
 47707	141.617
 47708	145.849
 47709	148.975
 47710	152.744
 47711	153.251
 47712	153.146
 47713	146.509
 47714	143.517
 47715	144.128
 47716	145.806
 47717	150.091
 47718	151.605
 47719	155.448
 47720	156.711
 47721	152.665
 47722	149.317
 47723	148.223
 47724	145.815
 47725	145.616
 47726	150.369
 47727	149.289
 47728	146.935
 47729	148.689
 47730	146.243
 47731	142.672
 47732	138.659
 47733	139.644
 47734	144.844
 47735	148.857
 47736	149.496
 47737	148.919
 47738	148.951
 47739	151.44
 47740	147.03
 47741	143.507
 47742	149.953
 47743	153.027
 47744	152.273
 47745	148.846
 47746	145.567
 47747	145.54
 47748	143.166
 47749	138.028
 47750	141.807
 47751	147.574
 47752	147.657
 47753	146.581
 47754	145.654
 47755	144.093
 47756	140.634
 47757	135.612
 47758	133.735
 47759	137.768
 47760	146.054
 47761	147.937
 47762	149.339
 47763	150.864
 47764	148.501
 47765	146.379
 47766	144.375
 47767	139.233
 47768	142.174
 47769	147.658
 47770	148.065
 47771	148.559
 47772	154.005
 47773	155.974
 47774	152.497
 47775	151.965
 47776	153.895
 47777	155.485
 47778	159.201
 47779	161.433
 47780	161.647
 47781	159.646
 47782	155.27
 47783	153.825
 47784	154.577
 47785	155.393
 47786	153.557
 47787	150.617
 47788	152.69
 47789	156.839
 47790	152.334
 47791	144.524
 47792	148.184
 47793	147.24
 47794	145.009
 47795	142.202
 47796	144.883
 47797	147.07
 47798	147.186
 47799	147.081
 47800	145.066
 47801	144.007
 47802	149.963
 47803	154.011
 47804	150.707
 47805	143.094
 47806	146.642
 47807	152.202
 47808	151.042
 47809	143.086
 47810	146.664
 47811	148.228
 47812	146.403
 47813	141.743
 47814	142.943
 47815	142.938
 47816	144.231
 47817	148.609
 47818	154.145
 47819	149.851
 47820	149.524
 47821	152.927
 47822	146.91
 47823	137.085
 47824	138.582
 47825	139.723
 47826	140.904
 47827	144.843
 47828	152.369
 47829	150.3
 47830	145.911
 47831	148.218
 47832	151.125
 47833	147.854
 47834	144.546
 47835	145.729
 47836	147.557
 47837	151.512
 47838	151.479
 47839	146.37
 47840	143.655
 47841	142.714
 47842	141.488
 47843	142.337
 47844	143.697
 47845	152.241
 47846	157.851
 47847	158.319
 47848	154.197
 47849	157.451
 47850	165.312
 47851	162.233
 47852	149.536
 47853	155.379
 47854	161.8
 47855	160.868
 47856	159.479
 47857	160.534
 47858	156.999
 47859	155.856
 47860	156.402
 47861	152.816
 47862	146.542
 47863	153.523
 47864	153.78
 47865	146.371
 47866	143.986
 47867	153.976
 47868	154.495
 47869	147.13
 47870	147.987
 47871	157.444
 47872	154.622
 47873	148.046
 47874	150.095
 47875	156.132
 47876	152.739
 47877	150.428
 47878	147.845
 47879	150.052
 47880	153.73
 47881	151.801
 47882	146.887
 47883	154.591
 47884	160.039
 47885	157.9
 47886	154.988
 47887	160.127
 47888	164.562
 47889	160.605
 47890	152.656
 47891	147.404
 47892	150.469
 47893	154.181
 47894	149.418
 47895	147.47
 47896	151.701
 47897	149.972
 47898	149.115
 47899	147.094
 47900	141.652
 47901	143.739
 47902	147.177
 47903	140.336
 47904	139.118
 47905	144.733
 47906	149.067
 47907	142.204
 47908	135.723
 47909	140.193
 47910	142.209
 47911	135.87
 47912	133.792
 47913	137.959
 47914	139.771
 47915	134.526
 47916	137.718
 47917	139.163
 47918	137.883
 47919	138.754
 47920	145.158
 47921	144.947
 47922	143.399
 47923	143.891
 47924	146.156
 47925	146.959
 47926	145.069
 47927	145.923
 47928	151.559
 47929	147.026
 47930	139.588
 47931	137.923
 47932	138.324
 47933	134.161
 47934	131.099
 47935	130.55
 47936	128.498
 47937	130.44
 47938	132.778
 47939	132.55
 47940	128.761
 47941	129.803
 47942	132.911
 47943	137.482
 47944	136.811
 47945	130.563
 47946	132.314
 47947	136.804
 47948	128.353
 47949	122.068
 47950	124.394
 47951	126.389
 47952	125.216
 47953	122.849
 47954	120.653
 47955	123.447
 47956	123.1
 47957	121.671
 47958	122.966
 47959	123.398
 47960	124.56
 47961	130.282
 47962	134.204
 47963	131.394
 47964	132.762
 47965	137.493
 47966	132.675
 47967	130.863
 47968	136.623
 47969	138.003
 47970	135.668
 47971	135.176
 47972	133.032
 47973	132.062
 47974	134.967
 47975	137.009
 47976	137.41
 47977	134.547
 47978	135.584
 47979	138.662
 47980	136.422
 47981	133.456
 47982	133.458
 47983	138.865
 47984	140.965
 47985	142.564
 47986	148.424
 47987	153.119
 47988	151.661
 47989	151.183
 47990	153.486
 47991	152.905
 47992	150.695
 47993	151.326
 47994	156.987
 47995	157.686
 47996	156.352
 47997	162.388
 47998	167.054
 47999	162.155
 48000	159.079
 48001	157.597
 48002	157.641
 48003	159.029
 48004	164.321
 48005	163.123
 48006	162.033
 48007	162.517
 48008	167.019
 48009	163.019
 48010	158.071
 48011	155.454
 48012	157.516
 48013	158.388
 48014	160.579
 48015	159.431
 48016	160.103
 48017	160.829
 48018	162.037
 48019	156.115
 48020	149.938
 48021	149.129
 48022	150.436
 48023	146.943
 48024	145.251
 48025	148.026
 48026	153.275
 48027	150.902
 48028	149.213
 48029	152.48
 48030	152.165
 48031	148.564
 48032	148.847
 48033	150.319
 48034	148.62
 48035	148.851
 48036	153.124
 48037	153.926
 48038	148.468
 48039	143.435
 48040	142.531
 48041	142.945
 48042	141.887
 48043	141.944
 48044	145.536
 48045	145.986
 48046	144.111
 48047	143.149
 48048	141.258
 48049	138.823
 48050	129.283
 48051	123.991
 48052	124.069
 48053	127.78
 48054	132.054
 48055	134.668
 48056	136.205
 48057	137.287
 48058	138.11
 48059	136.2
 48060	130.389
 48061	129.979
 48062	138.203
 48063	143.429
 48064	139.148
 48065	143.265
 48066	150.152
 48067	151.636
 48068	145.882
 48069	144.264
 48070	145.519
 48071	151.895
 48072	152.07
 48073	147.868
 48074	147.3
 48075	158.832
 48076	161.461
 48077	155.06
 48078	151.795
 48079	157.217
 48080	153.954
 48081	145.807
 48082	138.748
 48083	143.332
 48084	143.832
 48085	142.265
 48086	137.503
 48087	132.561
 48088	130.79
 48089	133.379
 48090	127.584
 48091	128.129
 48092	135.002
 48093	136.011
 48094	134.489
 48095	138.571
 48096	138.03
 48097	137.259
 48098	140.738
 48099	141.625
 48100	140.084
 48101	146.144
 48102	148.778
 48103	144.725
 48104	146.553
 48105	150.1
 48106	150.237
 48107	146.291
 48108	145.967
 48109	146.056
 48110	147.887
 48111	146.739
 48112	148.411
 48113	149.663
 48114	150.077
 48115	148.79
 48116	146.61
 48117	142.389
 48118	146.077
 48119	146.119
 48120	140.888
 48121	138.36
 48122	138.043
 48123	139.936
 48124	137.585
 48125	135.536
 48126	136.31
 48127	133.665
 48128	129.244
 48129	123.397
 48130	119.083
 48131	125.794
 48132	130.081
 48133	130.308
 48134	131.632
 48135	131.237
 48136	127.067
 48137	126.146
 48138	126.627
 48139	126.887
 48140	126.522
 48141	130.15
 48142	132.475
 48143	126.915
 48144	126.937
 48145	131.572
 48146	129.853
 48147	127.36
 48148	126.001
 48149	126.237
 48150	129.086
 48151	133.924
 48152	131.431
 48153	130.135
 48154	134.236
 48155	132.438
 48156	129.242
 48157	126.203
 48158	122.239
 48159	118.513
 48160	120.811
 48161	121.174
 48162	117.724
 48163	117.994
 48164	117.842
 48165	122.988
 48166	123.624
 48167	120.544
 48168	122.661
 48169	130.506
 48170	134.435
 48171	131.854
 48172	133.579
 48173	138.698
 48174	139.203
 48175	133.065
 48176	131.634
 48177	128.878
 48178	132.017
 48179	136.534
 48180	136.387
 48181	138.989
 48182	144.888
 48183	143.678
 48184	140.727
 48185	137.479
 48186	135.726
 48187	137.678
 48188	139.379
 48189	136.142
 48190	136.772
 48191	131.344
 48192	126.092
 48193	126.27
 48194	129.858
 48195	129.49
 48196	128.596
 48197	127.744
 48198	130.145
 48199	122.915
 48200	115.287
 48201	115.638
 48202	121.633
 48203	122.696
 48204	121.186
 48205	125.125
 48206	128.34
 48207	125.578
 48208	120.34
 48209	118.954
 48210	119.671
 48211	121.033
 48212	122.914
 48213	121.987
 48214	121.655
 48215	122.77
 48216	123.481
 48217	114.588
 48218	109.422
 48219	115.726
 48220	120.98
 48221	119.277
 48222	117.697
 48223	126.298
 48224	131.762
 48225	125.081
 48226	127.264
 48227	129.804
 48228	127.402
 48229	129.097
 48230	131.145
 48231	130.98
 48232	131.87
 48233	133.09
 48234	132.186
 48235	132.665
 48236	137.449
 48237	141.582
 48238	135.519
 48239	132.798
 48240	135.433
 48241	137.282
 48242	134.047
 48243	133.972
 48244	145.993
 48245	152.113
 48246	145.599
 48247	145.048
 48248	145.699
 48249	144.369
 48250	142.224
 48251	141.932
 48252	146.02
 48253	151.278
 48254	154.345
 48255	154.344
 48256	151.868
 48257	147.799
 48258	144.929
 48259	147.025
 48260	146.406
 48261	151.517
 48262	156.04
 48263	147.618
 48264	144.257
 48265	147.969
 48266	147.449
 48267	141.433
 48268	138.909
 48269	143.443
 48270	145.938
 48271	144.691
 48272	142.778
 48273	144.229
 48274	146.307
 48275	140.446
 48276	136.853
 48277	138.782
 48278	141.333
 48279	146.295
 48280	146.678
 48281	148.032
 48282	150.103
 48283	153.797
 48284	155.485
 48285	153.163
 48286	151.042
 48287	152.075
 48288	153.282
 48289	149.421
 48290	145.671
 48291	147.675
 48292	147.737
 48293	143.556
 48294	145.645
 48295	148.814
 48296	143.814
 48297	144.759
 48298	145.82
 48299	139.642
 48300	137.147
 48301	141.276
 48302	146.292
 48303	145.939
 48304	140.767
 48305	142.925
 48306	144.067
 48307	143.953
 48308	141.555
 48309	139.41
 48310	142.109
 48311	149.408
 48312	148.61
 48313	147.298
 48314	148.135
 48315	147.338
 48316	142.593
 48317	136.597
 48318	131.071
 48319	137.426
 48320	143.63
 48321	143.092
 48322	144.077
 48323	144.044
 48324	143.812
 48325	141.19
 48326	137.55
 48327	141.545
 48328	142.24
 48329	146.084
 48330	146.423
 48331	144.518
 48332	147.558
 48333	151.002
 48334	151.403
 48335	148.571
 48336	148.562
 48337	147.095
 48338	144.297
 48339	144.902
 48340	142.492
 48341	138.323
 48342	140.824
 48343	149.624
 48344	147.452
 48345	137.921
 48346	137.371
 48347	143.392
 48348	145.14
 48349	145.215
 48350	147.072
 48351	145.159
 48352	143.801
 48353	139.868
 48354	137.068
 48355	138.888
 48356	145.131
 48357	150.106
 48358	146.749
 48359	141.558
 48360	144.877
 48361	147.53
 48362	142.67
 48363	141.828
 48364	149.294
 48365	154.959
 48366	155.847
 48367	154.005
 48368	157.423
 48369	159.525
 48370	153.404
 48371	150.946
 48372	156.199
 48373	161.471
 48374	160.986
 48375	162.859
 48376	161.61
 48377	159.265
 48378	158.448
 48379	157.353
 48380	154.139
 48381	153.319
 48382	156.415
 48383	152.96
 48384	149.653
 48385	148.145
 48386	144.529
 48387	140.805
 48388	135.607
 48389	134.327
 48390	135.588
 48391	137.816
 48392	137.274
 48393	135.463
 48394	135.629
 48395	129.248
 48396	132.203
 48397	134.817
 48398	127.581
 48399	123.463
 48400	125.626
 48401	128.15
 48402	124.514
 48403	127.36
 48404	133.167
 48405	131.149
 48406	126.59
 48407	127.2
 48408	128.195
 48409	129.866
 48410	132.241
 48411	132.907
 48412	132.896
 48413	134.426
 48414	131.853
 48415	127.817
 48416	121.81
 48417	125.948
 48418	129.928
 48419	130.568
 48420	130.899
 48421	138.556
 48422	138.265
 48423	131.442
 48424	128.297
 48425	127.642
 48426	127.288
 48427	126.408
 48428	125.53
 48429	126.212
 48430	124.544
 48431	121.135
 48432	115.57
 48433	113.055
 48434	117.233
 48435	115.058
 48436	115.981
 48437	124.736
 48438	127.529
 48439	121.165
 48440	122.337
 48441	126.994
 48442	123.013
 48443	121.278
 48444	124.051
 48445	125.39
 48446	125.664
 48447	129.102
 48448	131.283
 48449	132.399
 48450	135.797
 48451	134.748
 48452	131.457
 48453	129.916
 48454	130.331
 48455	130.491
 48456	127.045
 48457	126.476
 48458	127.47
 48459	135.749
 48460	134.678
 48461	132.372
 48462	138.713
 48463	141.283
 48464	138.725
 48465	140.17
 48466	142.157
 48467	144.353
 48468	150.35
 48469	150.466
 48470	150.463
 48471	152.487
 48472	149.038
 48473	145.841
 48474	145.398
 48475	140.387
 48476	139.617
 48477	142.714
 48478	142.006
 48479	138.942
 48480	138.102
 48481	135.813
 48482	132.068
 48483	125.866
 48484	123.857
 48485	122.482
 48486	124.479
 48487	124.166
 48488	123.374
 48489	123.162
 48490	121.203
 48491	120.065
 48492	121.307
 48493	117.786
 48494	114.681
 48495	116.677
 48496	118.633
 48497	111.762
 48498	106.967
 48499	109.525
 48500	115.028
 48501	115.31
 48502	118.857
 48503	123.63
 48504	128.116
 48505	132.993
 48506	129.096
 48507	126.547
 48508	132.24
 48509	136.1
 48510	136.114
 48511	132.071
 48512	136.689
 48513	144.097
 48514	143.726
 48515	139.804
 48516	140.979
 48517	145.158
 48518	150.404
 48519	152.027
 48520	155.35
 48521	159.301
 48522	153.695
 48523	147.438
 48524	143.929
 48525	140.667
 48526	144.653
 48527	148.69
 48528	146.932
 48529	146.317
 48530	143.254
 48531	134.326
 48532	131.965
 48533	130.881
 48534	129.834
 48535	129.905
 48536	137.606
 48537	146.334
 48538	144.627
 48539	136.295
 48540	131.241
 48541	132.123
 48542	136.978
 48543	140.577
 48544	138.404
 48545	139.328
 48546	143.422
 48547	142.289
 48548	135.238
 48549	131.727
 48550	138.418
 48551	141.91
 48552	138.396
 48553	137.582
 48554	140.977
 48555	139.587
 48556	138.264
 48557	144.111
 48558	142.898
 48559	142.501
 48560	144.198
 48561	143.605
 48562	138.563
 48563	140.321
 48564	138.413
 48565	139.289
 48566	139.881
 48567	136.694
 48568	135.273
 48569	137.54
 48570	133.481
 48571	132.474
 48572	139.343
 48573	142.906
 48574	142.204
 48575	143.34
 48576	143.292
 48577	138.96
 48578	138.898
 48579	140.203
 48580	140.514
 48581	145.007
 48582	150.223
 48583	152.253
 48584	150.764
 48585	146.628
 48586	146.012
 48587	147.348
 48588	143.838
 48589	142.384
 48590	147.544
 48591	150.03
 48592	146.987
 48593	139.944
 48594	136.054
 48595	138.709
 48596	138.8
 48597	135.391
 48598	136.412
 48599	140.342
 48600	141.882
 48601	141.324
 48602	136.437
 48603	137.214
 48604	142.08
 48605	150.486
 48606	146.795
 48607	145.405
 48608	147.82
 48609	147.219
 48610	142.128
 48611	141.496
 48612	141.838
 48613	143.404
 48614	148.831
 48615	149.448
 48616	144.368
 48617	140.848
 48618	141.222
 48619	137.438
 48620	130.995
 48621	134.336
 48622	142.666
 48623	144.707
 48624	144.071
 48625	141.427
 48626	135.395
 48627	134.573
 48628	129.802
 48629	123.141
 48630	123.16
 48631	125.737
 48632	127.734
 48633	131.091
 48634	130.529
 48635	127.579
 48636	125.344
 48637	126.715
 48638	125.569
 48639	126.088
 48640	131.608
 48641	135.931
 48642	134.127
 48643	134.074
 48644	134.554
 48645	138.544
 48646	137.574
 48647	139.853
 48648	144.337
 48649	143.971
 48650	142.69
 48651	150.143
 48652	149.178
 48653	140.351
 48654	138.605
 48655	141.589
 48656	138.583
 48657	136.678
 48658	139.321
 48659	138.249
 48660	133.085
 48661	133.368
 48662	135.33
 48663	131.252
 48664	129.607
 48665	127.252
 48666	126.563
 48667	122.942
 48668	121.234
 48669	123.676
 48670	128.767
 48671	126.13
 48672	123.649
 48673	129.969
 48674	139.386
 48675	141.254
 48676	139.734
 48677	145.209
 48678	151.394
 48679	148.698
 48680	145.601
 48681	148.619
 48682	151.875
 48683	151.008
 48684	147.588
 48685	147.354
 48686	147.401
 48687	147.725
 48688	151.466
 48689	148.49
 48690	144.546
 48691	148.564
 48692	150.949
 48693	148.016
 48694	143.535
 48695	144.755
 48696	145.877
 48697	137.113
 48698	129.023
 48699	136.316
 48700	139.846
 48701	133.474
 48702	134.797
 48703	135.966
 48704	136.591
 48705	136.129
 48706	135.74
 48707	129.603
 48708	126.601
 48709	125.567
 48710	124.557
 48711	124.488
 48712	125.807
 48713	125.924
 48714	126.747
 48715	126.305
 48716	125.556
 48717	125.825
 48718	132.633
 48719	130.989
 48720	127.899
 48721	126.554
 48722	127.152
 48723	128.935
 48724	134.639
 48725	133.591
 48726	134.153
 48727	141.115
 48728	144.553
 48729	142.106
 48730	136.159
 48731	135.927
 48732	141.115
 48733	137.43
 48734	132.336
 48735	132.699
 48736	137.895
 48737	137.485
 48738	130.495
 48739	129.107
 48740	133.021
 48741	135.55
 48742	133.789
 48743	132.549
 48744	130.342
 48745	131.022
 48746	131.541
 48747	132.063
 48748	136.86
 48749	138.833
 48750	135.625
 48751	132.123
 48752	133.083
 48753	131.082
 48754	134.278
 48755	136.088
 48756	134.977
 48757	135.966
 48758	140.338
 48759	141.683
 48760	137.35
 48761	129.459
 48762	129.09
 48763	126.647
 48764	128.219
 48765	128.506
 48766	127.966
 48767	123.087
 48768	124.515
 48769	123.982
 48770	118.623
 48771	112.047
 48772	116.194
 48773	120.439
 48774	116.063
 48775	113.748
 48776	118.536
 48777	120.385
 48778	115.755
 48779	114.133
 48780	118.772
 48781	120.034
 48782	118.141
 48783	120.279
 48784	122.256
 48785	122.895
 48786	126.931
 48787	127.72
 48788	124.145
 48789	124.758
 48790	129.88
 48791	126.324
 48792	121.363
 48793	124.345
 48794	131.147
 48795	137.936
 48796	138.077
 48797	135.306
 48798	138.376
 48799	135.97
 48800	129.364
 48801	130.509
 48802	135.376
 48803	133.627
 48804	134.795
 48805	139.489
 48806	138.893
 48807	130.545
 48808	126.377
 48809	126.416
 48810	124.524
 48811	123.152
 48812	130.641
 48813	139.43
 48814	137.946
 48815	138.387
 48816	138.052
 48817	133.034
 48818	127.971
 48819	127.071
 48820	131.227
 48821	133.614
 48822	136.669
 48823	139.908
 48824	138.996
 48825	134.846
 48826	137.341
 48827	136.296
 48828	128.432
 48829	127.655
 48830	135.695
 48831	135.536
 48832	128.15
 48833	127.164
 48834	127.757
 48835	120.263
 48836	115.906
 48837	117.225
 48838	118.719
 48839	117.603
 48840	117.475
 48841	115.685
 48842	116.576
 48843	118.619
 48844	110.419
 48845	104.016
 48846	102.551
 48847	99.6634
 48848	95.3972
 48849	100.824
 48850	103.021
 48851	105.439
 48852	107.411
 48853	107.017
 48854	102.1
 48855	103.368
 48856	108.605
 48857	110.495
 48858	109.284
 48859	113.201
 48860	117.456
 48861	116.191
 48862	113.185
 48863	114.842
 48864	113.501
 48865	112.731
 48866	113.3
 48867	115.339
 48868	118.888
 48869	125.053
 48870	128.827
 48871	131.125
 48872	135.76
 48873	140.782
 48874	142.459
 48875	141.38
 48876	137.26
 48877	135.787
 48878	134.481
 48879	136.075
 48880	136.257
 48881	136.905
 48882	133.579
 48883	132.26
 48884	133.928
 48885	132.903
 48886	124.329
 48887	126.369
 48888	134.938
 48889	134.999
 48890	133.045
 48891	133.95
 48892	135.633
 48893	142.543
 48894	148.509
 48895	146.999
 48896	148.753
 48897	154.201
 48898	153.168
 48899	148.337
 48900	143.615
 48901	138.462
 48902	138.938
 48903	142.068
 48904	146.04
 48905	147.446
 48906	150.278
 48907	150.417
 48908	145.823
 48909	142.43
 48910	144.696
 48911	145.737
 48912	144.145
 48913	145.818
 48914	148.94
 48915	147.251
 48916	142.944
 48917	140.972
 48918	140.763
 48919	137.817
 48920	141.445
 48921	143.009
 48922	143.41
 48923	145.538
 48924	146.752
 48925	141.293
 48926	134.705
 48927	137.7
 48928	143.08
 48929	143.969
 48930	142.421
 48931	140.792
 48932	144.417
 48933	144.538
 48934	140.783
 48935	141.534
 48936	142.986
 48937	139.398
 48938	137.257
 48939	134.201
 48940	132.109
 48941	134.033
 48942	132.356
 48943	132.422
 48944	134.125
 48945	137.946
 48946	139.354
 48947	137.965
 48948	134.592
 48949	137.445
 48950	143.665
 48951	144.823
 48952	145.685
 48953	150.628
 48954	149.559
 48955	146.126
 48956	144.956
 48957	142.262
 48958	142.736
 48959	150.585
 48960	158.919
 48961	164.341
 48962	166.56
 48963	167.925
 48964	166.84
 48965	164.041
 48966	160.299
 48967	155
 48968	154.703
 48969	158.363
 48970	161.15
 48971	167.218
 48972	166.157
 48973	157.929
 48974	150.702
 48975	154.68
 48976	152.974
 48977	146.945
 48978	146.45
 48979	150.663
 48980	150.527
 48981	153.026
 48982	152.251
 48983	148.701
 48984	144.593
 48985	146.57
 48986	150.356
 48987	150.959
 48988	150.774
 48989	153.762
 48990	153.968
 48991	149.127
 48992	146.22
 48993	151.183
 48994	152.309
 48995	149.342
 48996	149.07
 48997	154.849
 48998	153.221
 48999	148.594
 49000	153.404
 49001	160.244
 49002	161.834
 49003	158.43
 49004	156.44
 49005	152.492
 49006	151.74
 49007	149.056
 49008	142.954
 49009	141.908
 49010	149.099
 49011	154.295
 49012	153.867
 49013	151.666
 49014	149.21
 49015	145.464
 49016	137.569
 49017	135.122
 49018	143.214
 49019	150.704
 49020	152.463
 49021	153.169
 49022	156.461
 49023	156.216
 49024	152.114
 49025	149.488
 49026	152.207
 49027	156.695
 49028	160.196
 49029	159.631
 49030	156.36
 49031	151.063
 49032	147.619
 49033	147.142
 49034	144.264
 49035	148.347
 49036	154.069
 49037	156.981
 49038	157.624
 49039	156.076
 49040	153.879
 49041	147.955
 49042	140.49
 49043	142.427
 49044	149.003
 49045	149.8
 49046	148.784
 49047	154.616
 49048	159.412
 49049	154.747
 49050	151.226
 49051	148.856
 49052	146.129
 49053	147.435
 49054	147.29
 49055	142.91
 49056	141.251
 49057	144.393
 49058	143.012
 49059	140.006
 49060	144.087
 49061	144.14
 49062	140.207
 49063	137.963
 49064	139.413
 49065	142.25
 49066	142.881
 49067	138.992
 49068	135.356
 49069	140.932
 49070	142.945
 49071	137.57
 49072	135.138
 49073	134.966
 49074	134.478
 49075	135.589
 49076	134.749
 49077	130.259
 49078	127.29
 49079	130.57
 49080	131.19
 49081	124.372
 49082	119.95
 49083	124.954
 49084	130.842
 49085	130.859
 49086	127.076
 49087	128.643
 49088	131.02
 49089	133.275
 49090	126.747
 49091	122.679
 49092	130.436
 49093	138.57
 49094	138.118
 49095	134.905
 49096	133.291
 49097	133.477
 49098	135.602
 49099	136.077
 49100	129.073
 49101	128.237
 49102	132.027
 49103	133.589
 49104	133.299
 49105	132.684
 49106	130.951
 49107	137.432
 49108	142.433
 49109	138.244
 49110	135.628
 49111	137.47
 49112	145.868
 49113	139.874
 49114	135.209
 49115	142.111
 49116	156.191
 49117	160.635
 49118	159.685
 49119	160.301
 49120	160.377
 49121	160.38
 49122	158.87
 49123	155.146
 49124	158.195
 49125	167.192
 49126	169.757
 49127	167.158
 49128	166.995
 49129	163.488
 49130	158.425
 49131	156.418
 49132	158.927
 49133	160.723
 49134	157.383
 49135	156.686
 49136	157.522
 49137	159.7
 49138	152.471
 49139	145.991
 49140	151.506
 49141	154.504
 49142	147.721
 49143	144.953
 49144	149.856
 49145	144.955
 49146	137.218
 49147	133.579
 49148	132.038
 49149	128.31
 49150	129.267
 49151	133.246
 49152	136.032
 49153	126.476
 49154	125.428
 49155	131.181
 49156	129.773
 49157	119.513
 49158	126.074
 49159	131.478
 49160	130.201
 49161	123.102
 49162	126.546
 49163	126.918
 49164	123.612
 49165	120.311
 49166	127.411
 49167	125.791
 49168	120.61
 49169	125.452
 49170	137.755
 49171	134.22
 49172	126.434
 49173	133.928
 49174	143.847
 49175	135.378
 49176	133.112
 49177	136.02
 49178	141.653
 49179	139.59
 49180	139.056
 49181	137.498
 49182	138.427
 49183	141.73
 49184	146.72
 49185	146.046
 49186	141.073
 49187	140.905
 49188	146.61
 49189	149.166
 49190	145.776
 49191	146.56
 49192	149.076
 49193	146.745
 49194	145.359
 49195	146.29
 49196	153.647
 49197	154.249
 49198	156.057
 49199	162.875
 49200	163.599
 49201	160.47
 49202	159.916
 49203	162.041
 49204	156.833
 49205	155.084
 49206	156.835
 49207	155.559
 49208	151.6
 49209	156.55
 49210	158.262
 49211	153.553
 49212	151.731
 49213	152.438
 49214	149.686
 49215	146.906
 49216	150.688
 49217	153.676
 49218	155.626
 49219	159.642
 49220	164.944
 49221	161.941
 49222	153.598
 49223	155.462
 49224	159.178
 49225	156.746
 49226	155.728
 49227	162.016
 49228	167.026
 49229	161.507
 49230	154.312
 49231	157.467
 49232	159.552
 49233	153.098
 49234	153.625
 49235	158.412
 49236	159.999
 49237	156.122
 49238	154.11
 49239	156.635
 49240	152.737
 49241	152.623
 49242	154.832
 49243	153.442
 49244	151.182
 49245	158.254
 49246	157.006
 49247	146.462
 49248	137.729
 49249	144.713
 49250	148.154
 49251	141.194
 49252	138.897
 49253	145.668
 49254	144.023
 49255	137.238
 49256	136.812
 49257	138.906
 49258	135.314
 49259	133.299
 49260	133.934
 49261	137.352
 49262	132.721
 49263	132.941
 49264	136.738
 49265	135.573
 49266	128.925
 49267	129.998
 49268	129.753
 49269	125.518
 49270	123.564
 49271	127.702
 49272	125.956
 49273	123.314
 49274	130.174
 49275	132.389
 49276	125.263
 49277	122.854
 49278	125.676
 49279	126.675
 49280	124.369
 49281	123.198
 49282	126.877
 49283	130.142
 49284	125.453
 49285	122.594
 49286	125.353
 49287	125.829
 49288	121.368
 49289	113.874
 49290	117.319
 49291	124.142
 49292	128.166
 49293	129.022
 49294	125.455
 49295	129.256
 49296	133.789
 49297	129.836
 49298	125.034
 49299	125.733
 49300	132.338
 49301	134.831
 49302	133.049
 49303	134.5
 49304	136.673
 49305	138.108
 49306	137.563
 49307	135.324
 49308	133.437
 49309	140.874
 49310	145.429
 49311	142.66
 49312	134.697
 49313	136.613
 49314	137.868
 49315	134.812
 49316	131.879
 49317	131.378
 49318	134.872
 49319	139.71
 49320	136.746
 49321	128.66
 49322	131.831
 49323	135.011
 49324	128.363
 49325	122.112
 49326	123.069
 49327	124.306
 49328	129.056
 49329	125.524
 49330	120.486
 49331	122.975
 49332	131.454
 49333	130.133
 49334	124.62
 49335	127.101
 49336	137.718
 49337	135.041
 49338	132.788
 49339	134.173
 49340	139.02
 49341	141.373
 49342	140.763
 49343	140.972
 49344	141.243
 49345	145.671
 49346	147.2
 49347	144.523
 49348	142.511
 49349	145.135
 49350	145.122
 49351	145.537
 49352	145.692
 49353	148.503
 49354	144.794
 49355	141.482
 49356	143.484
 49357	144.07
 49358	145.287
 49359	145.949
 49360	148.247
 49361	150.78
 49362	150.693
 49363	149.162
 49364	153.827
 49365	156.24
 49366	151.723
 49367	149.063
 49368	151.726
 49369	151.066
 49370	148.023
 49371	144.799
 49372	141.789
 49373	144.512
 49374	147.99
 49375	144.95
 49376	141.573
 49377	144.759
 49378	146.482
 49379	141.455
 49380	139.59
 49381	144.161
 49382	143.327
 49383	140.543
 49384	139.975
 49385	140.37
 49386	144.289
 49387	141.939
 49388	140.79
 49389	147.863
 49390	152.669
 49391	149.496
 49392	146.463
 49393	147.821
 49394	151.713
 49395	144.767
 49396	145.24
 49397	148.774
 49398	149.003
 49399	147.38
 49400	155.838
 49401	156.158
 49402	149.513
 49403	148.333
 49404	153.745
 49405	152.677
 49406	151.982
 49407	154.383
 49408	157.139
 49409	159.308
 49410	165.261
 49411	162.867
 49412	155.431
 49413	154.309
 49414	160.257
 49415	156.633
 49416	151.589
 49417	151.727
 49418	153.668
 49419	151.475
 49420	145.393
 49421	142.122
 49422	143.891
 49423	142.875
 49424	138.777
 49425	141.103
 49426	145.685
 49427	143.002
 49428	139.129
 49429	138.604
 49430	139.937
 49431	135.365
 49432	134.078
 49433	137.519
 49434	140.102
 49435	143.152
 49436	143.662
 49437	141.748
 49438	140.473
 49439	140.635
 49440	142.755
 49441	144.37
 49442	142.961
 49443	145.061
 49444	151.701
 49445	146.016
 49446	140.084
 49447	141.469
 49448	145.609
 49449	143.646
 49450	142.806
 49451	141.121
 49452	141.591
 49453	142.239
 49454	137.746
 49455	134.832
 49456	132.126
 49457	132.588
 49458	128.459
 49459	120.361
 49460	119.26
 49461	120.42
 49462	119.24
 49463	118.13
 49464	114.868
 49465	119.672
 49466	120.497
 49467	115.647
 49468	114.311
 49469	120.567
 49470	119.234
 49471	120.063
 49472	121.98
 49473	127.547
 49474	126.431
 49475	126.735
 49476	135.39
 49477	139.167
 49478	134.339
 49479	135.237
 49480	143.765
 49481	144.219
 49482	138.68
 49483	136.022
 49484	137.826
 49485	139.373
 49486	137.477
 49487	134.815
 49488	140.101
 49489	140.599
 49490	136.811
 49491	131.017
 49492	130.873
 49493	128.784
 49494	131.818
 49495	133.68
 49496	131.361
 49497	131.721
 49498	135.547
 49499	136.324
 49500	126.141
 49501	123.765
 49502	126.3
 49503	127.698
 49504	123.906
 49505	126.076
 49506	129.999
 49507	131.134
 49508	132.31
 49509	133.816
 49510	131.005
 49511	129.145
 49512	130.894
 49513	131.956
 49514	131.941
 49515	130.668
 49516	129.349
 49517	130.109
 49518	131.464
 49519	128.557
 49520	129.666
 49521	132.559
 49522	138.279
 49523	136.522
 49524	138.002
 49525	139.86
 49526	140.658
 49527	138.281
 49528	140.238
 49529	143.652
 49530	150.179
 49531	151.707
 49532	152.785
 49533	152.02
 49534	151.413
 49535	151.699
 49536	146.829
 49537	140.916
 49538	144.172
 49539	149.179
 49540	146.519
 49541	151.027
 49542	153.098
 49543	149.056
 49544	148.01
 49545	149.287
 49546	144.763
 49547	149.288
 49548	156.344
 49549	157.036
 49550	152.215
 49551	154.205
 49552	157.63
 49553	153.9
 49554	148.711
 49555	152.762
 49556	159.438
 49557	163.02
 49558	162.55
 49559	160.811
 49560	161.216
 49561	156.072
 49562	147.098
 49563	145.495
 49564	145.758
 49565	143.562
 49566	145.43
 49567	147.975
 49568	148.199
 49569	142.694
 49570	140.289
 49571	140.128
 49572	136.354
 49573	139.171
 49574	143.329
 49575	141.434
 49576	141.816
 49577	149.454
 49578	147.34
 49579	140.927
 49580	147.219
 49581	152.27
 49582	149.042
 49583	148.66
 49584	147.915
 49585	149.617
 49586	147.168
 49587	141.06
 49588	138.077
 49589	141.424
 49590	142.18
 49591	138.056
 49592	140.365
 49593	143.326
 49594	140.659
 49595	135.462
 49596	133.87
 49597	135.247
 49598	136.506
 49599	136.577
 49600	136.14
 49601	138.18
 49602	139.695
 49603	136.704
 49604	138.99
 49605	139.509
 49606	142.977
 49607	140.866
 49608	138.87
 49609	139.175
 49610	144.748
 49611	144.052
 49612	144.346
 49613	142.264
 49614	141.008
 49615	139.778
 49616	141.907
 49617	140.54
 49618	140.753
 49619	143.811
 49620	140.93
 49621	135.15
 49622	137.167
 49623	138.156
 49624	132.622
 49625	135.576
 49626	142.833
 49627	138.685
 49628	130.722
 49629	131.529
 49630	134.388
 49631	134.083
 49632	132.227
 49633	134.487
 49634	140.303
 49635	139.865
 49636	133.341
 49637	130.222
 49638	136.662
 49639	136.331
 49640	138.249
 49641	141.807
 49642	145.389
 49643	144.024
 49644	143.359
 49645	142.506
 49646	147.8
 49647	153.128
 49648	157.1
 49649	157.217
 49650	156.657
 49651	158.025
 49652	154.716
 49653	150.575
 49654	151.479
 49655	155.851
 49656	153.329
 49657	150.368
 49658	156.84
 49659	163.901
 49660	158.488
 49661	151.301
 49662	151.53
 49663	151.214
 49664	151.099
 49665	151.14
 49666	150.833
 49667	154.4
 49668	152.3
 49669	140.68
 49670	138.191
 49671	141.953
 49672	140.921
 49673	142.924
 49674	149.212
 49675	152.977
 49676	153.699
 49677	153.608
 49678	153.339
 49679	149.624
 49680	148.235
 49681	152.047
 49682	151.597
 49683	154.431
 49684	161.567
 49685	160.028
 49686	153.903
 49687	149.883
 49688	150.904
 49689	150.584
 49690	142.181
 49691	139.881
 49692	136.608
 49693	131.848
 49694	126.875
 49695	129.669
 49696	127.048
 49697	123.943
 49698	117.33
 49699	119.363
 49700	122.9
 49701	120.689
 49702	118.283
 49703	120.546
 49704	119.998
 49705	115.644
 49706	113.829
 49707	116.862
 49708	114.947
 49709	114.875
 49710	115.868
 49711	117.15
 49712	119.925
 49713	129.401
 49714	130.323
 49715	123.411
 49716	123.462
 49717	134.313
 49718	137.795
 49719	131.306
 49720	129.458
 49721	136.755
 49722	134.121
 49723	128.281
 49724	133.351
 49725	140.846
 49726	138.758
 49727	136.089
 49728	138.39
 49729	140.338
 49730	134.143
 49731	131.946
 49732	134.966
 49733	127.087
 49734	118.159
 49735	122.208
 49736	123.912
 49737	125.276
 49738	128.915
 49739	134.037
 49740	132.398
 49741	127.368
 49742	131.925
 49743	138.859
 49744	135.487
 49745	138.588
 49746	144.822
 49747	148.035
 49748	142.643
 49749	141.112
 49750	146.042
 49751	147.478
 49752	137.631
 49753	139.799
 49754	150.221
 49755	152.252
 49756	151.768
 49757	152.172
 49758	148.434
 49759	147.542
 49760	147.386
 49761	146.343
 49762	146.768
 49763	151.29
 49764	155.2
 49765	155.799
 49766	150.653
 49767	146.615
 49768	143.437
 49769	139.82
 49770	133.59
 49771	132.642
 49772	138.874
 49773	141.643
 49774	136.734
 49775	137.958
 49776	142.451
 49777	138.034
 49778	134.579
 49779	138.963
 49780	143.449
 49781	145.972
 49782	141.684
 49783	143.86
 49784	146.882
 49785	141.626
 49786	140.579
 49787	145.733
 49788	142.82
 49789	138.623
 49790	144.781
 49791	152.003
 49792	149.82
 49793	142.367
 49794	141.355
 49795	147.824
 49796	144.523
 49797	137.04
 49798	136.452
 49799	141.483
 49800	138.016
 49801	134.074
 49802	132.714
 49803	137.008
 49804	139.109
 49805	136.015
 49806	129.225
 49807	127.305
 49808	128.179
 49809	131.35
 49810	131.329
 49811	129.026
 49812	131.394
 49813	135.399
 49814	132.283
 49815	129.004
 49816	132.084
 49817	135.766
 49818	131.98
 49819	134.433
 49820	138.79
 49821	136.601
 49822	134.168
 49823	136.15
 49824	138.526
 49825	140.043
 49826	137.518
 49827	140.798
 49828	145.747
 49829	141.582
 49830	135.261
 49831	141.226
 49832	141.549
 49833	135.502
 49834	135.311
 49835	141.9
 49836	141.624
 49837	139.235
 49838	139.207
 49839	141.9
 49840	139.405
 49841	135.323
 49842	130.54
 49843	129.382
 49844	127.613
 49845	128.027
 49846	127.976
 49847	127.349
 49848	125.129
 49849	126.098
 49850	125.789
 49851	123.914
 49852	125.306
 49853	131.516
 49854	131.503
 49855	129.8
 49856	131.708
 49857	137.276
 49858	135.579
 49859	133.867
 49860	137.207
 49861	141.394
 49862	139.656
 49863	135.993
 49864	138.97
 49865	144.308
 49866	143.983
 49867	143.672
 49868	146.706
 49869	144.853
 49870	144.269
 49871	149.361
 49872	145.993
 49873	138.638
 49874	140.2
 49875	142.305
 49876	137.355
 49877	132.5
 49878	136.91
 49879	142.183
 49880	138.391
 49881	137.981
 49882	143.011
 49883	142.312
 49884	140.847
 49885	147.651
 49886	155.085
 49887	152.104
 49888	149.269
 49889	159.52
 49890	160.474
 49891	146.191
 49892	137.243
 49893	144.544
 49894	150.285
 49895	147.215
 49896	145.331
 49897	154.445
 49898	157.14
 49899	146.511
 49900	135.352
 49901	136.319
 49902	138.983
 49903	136.449
 49904	132.976
 49905	135.594
 49906	139.403
 49907	134.073
 49908	131.848
 49909	135.489
 49910	136.032
 49911	136.353
 49912	141.532
 49913	144.384
 49914	140.769
 49915	137.027
 49916	137.229
 49917	137.077
 49918	136.662
 49919	138.722
 49920	144.655
 49921	145.272
 49922	142.224
 49923	139.798
 49924	138.224
 49925	139.303
 49926	138.212
 49927	142.485
 49928	145.57
 49929	146.827
 49930	147.839
 49931	144.097
 49932	136.931
 49933	135.776
 49934	141.122
 49935	141.044
 49936	134.445
 49937	133.608
 49938	141.504
 49939	142.247
 49940	135.783
 49941	129.381
 49942	126.407
 49943	131.115
 49944	128.616
 49945	123.703
 49946	130.382
 49947	133.988
 49948	134.43
 49949	139.481
 49950	141.225
 49951	137.572
 49952	140.597
 49953	140.245
 49954	131.614
 49955	136.461
 49956	144.233
 49957	144.663
 49958	142.238
 49959	145.514
 49960	145.476
 49961	142.511
 49962	142.851
 49963	146.413
 49964	145.511
 49965	142.08
 49966	146.42
 49967	150.26
 49968	145.516
 49969	140.499
 49970	142.395
 49971	145.489
 49972	140.554
 49973	134.642
 49974	132.659
 49975	133.122
 49976	133.558
 49977	131.788
 49978	129.177
 49979	129.444
 49980	131.242
 49981	132.699
 49982	129.678
 49983	127.873
 49984	128.86
 49985	129.978
 49986	125.492
 49987	126.259
 49988	128.795
 49989	131.544
 49990	131.415
 49991	128.224
 49992	129.561
 49993	134.749
 49994	136.118
 49995	135.681
 49996	140.222
 49997	144.011
 49998	143.486
 49999	144.07
 50000	146.415
 50001	145.997
