     1	-12.461
     2	-12.7314
     3	-11.4863
     4	-20.2648
     5	-13.2118
     6	-11.3217
     7	-14.2018
     8	-10.3718
     9	-15.8516
    10	-18.9286
    11	-16.8652
    12	-15.5992
    13	-12.293
    14	-10.4905
    15	-7.57002
    16	-13.1757
    17	-14.6035
    18	-12.2347
    19	-16.5882
    20	-12.2912
    21	-14.7255
    22	-16.924
    23	-16.7965
    24	-16.8812
    25	-22.1877
    26	-19.9131
    27	-23.8686
    28	-21.4152
    29	-21.6862
    30	-20.6913
    31	-16.4935
    32	-22.0175
    33	-23.0163
    34	-21.8883
    35	-28.3318
    36	-29.8747
    37	-21.3486
    38	-17.5381
    39	-21.871
    40	-20.3261
    41	-20.3275
    42	-33.7154
    43	-36.7783
    44	-36.8008
    45	-36.0652
    46	-38.4816
    47	-33.3699
    48	-30.0598
    49	-30.2135
    50	-37.2914
    51	-37.3365
    52	-41.1067
    53	-51.8218
    54	-50.7867
    55	-50.0731
    56	-50.7126
    57	-48.1013
    58	-48.5361
    59	-54.0211
    60	-53.4754
    61	-56.7416
    62	-62.0243
    63	-59.3724
    64	-49.9995
    65	-48.8782
    66	-46.6224
    67	-50.2303
    68	-52.3229
    69	-46.6426
    70	-46.1165
    71	-44.4501
    72	-33.5059
    73	-33.3382
    74	-38.1931
    75	-32.1521
    76	-26.0813
    77	-27.2976
    78	-28.6795
    79	-29.6882
    80	-29.6273
    81	-28.5361
    82	-28.6944
    83	-30.7677
    84	-30.6763
    85	-26.3693
    86	-26.349
    87	-20.9236
    88	-25.2172
    89	-24.6384
    90	-18.2274
    91	-20.1724
    92	-24.6505
    93	-24.7433
    94	-25.7603
    95	-21.9329
    96	-25.164
    97	-23.7529
    98	-21.8045
    99	-22.0873
   100	-26.0794
   101	-27.9315
   102	-21.1955
   103	-17.1842
   104	-25.8867
   105	-26.5306
   106	-25.9291
   107	-23.4748
   108	-27.8207
   109	-33.1541
   110	-32.2535
   111	-32.2239
   112	-32.2484
   113	-35.7433
   114	-31.0801
   115	-24.0653
   116	-24.6378
   117	-31.0037
   118	-28.8869
   119	-24.7314
   120	-24.5205
   121	-25.8351
   122	-19.5458
   123	-20.6443
   124	-22.807
   125	-25.025
   126	-24.8498
   127	-24.6419
   128	-22.7298
   129	-26.7821
   130	-30.0469
   131	-20.7091
   132	-22.6175
   133	-25.8768
   134	-17.8012
   135	-17.3339
   136	-17.971
   137	-13.2737
   138	-6.4265
   139	-6.34312
   140	-3.94713
   141	0.750469
   142	-0.716583
   143	-0.829399
   144	-3.40222
   145	-5.74804
   146	-6.77095
   147	-8.91507
   148	-7.92517
   149	-7.05413
   150	-7.10721
   151	-7.0324
   152	-8.45129
   153	-11.3956
   154	-14.0622
   155	-19.4595
   156	-19.6176
   157	-24.3346
   158	-25.2896
   159	-31.339
   160	-31.4747
   161	-35.5019
   162	-38.073
   163	-36.6879
   164	-36.8368
   165	-39.7414
   166	-36.6677
   167	-32.1952
   168	-31.5192
   169	-31.1907
   170	-31.2577
   171	-28.6415
   172	-26.8206
   173	-21.1897
   174	-23.2545
   175	-21.8588
   176	-18.8261
   177	-19.7556
   178	-23.7908
   179	-23.0227
   180	-20.5672
   181	-15.1738
   182	-19.8502
   183	-21.1594
   184	-21.4404
   185	-24.4465
   186	-25.7065
   187	-27.7779
   188	-27.8683
   189	-23.923
   190	-22.2637
   191	-24.2329
   192	-24.8823
   193	-27.8391
   194	-23.1399
   195	-24.1086
   196	-22.3221
   197	-23.1291
   198	-24.4185
   199	-24.4825
   200	-27.1149
   201	-27.5199
   202	-24.6862
   203	-19.3483
   204	-11.3585
   205	-18.0437
   206	-23.3374
   207	-17.7255
   208	-17.4751
   209	-18.5911
   210	-12.8554
   211	-8.52484
   212	-12.9953
   213	-11.8512
   214	-12.7663
   215	-14.0006
   216	-13.5441
   217	-5.39398
   218	-3.9245
   219	-3.78477
   220	-3.42145
   221	-0.494965
   222	-5.95312
   223	-9.82085
   224	-2.8114
   225	-3.40935
   226	-11.0069
   227	-6.87079
   228	-13.9976
   229	-16.3448
   230	-5.07545
   231	-10.673
   232	-13.5151
   233	-11.039
   234	-10.7434
   235	-15.2671
   236	-16.2066
   237	-14.8767
   238	-16.1558
   239	-11.3613
   240	-11.1889
   241	-22.8444
   242	-16.7059
   243	-14.1178
   244	-15.653
   245	-12.1212
   246	-10.5191
   247	-14.3153
   248	-18.0081
   249	-18.1004
   250	-22.7089
   251	-22.9019
   252	-21.9685
   253	-19.2584
   254	-19.4071
   255	-16.2357
   256	-9.04615
   257	-8.00078
   258	-7.27749
   259	4.11773
   260	10.5329
   261	5.97889
   262	12.0509
   263	11.6484
   264	6.81756
   265	11.5338
   266	13.0074
   267	8.60939
   268	15.8002
   269	17.5086
   270	13.4016
   271	16.1992
   272	19.1818
   273	17.3751
   274	16.3151
   275	15.9369
   276	16.8992
   277	12.1938
   278	11.4086
   279	13.6281
   280	8.7877
   281	1.31565
   282	5.44418
   283	-1.88419
   284	-5.25861
   285	-0.777761
   286	-4.0938
   287	-8.71702
   288	-3.58339
   289	-0.573159
   290	-4.96386
   291	-1.62246
   292	-1.80002
   293	-4.78504
   294	-3.15016
   295	3.82381
   296	2.40417
   297	-0.726475
   298	2.44086
   299	-2.40139
   300	-9.34936
   301	-6.56236
   302	-9.30294
   303	-14.7398
   304	-13.7161
   305	-10.8455
   306	-11.7403
   307	-15.1323
   308	-17.0098
   309	-9.97503
   310	-17.8561
   311	-21.5878
   312	-13.0421
   313	-19.2778
   314	-12.5028
   315	-8.70862
   316	-17.0677
   317	-19.411
   318	-17.6038
   319	-19.9541
   320	-20.6258
   321	-21.4567
   322	-19.4501
   323	-19.1961
   324	-12.7106
   325	-15.5207
   326	-14.6041
   327	-7.5123
   328	-11.6432
   329	-10.7764
   330	-9.97562
   331	-11.7258
   332	-8.27987
   333	-10.0887
   334	-4.81119
   335	-2.42413
   336	-3.26048
   337	-3.87777
   338	-12.078
   339	-9.84985
   340	-10.055
   341	-5.68921
   342	-6.92407
   343	-17.082
   344	-14.0168
   345	-11.5728
   346	-18.4479
   347	-18.7851
   348	-22.1636
   349	-25.914
   350	-26.9069
   351	-30.243
   352	-33.5028
   353	-30.6633
   354	-26.8781
   355	-31.3996
   356	-43.5886
   357	-41.1999
   358	-38.9474
   359	-42.9211
   360	-38.4189
   361	-36.4242
   362	-39.8733
   363	-44.4954
   364	-45.3548
   365	-46.8351
   366	-47.9844
   367	-44.7595
   368	-36.7194
   369	-33.2503
   370	-29.7293
   371	-29.7838
   372	-27.6682
   373	-27.5646
   374	-22.5241
   375	-24.2288
   376	-25.9203
   377	-23.6695
   378	-17.4699
   379	-19.8468
   380	-18.2474
   381	-15.3428
   382	-18.694
   383	-19.2667
   384	-16.3728
   385	-13.2936
   386	-4.99316
   387	-3.1003
   388	-6.92702
   389	-2.52739
   390	-8.43783
   391	-9.92396
   392	-5.99095
   393	-0.460653
   394	-0.577102
   395	0.807447
   396	2.14034
   397	-3.84252
   398	-7.28107
   399	-6.38286
   400	-12.8495
   401	-14.4802
   402	-15.1664
   403	-19.753
   404	-24.1448
   405	-29.9105
   406	-31.2153
   407	-28.7188
   408	-29.8823
   409	-33.106
   410	-32.9053
   411	-31.0119
   412	-18.4322
   413	-18.4428
   414	-24.7318
   415	-19.1236
   416	-15.1657
   417	-16.9179
   418	-13.3127
   419	-14.9055
   420	-13.9433
   421	-6.94575
   422	-10.2503
   423	-11.2509
   424	-13.6274
   425	-13.3079
   426	-7.39003
   427	-0.940182
   428	-2.19554
   429	3.47203
   430	7.52537
   431	8.47302
   432	9.86416
   433	7.11807
   434	15.9986
   435	19.7004
   436	21.9319
   437	24.3953
   438	25.2928
   439	26.669
   440	23.5635
   441	20.1671
   442	27.732
   443	29.4129
   444	25.2147
   445	30.1918
   446	28.8142
   447	19.4224
   448	26.3903
   449	21.2579
   450	15.0175
   451	18.5065
   452	11.2102
   453	8.52189
   454	8.83453
   455	2.1381
   456	7.07994
   457	3.65554
   458	-5.71422
   459	2.14576
   460	-1.61498
   461	-7.74927
   462	-7.00397
   463	-10.563
   464	-10.6408
   465	-7.06926
   466	-15.8428
   467	-20.4077
   468	-17.2091
   469	-17.8059
   470	-16.297
   471	-12.7211
   472	-17.8338
   473	-30.1497
   474	-26.0041
   475	-21.5443
   476	-29.5989
   477	-31.5116
   478	-23.7808
   479	-31.6225
   480	-34.9202
   481	-32.7001
   482	-39.4399
   483	-40.9299
   484	-35.3765
   485	-47.2369
   486	-50.6425
   487	-53.2923
   488	-59.1875
   489	-53.6504
   490	-58.6844
   491	-59.2361
   492	-59.7933
   493	-62.7559
   494	-64.2894
   495	-68.0365
   496	-68.2383
   497	-64.4465
   498	-68.8913
   499	-70.3782
   500	-68.6096
   501	-65.971
   502	-70.4479
   503	-72.5811
   504	-69.7594
   505	-70.4615
   506	-75.7023
   507	-73.9466
   508	-76.2652
   509	-79.2278
   510	-69.9951
   511	-75.1996
   512	-79.8627
   513	-71.2001
   514	-75.4984
   515	-79.1809
   516	-70.153
   517	-68.6413
   518	-76.2298
   519	-75.2139
   520	-74.6307
   521	-76.3679
   522	-74.1498
   523	-64.7462
   524	-66.0259
   525	-70.4379
   526	-64.4339
   527	-58.9698
   528	-57.2372
   529	-51.5221
   530	-52.8417
   531	-52.6051
   532	-51.8187
   533	-46.741
   534	-44.7971
   535	-50.2183
   536	-42.2446
   537	-41.2897
   538	-48.2166
   539	-43.344
   540	-39.1967
   541	-46.8635
   542	-41.4686
   543	-44.1907
   544	-47.072
   545	-44.0261
   546	-41.6038
   547	-41.9651
   548	-37.8311
   549	-37.1837
   550	-38.1508
   551	-40.3332
   552	-31.9162
   553	-29.2705
   554	-34.0987
   555	-31.9924
   556	-28.4506
   557	-34.6896
   558	-29.6419
   559	-25.9599
   560	-31.3594
   561	-29.3783
   562	-26.2478
   563	-28.8291
   564	-34.2178
   565	-32.0542
   566	-29.1216
   567	-38.3067
   568	-40.2857
   569	-37.0045
   570	-42.6975
   571	-41.994
   572	-45.0019
   573	-49.0182
   574	-49.8393
   575	-49.2639
   576	-50.4761
   577	-49.2281
   578	-46.1744
   579	-46.7451
   580	-47.1926
   581	-47.7252
   582	-47.2133
   583	-53.1693
   584	-51.1475
   585	-47.7824
   586	-47.9872
   587	-44.065
   588	-44.9167
   589	-42.51
   590	-36.1965
   591	-33.6361
   592	-34.9144
   593	-37.2372
   594	-34.131
   595	-36.3433
   596	-40.7417
   597	-35.7539
   598	-34.3203
   599	-34.8859
   600	-30.8935
   601	-28.8139
   602	-34.3868
   603	-37.9542
   604	-36.5585
   605	-30.4231
   606	-31.2627
   607	-41.1254
   608	-39.6869
   609	-42.552
   610	-46.0028
   611	-37.4377
   612	-43.2952
   613	-45.26
   614	-38.761
   615	-45.8719
   616	-46.4934
   617	-45.3377
   618	-43.7899
   619	-47.9644
   620	-45.1408
   621	-46.0245
   622	-42.8484
   623	-45.5566
   624	-50.4292
   625	-45.8898
   626	-42.953
   627	-50.7716
   628	-42.8058
   629	-41.4899
   630	-42.4483
   631	-31.7601
   632	-34.206
   633	-40.3884
   634	-30.7408
   635	-30.7294
   636	-40.65
   637	-40.7678
   638	-33.7961
   639	-37.6628
   640	-40.8215
   641	-35.3696
   642	-34.3069
   643	-36.3831
   644	-41.3731
   645	-43.0715
   646	-35.8982
   647	-38.008
   648	-38.1118
   649	-36.2848
   650	-37.5042
   651	-32.2843
   652	-38.7831
   653	-48.6031
   654	-43.4164
   655	-50.5867
   656	-51.9278
   657	-47.3114
   658	-47.4161
   659	-47.7682
   660	-50.2422
   661	-47.8949
   662	-40.8438
   663	-38.2978
   664	-38.7061
   665	-44.0214
   666	-33.1694
   667	-28.1485
   668	-31.8558
   669	-23.9333
   670	-24.1359
   671	-25.9049
   672	-18.7631
   673	-19.669
   674	-26.3571
   675	-23.3301
   676	-26.715
   677	-28.2725
   678	-26.1062
   679	-16.519
   680	-20.1277
   681	-19.6812
   682	-19.5935
   683	-19.4676
   684	-24.5955
   685	-23.6534
   686	-20.6641
   687	-25.21
   688	-31.9934
   689	-32.2517
   690	-37.4946
   691	-33.7234
   692	-25.8498
   693	-33.6358
   694	-40.2216
   695	-38.2256
   696	-44.6535
   697	-49.8666
   698	-48.0524
   699	-48.476
   700	-53.8427
   701	-56.4921
   702	-54.2215
   703	-57.522
   704	-55.6316
   705	-55.2675
   706	-54.9344
   707	-51.6058
   708	-55.3121
   709	-53.3337
   710	-52.1617
   711	-49.5925
   712	-45.3868
   713	-57.5434
   714	-49.9104
   715	-40.7201
   716	-50.8747
   717	-44.5453
   718	-38.0082
   719	-43.3735
   720	-35.1929
   721	-36.3316
   722	-42.5068
   723	-34.0599
   724	-37.4976
   725	-42.4302
   726	-34.4709
   727	-32.6071
   728	-38.1435
   729	-39.7819
   730	-39.5989
   731	-30.9287
   732	-31.0365
   733	-38.4606
   734	-34.1523
   735	-26.9166
   736	-29.2389
   737	-24.1101
   738	-26.5768
   739	-30.453
   740	-26.2672
   741	-28.8778
   742	-35.1126
   743	-35.1335
   744	-35.4831
   745	-40.6772
   746	-36.4187
   747	-35.4598
   748	-37.6903
   749	-42.5124
   750	-42.2713
   751	-46.7029
   752	-45.4499
   753	-42.7001
   754	-50.5243
   755	-50.1969
   756	-47.2184
   757	-46.1872
   758	-48.2657
   759	-49.6569
   760	-48.7293
   761	-47.0562
   762	-43.5618
   763	-42.5021
   764	-51.363
   765	-39.9106
   766	-37.9627
   767	-38.1986
   768	-35.0483
   769	-28.4982
   770	-35.0948
   771	-36.4695
   772	-34.0325
   773	-32.3463
   774	-31.5541
   775	-36.9345
   776	-37.4339
   777	-28.3257
   778	-26.6338
   779	-31.4578
   780	-26.2123
   781	-26.9393
   782	-24.1486
   783	-21.3694
   784	-20.7593
   785	-19.9083
   786	-16.8991
   787	-21.2286
   788	-24.057
   789	-20.9555
   790	-21.7886
   791	-21.0299
   792	-19.9933
   793	-21.7152
   794	-15.5762
   795	-22.6344
   796	-27.023
   797	-17.6085
   798	-24.5765
   799	-31.4307
   800	-29.6027
   801	-30.5829
   802	-27.3997
   803	-19.05
   804	-24.7569
   805	-18.3632
   806	-13.5039
   807	-14.4744
   808	-16.514
   809	-11.2463
   810	-10.0044
   811	-8.50324
   812	-8.21886
   813	-5.74578
   814	-5.98107
   815	-5.47039
   816	-10.7058
   817	-8.59123
   818	-8.0038
   819	-17.5225
   820	-10.9658
   821	-18.5579
   822	-26.0618
   823	-12.5502
   824	-16.0636
   825	-26.9971
   826	-19.9493
   827	-21.8457
   828	-33.0093
   829	-33.7189
   830	-28.3119
   831	-32.5769
   832	-29.9058
   833	-25.7676
   834	-31.0327
   835	-29.0157
   836	-27.0066
   837	-26.2722
   838	-31.2693
   839	-27.4603
   840	-16.4913
   841	-21.7987
   842	-28.7998
   843	-20.6416
   844	-32.6209
   845	-41.9195
   846	-38.4629
   847	-43.2578
   848	-45.0916
   849	-42.4764
   850	-48.2126
   851	-46.4914
   852	-44.7914
   853	-50.28
   854	-53.2378
   855	-50.8681
   856	-53.5423
   857	-55.8561
   858	-52.8834
   859	-49.8089
   860	-46.0933
   861	-49.3942
   862	-49.3748
   863	-41.6287
   864	-46.3692
   865	-48.3654
   866	-35.808
   867	-44.441
   868	-42.7017
   869	-33.4201
   870	-46.2565
   871	-44.1325
   872	-43.4181
   873	-46.3193
   874	-53.2674
   875	-53.0835
   876	-50.9019
   877	-52.699
   878	-44.5462
   879	-45.0253
   880	-48.4012
   881	-43.6253
   882	-43.19
   883	-38.0028
   884	-41.9167
   885	-42.4139
   886	-36.4038
   887	-40.6834
   888	-40.561
   889	-44.9322
   890	-41.8819
   891	-45.5555
   892	-46.5982
   893	-48.8047
   894	-42.776
   895	-50.0811
   896	-49.5903
   897	-42.2067
   898	-43.1663
   899	-46.5659
   900	-38.9274
   901	-45.0645
   902	-43.9846
   903	-38.8435
   904	-42.5525
   905	-47.8736
   906	-47.4444
   907	-44.5867
   908	-44.7919
   909	-43.6479
   910	-47.5033
   911	-42.2448
   912	-43.6108
   913	-39.7887
   914	-34.1075
   915	-46.2413
   916	-39.9651
   917	-36.8927
   918	-44.8059
   919	-41.8618
   920	-39.1697
   921	-37.461
   922	-37.3372
   923	-32.4419
   924	-35.1277
   925	-42.0793
   926	-36.1861
   927	-43.0832
   928	-46.1641
   929	-41.384
   930	-40.4179
   931	-36.5215
   932	-32.5354
   933	-38.181
   934	-36.5462
   935	-27.3969
   936	-28.9086
   937	-32.684
   938	-28.1382
   939	-22.3078
   940	-19.1792
   941	-17.5346
   942	-16.6439
   943	-12.8271
   944	-12.2446
   945	-9.60587
   946	-10.0434
   947	-9.38309
   948	-6.09856
   949	-5.99425
   950	-6.51946
   951	-7.89908
   952	-9.17369
   953	-4.61817
   954	-2.29754
   955	-9.07481
   956	-3.77885
   957	2.55848
   958	-10.4025
   959	-2.33045
   960	-3.95573
   961	-17.4551
   962	-6.97307
   963	-7.14237
   964	-17.2867
   965	-10.4744
   966	-11.4365
   967	-15.4905
   968	-11.6133
   969	-15.7196
   970	-19.0934
   971	-19.9738
   972	-23.7334
   973	-23.4395
   974	-27.0909
   975	-37.7919
   976	-41.681
   977	-40.0419
   978	-45.5893
   979	-47.874
   980	-46.4146
   981	-46.022
   982	-39.2377
   983	-35.054
   984	-39.8491
   985	-44.9573
   986	-43.4544
   987	-43.7642
   988	-48.9543
   989	-45.6625
   990	-46.745
   991	-45.2286
   992	-42.1407
   993	-46.8699
   994	-49.4424
   995	-46.9136
   996	-42.7795
   997	-46.9958
   998	-45.5348
   999	-40.7286
  1000	-47.6291
  1001	-44.6558
  1002	-38.2336
  1003	-48.4045
  1004	-54.7079
  1005	-45.1035
  1006	-54.6925
  1007	-58.2063
  1008	-49.4541
  1009	-61.8651
  1010	-60.5073
  1011	-57.1569
  1012	-69.4713
  1013	-72.8656
  1014	-64.5149
  1015	-75.9576
  1016	-81.1636
  1017	-74.4068
  1018	-74.1178
  1019	-77.801
  1020	-76.7431
  1021	-74.7878
  1022	-74.5967
  1023	-75.0558
  1024	-71.7168
  1025	-76.7275
  1026	-74.4834
  1027	-60.7602
  1028	-61.4127
  1029	-64.8354
  1030	-56.9681
  1031	-56.2298
  1032	-56.1722
  1033	-47.3399
  1034	-50.085
  1035	-47.9448
  1036	-45.6933
  1037	-42.3427
  1038	-42.6594
  1039	-42.4508
  1040	-36.5464
  1041	-40.0142
  1042	-42.0114
  1043	-47.5201
  1044	-47.6693
  1045	-40.9529
  1046	-36.2935
  1047	-31.1281
  1048	-28.8643
  1049	-29.6085
  1050	-30.7515
  1051	-34.4852
  1052	-29.9547
  1053	-25.7356
  1054	-25.1679
  1055	-27.5843
  1056	-19.7094
  1057	-24.4633
  1058	-32.1971
  1059	-19.2893
  1060	-19.008
  1061	-28.5109
  1062	-18.8521
  1063	-18.787
  1064	-26.2005
  1065	-19.6983
  1066	-14.9363
  1067	-19.7046
  1068	-15.8395
  1069	-16.8139
  1070	-17.8304
  1071	-17.1014
  1072	-14.9147
  1073	-12.3896
  1074	-16.3465
  1075	-15.2687
  1076	-10.192
  1077	-15.5598
  1078	-9.84901
  1079	-6.14509
  1080	-10.8795
  1081	-10.7858
  1082	-1.59751
  1083	0.513985
  1084	-6.04288
  1085	-2.84475
  1086	1.3591
  1087	-7.73992
  1088	-5.6752
  1089	-3.13421
  1090	-12.1876
  1091	-6.2708
  1092	0.207667
  1093	-17.6456
  1094	-18.111
  1095	-10.7053
  1096	-28.3746
  1097	-27.3961
  1098	-16.984
  1099	-30.8218
  1100	-35.0519
  1101	-32.7371
  1102	-36.4254
  1103	-43.7114
  1104	-41.7314
  1105	-46.2662
  1106	-48.0748
  1107	-48.3145
  1108	-46.9214
  1109	-48.5585
  1110	-49.37
  1111	-45.9658
  1112	-46.6894
  1113	-56.5698
  1114	-50.9436
  1115	-53.9479
  1116	-53.093
  1117	-52.43
  1118	-50.1817
  1119	-57.733
  1120	-49.5764
  1121	-48.939
  1122	-54.9217
  1123	-49.8755
  1124	-45.9469
  1125	-50.4807
  1126	-43.9149
  1127	-49.8918
  1128	-45.0128
  1129	-41.8407
  1130	-50.7826
  1131	-49.9529
  1132	-43.3597
  1133	-50.1812
  1134	-43.6323
  1135	-38.6178
  1136	-43.5907
  1137	-37.0028
  1138	-36.8845
  1139	-49.0774
  1140	-38.4017
  1141	-36.6899
  1142	-44.0141
  1143	-34.9368
  1144	-39.4501
  1145	-44.7285
  1146	-30.6043
  1147	-38.0599
  1148	-45.4734
  1149	-38.0942
  1150	-48.1866
  1151	-51.6567
  1152	-39.8331
  1153	-49.4509
  1154	-52.4449
  1155	-47.0666
  1156	-52.4173
  1157	-50.6783
  1158	-49.4614
  1159	-52.2406
  1160	-46.7706
  1161	-45.1787
  1162	-45.9969
  1163	-42.5168
  1164	-41.397
  1165	-42.4543
  1166	-41.0144
  1167	-41.0667
  1168	-48.9685
  1169	-39.0043
  1170	-47.9709
  1171	-46.0848
  1172	-42.3653
  1173	-51.0439
  1174	-53.3439
  1175	-50.1525
  1176	-59.3916
  1177	-50.7585
  1178	-46.9189
  1179	-50.2445
  1180	-47.2851
  1181	-42.9388
  1182	-49.4467
  1183	-46.9456
  1184	-46.7181
  1185	-51.5098
  1186	-49.6068
  1187	-51.4297
  1188	-55.2109
  1189	-50.3091
  1190	-49.598
  1191	-49.847
  1192	-48.4854
  1193	-48.3508
  1194	-46.5879
  1195	-46.3874
  1196	-45.0823
  1197	-36.9812
  1198	-43.3104
  1199	-41.8448
  1200	-33.425
  1201	-35.5978
  1202	-39.198
  1203	-29.1954
  1204	-29.9112
  1205	-37.6593
  1206	-37.2599
  1207	-34.3142
  1208	-36.4286
  1209	-38.7832
  1210	-43.8195
  1211	-42.0795
  1212	-45.7156
  1213	-43.9751
  1214	-43.0823
  1215	-45.1405
  1216	-50.0099
  1217	-45.4903
  1218	-50.4949
  1219	-53.7303
  1220	-48.5339
  1221	-46.4028
  1222	-47.831
  1223	-46.1292
  1224	-46.8371
  1225	-41.7513
  1226	-34.7757
  1227	-36.5577
  1228	-42.5464
  1229	-43.9199
  1230	-42.9374
  1231	-44.9443
  1232	-46.0504
  1233	-40.8658
  1234	-43.3781
  1235	-42.3095
  1236	-45.0044
  1237	-53.2287
  1238	-44.8656
  1239	-46.2224
  1240	-45.0894
  1241	-39.6319
  1242	-38.9888
  1243	-42.5469
  1244	-36.6921
  1245	-32.6304
  1246	-41.0463
  1247	-38.816
  1248	-38.7811
  1249	-47.5628
  1250	-40.6682
  1251	-41.6988
  1252	-39.9397
  1253	-38.52
  1254	-43.2917
  1255	-42.6224
  1256	-41.1558
  1257	-38.5943
  1258	-39.3128
  1259	-44.6454
  1260	-45.0195
  1261	-44.9259
  1262	-45.1508
  1263	-45.305
  1264	-47.6055
  1265	-52.1855
  1266	-52.9253
  1267	-51.52
  1268	-50.5545
  1269	-46.4413
  1270	-44.5657
  1271	-47.407
  1272	-48.0314
  1273	-43.7875
  1274	-42.7339
  1275	-47.502
  1276	-41.7985
  1277	-45.0431
  1278	-47.7288
  1279	-43.9523
  1280	-39.0051
  1281	-36.0771
  1282	-33.5686
  1283	-34.561
  1284	-37.3742
  1285	-38.5291
  1286	-40.8067
  1287	-42.2376
  1288	-38.9383
  1289	-48.1005
  1290	-50.6354
  1291	-44.0549
  1292	-47.764
  1293	-43.3161
  1294	-43.02
  1295	-48.563
  1296	-45.1601
  1297	-42.554
  1298	-36.1471
  1299	-30.5303
  1300	-30.2518
  1301	-28.8819
  1302	-30.4855
  1303	-33.2479
  1304	-31.3755
  1305	-32.5879
  1306	-30.8684
  1307	-32.9952
  1308	-33.7526
  1309	-38.685
  1310	-39.1682
  1311	-36.4034
  1312	-38.7405
  1313	-43.1094
  1314	-43.452
  1315	-45.2116
  1316	-45.0455
  1317	-43.3541
  1318	-46.6313
  1319	-47.8081
  1320	-49.6831
  1321	-53.8681
  1322	-55.8997
  1323	-59.0721
  1324	-57.9446
  1325	-55.5476
  1326	-53.3032
  1327	-53.662
  1328	-50.5496
  1329	-55.6553
  1330	-54.5502
  1331	-56.4222
  1332	-53.6392
  1333	-48.0356
  1334	-47.2855
  1335	-43.5072
  1336	-35.6595
  1337	-38.5309
  1338	-28.9606
  1339	-28.815
  1340	-34.2917
  1341	-33.992
  1342	-26.6333
  1343	-24.9269
  1344	-24.6373
  1345	-29.8969
  1346	-27.125
  1347	-23.2528
  1348	-17.2705
  1349	-23.3014
  1350	-22.1628
  1351	-19.06
  1352	-23.0033
  1353	-25.7412
  1354	-25.5999
  1355	-23.4557
  1356	-25.4493
  1357	-26.1447
  1358	-29.7717
  1359	-32.9843
  1360	-33.3382
  1361	-29.0194
  1362	-23.8197
  1363	-26.1506
  1364	-32.5266
  1365	-30.5632
  1366	-39.7004
  1367	-40.8139
  1368	-35.5377
  1369	-37.1337
  1370	-48.5047
  1371	-41.3729
  1372	-48.1806
  1373	-51.6862
  1374	-41.977
  1375	-46.3405
  1376	-53.3456
  1377	-51.4852
  1378	-58.3342
  1379	-52.7078
  1380	-55.0802
  1381	-51.4799
  1382	-51.4494
  1383	-52.9225
  1384	-48.3986
  1385	-48.2757
  1386	-51.9886
  1387	-50.1426
  1388	-44.7766
  1389	-44.5889
  1390	-43.0834
  1391	-35.9609
  1392	-41.4569
  1393	-41.7957
  1394	-36.2278
  1395	-43.1523
  1396	-44.319
  1397	-40.0723
  1398	-42.8235
  1399	-46.6747
  1400	-42.8084
  1401	-43.3986
  1402	-45.7686
  1403	-42.8717
  1404	-48.8871
  1405	-46.5164
  1406	-40.0886
  1407	-47.2119
  1408	-45.5402
  1409	-40.6071
  1410	-42.1212
  1411	-44.683
  1412	-42.3651
  1413	-42.4174
  1414	-43.9062
  1415	-37.379
  1416	-31.1841
  1417	-32.5618
  1418	-42.909
  1419	-34.3593
  1420	-42.5708
  1421	-52.6889
  1422	-40.7028
  1423	-46.3621
  1424	-54.2704
  1425	-45.9825
  1426	-52.5287
  1427	-51.749
  1428	-47.2829
  1429	-42.7567
  1430	-47.0858
  1431	-42.0921
  1432	-41.1361
  1433	-44.6915
  1434	-41.2158
  1435	-44.4298
  1436	-46.6157
  1437	-44.5961
  1438	-41.6571
  1439	-42.5618
  1440	-44.2043
  1441	-44.3825
  1442	-44.6641
  1443	-47.4529
  1444	-48.3283
  1445	-50.0959
  1446	-55.756
  1447	-58.3476
  1448	-53.9982
  1449	-52.8013
  1450	-50.6931
  1451	-47.3866
  1452	-54.0838
  1453	-54.1411
  1454	-50.7579
  1455	-53.076
  1456	-58.3384
  1457	-45.7037
  1458	-51.6007
  1459	-50.4622
  1460	-41.9072
  1461	-45.0039
  1462	-45.1881
  1463	-46.3119
  1464	-50.698
  1465	-42.9969
  1466	-44.11
  1467	-43.478
  1468	-47.919
  1469	-46.4306
  1470	-41.7595
  1471	-45.227
  1472	-46.0546
  1473	-44.321
  1474	-47.167
  1475	-47.6941
  1476	-40.2185
  1477	-44.1271
  1478	-46.044
  1479	-45.4534
  1480	-46.5977
  1481	-47.6476
  1482	-41.6143
  1483	-40.1055
  1484	-43.3432
  1485	-40.6478
  1486	-40.9672
  1487	-39.9211
  1488	-38.8965
  1489	-39.9992
  1490	-37.4307
  1491	-43.6002
  1492	-40.2955
  1493	-37.8709
  1494	-41.2748
  1495	-38.7198
  1496	-40.9132
  1497	-43.1096
  1498	-44.6028
  1499	-42.1794
  1500	-47.6685
  1501	-48.5118
  1502	-40.4901
  1503	-47.9732
  1504	-51.5004
  1505	-38.8047
  1506	-41.3435
  1507	-41.8161
  1508	-28.5754
  1509	-34.3899
  1510	-35.7747
  1511	-31.4187
  1512	-34.0352
  1513	-26.7281
  1514	-22.1609
  1515	-26.8861
  1516	-26.3902
  1517	-23.5792
  1518	-24.6353
  1519	-23.1125
  1520	-23.9434
  1521	-33.9433
  1522	-27.4396
  1523	-25.1122
  1524	-32.9961
  1525	-26.7804
  1526	-29.9605
  1527	-43.4912
  1528	-40.4175
  1529	-38.244
  1530	-39.9459
  1531	-42.6151
  1532	-44.4454
  1533	-45.8235
  1534	-46.6925
  1535	-48.2262
  1536	-44.641
  1537	-49.3169
  1538	-50.756
  1539	-48.8904
  1540	-38.4973
  1541	-40.8423
  1542	-40.9509
  1543	-40.8622
  1544	-46.4609
  1545	-44.8396
  1546	-38.6858
  1547	-44.0998
  1548	-42.1674
  1549	-46.4693
  1550	-44.8878
  1551	-41.8854
  1552	-43.1804
  1553	-46.3142
  1554	-48.1075
  1555	-42.2209
  1556	-40.45
  1557	-44.5606
  1558	-42.4458
  1559	-41.7787
  1560	-43.885
  1561	-40.1424
  1562	-42.0455
  1563	-44.5671
  1564	-38.7915
  1565	-40.2258
  1566	-45.7891
  1567	-44.6424
  1568	-37.5565
  1569	-41.5117
  1570	-45.3242
  1571	-38.8936
  1572	-40.8708
  1573	-42.289
  1574	-36.0374
  1575	-43.6434
  1576	-38.3379
  1577	-38.8895
  1578	-37.6709
  1579	-35.7726
  1580	-41.7215
  1581	-33.7871
  1582	-34.4845
  1583	-37.5545
  1584	-29.9116
  1585	-30.3682
  1586	-31.1714
  1587	-30.8085
  1588	-36.2921
  1589	-37.1568
  1590	-33.7584
  1591	-25.453
  1592	-28.9346
  1593	-31.9409
  1594	-23.4235
  1595	-28.1289
  1596	-35.2256
  1597	-28.8236
  1598	-24.1716
  1599	-24.0847
  1600	-21.7403
  1601	-26.0439
  1602	-27.1552
  1603	-24.4376
  1604	-23.807
  1605	-31.7977
  1606	-28.8202
  1607	-20.4324
  1608	-26.3019
  1609	-29.4999
  1610	-24.2725
  1611	-30.6064
  1612	-33.1048
  1613	-32.8097
  1614	-27.5728
  1615	-30.276
  1616	-28.2578
  1617	-24.3157
  1618	-37.5861
  1619	-39.5832
  1620	-34.3127
  1621	-38.3522
  1622	-36.3253
  1623	-30.4276
  1624	-23.3451
  1625	-24.9147
  1626	-25.7383
  1627	-19.116
  1628	-31.5963
  1629	-34.691
  1630	-21.0825
  1631	-23.9971
  1632	-28.7351
  1633	-20.5261
  1634	-22.3302
  1635	-28.1491
  1636	-29.0093
  1637	-39.2353
  1638	-42.8239
  1639	-40.1997
  1640	-47.3989
  1641	-51.4445
  1642	-48.5801
  1643	-50.9509
  1644	-51.3687
  1645	-48.0235
  1646	-57.7431
  1647	-57.9202
  1648	-50.4013
  1649	-53.3682
  1650	-43.7561
  1651	-38.7891
  1652	-39.512
  1653	-37.4465
  1654	-43.756
  1655	-44.9309
  1656	-37.8182
  1657	-40.6294
  1658	-46.9782
  1659	-42.3126
  1660	-40.2252
  1661	-46.9054
  1662	-41.0082
  1663	-42.6134
  1664	-45.2321
  1665	-49.216
  1666	-49.3056
  1667	-52.012
  1668	-47.2579
  1669	-51.975
  1670	-52.9861
  1671	-56.4816
  1672	-52.0581
  1673	-45.6697
  1674	-52.7683
  1675	-55.691
  1676	-46.4454
  1677	-52.6091
  1678	-57.6433
  1679	-49.7342
  1680	-55.4664
  1681	-49.7227
  1682	-49.602
  1683	-58.4928
  1684	-54.6662
  1685	-53.0651
  1686	-59.486
  1687	-51.9661
  1688	-54.3101
  1689	-55.5553
  1690	-55.8027
  1691	-53.7054
  1692	-55.6232
  1693	-49.7123
  1694	-47.2467
  1695	-52.6854
  1696	-49.2318
  1697	-44.4748
  1698	-39.2014
  1699	-37.9885
  1700	-43.2132
  1701	-36.8655
  1702	-32.5839
  1703	-40.8525
  1704	-37.4436
  1705	-35.9131
  1706	-45.1413
  1707	-41.0324
  1708	-40.7999
  1709	-50.0694
  1710	-44.3631
  1711	-42.812
  1712	-54.4601
  1713	-48.9176
  1714	-50.3329
  1715	-57.2829
  1716	-57.2912
  1717	-64.0109
  1718	-65.5941
  1719	-56.7222
  1720	-60.1309
  1721	-67.2312
  1722	-63.9383
  1723	-66.0506
  1724	-63.3328
  1725	-60.9447
  1726	-64.3521
  1727	-65.8244
  1728	-63.9061
  1729	-67.5787
  1730	-62.5524
  1731	-61.825
  1732	-57.2881
  1733	-57.2844
  1734	-56.3778
  1735	-61.1912
  1736	-55.2259
  1737	-57.3635
  1738	-65.1052
  1739	-64.659
  1740	-58.398
  1741	-64.4787
  1742	-60.8104
  1743	-60.7325
  1744	-61.3937
  1745	-67.0698
  1746	-67.8086
  1747	-72.7325
  1748	-76.9245
  1749	-73.2846
  1750	-72.1488
  1751	-78.7987
  1752	-79.6973
  1753	-75.6772
  1754	-81.7622
  1755	-87.7345
  1756	-82.368
  1757	-78.8273
  1758	-82.2123
  1759	-84.4669
  1760	-86.7417
  1761	-85.6654
  1762	-86.1101
  1763	-87.2373
  1764	-87.1181
  1765	-94.6027
  1766	-94.4443
  1767	-89.7869
  1768	-88.8049
  1769	-92.5504
  1770	-85.3102
  1771	-88.463
  1772	-90.3092
  1773	-86.7339
  1774	-82.6915
  1775	-82.633
  1776	-72.1365
  1777	-70.2291
  1778	-61.3728
  1779	-56.2983
  1780	-52.992
  1781	-50.0236
  1782	-41.6672
  1783	-40.0405
  1784	-29.5977
  1785	-34.0678
  1786	-40.4082
  1787	-34.0825
  1788	-30.7346
  1789	-34.5709
  1790	-33.4543
  1791	-33.2481
  1792	-31.1737
  1793	-30.9696
  1794	-35.9633
  1795	-34.6797
  1796	-41.4494
  1797	-42.8206
  1798	-41.9054
  1799	-45.6107
  1800	-54.5202
  1801	-42.6458
  1802	-48.5819
  1803	-50.6105
  1804	-45.1279
  1805	-44.9083
  1806	-51.2454
  1807	-47.9114
  1808	-47.5935
  1809	-37.7995
  1810	-38.2247
  1811	-35.6879
  1812	-33.2871
  1813	-34.2332
  1814	-32.4645
  1815	-27.2167
  1816	-32.375
  1817	-38.0738
  1818	-31.9325
  1819	-25.0407
  1820	-33.7429
  1821	-35.3155
  1822	-30.6344
  1823	-39.4151
  1824	-39.0467
  1825	-37.2192
  1826	-37.3956
  1827	-34.8803
  1828	-29.596
  1829	-34.1364
  1830	-37.861
  1831	-38.5492
  1832	-39.2349
  1833	-40.7035
  1834	-48.1961
  1835	-51.4472
  1836	-46.3331
  1837	-62.7326
  1838	-60.3057
  1839	-48.9832
  1840	-50.7143
  1841	-53.144
  1842	-50.6111
  1843	-50.2215
  1844	-49.5963
  1845	-40.7808
  1846	-42.7393
  1847	-49.627
  1848	-37.9875
  1849	-38.1971
  1850	-43.406
  1851	-35.1143
  1852	-36.3778
  1853	-42.2842
  1854	-34.3493
  1855	-36.3026
  1856	-42.9269
  1857	-39.9118
  1858	-38.2387
  1859	-41.3415
  1860	-30.9417
  1861	-32.3213
  1862	-33.793
  1863	-39.2564
  1864	-37.5369
  1865	-35.0112
  1866	-40.6793
  1867	-40.3409
  1868	-39.501
  1869	-42.5073
  1870	-44.0837
  1871	-36.9641
  1872	-41.3995
  1873	-44.8357
  1874	-38.3996
  1875	-35.9377
  1876	-39.6174
  1877	-31.8116
  1878	-33.876
  1879	-34.8778
  1880	-38.916
  1881	-34.0508
  1882	-38.9294
  1883	-38.1093
  1884	-37.2075
  1885	-36.0407
  1886	-38.0979
  1887	-35.3289
  1888	-33.3285
  1889	-29.1
  1890	-27.0892
  1891	-31.1138
  1892	-31.2205
  1893	-30.7571
  1894	-37.7857
  1895	-42.0602
  1896	-36.2276
  1897	-43.2508
  1898	-44.5176
  1899	-43.4657
  1900	-48.7592
  1901	-56.2834
  1902	-45.528
  1903	-49.899
  1904	-56.488
  1905	-44.7009
  1906	-42.6668
  1907	-46.2268
  1908	-40.5819
  1909	-38.7941
  1910	-45.9643
  1911	-41.5817
  1912	-36.1594
  1913	-46.9454
  1914	-42.973
  1915	-41.6904
  1916	-47.3477
  1917	-41.5274
  1918	-43.2081
  1919	-37.1374
  1920	-37.5966
  1921	-33.5507
  1922	-29.4743
  1923	-35.2759
  1924	-34.0249
  1925	-29.1266
  1926	-33.3224
  1927	-34.69
  1928	-27.1367
  1929	-22.5406
  1930	-26.8956
  1931	-19.4724
  1932	-20.76
  1933	-36.9385
  1934	-30.9284
  1935	-36.6495
  1936	-48.2604
  1937	-40.578
  1938	-39.0554
  1939	-50.1214
  1940	-40.1681
  1941	-43.7889
  1942	-48.1178
  1943	-42.2532
  1944	-48.8392
  1945	-55.4876
  1946	-48.1798
  1947	-47.2073
  1948	-49.3272
  1949	-49.1618
  1950	-51.165
  1951	-52.7319
  1952	-51.401
  1953	-47.5151
  1954	-53.4763
  1955	-45.6168
  1956	-46.3352
  1957	-42.6285
  1958	-39.5245
  1959	-38.6161
  1960	-40.018
  1961	-43.7698
  1962	-42.9522
  1963	-45.0102
  1964	-46.2167
  1965	-49.323
  1966	-52.9513
  1967	-49.4599
  1968	-49.0156
  1969	-51.8117
  1970	-50.9077
  1971	-53.4562
  1972	-49.8346
  1973	-51.7952
  1974	-45.4926
  1975	-53.3858
  1976	-41.6201
  1977	-39.3662
  1978	-37.9844
  1979	-32.5341
  1980	-25.0823
  1981	-29.4333
  1982	-29.7446
  1983	-26.5547
  1984	-27.8313
  1985	-28.3021
  1986	-22.0374
  1987	-33.7559
  1988	-41.0046
  1989	-38.7802
  1990	-40.7823
  1991	-48.3033
  1992	-48.1518
  1993	-51.5115
  1994	-55.4566
  1995	-61.2752
  1996	-64.7537
  1997	-61.8352
  1998	-64.8071
  1999	-63.2192
  2000	-63.2144
  2001	-68.504
  2002	-62.1917
  2003	-58.9511
  2004	-58.0677
  2005	-56.3292
  2006	-53.6971
  2007	-54.9611
  2008	-51.2991
  2009	-46.8638
  2010	-49.0134
  2011	-49.2422
  2012	-49.2884
  2013	-52.4254
  2014	-54.5328
  2015	-41.1427
  2016	-49.935
  2017	-49.2122
  2018	-40.74
  2019	-48.6272
  2020	-45.2114
  2021	-38.6198
  2022	-47.6557
  2023	-45.5165
  2024	-41.3638
  2025	-44.0744
  2026	-43.1417
  2027	-39.3247
  2028	-41.5936
  2029	-42.5914
  2030	-40.4643
  2031	-41.6723
  2032	-38.3496
  2033	-43.9199
  2034	-38.0777
  2035	-40.503
  2036	-38.5864
  2037	-43.4216
  2038	-42.3667
  2039	-50.1343
  2040	-47.8004
  2041	-45.8387
  2042	-51.7481
  2043	-56.0592
  2044	-45.6144
  2045	-54.0021
  2046	-53.1376
  2047	-49.161
  2048	-49.2554
  2049	-48.6192
  2050	-43.9094
  2051	-49.6074
  2052	-43.5212
  2053	-35.4632
  2054	-36.7514
  2055	-30.2389
  2056	-28.572
  2057	-29.8836
  2058	-21.9866
  2059	-24.7721
  2060	-29.2304
  2061	-24.0728
  2062	-23.6942
  2063	-27.461
  2064	-24.5478
  2065	-24.4412
  2066	-21.601
  2067	-21.282
  2068	-23.9019
  2069	-19.2097
  2070	-18.2987
  2071	-21.8846
  2072	-17.6301
  2073	-23.4149
  2074	-31.6187
  2075	-29.0811
  2076	-21.2297
  2077	-19.6621
  2078	-25.571
  2079	-18.0382
  2080	-17.128
  2081	-14.6322
  2082	-9.46153
  2083	-12.735
  2084	-11.546
  2085	-9.33879
  2086	-15.4874
  2087	-14.639
  2088	-17.2043
  2089	-24.0611
  2090	-16.6929
  2091	-17.1187
  2092	-21.0861
  2093	-12.9577
  2094	-12.9141
  2095	-17.1369
  2096	-21.6171
  2097	-21.7139
  2098	-17.25
  2099	-18.7532
  2100	-23.8821
  2101	-23.1721
  2102	-24.5169
  2103	-28.4005
  2104	-28.7089
  2105	-32.1901
  2106	-36.8351
  2107	-28.9462
  2108	-25.0791
  2109	-26.3385
  2110	-24.1243
  2111	-21.8924
  2112	-25.7098
  2113	-28.5489
  2114	-25.7932
  2115	-24.817
  2116	-24.6533
  2117	-26.6462
  2118	-27.8626
  2119	-26.3838
  2120	-26.8772
  2121	-35.7553
  2122	-34.749
  2123	-36.9779
  2124	-39.1336
  2125	-38.0115
  2126	-41.2602
  2127	-37.1734
  2128	-36.3907
  2129	-41.3093
  2130	-34.6135
  2131	-35.3473
  2132	-43.731
  2133	-40.4108
  2134	-42.8268
  2135	-44.8323
  2136	-43.4294
  2137	-38.8307
  2138	-45.0233
  2139	-39.9044
  2140	-43.9601
  2141	-47.9802
  2142	-49.8882
  2143	-40.197
  2144	-45.0189
  2145	-40.9819
  2146	-41.645
  2147	-40.8419
  2148	-41.3453
  2149	-42.8201
  2150	-43.3786
  2151	-38.7286
  2152	-39.0961
  2153	-35.6792
  2154	-37.99
  2155	-39.0585
  2156	-35.9034
  2157	-32.1203
  2158	-33.9387
  2159	-30.5113
  2160	-28.198
  2161	-37.4768
  2162	-32.3646
  2163	-33.5841
  2164	-41.4611
  2165	-33.2895
  2166	-38.5896
  2167	-41.235
  2168	-43.6497
  2169	-37.7323
  2170	-41.8875
  2171	-43.7685
  2172	-35.3746
  2173	-37.3183
  2174	-39.0271
  2175	-33.3005
  2176	-38.3992
  2177	-37.9856
  2178	-47.2623
  2179	-48.9927
  2180	-48.6741
  2181	-55.2634
  2182	-46.5546
  2183	-51.1685
  2184	-51.464
  2185	-49.1398
  2186	-45.3511
  2187	-54.0554
  2188	-48.3235
  2189	-45.852
  2190	-47.6925
  2191	-47.4825
  2192	-42.0712
  2193	-48.0576
  2194	-39.7241
  2195	-38.2947
  2196	-41.7079
  2197	-41.2496
  2198	-41.4152
  2199	-43.7772
  2200	-41.6814
  2201	-38.446
  2202	-32.6032
  2203	-26.4641
  2204	-31.7428
  2205	-25.6313
  2206	-23.1114
  2207	-18.8449
  2208	-24.1801
  2209	-27.7249
  2210	-27.1881
  2211	-20.8694
  2212	-25.6268
  2213	-28.5815
  2214	-31.9051
  2215	-32.2663
  2216	-34.7146
  2217	-38.2512
  2218	-44.2499
  2219	-44.4375
  2220	-39.641
  2221	-47.7503
  2222	-46.8012
  2223	-39.9861
  2224	-45.1208
  2225	-46.533
  2226	-44.2184
  2227	-50.9527
  2228	-43.9796
  2229	-47.5431
  2230	-50.6031
  2231	-43.5568
  2232	-37.4928
  2233	-38.4221
  2234	-38.0088
  2235	-46.0598
  2236	-42.0614
  2237	-43.8725
  2238	-52.0746
  2239	-46.7872
  2240	-43.0958
  2241	-52.4088
  2242	-41.8605
  2243	-40.322
  2244	-40.807
  2245	-43.5337
  2246	-44.6643
  2247	-49.5796
  2248	-38.4555
  2249	-38.3277
  2250	-38.1342
  2251	-30.601
  2252	-33.4473
  2253	-34.2094
  2254	-30.5406
  2255	-34.388
  2256	-31.9813
  2257	-30.434
  2258	-35.5618
  2259	-32.2412
  2260	-25.3464
  2261	-22.6687
  2262	-29.4128
  2263	-22.619
  2264	-26.888
  2265	-31.3706
  2266	-33.3116
  2267	-34.5844
  2268	-35.585
  2269	-28.5594
  2270	-33.3758
  2271	-37.5105
  2272	-42.3903
  2273	-49.4847
  2274	-43.5272
  2275	-45.1641
  2276	-43.6919
  2277	-42.0452
  2278	-47.3964
  2279	-52.8917
  2280	-44.584
  2281	-44.6495
  2282	-43.6964
  2283	-42.7872
  2284	-42.6895
  2285	-44.8144
  2286	-33.2068
  2287	-33.4405
  2288	-37.0611
  2289	-37.9991
  2290	-37.9905
  2291	-42.7807
  2292	-39.982
  2293	-43.5209
  2294	-44.5916
  2295	-47.5483
  2296	-40.2869
  2297	-35.8458
  2298	-36.6353
  2299	-35.6481
  2300	-32.9453
  2301	-40.7527
  2302	-40.9522
  2303	-41.2609
  2304	-39.5105
  2305	-44.9634
  2306	-33.6899
  2307	-39.5642
  2308	-38.4687
  2309	-35.4487
  2310	-43.0571
  2311	-42.2743
  2312	-26.6089
  2313	-29.8106
  2314	-34.2637
  2315	-30.5232
  2316	-26.8816
  2317	-30.0815
  2318	-34.0735
  2319	-32.8689
  2320	-34.3359
  2321	-40.0054
  2322	-36.7206
  2323	-35.7445
  2324	-40.7572
  2325	-35.7467
  2326	-42.4767
  2327	-42.8793
  2328	-48.5947
  2329	-45.892
  2330	-50.6407
  2331	-50.0858
  2332	-49.0618
  2333	-46.2474
  2334	-43.1759
  2335	-39.4008
  2336	-39.0387
  2337	-39.2467
  2338	-41.0273
  2339	-41.541
  2340	-41.9688
  2341	-37.9093
  2342	-40.6972
  2343	-43.8444
  2344	-40.4248
  2345	-41.6675
  2346	-45.0736
  2347	-43.4274
  2348	-45.6749
  2349	-46.6368
  2350	-34.9922
  2351	-41.7416
  2352	-41.9738
  2353	-41.5043
  2354	-41.6352
  2355	-43.5141
  2356	-44.1208
  2357	-44.3312
  2358	-46.262
  2359	-43.312
  2360	-36.831
  2361	-42.2601
  2362	-38.4005
  2363	-40.848
  2364	-43.5142
  2365	-40.2681
  2366	-44.451
  2367	-42.5483
  2368	-38.1569
  2369	-47.7342
  2370	-44.1126
  2371	-43.4305
  2372	-45.8467
  2373	-44.0849
  2374	-49.1633
  2375	-47.7577
  2376	-46.3193
  2377	-46.7092
  2378	-42.6143
  2379	-46.4098
  2380	-48.0856
  2381	-52.5735
  2382	-45.5687
  2383	-42.6533
  2384	-43.5523
  2385	-39.2158
  2386	-40.1062
  2387	-38.0354
  2388	-27.0232
  2389	-23.7817
  2390	-27.2813
  2391	-23.4527
  2392	-25.8648
  2393	-25.4276
  2394	-17.9314
  2395	-13.6131
  2396	-16.2715
  2397	-11.9543
  2398	-10.8408
  2399	-9.65643
  2400	-9.37006
  2401	-9.98637
  2402	-11.2261
  2403	-6.76485
  2404	-4.1554
  2405	-4.57029
  2406	-5.4071
  2407	-1.05072
  2408	-4.53688
  2409	-10.1798
  2410	-5.69611
  2411	-3.31448
  2412	-4.97478
  2413	-7.79189
  2414	0.668977
  2415	4.17774
  2416	3.39263
  2417	3.34864
  2418	0.265821
  2419	-5.54982
  2420	6.50489
  2421	8.99765
  2422	-2.31951
  2423	2.9163
  2424	4.26587
  2425	-3.47341
  2426	-0.89661
  2427	1.35616
  2428	-9.65045
  2429	-3.8356
  2430	2.83562
  2431	-0.939721
  2432	-1.75083
  2433	5.07529
  2434	4.78287
  2435	7.50287
  2436	6.69726
  2437	7.56655
  2438	5.46323
  2439	9.09493
  2440	8.3824
  2441	3.0575
  2442	8.16678
  2443	5.79685
  2444	4.66502
  2445	4.93337
  2446	10.5311
  2447	11.8421
  2448	5.16782
  2449	6.61764
  2450	8.32028
  2451	-3.28703
  2452	1.47408
  2453	3.75721
  2454	-5.27768
  2455	0.445716
  2456	-0.413302
  2457	-13.2589
  2458	-6.94833
  2459	-5.44485
  2460	-13.4732
  2461	-13.8777
  2462	-12.5902
  2463	-12.177
  2464	-19.6467
  2465	-11.564
  2466	-16.6226
  2467	-18.219
  2468	-16.5905
  2469	-14.5711
  2470	-18.5513
  2471	-11.686
  2472	-10.817
  2473	-17.7878
  2474	-16.276
  2475	-1.67261
  2476	2.13361
  2477	1.64702
  2478	12.9262
  2479	13.2236
  2480	11.4511
  2481	19.1051
  2482	28.5243
  2483	24.1087
  2484	29.9147
  2485	43.947
  2486	41.8266
  2487	43.2379
  2488	48.076
  2489	46.7652
  2490	48.3094
  2491	60.2129
  2492	61.0269
  2493	53.8633
  2494	50.314
  2495	56.8424
  2496	58.2623
  2497	56.7761
  2498	54.9
  2499	58.3617
  2500	55.7762
  2501	57.6073
  2502	58.3448
  2503	54.0877
  2504	56.6034
  2505	62.2657
  2506	56.2964
  2507	54.1269
  2508	58.1233
  2509	55.2636
  2510	53.6135
  2511	61.7629
  2512	61.4931
  2513	58.1116
  2514	60.0302
  2515	59.1331
  2516	60.5446
  2517	60.5831
  2518	58.8388
  2519	60.6062
  2520	56.2
  2521	49.5904
  2522	51.3888
  2523	48.7853
  2524	48.1819
  2525	51.549
  2526	51.2367
  2527	50.6123
  2528	49.5612
  2529	40.1223
  2530	37.5847
  2531	39.8015
  2532	42.201
  2533	38.8768
  2534	35.468
  2535	36.3066
  2536	30.0592
  2537	27.551
  2538	23.698
  2539	29.7097
  2540	32.1481
  2541	32.0844
  2542	33.4214
  2543	33.4636
  2544	29.9487
  2545	29.5471
  2546	34.0517
  2547	29.6361
  2548	38.6112
  2549	38.6066
  2550	37.2883
  2551	40.751
  2552	38.5878
  2553	35.7449
  2554	41.9826
  2555	40.419
  2556	36.5038
  2557	38.0425
  2558	39.7285
  2559	36.6666
  2560	36.3099
  2561	29.0808
  2562	30.8072
  2563	31.4589
  2564	24.5966
  2565	25.7769
  2566	25.6365
  2567	29.6269
  2568	28.3343
  2569	28.379
  2570	29.5892
  2571	28.2893
  2572	25.77
  2573	28.8033
  2574	33.5185
  2575	34.9769
  2576	36.7067
  2577	38.1475
  2578	38.4524
  2579	37.7081
  2580	33.7123
  2581	39.0056
  2582	38.2167
  2583	39.164
  2584	33.793
  2585	33.5151
  2586	40.161
  2587	38.2296
  2588	38.0309
  2589	41.3383
  2590	47.1939
  2591	52.0929
  2592	51.9685
  2593	54.4091
  2594	54.315
  2595	55.5817
  2596	55.9545
  2597	60.8335
  2598	57.0605
  2599	54.8259
  2600	58.3616
  2601	61.06
  2602	55.9334
  2603	58.4911
  2604	58.0264
  2605	49.4912
  2606	48.6073
  2607	56.13
  2608	48.2244
  2609	44.0613
  2610	49.2834
  2611	47.3476
  2612	40.2466
  2613	43.1991
  2614	41.5935
  2615	36.0053
  2616	40.0051
  2617	41.5501
  2618	35.0451
  2619	35.442
  2620	36.3162
  2621	34.3744
  2622	29.5469
  2623	32.5591
  2624	36.8488
  2625	27.8303
  2626	27.3446
  2627	28.544
  2628	21.068
  2629	20.1166
  2630	23.7308
  2631	17.9808
  2632	16.8322
  2633	27.2606
  2634	13.4056
  2635	9.67151
  2636	21.1075
  2637	17.8367
  2638	15.8369
  2639	22.9096
  2640	28.9449
  2641	19.6057
  2642	30.556
  2643	32.2585
  2644	26.7732
  2645	33.1303
  2646	42.43
  2647	39.9575
  2648	41.0588
  2649	44.9471
  2650	50.3743
  2651	49.9989
  2652	53.0922
  2653	56.088
  2654	54.3292
  2655	43.8747
  2656	50.1329
  2657	58.0143
  2658	47.2959
  2659	51.6643
  2660	57.3914
  2661	48.5028
  2662	49.7698
  2663	55.928
  2664	49.8355
  2665	56.2703
  2666	69.4046
  2667	64.2321
  2668	66.6462
  2669	70.2552
  2670	67.9894
  2671	69.268
  2672	73.3303
  2673	69.184
  2674	69.6637
  2675	68.6692
  2676	69.3424
  2677	76.2784
  2678	72.807
  2679	70.138
  2680	70.6277
  2681	70.2687
  2682	63.5648
  2683	67.6275
  2684	67.1466
  2685	65.7679
  2686	70.1093
  2687	71.8012
  2688	71.5315
  2689	67.2728
  2690	64.7106
  2691	65.0116
  2692	68.7555
  2693	66.5864
  2694	70.3314
  2695	69.4309
  2696	59.8693
  2697	66.8718
  2698	66.9927
  2699	62.9225
  2700	64.9036
  2701	67.1007
  2702	61.112
  2703	64.272
  2704	69.6366
  2705	64.908
  2706	64.8044
  2707	59.9371
  2708	58.1687
  2709	57.8519
  2710	57.4222
  2711	59.0148
  2712	59.7772
  2713	53.6034
  2714	62.8732
  2715	64.9191
  2716	52.8422
  2717	61.6787
  2718	59.8595
  2719	51.2655
  2720	55.19
  2721	61.8228
  2722	56.6606
  2723	60.1481
  2724	58.4683
  2725	52.1829
  2726	57.3419
  2727	54.7099
  2728	49.949
  2729	54.0861
  2730	55.7546
  2731	48.8659
  2732	51.103
  2733	50.9012
  2734	50.3351
  2735	56.3068
  2736	48.5726
  2737	57.1129
  2738	56.5531
  2739	47.6936
  2740	50.5201
  2741	49.5004
  2742	49.2459
  2743	53.2643
  2744	49.7094
  2745	48.9465
  2746	57.6114
  2747	60.5125
  2748	56.2425
  2749	65.5648
  2750	67.5587
  2751	62.1757
  2752	69.084
  2753	71.7339
  2754	70.2443
  2755	71.7404
  2756	72.4042
  2757	72.4297
  2758	73.3587
  2759	72.8574
  2760	65.156
  2761	62.6468
  2762	56.6915
  2763	52.4156
  2764	48.3801
  2765	40.9366
  2766	35.9778
  2767	32.4811
  2768	33.1457
  2769	32.8154
  2770	38.6424
  2771	20.6963
  2772	22.517
  2773	26.1787
  2774	19.7967
  2775	21.5094
  2776	14.0595
  2777	13.7174
  2778	16.4897
  2779	8.74847
  2780	3.08959
  2781	-3.21212
  2782	-4.72843
  2783	-2.97188
  2784	-5.06807
  2785	-4.06008
  2786	-10.8131
  2787	-4.07949
  2788	-5.96191
  2789	-16.2626
  2790	-14.4201
  2791	-11.7393
  2792	-12.6364
  2793	-11.1991
  2794	-11.6713
  2795	-16.4322
  2796	-19.9431
  2797	-16.0166
  2798	-16.4558
  2799	-16.0464
  2800	-13.5129
  2801	-12.422
  2802	-4.60767
  2803	-8.54862
  2804	-5.35306
  2805	1.88666
  2806	-2.03979
  2807	-1.82046
  2808	3.73599
  2809	-1.98362
  2810	6.42579
  2811	6.18493
  2812	3.19079
  2813	10.1746
  2814	8.49498
  2815	9.50411
  2816	22.4394
  2817	19.5218
  2818	10.1566
  2819	23.9517
  2820	28.8057
  2821	24.0673
  2822	35.3793
  2823	37.7832
  2824	30.1474
  2825	37.3864
  2826	33.1869
  2827	27.6562
  2828	30.8031
  2829	24.6986
  2830	26.2464
  2831	28.1849
  2832	20.0734
  2833	20.6728
  2834	24.9112
  2835	22.6103
  2836	19.9137
  2837	18.5568
  2838	19.9369
  2839	26.8546
  2840	18.9413
  2841	16.3216
  2842	21.7332
  2843	18.2266
  2844	15.7962
  2845	11.8158
  2846	7.57337
  2847	2.97986
  2848	11.4617
  2849	12.6492
  2850	0.0147597
  2851	2.89015
  2852	6.13028
  2853	2.13267
  2854	5.65167
  2855	0.304464
  2856	-0.168071
  2857	10.0818
  2858	6.7465
  2859	8.13866
  2860	10.0911
  2861	3.3556
  2862	3.75762
  2863	4.40138
  2864	1.3271
  2865	-2.4917
  2866	-2.39164
  2867	-3.71054
  2868	2.55359
  2869	2.03745
  2870	-3.03556
  2871	9.26069
  2872	2.52093
  2873	-6.06119
  2874	4.0707
  2875	5.20276
  2876	6.74469
  2877	16.7634
  2878	17.1944
  2879	12.5235
  2880	17.153
  2881	18.8789
  2882	10.4165
  2883	14.9561
  2884	28.3293
  2885	22.6039
  2886	26.7755
  2887	28.2484
  2888	20.5557
  2889	28.279
  2890	27.9832
  2891	20.608
  2892	26.1308
  2893	25.9537
  2894	23.8514
  2895	18.2304
  2896	18.7247
  2897	17.5857
  2898	12.8563
  2899	13.9822
  2900	17.8875
  2901	24.3658
  2902	20.4837
  2903	21.3741
  2904	30.9317
  2905	23.9887
  2906	21.7202
  2907	31.1064
  2908	27.3097
  2909	28.4612
  2910	26.7181
  2911	30.4698
  2912	31.7772
  2913	28.1134
  2914	28.4888
  2915	23.0581
  2916	21.9033
  2917	22.5398
  2918	22.1245
  2919	31.3791
  2920	21.0217
  2921	20.8259
  2922	23.904
  2923	8.30578
  2924	1.11634
  2925	9.64006
  2926	11.3521
  2927	2.28939
  2928	2.27929
  2929	1.0469
  2930	-4.01366
  2931	3.89682
  2932	3.80485
  2933	0.029274
  2934	11.3002
  2935	5.82903
  2936	8.72967
  2937	8.43376
  2938	6.65057
  2939	9.63066
  2940	6.57296
  2941	1.50431
  2942	2.61331
  2943	1.7496
  2944	8.7715
  2945	13.3941
  2946	12.3412
  2947	13.1907
  2948	14.0555
  2949	13.8755
  2950	14.2192
  2951	20.3921
  2952	19.549
  2953	16.5092
  2954	20.7554
  2955	21.1306
  2956	13.8789
  2957	12.6541
  2958	19.1379
  2959	21.0182
  2960	14.4153
  2961	17.7948
  2962	17.1698
  2963	18.153
  2964	21.9523
  2965	20.0335
  2966	18.0757
  2967	22.2725
  2968	20.1853
  2969	20.9726
  2970	21.5713
  2971	22.3615
  2972	22.9497
  2973	15.2289
  2974	15.7246
  2975	19.06
  2976	17.4519
  2977	17.1861
  2978	19.5293
  2979	13.7061
  2980	16.2363
  2981	18.9732
  2982	10.0875
  2983	10.5343
  2984	15.8362
  2985	12.6289
  2986	10.3518
  2987	14.6749
  2988	9.13731
  2989	3.10492
  2990	9.43335
  2991	7.96496
  2992	4.86657
  2993	2.95526
  2994	3.87725
  2995	-0.487586
  2996	-1.04266
  2997	4.55409
  2998	1.81006
  2999	0.673998
  3000	-1.1699
  3001	-2.62775
  3002	-3.47802
  3003	-9.88334
  3004	-9.11006
  3005	-10.5099
  3006	-15.8285
  3007	-5.12853
  3008	-14.1551
  3009	-16.738
  3010	-15.6537
  3011	-17.5647
  3012	-20.5866
  3013	-18.9349
  3014	-20.447
  3015	-23.7392
  3016	-24.3052
  3017	-22.2061
  3018	-24.6134
  3019	-20.2156
  3020	-21.498
  3021	-23.1949
  3022	-21.5888
  3023	-22.5576
  3024	-25.2197
  3025	-25.4785
  3026	-30.2952
  3027	-35.0132
  3028	-36.0376
  3029	-44.3328
  3030	-46.7192
  3031	-44.2571
  3032	-43.3654
  3033	-43.9336
  3034	-40.3037
  3035	-41.2443
  3036	-39.2476
  3037	-37.8219
  3038	-43.126
  3039	-39.2722
  3040	-37.5245
  3041	-43.2566
  3042	-38.7366
  3043	-46.0269
  3044	-46.356
  3045	-33.2784
  3046	-38.705
  3047	-40.6628
  3048	-38.5059
  3049	-40.5853
  3050	-42.5524
  3051	-37.5609
  3052	-43.2049
  3053	-44.3607
  3054	-41.9907
  3055	-39.2832
  3056	-43.5392
  3057	-36.5817
  3058	-35.9223
  3059	-43.0646
  3060	-43.1254
  3061	-38.809
  3062	-41.6977
  3063	-41.4121
  3064	-39.5655
  3065	-32.4637
  3066	-39.6162
  3067	-39.5699
  3068	-30.7383
  3069	-34.6714
  3070	-31.1081
  3071	-28.957
  3072	-28.163
  3073	-26.5596
  3074	-23.1685
  3075	-13.3352
  3076	-19.4609
  3077	-17.4966
  3078	-11.8398
  3079	-19.0348
  3080	-13.8393
  3081	-17.3117
  3082	-14.6748
  3083	-8.55239
  3084	-9.15192
  3085	-11.7785
  3086	-17.303
  3087	-15.0702
  3088	-10.8208
  3089	-21.7347
  3090	-17.9851
  3091	-14.4677
  3092	-22.186
  3093	-21.5286
  3094	-18.8775
  3095	-26.4817
  3096	-23.4582
  3097	-18.6362
  3098	-26.8747
  3099	-28.8467
  3100	-28.3836
  3101	-23.7706
  3102	-20.4264
  3103	-15.3108
  3104	-12.959
  3105	-9.21684
  3106	-15.3828
  3107	-20.6201
  3108	-7.65435
  3109	-15.6557
  3110	-19.2739
  3111	-8.72118
  3112	-21.8497
  3113	-23.9325
  3114	-24.2287
  3115	-30.6301
  3116	-32.4633
  3117	-26.639
  3118	-28.8049
  3119	-41.6263
  3120	-36.215
  3121	-37.7523
  3122	-39.7585
  3123	-39.0256
  3124	-39.0556
  3125	-42.5046
  3126	-49.0048
  3127	-46.1833
  3128	-46.2938
  3129	-53.0126
  3130	-49.9725
  3131	-46.5174
  3132	-46.5333
  3133	-47.8035
  3134	-42.3905
  3135	-41.454
  3136	-45.9262
  3137	-42.0268
  3138	-39.0448
  3139	-38.9735
  3140	-42.2571
  3141	-37.629
  3142	-37.118
  3143	-36.9536
  3144	-35.3896
  3145	-40.5809
  3146	-41.4571
  3147	-46.4118
  3148	-44.3478
  3149	-45.8017
  3150	-39.7142
  3151	-39.9026
  3152	-42.6109
  3153	-37.6664
  3154	-42.5192
  3155	-43.579
  3156	-31.5113
  3157	-39.1216
  3158	-37.3655
  3159	-28.8689
  3160	-30.0905
  3161	-41.1371
  3162	-35.5857
  3163	-34.6723
  3164	-43.2592
  3165	-30.8031
  3166	-34.4951
  3167	-43.613
  3168	-32.5024
  3169	-35.8139
  3170	-44.68
  3171	-39.7087
  3172	-39.8168
  3173	-46.4941
  3174	-43.7476
  3175	-44.0336
  3176	-41.8929
  3177	-43.553
  3178	-39.0798
  3179	-37.7249
  3180	-33.4698
  3181	-35.8838
  3182	-40.2699
  3183	-39.5314
  3184	-44.0351
  3185	-33.8731
  3186	-31.5164
  3187	-38.7502
  3188	-34.4406
  3189	-41.7593
  3190	-49.3833
  3191	-40.9016
  3192	-48.666
  3193	-52.4801
  3194	-46.8988
  3195	-51.9829
  3196	-53.628
  3197	-42.2305
  3198	-42.7939
  3199	-43.856
  3200	-36.5464
  3201	-38.0611
  3202	-40.6284
  3203	-39.8678
  3204	-42.1847
  3205	-40.4863
  3206	-33.3868
  3207	-35.1413
  3208	-37.0406
  3209	-39.4821
  3210	-38.9945
  3211	-38.8605
  3212	-40.9756
  3213	-37.6566
  3214	-40.126
  3215	-44.8674
  3216	-42.5955
  3217	-40.5187
  3218	-46.0164
  3219	-40.0983
  3220	-44.4433
  3221	-49.7459
  3222	-44.541
  3223	-43.916
  3224	-52.3095
  3225	-42.3708
  3226	-38.4802
  3227	-39.8587
  3228	-34.7059
  3229	-33.324
  3230	-33.5855
  3231	-38.8879
  3232	-43.1054
  3233	-40.4753
  3234	-42.1149
  3235	-40.6305
  3236	-35.4105
  3237	-41.2562
  3238	-43.2041
  3239	-42.1734
  3240	-42.2902
  3241	-49.1796
  3242	-39.2973
  3243	-47.374
  3244	-44.577
  3245	-39.8586
  3246	-45.6343
  3247	-43.2832
  3248	-40.3465
  3249	-40.7182
  3250	-44.3393
  3251	-40.4482
  3252	-37.4688
  3253	-43.6329
  3254	-40.4545
  3255	-38.127
  3256	-46.2351
  3257	-42.291
  3258	-48.9741
  3259	-54.1229
  3260	-48.2611
  3261	-43.9911
  3262	-46.6791
  3263	-39.0808
  3264	-41.9196
  3265	-44.0393
  3266	-45.7509
  3267	-43.256
  3268	-44.6516
  3269	-45.6497
  3270	-39.513
  3271	-39.7144
  3272	-47.2791
  3273	-43.3727
  3274	-43.0271
  3275	-49.002
  3276	-48.7276
  3277	-47.4213
  3278	-54.8179
  3279	-50.7288
  3280	-42.199
  3281	-44.6431
  3282	-40.4016
  3283	-36.5089
  3284	-37.327
  3285	-44.4111
  3286	-34.5723
  3287	-32.9291
  3288	-38.7739
  3289	-37.5681
  3290	-37.1179
  3291	-38.4185
  3292	-43.0087
  3293	-39.6335
  3294	-41.9299
  3295	-44.6155
  3296	-40.9795
  3297	-43.5897
  3298	-50.7619
  3299	-46.4409
  3300	-48.7498
  3301	-50.7768
  3302	-48.003
  3303	-42.5208
  3304	-49.2244
  3305	-42.1135
  3306	-39.6132
  3307	-42.5281
  3308	-38.6866
  3309	-34.4929
  3310	-39.8746
  3311	-29.6753
  3312	-30.7943
  3313	-33.8728
  3314	-34.8805
  3315	-31.9208
  3316	-33.5782
  3317	-34.1487
  3318	-30.9459
  3319	-32.1083
  3320	-33.0332
  3321	-33.7633
  3322	-36.3399
  3323	-37.4493
  3324	-40.0256
  3325	-38.2758
  3326	-41.7801
  3327	-44.088
  3328	-38.6741
  3329	-46.8736
  3330	-44.4101
  3331	-40.437
  3332	-37.3798
  3333	-39.274
  3334	-36.9874
  3335	-40.9192
  3336	-37.1581
  3337	-30.8186
  3338	-28.9416
  3339	-29.4298
  3340	-27.0504
  3341	-32.3204
  3342	-37.0619
  3343	-28.6022
  3344	-28.3397
  3345	-37.7745
  3346	-35.4028
  3347	-30.4185
  3348	-41.9602
  3349	-41.8668
  3350	-35.2384
  3351	-38.409
  3352	-40.674
  3353	-35.0678
  3354	-44.7497
  3355	-42.0959
  3356	-31.2272
  3357	-33.757
  3358	-34.1745
  3359	-30.278
  3360	-31.3763
  3361	-41.2223
  3362	-39.6925
  3363	-39.1309
  3364	-42.8924
  3365	-45.1998
  3366	-39.7868
  3367	-37.8238
  3368	-34.9359
  3369	-29.4016
  3370	-35.1804
  3371	-36.9672
  3372	-35.4064
  3373	-36.1441
  3374	-44.506
  3375	-40.5
  3376	-38.0916
  3377	-42.3516
  3378	-41.643
  3379	-41.047
  3380	-45.7438
  3381	-51.315
  3382	-50.3828
  3383	-55.2286
  3384	-55.3714
  3385	-42.9753
  3386	-41.4284
  3387	-42.0752
  3388	-35.1491
  3389	-38.2308
  3390	-39.4762
  3391	-37.9424
  3392	-39.5104
  3393	-38.6858
  3394	-31.8742
  3395	-45.0451
  3396	-48.8017
  3397	-39.8243
  3398	-36.6895
  3399	-49.4323
  3400	-43.5218
  3401	-46.9151
  3402	-51.1329
  3403	-42.7336
  3404	-47.0591
  3405	-42.1559
  3406	-34.3959
  3407	-36.0448
  3408	-41.2952
  3409	-39.1355
  3410	-38.1496
  3411	-40.6703
  3412	-46.1834
  3413	-43.3548
  3414	-42.0716
  3415	-40.0093
  3416	-45.1241
  3417	-37.1472
  3418	-42.0817
  3419	-49.0125
  3420	-34.811
  3421	-46.1642
  3422	-53.2924
  3423	-38.769
  3424	-50.4573
  3425	-53.4646
  3426	-43.1879
  3427	-48.708
  3428	-41.8631
  3429	-43.2328
  3430	-45.5262
  3431	-48.3142
  3432	-45.0484
  3433	-45.0252
  3434	-46.9053
  3435	-43.2883
  3436	-43.1323
  3437	-45.4974
  3438	-40.9527
  3439	-40.7565
  3440	-45.3417
  3441	-39.911
  3442	-49.1662
  3443	-43.8589
  3444	-48.4467
  3445	-46.2074
  3446	-40.0092
  3447	-47.0895
  3448	-38.7595
  3449	-40.7373
  3450	-51.6625
  3451	-41.0538
  3452	-41.8272
  3453	-47.7296
  3454	-45.3033
  3455	-46.1396
  3456	-50.5991
  3457	-52.6476
  3458	-45.8767
  3459	-56.1158
  3460	-51.6356
  3461	-47.108
  3462	-47.8132
  3463	-45.9807
  3464	-44.5108
  3465	-46.9392
  3466	-47.6316
  3467	-46.7325
  3468	-38.5451
  3469	-40.5524
  3470	-51.0867
  3471	-41.3567
  3472	-47.3656
  3473	-45.9528
  3474	-36.1849
  3475	-50.3475
  3476	-57.9571
  3477	-52.4721
  3478	-53.3405
  3479	-48.1696
  3480	-50.1595
  3481	-50.7231
  3482	-59.8774
  3483	-56.318
  3484	-51.9499
  3485	-58.4513
  3486	-53.4355
  3487	-56.7898
  3488	-59.9435
  3489	-47.0544
  3490	-42.1926
  3491	-49.2021
  3492	-44.0702
  3493	-49.0283
  3494	-48.8416
  3495	-50.5837
  3496	-55.1589
  3497	-55.0019
  3498	-51.3178
  3499	-50.9637
  3500	-50.3299
  3501	-52.8985
  3502	-57.4935
  3503	-51.3968
  3504	-54.5006
  3505	-48.6779
  3506	-54.5875
  3507	-58.0762
  3508	-62.305
  3509	-51.7155
  3510	-50.2821
  3511	-56.011
  3512	-51.882
  3513	-51.0683
  3514	-58.2388
  3515	-51.6433
  3516	-54.4336
  3517	-59.4079
  3518	-60.4932
  3519	-65.993
  3520	-60.9429
  3521	-59.1705
  3522	-57.9205
  3523	-55.4614
  3524	-55.116
  3525	-56.9582
  3526	-48.2944
  3527	-52.3773
  3528	-49.2671
  3529	-50.4035
  3530	-49.9934
  3531	-54.4821
  3532	-47.3759
  3533	-48.3441
  3534	-56.006
  3535	-46.3533
  3536	-56.0148
  3537	-62.7455
  3538	-63.1408
  3539	-59.6557
  3540	-60.084
  3541	-52.7913
  3542	-58.1314
  3543	-52.7164
  3544	-41.8125
  3545	-46.0325
  3546	-45.5267
  3547	-37.6451
  3548	-39.865
  3549	-41.6255
  3550	-39.1716
  3551	-39.7749
  3552	-34.3071
  3553	-38.6001
  3554	-39.4258
  3555	-38.4852
  3556	-38.1448
  3557	-42.5374
  3558	-38.5271
  3559	-45.5456
  3560	-43.506
  3561	-45.6592
  3562	-48.5553
  3563	-43.9533
  3564	-47.525
  3565	-52.4601
  3566	-57.4369
  3567	-52.9132
  3568	-56.5932
  3569	-58.0898
  3570	-54.5999
  3571	-57.929
  3572	-57.8467
  3573	-47.3466
  3574	-50.9531
  3575	-44.7607
  3576	-35.7401
  3577	-42.3101
  3578	-38.8789
  3579	-34.919
  3580	-39.889
  3581	-34.7198
  3582	-28.4204
  3583	-37.1539
  3584	-36.4516
  3585	-32.1968
  3586	-32.2712
  3587	-33.3258
  3588	-25.0587
  3589	-34.0812
  3590	-32.0963
  3591	-26.8499
  3592	-30.795
  3593	-33.092
  3594	-34.8304
  3595	-33.5684
  3596	-37.8553
  3597	-42.7311
  3598	-33.1066
  3599	-35.635
  3600	-44.0266
  3601	-42.75
  3602	-47.4497
  3603	-48.8415
  3604	-54.5804
  3605	-53.6992
  3606	-55.8396
  3607	-53.669
  3608	-52.8096
  3609	-58.1557
  3610	-55.3744
  3611	-45.73
  3612	-51.4566
  3613	-49.9077
  3614	-47.2681
  3615	-45.4242
  3616	-39.9931
  3617	-45.2712
  3618	-37.8512
  3619	-37.4367
  3620	-37.0157
  3621	-33.4877
  3622	-30.749
  3623	-33.3055
  3624	-32.3065
  3625	-37.4568
  3626	-39.962
  3627	-38.2496
  3628	-38.1586
  3629	-40.5543
  3630	-43.5719
  3631	-44.4634
  3632	-40.8041
  3633	-35.9073
  3634	-46.7156
  3635	-47.5294
  3636	-45.0449
  3637	-46.6977
  3638	-47.1709
  3639	-42.4504
  3640	-40.1353
  3641	-34.1615
  3642	-37.8975
  3643	-34.1953
  3644	-40.1064
  3645	-39.4689
  3646	-39.613
  3647	-44.1774
  3648	-37.1698
  3649	-44.1812
  3650	-40.3091
  3651	-40.1873
  3652	-36.8544
  3653	-33.8468
  3654	-39.312
  3655	-41.8244
  3656	-36.6967
  3657	-42.4539
  3658	-39.1272
  3659	-40.6048
  3660	-44.1255
  3661	-44.7063
  3662	-42.9082
  3663	-44.5026
  3664	-42.0384
  3665	-41.8315
  3666	-42.3267
  3667	-35.4425
  3668	-38.4554
  3669	-36.5591
  3670	-39.7349
  3671	-42.6372
  3672	-41.3145
  3673	-35.5114
  3674	-45.6102
  3675	-42.1092
  3676	-38.6735
  3677	-40.6899
  3678	-40.306
  3679	-33.6809
  3680	-36.8822
  3681	-36.0707
  3682	-38.0298
  3683	-48.145
  3684	-48.6946
  3685	-50.4106
  3686	-48.0119
  3687	-53.5018
  3688	-48.7092
  3689	-47.0826
  3690	-51.4028
  3691	-49.1055
  3692	-47.7415
  3693	-51.7195
  3694	-50.8181
  3695	-55.779
  3696	-51.2731
  3697	-47.859
  3698	-41.1572
  3699	-46.264
  3700	-41.1888
  3701	-38.3291
  3702	-42.696
  3703	-34.3026
  3704	-37.6621
  3705	-41.5527
  3706	-39.7672
  3707	-41.62
  3708	-44.8538
  3709	-43.8729
  3710	-44.7749
  3711	-45.2936
  3712	-50.9147
  3713	-47.8146
  3714	-44.5404
  3715	-49.5243
  3716	-48.7037
  3717	-44.7527
  3718	-50.0479
  3719	-52.4715
  3720	-47.1389
  3721	-51.976
  3722	-38.8527
  3723	-32.82
  3724	-41.1959
  3725	-47.8595
  3726	-37.2786
  3727	-34.039
  3728	-38.0707
  3729	-36.4377
  3730	-33.6935
  3731	-45.6081
  3732	-44.5932
  3733	-39.1513
  3734	-41.2802
  3735	-40.9335
  3736	-39.9582
  3737	-49.2703
  3738	-49.436
  3739	-48.0238
  3740	-55.529
  3741	-55.5864
  3742	-53.3739
  3743	-53.0917
  3744	-58.6575
  3745	-53.396
  3746	-50.7256
  3747	-50.4853
  3748	-43.0976
  3749	-43.869
  3750	-47.7591
  3751	-45.6178
  3752	-46.7379
  3753	-46.4335
  3754	-41.8598
  3755	-50.3927
  3756	-44.8109
  3757	-46.8973
  3758	-43.6229
  3759	-45.7102
  3760	-46.8791
  3761	-45.0815
  3762	-44.0769
  3763	-46.3537
  3764	-37.0631
  3765	-36.1444
  3766	-39.985
  3767	-40.4315
  3768	-40.2368
  3769	-43.9622
  3770	-41.546
  3771	-34.314
  3772	-42.6431
  3773	-41.8982
  3774	-39.9843
  3775	-42.9197
  3776	-39.7909
  3777	-34.4085
  3778	-39.5499
  3779	-46.3906
  3780	-41.4435
  3781	-33.4038
  3782	-38.7591
  3783	-38.6585
  3784	-36.1843
  3785	-44.8162
  3786	-44.492
  3787	-45.0033
  3788	-42.3874
  3789	-43.357
  3790	-38.5331
  3791	-37.0973
  3792	-39.8085
  3793	-36.0928
  3794	-36.6019
  3795	-46.1481
  3796	-42.0811
  3797	-42.5896
  3798	-48.7973
  3799	-45.5263
  3800	-46.6784
  3801	-46.4616
  3802	-43.5091
  3803	-45.7022
  3804	-51.6683
  3805	-48.6903
  3806	-49.0451
  3807	-47.1236
  3808	-46.9355
  3809	-44.7396
  3810	-48.3985
  3811	-48.151
  3812	-38.3406
  3813	-43.5998
  3814	-46.0607
  3815	-43.6315
  3816	-45.6078
  3817	-46.8782
  3818	-37.2981
  3819	-34.4664
  3820	-40.9861
  3821	-39.9455
  3822	-31.0611
  3823	-35.9125
  3824	-32.6105
  3825	-31.7392
  3826	-34.3871
  3827	-37.111
  3828	-33.5066
  3829	-32.6711
  3830	-34.9101
  3831	-38.7851
  3832	-37.0415
  3833	-43.1168
  3834	-42.0259
  3835	-39.6758
  3836	-45.0221
  3837	-42.8799
  3838	-39.4965
  3839	-38.3286
  3840	-44.2225
  3841	-43.1523
  3842	-38.3752
  3843	-40.5559
  3844	-41.7521
  3845	-40.5059
  3846	-42.4842
  3847	-40.6793
  3848	-40.0466
  3849	-39.4988
  3850	-39.7328
  3851	-43.0598
  3852	-40.3544
  3853	-41.152
  3854	-37.7917
  3855	-39.4464
  3856	-44.7396
  3857	-41.1038
  3858	-36.164
  3859	-38.1528
  3860	-30.9416
  3861	-34.1025
  3862	-39.3933
  3863	-39.6935
  3864	-30.5084
  3865	-32.6076
  3866	-29.6735
  3867	-30.1017
  3868	-41.6728
  3869	-38.3633
  3870	-31.9875
  3871	-37.423
  3872	-37.4241
  3873	-30.3089
  3874	-36.0693
  3875	-39.9176
  3876	-35.2198
  3877	-31.074
  3878	-38.4277
  3879	-37.4173
  3880	-35.845
  3881	-41.1322
  3882	-40.6786
  3883	-37.4543
  3884	-40.0201
  3885	-41.6631
  3886	-39.8095
  3887	-42.4065
  3888	-49.3773
  3889	-43.0699
  3890	-37.176
  3891	-41.3402
  3892	-38.039
  3893	-41.27
  3894	-42.5956
  3895	-41.303
  3896	-42.0693
  3897	-40.737
  3898	-43.1377
  3899	-44.9294
  3900	-41.4953
  3901	-42.344
  3902	-40.8447
  3903	-36.2231
  3904	-43.3785
  3905	-42.937
  3906	-42.1841
  3907	-40.6401
  3908	-44.4452
  3909	-44.7917
  3910	-47.1624
  3911	-43.9291
  3912	-40.4974
  3913	-42.0327
  3914	-43.1754
  3915	-36.8369
  3916	-45.8699
  3917	-42.3065
  3918	-40.1841
  3919	-44.0486
  3920	-42.5381
  3921	-42.528
  3922	-46.1815
  3923	-47.5694
  3924	-41.9394
  3925	-43.0425
  3926	-45.143
  3927	-39.8443
  3928	-38.0743
  3929	-39.1714
  3930	-36.0259
  3931	-32.2902
  3932	-32.7461
  3933	-38.9643
  3934	-33.9595
  3935	-31.2411
  3936	-36.443
  3937	-30.3916
  3938	-26.5754
  3939	-27.1262
  3940	-24.6505
  3941	-22.7569
  3942	-26.4349
  3943	-28.6528
  3944	-28.2404
  3945	-33.8586
  3946	-44.2255
  3947	-31.6188
  3948	-35.6021
  3949	-42.4984
  3950	-39.3914
  3951	-42.5972
  3952	-47.511
  3953	-45.6898
  3954	-44.4654
  3955	-41.0547
  3956	-43.7501
  3957	-46.2026
  3958	-43.6107
  3959	-33.8704
  3960	-33.3657
  3961	-30.7672
  3962	-30.5661
  3963	-31.269
  3964	-31.3802
  3965	-32.4318
  3966	-29.7223
  3967	-26.9532
  3968	-34.7765
  3969	-33.0184
  3970	-32.6653
  3971	-43.5983
  3972	-43.2634
  3973	-44.8159
  3974	-48.9933
  3975	-44.0882
  3976	-43.8831
  3977	-47.8991
  3978	-43.2735
  3979	-46.3919
  3980	-53.2093
  3981	-51.9327
  3982	-55.1036
  3983	-48.2431
  3984	-39.7501
  3985	-45.5686
  3986	-41.8648
  3987	-38.6099
  3988	-43.2665
  3989	-35.6628
  3990	-31.8237
  3991	-39.5772
  3992	-38.8109
  3993	-36.8796
  3994	-43.759
  3995	-42.0207
  3996	-41.9656
  3997	-42.8924
  3998	-40.1657
  3999	-41.2192
  4000	-41.7093
  4001	-35.5607
  4002	-34.8729
  4003	-38.4515
  4004	-35.9964
  4005	-42.7431
  4006	-43.0351
  4007	-39.3659
  4008	-41.8941
  4009	-46.014
  4010	-40.2197
  4011	-47.0311
  4012	-46.8436
  4013	-46.0374
  4014	-46.1505
  4015	-49.216
  4016	-45.5878
  4017	-46.0639
  4018	-43.8196
  4019	-36.4681
  4020	-33.6148
  4021	-30.5205
  4022	-33.8504
  4023	-39.7308
  4024	-38.2566
  4025	-39.9234
  4026	-40.7421
  4027	-32.785
  4028	-40.5141
  4029	-44.0135
  4030	-41.7822
  4031	-41.8194
  4032	-39.6479
  4033	-32.2781
  4034	-37.949
  4035	-38.5941
  4036	-31.617
  4037	-32.5149
  4038	-31.2751
  4039	-27.047
  4040	-30.4463
  4041	-33.6232
  4042	-28.5667
  4043	-26.8717
  4044	-26.5221
  4045	-20.5524
  4046	-20.5993
  4047	-26.4952
  4048	-20.8047
  4049	-22.45
  4050	-20.5218
  4051	-19.8231
  4052	-25.0418
  4053	-28.1874
  4054	-24.3993
  4055	-17.9991
  4056	-22.0337
  4057	-24.3513
  4058	-17.698
  4059	-24.0719
  4060	-26.2647
  4061	-19.2119
  4062	-16.906
  4063	-23.645
  4064	-18.8179
  4065	-16.9603
  4066	-27.7685
  4067	-22.9566
  4068	-28.1961
  4069	-31.6953
  4070	-30.6494
  4071	-31.1024
  4072	-34.3125
  4073	-39.0332
  4074	-40.2736
  4075	-45.3872
  4076	-43.2771
  4077	-49.2292
  4078	-45.729
  4079	-41.5826
  4080	-48.8916
  4081	-52.6406
  4082	-44.0544
  4083	-47.4549
  4084	-48.6947
  4085	-47.6533
  4086	-45.5711
  4087	-46.4982
  4088	-42.4715
  4089	-46.3998
  4090	-43.7686
  4091	-38.1
  4092	-42.1128
  4093	-38.6919
  4094	-37.709
  4095	-44.2193
  4096	-34.4305
  4097	-32.1958
  4098	-37.7326
  4099	-27.5027
  4100	-29.3908
  4101	-34.5282
  4102	-26.5669
  4103	-19.4843
  4104	-23.7642
  4105	-23.0495
  4106	-20.1119
  4107	-19.1807
  4108	-17.4136
  4109	-13.2787
  4110	-10.41
  4111	-13.8432
  4112	-9.7062
  4113	-11.0242
  4114	-9.37888
  4115	-14.5982
  4116	-15.7888
  4117	-9.73146
  4118	-18.4727
  4119	-16.9971
  4120	-8.02812
  4121	-14.5176
  4122	-7.24812
  4123	-6.11721
  4124	-12.9928
  4125	-13.2229
  4126	-6.93901
  4127	-7.84891
  4128	-13.4282
  4129	-3.67923
  4130	-7.0502
  4131	-9.10528
  4132	-3.55725
  4133	-6.86054
  4134	-11.247
  4135	-7.31674
  4136	-10.23
  4137	-11.2678
  4138	-15.1605
  4139	-9.87177
  4140	-10.5219
  4141	-13.6772
  4142	-14.1676
  4143	-17.4955
  4144	-28.0711
  4145	-27.2633
  4146	-26.353
  4147	-33.7825
  4148	-32.1899
  4149	-31.1024
  4150	-36.3228
  4151	-38.2831
  4152	-33.2063
  4153	-30.168
  4154	-31.7146
  4155	-31.7041
  4156	-34.8236
  4157	-33.7516
  4158	-38.6981
  4159	-39.3414
  4160	-38.7737
  4161	-46.8399
  4162	-43.3871
  4163	-42.9264
  4164	-43.3057
  4165	-36.6059
  4166	-41.7526
  4167	-44.3094
  4168	-39.5355
  4169	-41.9773
  4170	-43.3877
  4171	-40.4762
  4172	-44.4402
  4173	-41.5746
  4174	-34.5149
  4175	-38.3107
  4176	-36.11
  4177	-27.1091
  4178	-30.1266
  4179	-29.4365
  4180	-18.3828
  4181	-22.1106
  4182	-22.9082
  4183	-20.2455
  4184	-21.034
  4185	-20.7826
  4186	-24.7372
  4187	-21.6526
  4188	-23.5391
  4189	-27.9836
  4190	-25.0084
  4191	-26.7474
  4192	-33.8235
  4193	-37.4353
  4194	-30.3427
  4195	-34.6284
  4196	-41.812
  4197	-30.9557
  4198	-39.3173
  4199	-47.5035
  4200	-36.9464
  4201	-41.2734
  4202	-43.0247
  4203	-35.9196
  4204	-37.0939
  4205	-35.5043
  4206	-36.1084
  4207	-36.2763
  4208	-38.2578
  4209	-41.3721
  4210	-39.4649
  4211	-44.2925
  4212	-44.949
  4213	-39.7102
  4214	-39.5324
  4215	-44.0233
  4216	-52.6212
  4217	-42.8036
  4218	-46.3486
  4219	-47.7236
  4220	-39.4091
  4221	-45.3152
  4222	-40.0017
  4223	-29.7716
  4224	-32.203
  4225	-22.7969
  4226	-24.7366
  4227	-20.0367
  4228	-18.9195
  4229	-20.7774
  4230	-15.5569
  4231	-16.6151
  4232	-9.31054
  4233	-12.0903
  4234	-16.3822
  4235	-4.7922
  4236	-5.1829
  4237	-2.39288
  4238	1.56158
  4239	-3.02281
  4240	-4.16238
  4241	-4.3814
  4242	0.264359
  4243	-1.80153
  4244	-8.00043
  4245	-1.72173
  4246	-1.30423
  4247	-10.03
  4248	-7.08664
  4249	-4.37431
  4250	-0.946023
  4251	-2.75152
  4252	-0.224919
  4253	-1.31164
  4254	-5.72235
  4255	5.7215
  4256	-0.642338
  4257	-7.03776
  4258	0.777175
  4259	-3.93591
  4260	-5.67894
  4261	-8.04317
  4262	-8.6084
  4263	-9.86742
  4264	-12.3205
  4265	-9.24203
  4266	-19.4636
  4267	-24.3492
  4268	-18.5541
  4269	-22.0541
  4270	-28.2029
  4271	-27.1965
  4272	-30.7164
  4273	-33.1399
  4274	-38.0502
  4275	-35.0187
  4276	-41.4333
  4277	-47.1271
  4278	-39.2683
  4279	-51.3968
  4280	-46.8637
  4281	-45.4161
  4282	-48.5639
  4283	-45.7891
  4284	-44.9354
  4285	-45.6096
  4286	-44.2118
  4287	-37.4538
  4288	-38.4756
  4289	-46.5918
  4290	-40.0822
  4291	-36.556
  4292	-43.6146
  4293	-39.6302
  4294	-42.2903
  4295	-46.5966
  4296	-45.4992
  4297	-43.5794
  4298	-44.9168
  4299	-46.6006
  4300	-45.5576
  4301	-43.5798
  4302	-47.2218
  4303	-42.0532
  4304	-41.6146
  4305	-42.4878
  4306	-35.145
  4307	-36.8277
  4308	-37.2782
  4309	-36.6582
  4310	-32.4088
  4311	-41.6741
  4312	-41.5207
  4313	-43.1618
  4314	-44.908
  4315	-42.9041
  4316	-38.161
  4317	-47.9466
  4318	-41.0028
  4319	-41.7081
  4320	-42.8868
  4321	-42.1479
  4322	-37.1886
  4323	-39.297
  4324	-43.9333
  4325	-42.116
  4326	-40.4425
  4327	-46.2779
  4328	-38.6487
  4329	-37.6452
  4330	-41.694
  4331	-37.1062
  4332	-37.7871
  4333	-38.948
  4334	-40.9863
  4335	-37.6597
  4336	-47.6597
  4337	-48.8697
  4338	-47.1253
  4339	-51.526
  4340	-55.2046
  4341	-49.3059
  4342	-52.4552
  4343	-54.1314
  4344	-55.1261
  4345	-49.208
  4346	-48.7763
  4347	-50.5583
  4348	-46.1061
  4349	-49.1015
  4350	-40.3693
  4351	-41.6493
  4352	-42.764
  4353	-36.0366
  4354	-39.5019
  4355	-38.2596
  4356	-36.6227
  4357	-39.2013
  4358	-36.7697
  4359	-43.2262
  4360	-38.7894
  4361	-43.5516
  4362	-43.9907
  4363	-37.6588
  4364	-37.4755
  4365	-45.9416
  4366	-40.433
  4367	-39.7922
  4368	-43.061
  4369	-37.8281
  4370	-37.4492
  4371	-39.2197
  4372	-32.91
  4373	-30.3435
  4374	-37.1878
  4375	-40.604
  4376	-38.2973
  4377	-38.0268
  4378	-46.8346
  4379	-49.7884
  4380	-48.3956
  4381	-54.8478
  4382	-61.1112
  4383	-62.4523
  4384	-67.0281
  4385	-68.2292
  4386	-61.089
  4387	-59.3473
  4388	-62.2139
  4389	-57.3945
  4390	-50.781
  4391	-49.8481
  4392	-39.0526
  4393	-36.7345
  4394	-38.0209
  4395	-32.0476
  4396	-31.6996
  4397	-31.1737
  4398	-27.1504
  4399	-19.5044
  4400	-20.8214
  4401	-26.2841
  4402	-19.8512
  4403	-18.8629
  4404	-26.3985
  4405	-20.5554
  4406	-22.3208
  4407	-24.37
  4408	-25.6517
  4409	-26.422
  4410	-31.1095
  4411	-25.4337
  4412	-17.6362
  4413	-30.6299
  4414	-30.5188
  4415	-19.9547
  4416	-26.6416
  4417	-29.259
  4418	-21.7723
  4419	-25.5637
  4420	-31.088
  4421	-31.2981
  4422	-32.5923
  4423	-41.0409
  4424	-38.7062
  4425	-43.0567
  4426	-54.7073
  4427	-46.244
  4428	-47.7803
  4429	-51.0769
  4430	-47.5002
  4431	-46.7908
  4432	-54.4806
  4433	-48.2374
  4434	-47.292
  4435	-42.3898
  4436	-40.1199
  4437	-34.4829
  4438	-39.6177
  4439	-36.0681
  4440	-24.7552
  4441	-34.3566
  4442	-39.9594
  4443	-29.2004
  4444	-28.551
  4445	-28.2048
  4446	-25.897
  4447	-31.9737
  4448	-29.798
  4449	-26.9818
  4450	-28.2802
  4451	-26.7254
  4452	-20.9506
  4453	-28.0283
  4454	-21.8226
  4455	-10.6258
  4456	-15.7497
  4457	-13.4797
  4458	-7.52192
  4459	-11.3099
  4460	-13.7087
  4461	-6.31966
  4462	-11.977
  4463	-11.7796
  4464	-9.92124
  4465	-16.111
  4466	-20.897
  4467	-21.7704
  4468	-28.1216
  4469	-34.2254
  4470	-30.3879
  4471	-41.667
  4472	-46.211
  4473	-42.793
  4474	-52.6744
  4475	-51.8613
  4476	-43.2339
  4477	-52.3054
  4478	-47.8424
  4479	-38.2012
  4480	-38.2305
  4481	-44.6052
  4482	-39.6813
  4483	-37.8548
  4484	-45.6839
  4485	-35.852
  4486	-38.0918
  4487	-42.1854
  4488	-39.9541
  4489	-40.9206
  4490	-45.9164
  4491	-41.9856
  4492	-44.6788
  4493	-45.7574
  4494	-45.7828
  4495	-45.4364
  4496	-46.4095
  4497	-40.4763
  4498	-39.5537
  4499	-43.7286
  4500	-38.0869
  4501	-38.8198
  4502	-36.1861
  4503	-35.2455
  4504	-36.068
  4505	-31.7664
  4506	-29.6624
  4507	-33.0956
  4508	-26.6496
  4509	-28.1677
  4510	-24.6207
  4511	-22.8031
  4512	-20.4467
  4513	-16.4492
  4514	-19.3792
  4515	-16.9033
  4516	-17.3193
  4517	-17.136
  4518	-15.4658
  4519	-25.915
  4520	-22.9237
  4521	-19.2088
  4522	-30.1668
  4523	-24.9679
  4524	-31.5668
  4525	-32.6207
  4526	-24.4461
  4527	-30.4433
  4528	-33.9426
  4529	-27.9602
  4530	-32.0581
  4531	-40.7826
  4532	-36.007
  4533	-39.0708
  4534	-36.7837
  4535	-31.1256
  4536	-31.7008
  4537	-36.2903
  4538	-30.215
  4539	-30.1004
  4540	-36.6588
  4541	-30.4029
  4542	-30.2738
  4543	-40.8841
  4544	-40.7842
  4545	-41.4457
  4546	-47.5791
  4547	-44.1061
  4548	-49.8877
  4549	-47.668
  4550	-55.0226
  4551	-48.0095
  4552	-44.3207
  4553	-49.2907
  4554	-50.665
  4555	-46.7039
  4556	-52.883
  4557	-53.0434
  4558	-50.6959
  4559	-47.7951
  4560	-49.1441
  4561	-43.8897
  4562	-46.4557
  4563	-44.6625
  4564	-34.5962
  4565	-35.074
  4566	-31.5762
  4567	-34.8905
  4568	-34.2934
  4569	-33.393
  4570	-34.6053
  4571	-33.703
  4572	-28.7325
  4573	-34.6061
  4574	-32.1106
  4575	-33.0641
  4576	-41.7713
  4577	-42.1779
  4578	-36.5321
  4579	-43.5371
  4580	-40.961
  4581	-39.2471
  4582	-50.1246
  4583	-45.6459
  4584	-42.1706
  4585	-46.8256
  4586	-43.2994
  4587	-36.9391
  4588	-40.4731
  4589	-34.8166
  4590	-29.0318
  4591	-31.4695
  4592	-25.4619
  4593	-22.7102
  4594	-18.1157
  4595	-12.7064
  4596	-7.97885
  4597	-8.756
  4598	-9.95157
  4599	-7.1243
  4600	-7.52222
  4601	-4.53103
  4602	-1.61211
  4603	0.209219
  4604	-0.643213
  4605	-5.59981
  4606	-2.76097
  4607	-3.1303
  4608	-10.101
  4609	-9.70133
  4610	-11.5979
  4611	-17.2836
  4612	-21.1558
  4613	-20.9547
  4614	-22.7971
  4615	-15.0059
  4616	-11.194
  4617	-17.6114
  4618	-22.3015
  4619	-18.7872
  4620	-25.7057
  4621	-25.8178
  4622	-17.0634
  4623	-17.8405
  4624	-24.3716
  4625	-28.8686
  4626	-28.2636
  4627	-34.6632
  4628	-41.4643
  4629	-45.1353
  4630	-41.0066
  4631	-44.6435
  4632	-41.1513
  4633	-42.9213
  4634	-42.3383
  4635	-42.9981
  4636	-42.6047
  4637	-45.233
  4638	-43.1074
  4639	-40.5099
  4640	-38.2759
  4641	-39.403
  4642	-32.9263
  4643	-33.3916
  4644	-35.1545
  4645	-29.827
  4646	-29.6727
  4647	-31.9613
  4648	-35.2408
  4649	-30.5898
  4650	-33.0131
  4651	-36.0303
  4652	-32.8017
  4653	-37.833
  4654	-37.734
  4655	-29.1203
  4656	-33.1518
  4657	-33.4999
  4658	-33.9115
  4659	-29.3956
  4660	-30.1904
  4661	-29.2105
  4662	-24.58
  4663	-35.6001
  4664	-44.2831
  4665	-34.5581
  4666	-40.8198
  4667	-38.4157
  4668	-36.632
  4669	-35.9493
  4670	-40.3313
  4671	-38.0931
  4672	-34.063
  4673	-40.4791
  4674	-44.3514
  4675	-40.6859
  4676	-45.5131
  4677	-42.6179
  4678	-37.6004
  4679	-39.468
  4680	-35.9737
  4681	-36.0904
  4682	-35.6578
  4683	-40.0664
  4684	-35.7244
  4685	-30.6715
  4686	-34.2408
  4687	-36.6146
  4688	-32.012
  4689	-35.1483
  4690	-32.8154
  4691	-32.684
  4692	-32.45
  4693	-31.0227
  4694	-23.0362
  4695	-19.5679
  4696	-24.2231
  4697	-16.3251
  4698	-19.1873
  4699	-24.2075
  4700	-21.4743
  4701	-19.3982
  4702	-24.664
  4703	-23.8059
  4704	-25.5017
  4705	-20.5535
  4706	-15.0698
  4707	-23.3455
  4708	-19.8191
  4709	-16.9394
  4710	-15.5454
  4711	-13.0346
  4712	-12.2098
  4713	-6.84353
  4714	-8.78889
  4715	-3.33029
  4716	-1.37355
  4717	-6.83247
  4718	1.9741
  4719	-7.68114
  4720	-12.859
  4721	-5.98576
  4722	-10.0742
  4723	-10.3362
  4724	-9.21647
  4725	-6.75157
  4726	-9.41787
  4727	-4.50235
  4728	-5.1726
  4729	-7.90455
  4730	-6.57584
  4731	-4.95237
  4732	-5.7977
  4733	-5.30861
  4734	-11.7954
  4735	-6.47501
  4736	-11.1372
  4737	-15.8221
  4738	-14.6379
  4739	-10.91
  4740	-12.1134
  4741	-10.1652
  4742	-7.2214
  4743	-7.01019
  4744	-1.20078
  4745	-1.39034
  4746	-2.14804
  4747	-0.280381
  4748	6.43571
  4749	5.92909
  4750	0.0575801
  4751	5.95318
  4752	5.31542
  4753	6.47158
  4754	10.2802
  4755	6.9586
  4756	15.7449
  4757	13.1443
  4758	10.39
  4759	18.5483
  4760	14.6768
  4761	19.8733
  4762	25.606
  4763	19.8921
  4764	26.0324
  4765	19.6511
  4766	7.74543
  4767	8.618
  4768	9.93867
  4769	0.591458
  4770	-1.49266
  4771	5.26225
  4772	2.55715
  4773	-3.61016
  4774	-4.2157
  4775	-6.13413
  4776	-4.85893
  4777	-7.91124
  4778	-10.6941
  4779	-7.98205
  4780	-6.30656
  4781	-5.99638
  4782	-4.66302
  4783	-5.18022
  4784	-12.1342
  4785	-12.558
  4786	-8.87277
  4787	-5.33349
  4788	-4.6396
  4789	2.8207
  4790	-1.74934
  4791	-4.03208
  4792	-8.53095
  4793	-11.8969
  4794	-6.18885
  4795	-12.509
  4796	-13.7549
  4797	-5.2823
  4798	-16.3554
  4799	-15.4267
  4800	-8.97787
  4801	-16.2176
  4802	-10.9868
  4803	-7.6114
  4804	-17.3078
  4805	-16.5364
  4806	-12.6642
  4807	-10.6817
  4808	-11.5952
  4809	-19.4204
  4810	-22.7275
  4811	-21.8357
  4812	-23.5277
  4813	-25.9942
  4814	-22.6585
  4815	-19.443
  4816	-19.1982
  4817	-19.474
  4818	-22.4132
  4819	-29.6389
  4820	-25.1511
  4821	-19.6404
  4822	-19.8502
  4823	-13.3189
  4824	-15.9316
  4825	-10.6125
  4826	-8.19359
  4827	-16.1387
  4828	-20.1242
  4829	-17.9419
  4830	-15.8471
  4831	-24.2253
  4832	-25.6266
  4833	-25.3186
  4834	-30.7281
  4835	-30.0832
  4836	-37.0297
  4837	-42.4453
  4838	-35.5285
  4839	-37.6141
  4840	-39.2466
  4841	-40.9927
  4842	-39.8196
  4843	-36.9577
  4844	-40.3291
  4845	-41.6702
  4846	-37.5928
  4847	-40.2999
  4848	-41.3357
  4849	-42.9416
  4850	-43.6393
  4851	-37.7975
  4852	-30.6015
  4853	-37.3995
  4854	-39.4673
  4855	-34.8595
  4856	-33.0513
  4857	-36.2389
  4858	-35.0051
  4859	-31.9591
  4860	-32.4038
  4861	-34.1524
  4862	-36.6824
  4863	-38.2462
  4864	-35.6251
  4865	-35.4305
  4866	-40.0158
  4867	-44.3811
  4868	-38.2468
  4869	-38.0055
  4870	-41.3722
  4871	-43.3899
  4872	-38.3576
  4873	-40.9646
  4874	-44.9428
  4875	-41.2209
  4876	-36.8999
  4877	-40.2184
  4878	-39.744
  4879	-49.7699
  4880	-46.2514
  4881	-39.1621
  4882	-45.061
  4883	-48.9931
  4884	-42.1372
  4885	-40.6553
  4886	-40.8841
  4887	-41.5698
  4888	-39.6287
  4889	-34.9574
  4890	-38.7653
  4891	-43.2922
  4892	-38.733
  4893	-33.8363
  4894	-36.4693
  4895	-36.2797
  4896	-36.8558
  4897	-37.902
  4898	-37.8395
  4899	-40.6054
  4900	-42.0918
  4901	-39.2096
  4902	-42.1066
  4903	-48.214
  4904	-46.8022
  4905	-48.5967
  4906	-50.7591
  4907	-46.9904
  4908	-55.751
  4909	-59.108
  4910	-46.4725
  4911	-47.6965
  4912	-45.9692
  4913	-38.8897
  4914	-39.869
  4915	-36.9637
  4916	-38.6509
  4917	-43.8663
  4918	-45.514
  4919	-40.5841
  4920	-44.957
  4921	-50.285
  4922	-47.6855
  4923	-49.1367
  4924	-43.9975
  4925	-45.2102
  4926	-46.8154
  4927	-40.0677
  4928	-40.2857
  4929	-40.9779
  4930	-39.3804
  4931	-35.841
  4932	-34.9689
  4933	-35.4662
  4934	-43.3582
  4935	-44.6845
  4936	-37.4315
  4937	-39.8538
  4938	-45.1042
  4939	-36.7666
  4940	-35.2221
  4941	-39.6351
  4942	-41.708
  4943	-42.4474
  4944	-40.6953
  4945	-38.487
  4946	-44.4165
  4947	-45.6426
  4948	-39.2225
  4949	-47.5833
  4950	-44.677
  4951	-41.2965
  4952	-47.1849
  4953	-44.1652
  4954	-48.3124
  4955	-51.9178
  4956	-42.024
  4957	-45.0768
  4958	-46.5689
  4959	-47.6433
  4960	-47.9352
  4961	-41.9632
  4962	-49.3312
  4963	-43.5258
  4964	-42.682
  4965	-43.9323
  4966	-43.7212
  4967	-43.9884
  4968	-43.3786
  4969	-39.3313
  4970	-47.0037
  4971	-46.2995
  4972	-47.0225
  4973	-40.1358
  4974	-38.543
  4975	-40.9818
  4976	-37.6526
  4977	-36.458
  4978	-42.9087
  4979	-40.7823
  4980	-45.2809
  4981	-47.5681
  4982	-46.9972
  4983	-49.33
  4984	-49.7759
  4985	-53.4483
  4986	-50.5638
  4987	-53.7889
  4988	-54.4317
  4989	-49.8403
  4990	-54.6392
  4991	-47.7457
  4992	-47.0488
  4993	-50.9209
  4994	-49.5629
  4995	-44.9307
  4996	-44.4339
  4997	-49.3347
  4998	-40.6039
  4999	-34.402
  5000	-37.3789
  5001	-33.0924
  5002	-28.9649
  5003	-33.5544
  5004	-36.7942
  5005	-37.0863
  5006	-47.4328
  5007	-50.7416
  5008	-42.9244
  5009	-53.2009
  5010	-55.1152
  5011	-48.1331
  5012	-50.1424
  5013	-54.3749
  5014	-43.8402
  5015	-41.7479
  5016	-41.1004
  5017	-37.4462
  5018	-31.3488
  5019	-27.7558
  5020	-24.4508
  5021	-20.9615
  5022	-23.6314
  5023	-27.13
  5024	-24.1096
  5025	-25.8015
  5026	-33.5605
  5027	-27.8364
  5028	-26.3821
  5029	-35.171
  5030	-32.0496
  5031	-26.3567
  5032	-34.9975
  5033	-38.3778
  5034	-27.8245
  5035	-29.5507
  5036	-27.029
  5037	-25.1348
  5038	-29.2211
  5039	-27.514
  5040	-29.1803
  5041	-31.4585
  5042	-28.0815
  5043	-30.7217
  5044	-36.5835
  5045	-33.9059
  5046	-32.1879
  5047	-36.5117
  5048	-35.7155
  5049	-36.8628
  5050	-44.3592
  5051	-37.6558
  5052	-48.6405
  5053	-44.8764
  5054	-45.8947
  5055	-46.2444
  5056	-46.3993
  5057	-43.1913
  5058	-48.8258
  5059	-44.3176
  5060	-42.1178
  5061	-49.0685
  5062	-48.8932
  5063	-45.2046
  5064	-51.1521
  5065	-41.9401
  5066	-41.2797
  5067	-46.2182
  5068	-40.2896
  5069	-38.6715
  5070	-32.9959
  5071	-32.4968
  5072	-32.2119
  5073	-33.9622
  5074	-29.4616
  5075	-28.7333
  5076	-29.9838
  5077	-33.6341
  5078	-27.496
  5079	-37.2978
  5080	-41.6588
  5081	-38.1179
  5082	-37.6097
  5083	-41.6063
  5084	-47.12
  5085	-45.1362
  5086	-46.8566
  5087	-52.1524
  5088	-46.786
  5089	-49.8993
  5090	-47.0906
  5091	-41.5611
  5092	-49.6518
  5093	-49.1331
  5094	-48.0048
  5095	-48.0215
  5096	-47.1546
  5097	-45.7323
  5098	-50.0733
  5099	-51.3073
  5100	-42.9032
  5101	-44.2539
  5102	-44.9708
  5103	-40.1946
  5104	-43.4352
  5105	-40.7262
  5106	-42.1694
  5107	-47.4833
  5108	-43.341
  5109	-45.0481
  5110	-44.7672
  5111	-50.1169
  5112	-56.1317
  5113	-48.0348
  5114	-49.047
  5115	-57.5399
  5116	-43.8234
  5117	-48.3096
  5118	-46.1357
  5119	-41.7286
  5120	-39.7001
  5121	-41.3471
  5122	-30.4761
  5123	-33.7092
  5124	-37.3829
  5125	-24.7328
  5126	-20.0964
  5127	-29.8689
  5128	-22.6481
  5129	-21.7247
  5130	-22.6538
  5131	-26.9272
  5132	-29.0961
  5133	-29.2575
  5134	-35.8923
  5135	-35.2709
  5136	-39.2381
  5137	-43.4929
  5138	-40.4949
  5139	-39.1506
  5140	-48.6168
  5141	-45.437
  5142	-47.4791
  5143	-47.7173
  5144	-50.6548
  5145	-48.3077
  5146	-56.485
  5147	-60.4572
  5148	-50.9179
  5149	-58.4934
  5150	-65.5674
  5151	-53.3638
  5152	-59.7285
  5153	-55.9335
  5154	-46.9319
  5155	-44.0005
  5156	-36.4467
  5157	-36.8647
  5158	-35.9069
  5159	-40.7938
  5160	-35.7751
  5161	-39.2037
  5162	-44.0329
  5163	-42.4462
  5164	-47.2679
  5165	-42.0619
  5166	-41.2438
  5167	-47.4442
  5168	-41.2855
  5169	-43.038
  5170	-42.9986
  5171	-41.7861
  5172	-46.4088
  5173	-40.6574
  5174	-47.4977
  5175	-48.8089
  5176	-41.0725
  5177	-43.3949
  5178	-41.8391
  5179	-42.9598
  5180	-45.2633
  5181	-41.5286
  5182	-47.4248
  5183	-42.7755
  5184	-48.0153
  5185	-52.4095
  5186	-41.6944
  5187	-51.6138
  5188	-49.5591
  5189	-46.5099
  5190	-57.0438
  5191	-47.197
  5192	-48.8256
  5193	-50.6708
  5194	-50.422
  5195	-54.2676
  5196	-49.7419
  5197	-48.8653
  5198	-49.2397
  5199	-48.045
  5200	-53.1442
  5201	-53.794
  5202	-54.0743
  5203	-46.3124
  5204	-38.2745
  5205	-41.5329
  5206	-35.8605
  5207	-42.3099
  5208	-38.9928
  5209	-41.9039
  5210	-49.9675
  5211	-39.2315
  5212	-44.7276
  5213	-47.7407
  5214	-40.3582
  5215	-46.1501
  5216	-41.4019
  5217	-37.1974
  5218	-44.0195
  5219	-45.5563
  5220	-44.7013
  5221	-46.3466
  5222	-45.8564
  5223	-42.9073
  5224	-37.6708
  5225	-42.3419
  5226	-40.6819
  5227	-40.1964
  5228	-41.5362
  5229	-41.5128
  5230	-47.5902
  5231	-40.2102
  5232	-43.204
  5233	-45.0756
  5234	-33.2162
  5235	-42.5115
  5236	-42.1042
  5237	-44.5007
  5238	-47.8714
  5239	-47.8199
  5240	-41.0043
  5241	-47.7125
  5242	-47.6516
  5243	-43.8381
  5244	-43.2802
  5245	-43.0077
  5246	-40.0829
  5247	-42.6586
  5248	-44.1534
  5249	-45.2161
  5250	-51.3815
  5251	-44.7602
  5252	-44.8589
  5253	-45.4713
  5254	-45.8107
  5255	-50.8709
  5256	-55.6338
  5257	-50.299
  5258	-56.6821
  5259	-55.8215
  5260	-55.4306
  5261	-56.4306
  5262	-58.5997
  5263	-55.0899
  5264	-50.7984
  5265	-54.2794
  5266	-54.5792
  5267	-52.5896
  5268	-49.9613
  5269	-46.0781
  5270	-48.9234
  5271	-44.7521
  5272	-38.9693
  5273	-43.5599
  5274	-38.8779
  5275	-40.8815
  5276	-41.983
  5277	-44.3957
  5278	-45.7189
  5279	-39.2685
  5280	-41.0337
  5281	-39.7097
  5282	-38.6561
  5283	-44.1831
  5284	-43.7355
  5285	-40.3018
  5286	-46.8886
  5287	-45.7252
  5288	-45.2546
  5289	-47.818
  5290	-54.6346
  5291	-52.9394
  5292	-51.1785
  5293	-50.03
  5294	-47.243
  5295	-46.3836
  5296	-51.5682
  5297	-49.3292
  5298	-45.5787
  5299	-42.3421
  5300	-44.0174
  5301	-45.3708
  5302	-36.6065
  5303	-36.0322
  5304	-38.2137
  5305	-39.9914
  5306	-43.7745
  5307	-47.7729
  5308	-49.8763
  5309	-48.2781
  5310	-45.0447
  5311	-48.0285
  5312	-45.4554
  5313	-47.8229
  5314	-46.8482
  5315	-46.4417
  5316	-47.8389
  5317	-46.6413
  5318	-57.7963
  5319	-52.2479
  5320	-49.3243
  5321	-53.324
  5322	-50.9152
  5323	-45.8079
  5324	-52.1466
  5325	-50.2068
  5326	-51.5526
  5327	-50.3976
  5328	-51.2008
  5329	-45.8896
  5330	-46.5519
  5331	-50.4947
  5332	-39.7058
  5333	-39.9277
  5334	-47.4033
  5335	-42.3036
  5336	-44.3643
  5337	-50.6108
  5338	-45.4598
  5339	-44.6682
  5340	-42.5103
  5341	-43.8743
  5342	-46.5351
  5343	-50.2339
  5344	-47.3795
  5345	-47.6882
  5346	-53.4239
  5347	-49.0425
  5348	-44.7335
  5349	-47.5085
  5350	-45.1877
  5351	-41.7248
  5352	-45.8852
  5353	-41.5923
  5354	-43.2958
  5355	-45.8672
  5356	-45.5351
  5357	-38.3149
  5358	-45.0707
  5359	-48.341
  5360	-42.7835
  5361	-43.169
  5362	-47.6525
  5363	-46.4199
  5364	-43.2631
  5365	-45.746
  5366	-50.45
  5367	-48.7394
  5368	-48.9786
  5369	-52.7559
  5370	-44.3496
  5371	-49.5473
  5372	-52.7631
  5373	-43.5842
  5374	-44.0215
  5375	-49.4257
  5376	-45.6431
  5377	-45.8491
  5378	-49.3056
  5379	-49.7802
  5380	-48.5411
  5381	-45.2364
  5382	-42.2963
  5383	-39.0856
  5384	-46.0177
  5385	-42.7996
  5386	-43.4043
  5387	-42.0068
  5388	-43.142
  5389	-46.1187
  5390	-46.8289
  5391	-44.2362
  5392	-44.4761
  5393	-44.9157
  5394	-47.4422
  5395	-37.6423
  5396	-39.6744
  5397	-46.2617
  5398	-45.9907
  5399	-48.7274
  5400	-48.1805
  5401	-48.5389
  5402	-49.2847
  5403	-60.6432
  5404	-61.1873
  5405	-54.3187
  5406	-52.5733
  5407	-57.3801
  5408	-49.2998
  5409	-54.3528
  5410	-53.9752
  5411	-46.5223
  5412	-42.6425
  5413	-43.8791
  5414	-44.6375
  5415	-48.1443
  5416	-48.3105
  5417	-47.4073
  5418	-36.8792
  5419	-41.9613
  5420	-44.559
  5421	-39.3622
  5422	-43.31
  5423	-38.8725
  5424	-38.1702
  5425	-42.0709
  5426	-42.7337
  5427	-44.0938
  5428	-44.4206
  5429	-46.6619
  5430	-47.6594
  5431	-41.3989
  5432	-45.1413
  5433	-42.201
  5434	-39.0256
  5435	-44.8934
  5436	-42.7413
  5437	-42.1194
  5438	-44.9454
  5439	-49.5292
  5440	-41.2126
  5441	-39.2409
  5442	-41.3915
  5443	-41.1911
  5444	-44.9067
  5445	-50.0466
  5446	-41.9263
  5447	-45.1436
  5448	-48.5152
  5449	-48.3445
  5450	-51.9349
  5451	-52.1428
  5452	-47.6928
  5453	-46.6819
  5454	-47.586
  5455	-53.3206
  5456	-54.863
  5457	-51.7444
  5458	-51.0474
  5459	-49.6064
  5460	-44.4966
  5461	-41.8713
  5462	-49.5942
  5463	-43.7227
  5464	-46.154
  5465	-49.3015
  5466	-44.3836
  5467	-50.7426
  5468	-48.8339
  5469	-48.623
  5470	-50.4871
  5471	-47.5536
  5472	-43.3895
  5473	-42.0138
  5474	-43.4242
  5475	-39.3583
  5476	-38.5312
  5477	-37.7365
  5478	-34.2077
  5479	-39.3689
  5480	-42.7062
  5481	-40.2316
  5482	-36.9628
  5483	-42.6884
  5484	-44.9804
  5485	-50.0022
  5486	-52.5296
  5487	-45.2264
  5488	-44.705
  5489	-39.7516
  5490	-45.827
  5491	-39.8021
  5492	-40.7117
  5493	-47.2354
  5494	-41.5957
  5495	-41.7918
  5496	-41.1684
  5497	-43.8224
  5498	-47.1864
  5499	-41.2981
  5500	-48.2685
  5501	-45.786
  5502	-47.6673
  5503	-52.3146
  5504	-45.9386
  5505	-51.6531
  5506	-54.2581
  5507	-48.064
  5508	-44.5423
  5509	-47.5828
  5510	-45.5779
  5511	-45.0612
  5512	-41.4474
  5513	-41.8577
  5514	-37.5426
  5515	-40.3324
  5516	-38.9923
  5517	-36.4937
  5518	-35.6932
  5519	-39.489
  5520	-39.5826
  5521	-41.6999
  5522	-42.3282
  5523	-44.7178
  5524	-41.2478
  5525	-44.0115
  5526	-44.5423
  5527	-42.466
  5528	-48.5808
  5529	-44.7552
  5530	-44.6367
  5531	-46.8491
  5532	-45.4869
  5533	-44.2645
  5534	-45.9207
  5535	-48.206
  5536	-47.8106
  5537	-40.8379
  5538	-51.9918
  5539	-52.1194
  5540	-51.4714
  5541	-51.738
  5542	-48.4593
  5543	-48.1157
  5544	-48.5282
  5545	-46.0558
  5546	-45.0241
  5547	-43.7343
  5548	-45.0793
  5549	-45.7329
  5550	-43.7587
  5551	-50.7949
  5552	-45.9948
  5553	-42.8404
  5554	-46.6662
  5555	-45.7539
  5556	-45.0477
  5557	-39.462
  5558	-39.5072
  5559	-36.5217
  5560	-34.749
  5561	-37.1453
  5562	-33.8939
  5563	-36.3466
  5564	-38.5579
  5565	-34.0675
  5566	-38.5592
  5567	-38.3698
  5568	-46.2586
  5569	-43.8383
  5570	-48.7843
  5571	-49.7575
  5572	-44.7718
  5573	-50.0861
  5574	-52.0289
  5575	-48.6135
  5576	-54.9358
  5577	-49.6375
  5578	-48.6433
  5579	-52.4366
  5580	-53.8068
  5581	-52.7301
  5582	-43.8699
  5583	-39.9306
  5584	-39.093
  5585	-32.0737
  5586	-34.0667
  5587	-31.9415
  5588	-30.796
  5589	-39.9246
  5590	-38.9927
  5591	-42.7414
  5592	-42.1612
  5593	-44.3005
  5594	-49.8798
  5595	-45.9089
  5596	-50.6331
  5597	-58.2723
  5598	-54.1863
  5599	-57.4193
  5600	-57.3386
  5601	-55.5873
  5602	-56.6714
  5603	-47.4164
  5604	-45.798
  5605	-48.3979
  5606	-46.4188
  5607	-44.5154
  5608	-46.2134
  5609	-42.8594
  5610	-47.8464
  5611	-45.3911
  5612	-43.8729
  5613	-43.6657
  5614	-41.829
  5615	-39.5901
  5616	-43.4975
  5617	-45.2703
  5618	-47.5635
  5619	-45.5294
  5620	-43.8943
  5621	-48.6889
  5622	-53.3399
  5623	-50.039
  5624	-50.0606
  5625	-49.0874
  5626	-48.4238
  5627	-48.1758
  5628	-44.3869
  5629	-50.9485
  5630	-48.9458
  5631	-46.7247
  5632	-45.786
  5633	-43.9424
  5634	-44.9719
  5635	-45.0099
  5636	-46.7805
  5637	-44.8266
  5638	-48.2137
  5639	-49.9466
  5640	-47.6577
  5641	-48.7003
  5642	-53.5774
  5643	-51.7435
  5644	-53.3506
  5645	-58.926
  5646	-64.1381
  5647	-58.7104
  5648	-65.719
  5649	-61.4172
  5650	-56.3062
  5651	-56.8048
  5652	-54.9652
  5653	-50.41
  5654	-47.4516
  5655	-39.472
  5656	-40.9452
  5657	-38.0333
  5658	-38.9062
  5659	-40.1982
  5660	-33.2792
  5661	-31.6214
  5662	-37.2057
  5663	-36.806
  5664	-41.1316
  5665	-40.8071
  5666	-40.8298
  5667	-40.3694
  5668	-41.5051
  5669	-45.1416
  5670	-39.6671
  5671	-49.4171
  5672	-53.3027
  5673	-41.3153
  5674	-49.3991
  5675	-45.517
  5676	-40.191
  5677	-45.9559
  5678	-41.3961
  5679	-44.1015
  5680	-51.166
  5681	-46.7285
  5682	-41.5637
  5683	-46.039
  5684	-46.1078
  5685	-39.1054
  5686	-38.7984
  5687	-36.3701
  5688	-35.965
  5689	-34.1055
  5690	-32.3701
  5691	-27.6548
  5692	-31.5601
  5693	-37.2339
  5694	-35.7379
  5695	-30.8581
  5696	-26.2739
  5697	-31.4022
  5698	-31.4915
  5699	-27.1282
  5700	-30.7973
  5701	-31.4262
  5702	-31.3977
  5703	-35.915
  5704	-38.632
  5705	-39.6542
  5706	-40.3206
  5707	-46.2728
  5708	-42.6782
  5709	-44.243
  5710	-43.226
  5711	-37.959
  5712	-45.2289
  5713	-48.0112
  5714	-43.2326
  5715	-50.9327
  5716	-51.8073
  5717	-46.9431
  5718	-52.7257
  5719	-53.8103
  5720	-55.5361
  5721	-53.483
  5722	-49.5933
  5723	-48.6878
  5724	-42.627
  5725	-42.8139
  5726	-41.2324
  5727	-36.9049
  5728	-42.3527
  5729	-43.5692
  5730	-38.1896
  5731	-33.6726
  5732	-35.6311
  5733	-39.9038
  5734	-28.5642
  5735	-35.7687
  5736	-41.4567
  5737	-25.5191
  5738	-31.9785
  5739	-41.3629
  5740	-38.6703
  5741	-41.0064
  5742	-41.9808
  5743	-37.7545
  5744	-41.3411
  5745	-52.4776
  5746	-54.4474
  5747	-55.3878
  5748	-55.3896
  5749	-47.7417
  5750	-48.4742
  5751	-54.1006
  5752	-52.8763
  5753	-44.3971
  5754	-38.3632
  5755	-34.1492
  5756	-34.9425
  5757	-32.7241
  5758	-32.1896
  5759	-31.2283
  5760	-30.8938
  5761	-30.7649
  5762	-36.2808
  5763	-42.5339
  5764	-43.4283
  5765	-43.8773
  5766	-42.8805
  5767	-37.2331
  5768	-47.7978
  5769	-42.2564
  5770	-39.1685
  5771	-49.2502
  5772	-41.2909
  5773	-32.1274
  5774	-40.6091
  5775	-42.4373
  5776	-43.7669
  5777	-42.1791
  5778	-41.7307
  5779	-37.7796
  5780	-37.2576
  5781	-48.2248
  5782	-48.3543
  5783	-46.2272
  5784	-48.0204
  5785	-42.3809
  5786	-42.856
  5787	-50.2225
  5788	-51.9401
  5789	-41.2942
  5790	-35.8077
  5791	-37.1324
  5792	-35.3121
  5793	-39.9691
  5794	-42.4525
  5795	-38.4324
  5796	-36.4702
  5797	-31.5491
  5798	-28.9009
  5799	-31.0197
  5800	-38.0954
  5801	-39.0134
  5802	-39.8358
  5803	-46.3286
  5804	-42.8521
  5805	-51.0021
  5806	-55.6175
  5807	-52.8605
  5808	-48.653
  5809	-46.0757
  5810	-39.7064
  5811	-42.3754
  5812	-41.2936
  5813	-43.723
  5814	-38.4029
  5815	-23.2104
  5816	-19.961
  5817	-26.4229
  5818	-23.6243
  5819	-27.9264
  5820	-29.4577
  5821	-23.2642
  5822	-31.9729
  5823	-46.0677
  5824	-42.6475
  5825	-39.2101
  5826	-41.2387
  5827	-35.3807
  5828	-38.5249
  5829	-44.1687
  5830	-50.2193
  5831	-49.3189
  5832	-45.5238
  5833	-46.8743
  5834	-48.3925
  5835	-48.2041
  5836	-47.4396
  5837	-45.7543
  5838	-43.6171
  5839	-43.9552
  5840	-51.0996
  5841	-44.9974
  5842	-46.0362
  5843	-53.3131
  5844	-43.0176
  5845	-48.0545
  5846	-49.1727
  5847	-45.8218
  5848	-47.0468
  5849	-43.0074
  5850	-36.3705
  5851	-36.6629
  5852	-32.8768
  5853	-35.9752
  5854	-34.1995
  5855	-33.5394
  5856	-28.8822
  5857	-31.6278
  5858	-31.7653
  5859	-33.8151
  5860	-41.8724
  5861	-40.3624
  5862	-33.0799
  5863	-33.1873
  5864	-31.4652
  5865	-34.8082
  5866	-38.7255
  5867	-32.0039
  5868	-35.1793
  5869	-39.1315
  5870	-35.8419
  5871	-40.0778
  5872	-37.7439
  5873	-31.2403
  5874	-36.206
  5875	-38.2469
  5876	-32.8433
  5877	-37.3721
  5878	-42.4246
  5879	-31.261
  5880	-32.1734
  5881	-36.2821
  5882	-26.6961
  5883	-26.9018
  5884	-28.3079
  5885	-20.7276
  5886	-18.8639
  5887	-18.8703
  5888	-19.3011
  5889	-20.6127
  5890	-20.4219
  5891	-16.0861
  5892	-12.8174
  5893	-14.2653
  5894	-17.8661
  5895	-21.3064
  5896	-18.5485
  5897	-12.5964
  5898	-14.5846
  5899	-3.53076
  5900	-5.50287
  5901	-10.8197
  5902	-9.0505
  5903	-9.66773
  5904	-14.744
  5905	-12.4131
  5906	-13.535
  5907	-15.0364
  5908	-14.1426
  5909	-16.646
  5910	-19.9419
  5911	-9.78002
  5912	-13.992
  5913	-18.0046
  5914	-22.2247
  5915	-20.1902
  5916	-15.7024
  5917	-18.8384
  5918	-23.3275
  5919	-23.0495
  5920	-22.3742
  5921	-28.2114
  5922	-25.0525
  5923	-22.8298
  5924	-22.2156
  5925	-19.1586
  5926	-17.2477
  5927	-16.3908
  5928	-13.3714
  5929	-10.3867
  5930	-7.90268
  5931	-9.22762
  5932	-11.4125
  5933	-13.6638
  5934	-9.74941
  5935	-14.4258
  5936	-17.7907
  5937	-16.0487
  5938	-23.5544
  5939	-26.3909
  5940	-28.9296
  5941	-36.715
  5942	-39.5399
  5943	-34.9423
  5944	-45.3178
  5945	-41.2654
  5946	-36.7433
  5947	-35.0551
  5948	-37.1945
  5949	-37.4567
  5950	-41.533
  5951	-39.166
  5952	-41.8147
  5953	-39.8173
  5954	-41.4126
  5955	-44.7154
  5956	-42.507
  5957	-42.4361
  5958	-43.4097
  5959	-40.1195
  5960	-39.7104
  5961	-45.835
  5962	-41.4406
  5963	-34.6949
  5964	-40.2889
  5965	-42.0321
  5966	-37.3065
  5967	-43.9204
  5968	-42.4311
  5969	-42.4403
  5970	-50.5325
  5971	-50.4054
  5972	-51.2922
  5973	-53.0432
  5974	-50.886
  5975	-49.5712
  5976	-57.3329
  5977	-45.3496
  5978	-48.96
  5979	-43.9495
  5980	-36.5315
  5981	-44.581
  5982	-44.1131
  5983	-38.7851
  5984	-44.9021
  5985	-44.7513
  5986	-46.7795
  5987	-46.5171
  5988	-43.3559
  5989	-35.8045
  5990	-40.1936
  5991	-42.6731
  5992	-33.4409
  5993	-37.7754
  5994	-37.7246
  5995	-37.5365
  5996	-41.7473
  5997	-47.2353
  5998	-40.147
  5999	-43.1319
  6000	-35.8182
  6001	-39.502
  6002	-41.6205
  6003	-34.0019
  6004	-33.9031
  6005	-27.5006
  6006	-32.8002
  6007	-42.5667
  6008	-35.8993
  6009	-37.3441
  6010	-45.0388
  6011	-38.1687
  6012	-36.6713
  6013	-39.178
  6014	-43.9033
  6015	-38.9421
  6016	-48.5777
  6017	-44.5212
  6018	-38.3544
  6019	-38.1566
  6020	-29.7495
  6021	-25.4829
  6022	-26.2206
  6023	-22.5025
  6024	-23.9408
  6025	-20.3028
  6026	-18.8994
  6027	-29.3586
  6028	-25.2646
  6029	-24.0459
  6030	-27.867
  6031	-24.0148
  6032	-17.7987
  6033	-23.1228
  6034	-22.828
  6035	-17.0985
  6036	-28.0444
  6037	-32.5574
  6038	-35.9443
  6039	-46.9686
  6040	-41.2903
  6041	-38.5767
  6042	-48.0542
  6043	-46.287
  6044	-52.6332
  6045	-56.5985
  6046	-48.6025
  6047	-52.3659
  6048	-50.4766
  6049	-50.0986
  6050	-57.2241
  6051	-56.2245
  6052	-47.589
  6053	-45.4148
  6054	-44.3751
  6055	-42.4629
  6056	-43.4561
  6057	-41.7338
  6058	-43.172
  6059	-47.3952
  6060	-39.038
  6061	-46.9366
  6062	-44.5163
  6063	-39.1725
  6064	-41.6611
  6065	-38.1536
  6066	-35.1153
  6067	-45.1344
  6068	-43.9609
  6069	-40.0631
  6070	-47.1479
  6071	-46.2612
  6072	-44.3313
  6073	-49.1743
  6074	-48.7483
  6075	-42.9296
  6076	-43.2864
  6077	-40.0994
  6078	-39.2564
  6079	-46.1903
  6080	-48.6595
  6081	-47.2868
  6082	-56.1061
  6083	-50.0945
  6084	-51.3395
  6085	-49.1831
  6086	-46.8588
  6087	-53.1749
  6088	-47.4831
  6089	-40.8876
  6090	-52.2631
  6091	-48.5046
  6092	-49.8156
  6093	-52.032
  6094	-45.295
  6095	-53.3207
  6096	-46.9796
  6097	-41.8638
  6098	-43.5577
  6099	-41.6366
  6100	-42.7188
  6101	-44.1063
  6102	-44.7653
  6103	-45.3754
  6104	-39.9458
  6105	-42.055
  6106	-42.3007
  6107	-50.2713
  6108	-53.7268
  6109	-50.2766
  6110	-49.5066
  6111	-47.8845
  6112	-44.399
  6113	-50.674
  6114	-47.1331
  6115	-48.3111
  6116	-51.2975
  6117	-38.1401
  6118	-48.5963
  6119	-52.792
  6120	-41.9464
  6121	-47.0179
  6122	-45.0853
  6123	-45.4095
  6124	-49.4217
  6125	-50.0538
  6126	-46.5486
  6127	-46.1783
  6128	-49.7245
  6129	-50.7172
  6130	-44.8631
  6131	-46.5824
  6132	-42.9125
  6133	-47.0278
  6134	-44.4996
  6135	-49.1459
  6136	-48.5766
  6137	-38.6844
  6138	-45.4102
  6139	-46.3568
  6140	-38.4987
  6141	-46.7691
  6142	-39.0466
  6143	-36.2609
  6144	-41.7653
  6145	-38.3643
  6146	-31.8575
  6147	-40.7298
  6148	-36.7362
  6149	-32.0941
  6150	-45.9346
  6151	-39.4654
  6152	-27.6904
  6153	-29.9322
  6154	-30.4783
  6155	-23.9608
  6156	-33.1183
  6157	-37.9083
  6158	-37.8148
  6159	-31.579
  6160	-32.3251
  6161	-40.6555
  6162	-36.3489
  6163	-40.2296
  6164	-42.7197
  6165	-37.9467
  6166	-43.8973
  6167	-44.488
  6168	-47.0671
  6169	-48.0326
  6170	-51.9173
  6171	-52.4207
  6172	-44.7361
  6173	-54.0781
  6174	-44.9438
  6175	-46.8392
  6176	-53.922
  6177	-43.4321
  6178	-49.3559
  6179	-49.3672
  6180	-43.6424
  6181	-47.2406
  6182	-41.4727
  6183	-40.4382
  6184	-43.7403
  6185	-33.2323
  6186	-35.1428
  6187	-31.6164
  6188	-35.3871
  6189	-42.935
  6190	-37.2266
  6191	-34.798
  6192	-39.5512
  6193	-41.0164
  6194	-36.9219
  6195	-38.3059
  6196	-45.1448
  6197	-45.8421
  6198	-44.859
  6199	-48.3231
  6200	-46.7326
  6201	-48.8488
  6202	-51.0714
  6203	-40.5612
  6204	-38.8649
  6205	-34.9811
  6206	-32.2782
  6207	-37.6192
  6208	-36.3169
  6209	-37.8517
  6210	-37.9392
  6211	-36.876
  6212	-39.9595
  6213	-30.5531
  6214	-31.2045
  6215	-33.6983
  6216	-32.017
  6217	-27.5641
  6218	-38.1693
  6219	-38.7484
  6220	-37.3669
  6221	-43.8035
  6222	-45.4887
  6223	-42.4404
  6224	-50.8063
  6225	-43.7026
  6226	-41.4534
  6227	-52.8698
  6228	-50.0103
  6229	-44.9907
  6230	-51.7479
  6231	-54.5576
  6232	-63.6109
  6233	-64.2177
  6234	-59.221
  6235	-61.6229
  6236	-58.5166
  6237	-60.0988
  6238	-58.0639
  6239	-56.2402
  6240	-54.0802
  6241	-59.4534
  6242	-55.3861
  6243	-48.2444
  6244	-53.1021
  6245	-50.3815
  6246	-43.8855
  6247	-43.432
  6248	-45.1637
  6249	-33.7894
  6250	-38.3078
  6251	-34.8194
  6252	-28.3691
  6253	-23.1158
  6254	-24.8046
  6255	-29.2193
  6256	-30.7229
  6257	-26.4261
  6258	-33.7436
  6259	-31.3257
  6260	-23.1195
  6261	-23.6174
  6262	-22.613
  6263	-25.7463
  6264	-34.7461
  6265	-33.7607
  6266	-29.4591
  6267	-24.9395
  6268	-35.6944
  6269	-43.8849
  6270	-43.0904
  6271	-42.8701
  6272	-46.9023
  6273	-47.6517
  6274	-43.0236
  6275	-48.5495
  6276	-50.3445
  6277	-46.1303
  6278	-48.2584
  6279	-48.4251
  6280	-41.3337
  6281	-37.5849
  6282	-43.556
  6283	-48.0782
  6284	-44.5177
  6285	-36.3596
  6286	-37.8292
  6287	-33.404
  6288	-25.5008
  6289	-28.9829
  6290	-29.0491
  6291	-23.8205
  6292	-20.3428
  6293	-25.3589
  6294	-12.5461
  6295	-14.1058
  6296	-17.749
  6297	-16.5153
  6298	-14.3348
  6299	-15.273
  6300	-14.9627
  6301	-10.2516
  6302	-13.3083
  6303	-11.3504
  6304	-11.2087
  6305	-10.4634
  6306	-3.87181
  6307	-2.74956
  6308	7.77632
  6309	5.51807
  6310	1.86208
  6311	8.50475
  6312	8.41392
  6313	8.45175
  6314	13.4376
  6315	18.7682
  6316	19.7948
  6317	20.1324
  6318	19.0184
  6319	16.7396
  6320	27.8005
  6321	26.8081
  6322	21.3985
  6323	16.6038
  6324	18.0141
  6325	16.9668
  6326	12.98
  6327	12.1042
  6328	13.9393
  6329	10.7855
  6330	9.89132
  6331	1.94003
  6332	-3.53633
  6333	-3.59316
  6334	2.97882
  6335	-6.42757
  6336	-8.03861
  6337	-11.9628
  6338	-16.2107
  6339	-15.0153
  6340	-9.71072
  6341	-10.2727
  6342	-16.951
  6343	-11.5814
  6344	-8.66936
  6345	-13.4088
  6346	-14.881
  6347	-4.50103
  6348	-0.313771
  6349	-6.02575
  6350	-2.09645
  6351	-1.32452
  6352	-3.89607
  6353	3.1957
  6354	4.90614
  6355	3.5045
  6356	3.90923
  6357	10.3927
  6358	10.6048
  6359	8.21918
  6360	19.3749
  6361	16.802
  6362	20.9925
  6363	21.004
  6364	21.2549
  6365	24.8727
  6366	24.0486
  6367	25.8437
  6368	24.1362
  6369	19.9229
  6370	19.6966
  6371	21.6904
  6372	19.543
  6373	21.3209
  6374	21.0806
  6375	17.558
  6376	17.787
  6377	17.0756
  6378	14.82
  6379	17.2657
  6380	12.1102
  6381	9.98922
  6382	12.6887
  6383	8.47078
  6384	7.27383
  6385	1.75682
  6386	-5.36096
  6387	-0.639365
  6388	-5.11121
  6389	-6.97122
  6390	-2.6888
  6391	0.156313
  6392	0.522264
  6393	4.45478
  6394	-1.66578
  6395	-0.975319
  6396	3.89607
  6397	4.63216
  6398	6.10473
  6399	2.03753
  6400	0.88727
  6401	3.50199
  6402	1.70627
  6403	-4.66531
  6404	-5.45888
  6405	-4.45377
  6406	0.163744
  6407	-2.2103
  6408	-1.34778
  6409	2.53685
  6410	3.85251
  6411	4.54791
  6412	5.52243
  6413	6.99092
  6414	12.1427
  6415	8.54311
  6416	14.6989
  6417	18.2532
  6418	10.394
  6419	6.62254
  6420	15.5446
  6421	8.17755
  6422	2.14451
  6423	11.8172
  6424	5.74926
  6425	3.029
  6426	3.28572
  6427	-1.70295
  6428	1.90095
  6429	2.95411
  6430	0.768365
  6431	7.5376
  6432	0.0483391
  6433	-4.53664
  6434	-1.09167
  6435	-7.9438
  6436	-5.12444
  6437	-1.80321
  6438	-6.54609
  6439	-3.24934
  6440	-5.12544
  6441	-6.78086
  6442	0.441782
  6443	-4.05632
  6444	-4.24233
  6445	-0.861741
  6446	-7.00521
  6447	-0.575225
  6448	-2.40422
  6449	-1.16459
  6450	-1.41049
  6451	-3.48231
  6452	4.8756
  6453	1.75722
  6454	-3.65779
  6455	8.59323
  6456	9.46129
  6457	7.44429
  6458	12.7153
  6459	14.6949
  6460	14.2774
  6461	11.8432
  6462	13.7963
  6463	20.2564
  6464	18.0056
  6465	18.8184
  6466	18.0531
  6467	10.6629
  6468	7.55894
  6469	9.86313
  6470	9.97104
  6471	10.3285
  6472	15.0183
  6473	12.3262
  6474	6.42981
  6475	9.17844
  6476	8.76678
  6477	13.331
  6478	21.8829
  6479	22.806
  6480	24.8491
  6481	22.4577
  6482	23.6964
  6483	20.0112
  6484	18.722
  6485	24.1929
  6486	16.1459
  6487	11.7776
  6488	21.7362
  6489	15.8372
  6490	7.25898
  6491	5.49341
  6492	2.07113
  6493	-0.831155
  6494	2.02313
  6495	-1.80144
  6496	-1.57451
  6497	-3.25988
  6498	-2.83423
  6499	-1.42239
  6500	-2.74066
  6501	0.789101
  6502	4.11558
  6503	7.97707
  6504	13.4681
  6505	16.6135
  6506	16.32
  6507	20.8053
  6508	24.3688
  6509	17.6297
  6510	16.2333
  6511	18.8022
  6512	14.6671
  6513	14.9082
  6514	19.4387
  6515	9.6461
  6516	6.33335
  6517	5.5341
  6518	-0.46021
  6519	-2.23111
  6520	4.58036
  6521	6.48675
  6522	8.62735
  6523	21.7291
  6524	14.3389
  6525	14.3105
  6526	19.7598
  6527	14.3028
  6528	23.3193
  6529	28.5929
  6530	21.2439
  6531	21.5135
  6532	25.4456
  6533	18.1136
  6534	11.0561
  6535	13.8586
  6536	15.7239
  6537	13.7326
  6538	20.0668
  6539	21.4291
  6540	19.2285
  6541	19.1112
  6542	24.7354
  6543	28.8642
  6544	23.198
  6545	32.0201
  6546	31.0717
  6547	25.16
  6548	29.6934
  6549	29.5126
  6550	25.155
  6551	24.8077
  6552	26.2737
  6553	20.7269
  6554	18.755
  6555	20.3893
  6556	17.2204
  6557	15.9304
  6558	22.0731
  6559	19.3955
  6560	12.0401
  6561	17.9018
  6562	14.4661
  6563	9.49335
  6564	13.177
  6565	14.83
  6566	4.6445
  6567	4.59725
  6568	8.05814
  6569	-1.79574
  6570	-7.35228
  6571	-7.00619
  6572	-13.5817
  6573	-15.0855
  6574	-10.6384
  6575	-13.1059
  6576	-17.7675
  6577	-21.6646
  6578	-20.6417
  6579	-27.2925
  6580	-30.9804
  6581	-28.8072
  6582	-25.5145
  6583	-28.5831
  6584	-32.8295
  6585	-31.582
  6586	-27.7317
  6587	-39.4452
  6588	-37.3983
  6589	-36.9053
  6590	-43.5587
  6591	-31.6786
  6592	-31.4704
  6593	-32.154
  6594	-20.4973
  6595	-22.6576
  6596	-30.0687
  6597	-20.3702
  6598	-21.8297
  6599	-22.0399
  6600	-16.9286
  6601	-14.2698
  6602	-19.059
  6603	-17.3881
  6604	-21.2229
  6605	-17.1257
  6606	-21.4132
  6607	-20.584
  6608	-17.15
  6609	-18.5211
  6610	-17.2126
  6611	-11.9086
  6612	-9.12738
  6613	-3.40445
  6614	-1.74682
  6615	-8.39447
  6616	-2.1678
  6617	-0.281541
  6618	-1.54396
  6619	6.74894
  6620	9.98394
  6621	8.74502
  6622	9.32739
  6623	8.23163
  6624	5.84364
  6625	9.16234
  6626	7.47108
  6627	10.1321
  6628	12.8544
  6629	12.4961
  6630	11.1793
  6631	9.79041
  6632	12.6906
  6633	13.3125
  6634	17.681
  6635	22.8427
  6636	21.6737
  6637	23.4579
  6638	17.7473
  6639	15.3349
  6640	21.8854
  6641	21.9528
  6642	15.7893
  6643	23.6687
  6644	17.7281
  6645	10.2767
  6646	8.25806
  6647	1.57564
  6648	11.1075
  6649	8.45514
  6650	-0.612588
  6651	1.76143
  6652	5.14854
  6653	1.26065
  6654	4.74878
  6655	10.9788
  6656	1.94964
  6657	4.3483
  6658	4.34887
  6659	1.01958
  6660	-2.45204
  6661	4.8898
  6662	6.51116
  6663	3.14192
  6664	5.13782
  6665	-1.60037
  6666	0.497634
  6667	2.74349
  6668	1.17418
  6669	4.01506
  6670	0.797274
  6671	1.75655
  6672	1.75467
  6673	-4.29228
  6674	-7.21596
  6675	-1.8202
  6676	0.356681
  6677	-0.629439
  6678	1.21129
  6679	-5.01237
  6680	-2.66849
  6681	4.01376
  6682	-4.07792
  6683	-2.49003
  6684	5.97268
  6685	7.99111
  6686	10.2842
  6687	15.3624
  6688	13.838
  6689	16.9894
  6690	25.093
  6691	22.0847
  6692	26.5923
  6693	29.6222
  6694	26.7676
  6695	25.9899
  6696	21.4722
  6697	18.5325
  6698	13.1005
  6699	13.405
  6700	8.05274
  6701	6.77421
  6702	2.14168
  6703	-0.0276457
  6704	-1.6051
  6705	-6.58846
  6706	-6.66399
  6707	-10.7199
  6708	-12.2177
  6709	-11.4293
  6710	-6.32537
  6711	-14.8783
  6712	-19.114
  6713	-16.4522
  6714	-16.156
  6715	-17.0406
  6716	-13.0244
  6717	-13.6977
  6718	-15.0258
  6719	-8.38529
  6720	-9.91248
  6721	-14.4865
  6722	-7.02279
  6723	-8.37837
  6724	-10.1237
  6725	-5.76497
  6726	-7.39817
  6727	-5.28827
  6728	-2.80928
  6729	-6.82112
  6730	-9.23475
  6731	-5.62345
  6732	-4.4224
  6733	-5.51891
  6734	-8.45007
  6735	-1.77348
  6736	-1.76042
  6737	-9.93669
  6738	-3.86956
  6739	-0.762001
  6740	-7.02866
  6741	-1.57701
  6742	2.41437
  6743	1.09829
  6744	-1.5799
  6745	5.8063
  6746	9.13132
  6747	4.03755
  6748	10.165
  6749	12.8557
  6750	10.7235
  6751	17.3205
  6752	22.5009
  6753	24.7907
  6754	28.3281
  6755	28.6293
  6756	32.9502
  6757	36.6717
  6758	33.9972
  6759	32.3209
  6760	30.6966
  6761	29.3673
  6762	28.6309
  6763	26.6769
  6764	21.3747
  6765	18.6383
  6766	17.5817
  6767	7.28613
  6768	6.07709
  6769	1.82615
  6770	-3.72329
  6771	-0.597778
  6772	-7.19577
  6773	-14.954
  6774	-8.32321
  6775	-11.7131
  6776	-19.7045
  6777	-17.423
  6778	-19.6484
  6779	-16.9164
  6780	-18.8683
  6781	-14.1033
  6782	-8.71048
  6783	-7.39143
  6784	-5.00606
  6785	-1.76339
  6786	5.04353
  6787	5.0147
  6788	5.2803
  6789	9.58363
  6790	6.22666
  6791	13.1281
  6792	17.4335
  6793	16.2723
  6794	18.9232
  6795	20.7355
  6796	18.5599
  6797	19.8905
  6798	23.5431
  6799	21.8294
  6800	27.0766
  6801	25.6187
  6802	28.9765
  6803	30.5631
  6804	34.5734
  6805	33.5254
  6806	33.5184
  6807	36.0413
  6808	29.7894
  6809	34.6001
  6810	40.2566
  6811	32.4828
  6812	34.2528
  6813	36.5363
  6814	30.2831
  6815	25.5051
  6816	27.9287
  6817	24.0006
  6818	26.4139
  6819	19.7114
  6820	18.5611
  6821	18.3309
  6822	14.3474
  6823	19.0932
  6824	21.3893
  6825	15.4643
  6826	15.0315
  6827	18.8952
  6828	10.5565
  6829	13.8527
  6830	19.5645
  6831	12.261
  6832	17.7192
  6833	14.9459
  6834	8.59865
  6835	8.16496
  6836	11.8844
  6837	9.4637
  6838	4.8353
  6839	5.30012
  6840	6.13326
  6841	3.45917
  6842	-1.99643
  6843	-4.99001
  6844	-3.42078
  6845	-0.839129
  6846	-3.92681
  6847	-6.30273
  6848	-9.36079
  6849	-16.1454
  6850	-12.8496
  6851	-17.0748
  6852	-22.5592
  6853	-14.2535
  6854	-10.8332
  6855	-13.9536
  6856	-8.89902
  6857	-7.16935
  6858	-12.1362
  6859	-8.10163
  6860	-4.30069
  6861	-7.34428
  6862	-2.09324
  6863	-0.956145
  6864	-8.05388
  6865	-1.82892
  6866	-4.82355
  6867	-6.63866
  6868	-6.43445
  6869	-9.33109
  6870	-11.1575
  6871	-11.8715
  6872	-14.0827
  6873	-10.1564
  6874	-12.5832
  6875	-13.5602
  6876	-3.6107
  6877	-5.22803
  6878	-15.3608
  6879	-5.40428
  6880	-5.34768
  6881	-3.68132
  6882	2.93038
  6883	3.93135
  6884	2.71302
  6885	4.43572
  6886	11.5215
  6887	10.4517
  6888	8.58504
  6889	14.5753
  6890	20.6755
  6891	14.094
  6892	10.1041
  6893	15.0262
  6894	18.795
  6895	13.3598
  6896	12.373
  6897	7.56519
  6898	4.03001
  6899	7.22084
  6900	2.90279
  6901	0.286054
  6902	-2.53221
  6903	0.0810131
  6904	-9.50224
  6905	-4.26405
  6906	-6.26816
  6907	-6.16631
  6908	-5.48045
  6909	-4.40466
  6910	-6.22817
  6911	-0.0692085
  6912	-2.27156
  6913	1.50607
  6914	2.24754
  6915	4.97044
  6916	5.73687
  6917	7.16197
  6918	9.62947
  6919	11.7022
  6920	13.4498
  6921	9.06383
  6922	12.9894
  6923	10.9027
  6924	8.98504
  6925	13.1865
  6926	0.910468
  6927	8.79767
  6928	10.8528
  6929	1.57237
  6930	5.35079
  6931	-3.00039
  6932	-9.0444
  6933	-7.30378
  6934	-16.2916
  6935	-16.0228
  6936	-19.2928
  6937	-14.9668
  6938	-17.3004
  6939	-19.1037
  6940	-17.374
  6941	-14.6641
  6942	-15.6224
  6943	-11.8006
  6944	-18.2642
  6945	-13.8846
  6946	-16.6054
  6947	-12.7745
  6948	-16.198
  6949	-11.5932
  6950	-2.2128
  6951	-2.3582
  6952	3.20588
  6953	8.54663
  6954	8.92004
  6955	16.901
  6956	18.4605
  6957	21.0995
  6958	21.3032
  6959	20.8688
  6960	27.9812
  6961	21.0011
  6962	22.6305
  6963	27.3187
  6964	17.7122
  6965	24.3862
  6966	29.7241
  6967	27.1824
  6968	25.8494
  6969	24.9108
  6970	28.7801
  6971	23.034
  6972	22.2284
  6973	28.2659
  6974	26.9352
  6975	23.8164
  6976	19.4434
  6977	19.4543
  6978	18.0898
  6979	12.7437
  6980	10.2467
  6981	13.0804
  6982	4.19255
  6983	1.41678
  6984	-1.62832
  6985	5.26558
  6986	-1.04681
  6987	-1.88753
  6988	3.63723
  6989	-3.72702
  6990	-2.19102
  6991	-1.99716
  6992	0.842868
  6993	7.67843
  6994	-1.92364
  6995	2.47343
  6996	6.00249
  6997	-3.2464
  6998	7.35312
  6999	2.51757
  7000	0.308274
  7001	-0.815686
  7002	-2.46969
  7003	-1.10786
  7004	-1.22489
  7005	1.2625
  7006	0.440796
  7007	-4.02814
  7008	-2.0718
  7009	-3.27636
  7010	-4.40844
  7011	-5.34644
  7012	-4.83972
  7013	-3.49246
  7014	-8.44981
  7015	-3.67094
  7016	-0.927245
  7017	2.39579
  7018	-1.38558
  7019	-0.959786
  7020	3.79458
  7021	6.1834
  7022	4.34113
  7023	5.77835
  7024	5.96637
  7025	4.40159
  7026	2.42793
  7027	-2.94847
  7028	-1.98012
  7029	-5.04288
  7030	-8.83554
  7031	-0.653645
  7032	-8.61888
  7033	-14.8258
  7034	-5.96945
  7035	-15.9508
  7036	-12.9598
  7037	-12.2647
  7038	-18.6747
  7039	-17.8553
  7040	-14.6647
  7041	-15.1186
  7042	-19.9108
  7043	-21.7003
  7044	-19.2926
  7045	-24.172
  7046	-23.8901
  7047	-23.9995
  7048	-19.6384
  7049	-23.9384
  7050	-25.0413
  7051	-21.5238
  7052	-23.5711
  7053	-18.2311
  7054	-16.2755
  7055	-17.7581
  7056	-23.212
  7057	-23.0627
  7058	-18.1006
  7059	-17.8297
  7060	-18.4141
  7061	-16.8929
  7062	-17.4747
  7063	-15.896
  7064	-18.248
  7065	-22.3463
  7066	-18.2024
  7067	-20.6739
  7068	-23.4909
  7069	-23.2103
  7070	-26.9766
  7071	-31.1144
  7072	-24.68
  7073	-32.2309
  7074	-37.0537
  7075	-36.0509
  7076	-36.5032
  7077	-39.151
  7078	-37.1823
  7079	-39.5306
  7080	-41.8594
  7081	-44.3536
  7082	-43.3851
  7083	-49.7041
  7084	-47.1092
  7085	-49.6865
  7086	-48.5354
  7087	-45.7283
  7088	-45.2665
  7089	-39.3543
  7090	-41.4287
  7091	-41.6936
  7092	-42.217
  7093	-32.9955
  7094	-36.8154
  7095	-37.7115
  7096	-29.8305
  7097	-28.3359
  7098	-20.5559
  7099	-17.2196
  7100	-22.639
  7101	-12.3997
  7102	-16.3833
  7103	-16.605
  7104	-12.3242
  7105	-11.082
  7106	-7.03544
  7107	-2.13451
  7108	-3.35298
  7109	-9.88144
  7110	-6.6346
  7111	-4.66797
  7112	-6.67688
  7113	-5.82085
  7114	-11.3394
  7115	-11.6177
  7116	-8.13661
  7117	-15.0816
  7118	-15.6825
  7119	-16.1024
  7120	-12.5556
  7121	-16.2747
  7122	-16.1354
  7123	-11.6154
  7124	-11.2231
  7125	-11.8715
  7126	-17.4905
  7127	-11.3195
  7128	-4.63204
  7129	-4.5359
  7130	-6.59677
  7131	4.80242
  7132	1.2988
  7133	0.891213
  7134	7.09579
  7135	4.75541
  7136	11.8779
  7137	18.686
  7138	11.8215
  7139	15.5226
  7140	12.747
  7141	14.0417
  7142	21.872
  7143	15.8024
  7144	15.7539
  7145	21.6605
  7146	16.5151
  7147	12.7291
  7148	13.2431
  7149	13.3843
  7150	10.7442
  7151	10.5968
  7152	12.0749
  7153	13.889
  7154	16.0093
  7155	14.5976
  7156	18.3327
  7157	15.6898
  7158	16.8929
  7159	15.6221
  7160	12.1083
  7161	17.8908
  7162	17.5538
  7163	16.2012
  7164	19.8235
  7165	17.6581
  7166	14.7798
  7167	18.5086
  7168	19.1155
  7169	15.652
  7170	17.9872
  7171	24.0971
  7172	22.867
  7173	19.6819
  7174	18.1813
  7175	20.0646
  7176	14.7819
  7177	18.5303
  7178	23.6207
  7179	14.8408
  7180	16.9067
  7181	18.9818
  7182	13.0329
  7183	13.2616
  7184	9.98037
  7185	11.6889
  7186	13.1092
  7187	9.70553
  7188	13.9886
  7189	10.7926
  7190	10.6074
  7191	8.4197
  7192	6.882
  7193	1.95802
  7194	7.03075
  7195	11.9515
  7196	8.35209
  7197	11.7421
  7198	9.5782
  7199	6.50813
  7200	10.1714
  7201	7.76964
  7202	7.99596
  7203	14.4651
  7204	10.5552
  7205	12.2066
  7206	12.6026
  7207	8.30779
  7208	9.96048
  7209	11.1058
  7210	10.0023
  7211	12.9241
  7212	10.3307
  7213	11.9104
  7214	12.9882
  7215	13.5047
  7216	12.8081
  7217	7.49118
  7218	9.45805
  7219	10.6169
  7220	6.48022
  7221	11.2272
  7222	11.8622
  7223	7.27246
  7224	11.8498
  7225	1.95694
  7226	0.765257
  7227	2.94565
  7228	7.05456
  7229	6.53671
  7230	5.09023
  7231	3.42847
  7232	-2.44573
  7233	-3.88121
  7234	-7.92035
  7235	-6.22932
  7236	-5.35262
  7237	-6.53476
  7238	-1.96739
  7239	-5.09257
  7240	-1.54681
  7241	2.95767
  7242	2.90315
  7243	6.69049
  7244	3.40731
  7245	8.16572
  7246	11.8729
  7247	11.3037
  7248	10.7626
  7249	5.86707
  7250	4.04094
  7251	3.52726
  7252	-2.02996
  7253	-2.63613
  7254	5.48241
  7255	2.55985
  7256	1.35971
  7257	6.12535
  7258	0.297045
  7259	-1.65649
  7260	3.71401
  7261	3.29829
  7262	4.82502
  7263	0.15295
  7264	0.945446
  7265	-0.509004
  7266	-3.50683
  7267	-6.73791
  7268	-8.25657
  7269	-7.11202
  7270	-5.12397
  7271	-5.90927
  7272	-10.0636
  7273	-4.78675
  7274	-9.42248
  7275	-17.4987
  7276	-10.4456
  7277	-11.9411
  7278	-13.8983
  7279	-8.26155
  7280	-12.5366
  7281	-15.42
  7282	-17.0862
  7283	-15.857
  7284	-8.04278
  7285	-7.64801
  7286	0.262217
  7287	-2.83913
  7288	-2.66912
  7289	2.2071
  7290	-2.26762
  7291	-1.46134
  7292	2.85074
  7293	-4.78976
  7294	0.0534002
  7295	4.73349
  7296	2.50005
  7297	1.90317
  7298	-3.01418
  7299	-3.02173
  7300	3.72213
  7301	-5.10389
  7302	-3.21521
  7303	3.1776
  7304	2.01386
  7305	2.28074
  7306	1.85516
  7307	5.47243
  7308	4.38011
  7309	3.19917
  7310	-1.90367
  7311	-2.50324
  7312	2.71657
  7313	-0.170132
  7314	3.19593
  7315	8.6701
  7316	2.5545
  7317	2.52858
  7318	-0.635971
  7319	2.60056
  7320	7.19828
  7321	9.61867
  7322	8.43941
  7323	6.42504
  7324	8.30482
  7325	1.89568
  7326	-3.26856
  7327	-1.43758
  7328	2.64854
  7329	2.65655
  7330	0.391173
  7331	5.45506
  7332	10.614
  7333	3.73176
  7334	2.86222
  7335	6.65021
  7336	-3.42277
  7337	-5.3861
  7338	5.38678
  7339	3.84477
  7340	2.36185
  7341	3.99083
  7342	0.667697
  7343	1.05226
  7344	1.36817
  7345	-1.51729
  7346	0.0428747
  7347	1.33697
  7348	1.50412
  7349	1.32916
  7350	-0.459908
  7351	1.5853
  7352	3.29954
  7353	-4.08353
  7354	0.351235
  7355	7.47512
  7356	1.5911
  7357	8.45209
  7358	10.1217
  7359	8.57801
  7360	9.83865
  7361	4.42544
  7362	2.65141
  7363	5.69872
  7364	5.70395
  7365	-0.331776
  7366	-1.14473
  7367	6.57203
  7368	7.72008
  7369	1.68935
  7370	5.00588
  7371	12.2325
  7372	11.9449
  7373	10.7883
  7374	15.4962
  7375	18.9372
  7376	22.549
  7377	18.6712
  7378	17.5088
  7379	16.5768
  7380	15.186
  7381	20.1237
  7382	21.3292
  7383	21.1044
  7384	20.2202
  7385	16.4437
  7386	12.737
  7387	8.63925
  7388	-0.878471
  7389	-1.11502
  7390	2.06107
  7391	-7.4641
  7392	-8.95377
  7393	-7.52731
  7394	-8.16981
  7395	-7.33667
  7396	-9.89092
  7397	-7.77956
  7398	-0.787674
  7399	3.34009
  7400	0.574858
  7401	3.33743
  7402	1.14916
  7403	-2.18161
  7404	0.783093
  7405	-0.509662
  7406	4.88402
  7407	7.20964
  7408	2.64781
  7409	1.50052
  7410	-5.0191
  7411	-6.86494
  7412	-5.77265
  7413	-13.5621
  7414	-14.8185
  7415	-15.109
  7416	-14.6253
  7417	-13.3487
  7418	-19.2245
  7419	-13.9412
  7420	-12.8505
  7421	-16.7292
  7422	-11.919
  7423	-9.72344
  7424	-11.0595
  7425	1.43898
  7426	-0.37161
  7427	-4.26877
  7428	-0.934443
  7429	0.234457
  7430	-1.19362
  7431	-4.18382
  7432	-4.89171
  7433	0.929673
  7434	-1.26772
  7435	6.76839
  7436	2.41814
  7437	-1.6787
  7438	12.6558
  7439	14.0132
  7440	11.0763
  7441	20.4765
  7442	27.177
  7443	24.651
  7444	29.6953
  7445	32.1759
  7446	28.5784
  7447	28.7373
  7448	37.2524
  7449	35.5829
  7450	32.8039
  7451	30.7944
  7452	36.1208
  7453	28.1254
  7454	20.6936
  7455	26.4557
  7456	20.3678
  7457	19.9608
  7458	24.1653
  7459	24.5632
  7460	19.0785
  7461	21.5359
  7462	16.3095
  7463	14.1424
  7464	14.05
  7465	8.26411
  7466	6.75937
  7467	5.25403
  7468	0.736243
  7469	0.154297
  7470	-1.83181
  7471	0.169016
  7472	-2.56514
  7473	-9.22236
  7474	-14.7797
  7475	-11.3134
  7476	-12.7854
  7477	-14.7766
  7478	-12.3047
  7479	-10.5279
  7480	-14.2503
  7481	-9.38497
  7482	-5.46486
  7483	-14.4695
  7484	-5.68515
  7485	-3.04129
  7486	-10.5414
  7487	0.233307
  7488	-1.47055
  7489	-9.3027
  7490	-10.0231
  7491	-7.39099
  7492	-16.0942
  7493	-17.5105
  7494	-15.043
  7495	-15.0394
  7496	-18.3955
  7497	-17.4667
  7498	-21.5445
  7499	-17.1386
  7500	-17.4872
  7501	-12.5906
  7502	-14.5028
  7503	-5.95219
  7504	-0.758429
  7505	-1.13477
  7506	3.19118
  7507	8.05264
  7508	9.93175
  7509	9.09719
  7510	12.3148
  7511	19.6462
  7512	15.1317
  7513	12.9768
  7514	19.8111
  7515	15.4991
  7516	13.0043
  7517	18.623
  7518	9.95415
  7519	5.6387
  7520	15.6716
  7521	8.40256
  7522	4.14551
  7523	8.49113
  7524	11.1882
  7525	9.45087
  7526	11.8333
  7527	8.57217
  7528	8.83279
  7529	11.0548
  7530	13.271
  7531	9.38698
  7532	6.48242
  7533	10.8487
  7534	6.11702
  7535	9.14001
  7536	6.52517
  7537	9.15929
  7538	13.5062
  7539	15.6183
  7540	16.229
  7541	14.5664
  7542	19.3621
  7543	22.0012
  7544	11.3133
  7545	5.31846
  7546	11.8986
  7547	9.84403
  7548	3.49813
  7549	8.60715
  7550	2.09519
  7551	-1.72818
  7552	3.66305
  7553	-4.22768
  7554	-9.32891
  7555	-4.32907
  7556	-8.73807
  7557	-19.2409
  7558	-8.12464
  7559	-10.4324
  7560	-14.3577
  7561	-10.9412
  7562	-11.3334
  7563	-16.0628
  7564	-9.15642
  7565	-10.3519
  7566	-10.0781
  7567	-10.137
  7568	-4.43161
  7569	2.02789
  7570	-8.82056
  7571	-3.13143
  7572	-1.40786
  7573	-0.899535
  7574	0.598646
  7575	2.22113
  7576	8.18238
  7577	5.77026
  7578	9.46911
  7579	6.27204
  7580	-4.67313
  7581	4.90786
  7582	7.3175
  7583	-0.429913
  7584	8.98307
  7585	12.8962
  7586	5.06797
  7587	13.6612
  7588	11.701
  7589	3.96292
  7590	12.1178
  7591	14.3952
  7592	7.77393
  7593	13.024
  7594	18.529
  7595	4.34833
  7596	1.1763
  7597	-3.2258
  7598	-10.429
  7599	-7.86927
  7600	-13.097
  7601	-17.051
  7602	-13.3169
  7603	-25.6784
  7604	-25.354
  7605	-23.2659
  7606	-29.2928
  7607	-24.8795
  7608	-16.7623
  7609	-24.2394
  7610	-20.1653
  7611	-11.2109
  7612	-15.4427
  7613	-17.7048
  7614	-6.8282
  7615	-9.61612
  7616	-3.04408
  7617	7.83635
  7618	-4.69156
  7619	0.105887
  7620	12.8312
  7621	0.961362
  7622	9.83974
  7623	20.7776
  7624	14.0163
  7625	15.7504
  7626	22.0879
  7627	17.1393
  7628	14.5331
  7629	22.9336
  7630	19.1687
  7631	17.7674
  7632	24.3137
  7633	19.1095
  7634	17.7217
  7635	16.7669
  7636	20.1795
  7637	21.6414
  7638	23.0052
  7639	34.0964
  7640	36.8873
  7641	32.6894
  7642	38.6001
  7643	36.9688
  7644	34.4571
  7645	35.3642
  7646	37.6415
  7647	34.9886
  7648	34.7794
  7649	37.0395
  7650	31.1407
  7651	28.1212
  7652	34.6977
  7653	29.7382
  7654	22.2156
  7655	37.2254
  7656	37.8686
  7657	29.622
  7658	37.4084
  7659	36.5158
  7660	32.4993
  7661	36.9105
  7662	34.7238
  7663	37.1663
  7664	39.7285
  7665	39.3892
  7666	38.9821
  7667	42.4521
  7668	41.8567
  7669	44.656
  7670	42.4528
  7671	37.6389
  7672	39.8339
  7673	42.7931
  7674	39.242
  7675	46.2162
  7676	42.8169
  7677	36.4559
  7678	43.2581
  7679	34.5515
  7680	29.718
  7681	37.9902
  7682	30.0728
  7683	30.0145
  7684	31.6714
  7685	25.76
  7686	23.9686
  7687	23.9148
  7688	21.6495
  7689	15.6747
  7690	16.0188
  7691	21.9422
  7692	16.1298
  7693	19.8491
  7694	17.5752
  7695	14.5143
  7696	13.6056
  7697	12.4812
  7698	13.5974
  7699	19.9926
  7700	19.3295
  7701	19.9021
  7702	25.861
  7703	22.7392
  7704	22.4901
  7705	27.8422
  7706	24.6485
  7707	30.4769
  7708	30.4326
  7709	25.7623
  7710	23.8393
  7711	25.2207
  7712	16.1524
  7713	20.3171
  7714	17.2884
  7715	10.9792
  7716	24.6757
  7717	19.2861
  7718	12.5174
  7719	15.9957
  7720	17.3074
  7721	19.3092
  7722	20.3089
  7723	14.9955
  7724	16.6491
  7725	13.7345
  7726	15.7107
  7727	17.914
  7728	12.648
  7729	11.5963
  7730	13.4298
  7731	9.77636
  7732	8.13305
  7733	12.3422
  7734	9.52141
  7735	10.3104
  7736	13.2877
  7737	7.72788
  7738	9.30056
  7739	7.24987
  7740	6.98554
  7741	5.94843
  7742	-1.5266
  7743	9.35693
  7744	4.93809
  7745	4.60786
  7746	11.3877
  7747	6.38028
  7748	15.5414
  7749	22.576
  7750	17.1716
  7751	14.9237
  7752	20.6307
  7753	16.9833
  7754	12.418
  7755	17.227
  7756	14.2521
  7757	12.7153
  7758	14.7116
  7759	10.3055
  7760	12.4314
  7761	4.09887
  7762	11.0228
  7763	15.4393
  7764	8.56863
  7765	18.5112
  7766	20.5574
  7767	15.6301
  7768	20.9394
  7769	14.715
  7770	15.9075
  7771	20.9881
  7772	10.6961
  7773	12.9179
  7774	6.56147
  7775	-0.94146
  7776	5.3551
  7777	-4.4036
  7778	-2.49479
  7779	2.68553
  7780	-6.6461
  7781	-2.87136
  7782	-1.52602
  7783	-5.48302
  7784	1.05551
  7785	4.81016
  7786	1.04545
  7787	6.16347
  7788	9.64948
  7789	8.6164
  7790	8.83802
  7791	9.69753
  7792	7.98272
  7793	10.2206
  7794	5.37655
  7795	4.7557
  7796	3.96201
  7797	2.70379
  7798	9.12643
  7799	-1.13488
  7800	5.69427
  7801	10.9651
  7802	3.56237
  7803	10.1753
  7804	4.68351
  7805	1.1316
  7806	12.8704
  7807	5.10132
  7808	7.23654
  7809	10.8195
  7810	6.67785
  7811	12.078
  7812	10.6172
  7813	1.84114
  7814	10.4122
  7815	3.24339
  7816	0.930623
  7817	9.43751
  7818	3.6681
  7819	1.23766
  7820	7.88965
  7821	0.798719
  7822	0.947623
  7823	7.12761
  7824	5.11358
  7825	9.50111
  7826	7.6195
  7827	5.4584
  7828	5.35602
  7829	-0.0621242
  7830	-0.378408
  7831	0.745724
  7832	3.20363
  7833	8.09501
  7834	5.63119
  7835	3.66063
  7836	6.53739
  7837	4.65547
  7838	12.5615
  7839	16.8332
  7840	14.157
  7841	16.4389
  7842	18.7847
  7843	15.4014
  7844	20.4971
  7845	22.5753
  7846	23.5812
  7847	22.4919
  7848	16.5384
  7849	23.3507
  7850	23.155
  7851	10.5591
  7852	20.9597
  7853	14.1585
  7854	1.85697
  7855	12.1008
  7856	6.10148
  7857	0.305141
  7858	5.67217
  7859	0.616533
  7860	-0.0731182
  7861	1.35905
  7862	-0.873687
  7863	1.4156
  7864	-6.60245
  7865	-5.25905
  7866	1.43626
  7867	-10.8957
  7868	-7.8116
  7869	-4.07235
  7870	-8.82195
  7871	-2.69472
  7872	-2.97918
  7873	-11.5703
  7874	-2.62937
  7875	2.97329
  7876	-7.17208
  7877	-0.983096
  7878	6.06252
  7879	6.10796
  7880	11.6107
  7881	12.2542
  7882	16.5214
  7883	17.0937
  7884	20.3152
  7885	26.4793
  7886	17.4302
  7887	19.5876
  7888	26.2689
  7889	17.7708
  7890	21.3642
  7891	20.0669
  7892	12.4917
  7893	17.8752
  7894	11.6235
  7895	4.74763
  7896	7.72606
  7897	6.05733
  7898	9.69866
  7899	8.26402
  7900	0.258119
  7901	6.95742
  7902	10.3129
  7903	4.98358
  7904	12.09
  7905	11.9968
  7906	5.08061
  7907	16.0102
  7908	12.2914
  7909	6.91229
  7910	17.083
  7911	16.6308
  7912	16.322
  7913	18.6157
  7914	21.2679
  7915	17.7535
  7916	20.3588
  7917	23.274
  7918	20.0244
  7919	19.6207
  7920	22.7484
  7921	22.1228
  7922	19.7428
  7923	22.0007
  7924	21.1806
  7925	15.5373
  7926	20.3889
  7927	19.2299
  7928	14.0562
  7929	13.421
  7930	12.9962
  7931	8.69833
  7932	3.85969
  7933	-2.10715
  7934	5.34304
  7935	2.13715
  7936	-1.67225
  7937	0.37828
  7938	-5.0584
  7939	-3.37074
  7940	-2.02689
  7941	-13.3248
  7942	-5.92463
  7943	-1.193
  7944	-11.5549
  7945	-6.16339
  7946	-3.28845
  7947	-8.09333
  7948	-7.57914
  7949	-9.22518
  7950	-9.91091
  7951	-8.75707
  7952	-8.50895
  7953	-15.4607
  7954	-12.1149
  7955	-8.91269
  7956	-15.2297
  7957	-10.3526
  7958	-7.10407
  7959	0.286095
  7960	-0.182256
  7961	-3.72098
  7962	3.79088
  7963	4.21993
  7964	3.71786
  7965	4.74034
  7966	1.58333
  7967	7.98394
  7968	6.95777
  7969	4.92486
  7970	6.3133
  7971	6.66075
  7972	11.7078
  7973	7.90372
  7974	10.6557
  7975	13.6792
  7976	3.30156
  7977	12.1158
  7978	12.3815
  7979	3.4927
  7980	7.86798
  7981	11.2251
  7982	6.51712
  7983	10.2905
  7984	7.94266
  7985	2.50037
  7986	6.19931
  7987	3.48565
  7988	5.95601
  7989	4.85616
  7990	-0.0126212
  7991	-1.67184
  7992	0.82665
  7993	-11.2001
  7994	-17.6919
  7995	-7.49621
  7996	-11.4634
  7997	-12.2606
  7998	-10.0464
  7999	-17.7745
  8000	-15.1654
  8001	-16.4173
  8002	-23.0516
  8003	-19.9108
  8004	-19.7011
  8005	-19.9795
  8006	-18.2714
  8007	-14.9601
  8008	-16.6942
  8009	-19.9356
  8010	-8.17393
  8011	-11.0318
  8012	-15.3139
  8013	-8.01944
  8014	-3.50354
  8015	-6.23811
  8016	-6.30671
  8017	-11.3679
  8018	-11.6434
  8019	-11.8872
  8020	-15.8083
  8021	-11.1385
  8022	-11.3388
  8023	-16.5765
  8024	-8.23462
  8025	-5.20539
  8026	-4.83415
  8027	-1.13031
  8028	-0.847468
  8029	2.23114
  8030	0.904326
  8031	-5.0793
  8032	-6.46638
  8033	-0.570065
  8034	-8.54114
  8035	-8.74532
  8036	-8.79858
  8037	-11.8604
  8038	-14.2168
  8039	-17.5134
  8040	-18.2129
  8041	-10.7466
  8042	-5.10463
  8043	-9.07957
  8044	-4.12002
  8045	2.57332
  8046	-3.43406
  8047	-5.98093
  8048	0.815081
  8049	-0.400782
  8050	-5.78281
  8051	1.25477
  8052	-2.52964
  8053	-7.42394
  8054	-4.72424
  8055	-7.45227
  8056	-12.6602
  8057	-12.8294
  8058	-9.56715
  8059	-15.9701
  8060	-13.8706
  8061	-12.8608
  8062	-12.612
  8063	-21.2088
  8064	-22.0243
  8065	-13.4599
  8066	-21.1058
  8067	-22.2633
  8068	-14.4135
  8069	-16.2107
  8070	-14.0881
  8071	-3.42294
  8072	-3.11809
  8073	-5.04021
  8074	-0.101832
  8075	3.26842
  8076	-3.02659
  8077	3.50817
  8078	9.62875
  8079	5.15847
  8080	9.07812
  8081	9.15707
  8082	1.41336
  8083	-0.289086
  8084	8.73514
  8085	1.4463
  8086	0.467241
  8087	6.45525
  8088	-3.46667
  8089	-3.7898
  8090	-3.46008
  8091	-15.053
  8092	-16.416
  8093	-10.949
  8094	-11.0533
  8095	-13.947
  8096	-10.9402
  8097	-10.9561
  8098	-9.27767
  8099	-15.186
  8100	-11.4636
  8101	-12.7327
  8102	-13.4046
  8103	-5.24544
  8104	-10.4397
  8105	-7.17342
  8106	-3.543
  8107	-16.7299
  8108	-12.3892
  8109	-3.57939
  8110	-10.2795
  8111	-5.95276
  8112	3.74259
  8113	-5.21526
  8114	-3.82944
  8115	3.02676
  8116	-4.36732
  8117	1.53714
  8118	4.45144
  8119	-2.92526
  8120	1.3053
  8121	3.87745
  8122	-4.99673
  8123	0.0863396
  8124	-2.0798
  8125	-15.7995
  8126	-9.28686
  8127	-7.49287
  8128	-19.578
  8129	-16.9915
  8130	-9.09183
  8131	-21.1302
  8132	-21.0236
  8133	-11.5964
  8134	-18.3908
  8135	-17.0396
  8136	-6.87566
  8137	-13.0448
  8138	-6.52059
  8139	0.740335
  8140	-11.3563
  8141	4.26621
  8142	-2.54518
  8143	-8.0586
  8144	1.5481
  8145	-5.41884
  8146	-5.24279
  8147	6.78278
  8148	-1.75249
  8149	-5.44369
  8150	4.08834
  8151	2.94293
  8152	-3.94115
  8153	8.52424
  8154	7.62725
  8155	2.23781
  8156	18.6495
  8157	15.2643
  8158	4.36133
  8159	14.1519
  8160	10.527
  8161	5.03126
  8162	12.1327
  8163	7.59961
  8164	3.63957
  8165	4.74718
  8166	2.67287
  8167	-5.28563
  8168	-7.87157
  8169	-10.7039
  8170	-11.8602
  8171	-10.7664
  8172	-16.0996
  8173	-20.7937
  8174	-16.5167
  8175	-26.3242
  8176	-28.2389
  8177	-18.9147
  8178	-28.7441
  8179	-23.3674
  8180	-21.659
  8181	-31.3591
  8182	-23.3652
  8183	-22.9895
  8184	-25.8223
  8185	-15.0398
  8186	-13.5857
  8187	-17.0231
  8188	-14.6568
  8189	-15.1494
  8190	-19.458
  8191	-13.7749
  8192	-3.95526
  8193	-5.37406
  8194	-4.00182
  8195	0.901809
  8196	0.588546
  8197	7.22371
  8198	7.9825
  8199	6.1516
  8200	17.2129
  8201	16.9871
  8202	16.6775
  8203	19.5118
  8204	17.6551
  8205	19.6544
  8206	22.8985
  8207	20.4005
  8208	19.9665
  8209	23.8862
  8210	23.0235
  8211	14.9945
  8212	21.9323
  8213	22.7667
  8214	13.965
  8215	19.1963
  8216	13.5055
  8217	2.77572
  8218	12.1654
  8219	-2.32377
  8220	-6.65055
  8221	0.299127
  8222	-12.2645
  8223	-9.95079
  8224	-8.44345
  8225	-17.8043
  8226	-19.4303
  8227	-14.0882
  8228	-14.4131
  8229	-19.7184
  8230	-15.8979
  8231	-7.92904
  8232	-10.6273
  8233	-0.799241
  8234	2.59965
  8235	1.99578
  8236	5.00433
  8237	4.07275
  8238	3.75562
  8239	6.8438
  8240	11.1231
  8241	15.2786
  8242	10.5562
  8243	9.6704
  8244	7.93931
  8245	6.697
  8246	9.65541
  8247	5.81936
  8248	10.5069
  8249	6.43655
  8250	2.10495
  8251	5.68618
  8252	-5.24102
  8253	-5.94684
  8254	6.4439
  8255	-6.93904
  8256	-4.74835
  8257	2.70311
  8258	-6.18455
  8259	-1.7135
  8260	-0.857171
  8261	-3.246
  8262	-2.13395
  8263	-4.52677
  8264	4.73993
  8265	0.79033
  8266	-0.786656
  8267	4.33997
  8268	-10.9701
  8269	-6.24852
  8270	-1.68579
  8271	-3.03736
  8272	-3.63822
  8273	-2.01411
  8274	-3.22332
  8275	-1.43991
  8276	-2.88565
  8277	-3.81234
  8278	-4.64456
  8279	-5.19557
  8280	-2.21174
  8281	-4.94632
  8282	-8.88303
  8283	-7.17876
  8284	-8.44097
  8285	-16.7574
  8286	-16.4322
  8287	-16.2591
  8288	-20.8395
  8289	-13.8181
  8290	-9.44618
  8291	-23.583
  8292	-20.9016
  8293	-20.3187
  8294	-30.631
  8295	-31.0318
  8296	-25.9755
  8297	-29.2654
  8298	-26.2971
  8299	-25.1643
  8300	-30.7029
  8301	-36.3907
  8302	-36.1985
  8303	-34.1522
  8304	-36.9223
  8305	-33.6401
  8306	-36.6946
  8307	-41.2051
  8308	-36.0991
  8309	-33.812
  8310	-33.0931
  8311	-32.5551
  8312	-33.4057
  8313	-36.927
  8314	-34.9681
  8315	-31.6264
  8316	-33.2588
  8317	-38.6469
  8318	-28.8374
  8319	-24.0089
  8320	-29.6416
  8321	-27.8345
  8322	-24.2864
  8323	-26.4105
  8324	-20.9563
  8325	-20.0143
  8326	-24.3275
  8327	-21.7341
  8328	-18.9869
  8329	-21.0569
  8330	-27.2825
  8331	-26.7821
  8332	-19.9706
  8333	-22.556
  8334	-25.7257
  8335	-27.9218
  8336	-20.5155
  8337	-23.3575
  8338	-31.0597
  8339	-24.4385
  8340	-26.4035
  8341	-29.2004
  8342	-26.9278
  8343	-29.0433
  8344	-32.8119
  8345	-27.8847
  8346	-36.1764
  8347	-45.5177
  8348	-37.1267
  8349	-33.876
  8350	-41.8494
  8351	-35.33
  8352	-37.5982
  8353	-33.8152
  8354	-31.3779
  8355	-33.2055
  8356	-28.7969
  8357	-27.4021
  8358	-25.0421
  8359	-18.6321
  8360	-20.8874
  8361	-15.0429
  8362	-12.9803
  8363	-18.8836
  8364	-20.6534
  8365	-21.2115
  8366	-17.8414
  8367	-23.0866
  8368	-25.5778
  8369	-25.6591
  8370	-26.8312
  8371	-21.7794
  8372	-21.4045
  8373	-25.8597
  8374	-19.9608
  8375	-22.45
  8376	-19.6232
  8377	-18.6774
  8378	-21.3538
  8379	-13.6495
  8380	-18.1561
  8381	-19.6669
  8382	-18.0699
  8383	-24.4782
  8384	-22.4023
  8385	-17.3089
  8386	-17.8463
  8387	-21.501
  8388	-16.7932
  8389	-13.3453
  8390	-19.3361
  8391	-10.514
  8392	-9.14621
  8393	-7.05216
  8394	-1.34641
  8395	-2.61634
  8396	-1.25181
  8397	3.47584
  8398	-0.926144
  8399	1.88123
  8400	-1.66488
  8401	-6.38315
  8402	0.170127
  8403	-5.0382
  8404	-10.5972
  8405	-5.28242
  8406	-8.03429
  8407	-7.04773
  8408	-9.666
  8409	-12.5815
  8410	-6.52825
  8411	-8.47197
  8412	-4.67205
  8413	-4.71471
  8414	1.30601
  8415	-0.54547
  8416	0.271792
  8417	3.20673
  8418	1.08185
  8419	-0.871009
  8420	-2.6366
  8421	0.323667
  8422	-0.890698
  8423	-6.83157
  8424	-6.886
  8425	-12.1018
  8426	-12.5141
  8427	-9.55303
  8428	-13.3414
  8429	-10.6315
  8430	-4.96747
  8431	-8.67434
  8432	-18.1316
  8433	-16.3103
  8434	-13.1117
  8435	-22.4146
  8436	-27.6504
  8437	-21.2187
  8438	-27.6938
  8439	-33.5152
  8440	-37.4509
  8441	-36.8154
  8442	-40.174
  8443	-31.9794
  8444	-34.024
  8445	-44.7681
  8446	-44.8166
  8447	-35.5281
  8448	-36.6013
  8449	-35.9256
  8450	-26.5629
  8451	-31.6617
  8452	-33.2783
  8453	-26.3076
  8454	-28.3039
  8455	-34.9436
  8456	-26.778
  8457	-31.9126
  8458	-32.7404
  8459	-28.4622
  8460	-31.704
  8461	-33.7714
  8462	-30.7462
  8463	-35.6831
  8464	-38.614
  8465	-39.6146
  8466	-36.7909
  8467	-38.0763
  8468	-37.7059
  8469	-32.1459
  8470	-35.9894
  8471	-31.7161
  8472	-27.1222
  8473	-25.5482
  8474	-32.0321
  8475	-34.9694
  8476	-44.3244
  8477	-41.253
  8478	-40.7719
  8479	-41.2242
  8480	-44.9997
  8481	-43.5954
  8482	-43.0823
  8483	-48.9386
  8484	-38.771
  8485	-37.2774
  8486	-41.4508
  8487	-34.8716
  8488	-39.416
  8489	-37.3766
  8490	-32.5569
  8491	-29.8463
  8492	-28.9638
  8493	-33.1233
  8494	-23.4008
  8495	-22.2179
  8496	-28.4271
  8497	-26.9172
  8498	-23.9988
  8499	-17.5441
  8500	-15.8452
  8501	-9.37478
  8502	-8.34073
  8503	-12.4216
  8504	-5.11497
  8505	-11.2558
  8506	-9.43173
  8507	1.18298
  8508	-7.9758
  8509	-9.05496
  8510	-3.39314
  8511	-10.0344
  8512	-13.8733
  8513	-11.8403
  8514	-13.107
  8515	-9.53963
  8516	-11.3355
  8517	-15.7368
  8518	-11.8434
  8519	-10.9875
  8520	-11.6747
  8521	-10.686
  8522	-2.58237
  8523	-7.15898
  8524	-9.2102
  8525	-3.67606
  8526	-7.27913
  8527	-0.504837
  8528	7.12698
  8529	7.401
  8530	5.86476
  8531	6.61618
  8532	12.2405
  8533	3.61815
  8534	11.914
  8535	15.4285
  8536	8.67907
  8537	15.2506
  8538	9.08026
  8539	0.0657197
  8540	6.43821
  8541	1.07817
  8542	6.11336
  8543	10.2215
  8544	2.63648
  8545	-0.897734
  8546	-5.42165
  8547	-0.00727984
  8548	0.343649
  8549	-0.437828
  8550	-0.265101
  8551	-5.20919
  8552	-0.880252
  8553	-0.876774
  8554	-5.12839
  8555	-4.13932
  8556	-4.11469
  8557	1.62266
  8558	-0.106105
  8559	-3.54069
  8560	-4.62804
  8561	-6.54947
  8562	-4.09109
  8563	-10.4961
  8564	-3.64604
  8565	-1.3546
  8566	-11.7679
  8567	-0.0409061
  8568	1.42823
  8569	-6.42025
  8570	-1.01782
  8571	2.04068
  8572	8.05627
  8573	8.20795
  8574	7.9841
  8575	4.9943
  8576	0.920183
  8577	6.44613
  8578	7.0335
  8579	-2.26754
  8580	4.97039
  8581	7.24895
  8582	-3.60348
  8583	0.560907
  8584	1.81368
  8585	-3.27403
  8586	-2.64279
  8587	5.20866
  8588	1.34104
  8589	2.98968
  8590	2.40586
  8591	0.746362
  8592	2.49503
  8593	-0.571286
  8594	4.47614
  8595	1.56866
  8596	0.687033
  8597	8.88087
  8598	0.968841
  8599	-4.91386
  8600	0.498884
  8601	-8.91692
  8602	-7.2178
  8603	-5.07511
  8604	-7.41105
  8605	-8.0422
  8606	-5.7205
  8607	-4.20613
  8608	-6.22128
  8609	-2.34432
  8610	6.46747
  8611	-1.39848
  8612	5.6809
  8613	2.54498
  8614	-2.07063
  8615	-0.60742
  8616	0.294662
  8617	-3.90499
  8618	-7.79983
  8619	-4.23185
  8620	-3.98785
  8621	-12.631
  8622	-10.2427
  8623	-4.09306
  8624	-3.4119
  8625	-7.48988
  8626	-10.1646
  8627	-9.81448
  8628	-16.3334
  8629	-9.62284
  8630	-3.83252
  8631	-17.6545
  8632	-14.1806
  8633	-11.0474
  8634	-14.985
  8635	-8.49645
  8636	-7.41242
  8637	-5.84274
  8638	0.00411093
  8639	0.226315
  8640	2.18552
  8641	-1.27152
  8642	13.7674
  8643	15.9423
  8644	9.66144
  8645	19.3694
  8646	17.4909
  8647	11.8898
  8648	17.3305
  8649	16.2629
  8650	16.9191
  8651	15.5652
  8652	16.1416
  8653	12.7032
  8654	9.07889
  8655	12.2607
  8656	12.85
  8657	11.6285
  8658	9.00956
  8659	12.1835
  8660	11.3626
  8661	5.71617
  8662	4.35378
  8663	0.515838
  8664	-3.82009
  8665	1.45614
  8666	-0.852912
  8667	-7.35459
  8668	3.11556
  8669	-1.91672
  8670	-5.98019
  8671	-3.48957
  8672	-4.7788
  8673	-4.09696
  8674	3.2879
  8675	7.8284
  8676	1.37926
  8677	2.94546
  8678	6.97943
  8679	6.55905
  8680	12.661
  8681	17.5309
  8682	17.7373
  8683	23.3894
  8684	19.9622
  8685	14.4859
  8686	19.7595
  8687	14.8682
  8688	15.3958
  8689	17.6644
  8690	14.5345
  8691	12.5084
  8692	9.53359
  8693	6.84066
  8694	0.434467
  8695	6.85246
  8696	5.43678
  8697	7.49237
  8698	7.5993
  8699	-1.64331
  8700	3.97495
  8701	1.5253
  8702	-11.592
  8703	-3.69732
  8704	-1.50227
  8705	-7.42642
  8706	-3.6504
  8707	-6.73694
  8708	-6.57425
  8709	-8.33247
  8710	-12.5128
  8711	-11.3065
  8712	-5.33064
  8713	-2.54227
  8714	-3.98597
  8715	-2.49443
  8716	0.117614
  8717	-4.66525
  8718	1.1572
  8719	7.75596
  8720	6.56134
  8721	11.9415
  8722	14.056
  8723	11.1444
  8724	10.6374
  8725	9.95135
  8726	5.73617
  8727	4.68687
  8728	5.29906
  8729	4.47633
  8730	2.28831
  8731	2.65272
  8732	-0.213262
  8733	-1.19807
  8734	-6.61602
  8735	-3.3803
  8736	1.7107
  8737	-7.50069
  8738	-6.41203
  8739	0.0896339
  8740	-6.89505
  8741	-7.06474
  8742	-5.31072
  8743	-6.95794
  8744	-0.494862
  8745	-9.26853
  8746	-12.3461
  8747	-9.6572
  8748	-9.81743
  8749	-8.48455
  8750	-12.2522
  8751	-13.4543
  8752	-12.1162
  8753	-14.2468
  8754	-9.46328
  8755	-10.1797
  8756	-9.12523
  8757	-8.73422
  8758	-3.47005
  8759	-2.62734
  8760	-5.39034
  8761	1.06622
  8762	2.43899
  8763	1.03229
  8764	4.18347
  8765	3.35343
  8766	1.34621
  8767	4.55463
  8768	-1.46773
  8769	-2.65393
  8770	-2.44265
  8771	-0.323397
  8772	-1.62549
  8773	1.61157
  8774	11.3818
  8775	4.12572
  8776	10.8753
  8777	14.6889
  8778	10.0421
  8779	18.4137
  8780	16.2736
  8781	17.0796
  8782	22.1554
  8783	23.627
  8784	27.1791
  8785	21.5568
  8786	21.5632
  8787	20.9312
  8788	20.7247
  8789	17.3532
  8790	16.6129
  8791	12.1903
  8792	5.74201
  8793	4.61874
  8794	-0.288189
  8795	-4.70476
  8796	-1.25315
  8797	-6.45469
  8798	-6.73121
  8799	-4.83572
  8800	-9.57985
  8801	-10.1789
  8802	-9.47622
  8803	-5.10761
  8804	-7.0353
  8805	-9.66295
  8806	-6.32004
  8807	-13.9118
  8808	-8.62564
  8809	-5.00559
  8810	-12.4567
  8811	-14.8862
  8812	-8.1783
  8813	-10.3511
  8814	-8.90554
  8815	-9.62198
  8816	-10.38
  8817	-8.13695
  8818	-8.7749
  8819	-13.312
  8820	-10.2879
  8821	-12.0091
  8822	-8.53286
  8823	-7.84916
  8824	-8.16515
  8825	-6.49034
  8826	-8.71775
  8827	-10.6008
  8828	-11.1668
  8829	-13.2129
  8830	-15.3855
  8831	-7.65533
  8832	-6.04308
  8833	-13.6543
  8834	-9.0689
  8835	-2.2763
  8836	-8.17596
  8837	-9.45977
  8838	-7.18889
  8839	-5.92205
  8840	-11.5776
  8841	-5.25962
  8842	-1.82964
  8843	-10.3759
  8844	-5.09318
  8845	-6.83846
  8846	-9.19931
  8847	-8.68026
  8848	-6.6559
  8849	-6.15003
  8850	-10.66
  8851	-10.6804
  8852	-8.19382
  8853	-12.4996
  8854	-11.3883
  8855	-8.89016
  8856	-11.9937
  8857	-9.54705
  8858	-4.55193
  8859	-12.1659
  8860	-8.65001
  8861	-5.79605
  8862	-11.3398
  8863	-9.54726
  8864	-1.69093
  8865	-2.99035
  8866	-2.42629
  8867	5.17134
  8868	-2.27436
  8869	-3.31866
  8870	1.63151
  8871	0.652342
  8872	-0.397326
  8873	1.38655
  8874	3.12976
  8875	-0.198613
  8876	-5.95824
  8877	-1.79063
  8878	-1.71312
  8879	-7.14896
  8880	-6.84585
  8881	-8.96801
  8882	-8.84451
  8883	-9.05528
  8884	-10.4499
  8885	-6.99623
  8886	-5.6538
  8887	-2.96932
  8888	2.69531
  8889	2.53746
  8890	4.61881
  8891	5.7928
  8892	1.89828
  8893	6.27448
  8894	7.16765
  8895	5.5809
  8896	11.4953
  8897	9.84228
  8898	3.89798
  8899	2.21835
  8900	5.3013
  8901	3.31374
  8902	1.28461
  8903	5.01226
  8904	-1.07401
  8905	0.759101
  8906	5.45324
  8907	-1.11754
  8908	0.489928
  8909	3.51513
  8910	-4.52207
  8911	-12.5216
  8912	-11.0646
  8913	-9.0228
  8914	-20.4713
  8915	-16.3854
  8916	-13.2343
  8917	-22.3096
  8918	-13.215
  8919	-18.3356
  8920	-21.0218
  8921	-15.1126
  8922	-17.7532
  8923	-12.1078
  8924	-14.9642
  8925	-19.7268
  8926	-17.4976
  8927	-22.8471
  8928	-22.7615
  8929	-25.7817
  8930	-31.7892
  8931	-31.6361
  8932	-29.891
  8933	-36.0748
  8934	-31.3393
  8935	-30.7551
  8936	-32.5704
  8937	-32.6682
  8938	-28.9125
  8939	-31.8428
  8940	-35.4878
  8941	-26.6665
  8942	-23.4886
  8943	-27.1426
  8944	-24.7635
  8945	-22.9205
  8946	-23.3891
  8947	-18.5501
  8948	-15.3539
  8949	-15.975
  8950	-15.0706
  8951	-3.78184
  8952	-6.62164
  8953	-11.8466
  8954	-5.71223
  8955	-7.26467
  8956	-8.05109
  8957	-8.94952
  8958	-5.72629
  8959	-3.50004
  8960	-9.22802
  8961	-3.73838
  8962	-2.79283
  8963	-9.17696
  8964	-1.97578
  8965	-6.34905
  8966	-8.81655
  8967	-1.99679
  8968	-7.44815
  8969	-10.1405
  8970	-1.50988
  8971	-4.09408
  8972	-7.02482
  8973	-7.8938
  8974	-0.598795
  8975	-1.55789
  8976	-2.11828
  8977	2.80229
  8978	0.9656
  8979	0.772568
  8980	8.39288
  8981	3.62605
  8982	1.90788
  8983	4.79448
  8984	4.0334
  8985	1.41349
  8986	-0.672791
  8987	-2.82384
  8988	-8.24631
  8989	-10.5598
  8990	-6.32355
  8991	-12.0161
  8992	-14.6705
  8993	-11.2182
  8994	-7.3803
  8995	-15.4346
  8996	-20.4102
  8997	-19.1441
  8998	-25.1317
  8999	-26.2473
  9000	-21.137
  9001	-29.9993
  9002	-26.4123
  9003	-23.9067
  9004	-28.1964
  9005	-28.5385
  9006	-30.2433
  9007	-33.1595
  9008	-33.04
  9009	-32.8335
  9010	-28.844
  9011	-33.9766
  9012	-30.8827
  9013	-29.9234
  9014	-39.2326
  9015	-37.9068
  9016	-41.4152
  9017	-43.4109
  9018	-41.8158
  9019	-40.1006
  9020	-40.4496
  9021	-36.8925
  9022	-41.2216
  9023	-35.7562
  9024	-40.0263
  9025	-37.0221
  9026	-33.2288
  9027	-33.2034
  9028	-26.1554
  9029	-25.6317
  9030	-26.4678
  9031	-21.2331
  9032	-23.8403
  9033	-24.1649
  9034	-20.5663
  9035	-17.337
  9036	-10.3938
  9037	-12.861
  9038	-8.31839
  9039	-8.95239
  9040	-13.6176
  9041	-13.2923
  9042	-9.85115
  9043	-10.8846
  9044	-14.6626
  9045	-13.5
  9046	-13.5666
  9047	-16.6372
  9048	-11.1341
  9049	-16.4981
  9050	-14.9426
  9051	-4.83265
  9052	-5.96003
  9053	-7.42182
  9054	-4.52816
  9055	-1.39356
  9056	-0.0749297
  9057	1.1951
  9058	1.81384
  9059	5.66368
  9060	4.5664
  9061	7.77159
  9062	7.436
  9063	7.46964
  9064	6.32314
  9065	1.03852
  9066	3.26446
  9067	3.89804
  9068	-3.88837
  9069	-3.37816
  9070	-0.237508
  9071	-2.54975
  9072	-9.18888
  9073	-10.5063
  9074	-6.60959
  9075	-3.77913
  9076	-12.0223
  9077	-12.837
  9078	-12.7088
  9079	-17.3841
  9080	-15.3261
  9081	-19.4763
  9082	-20.7867
  9083	-19.9164
  9084	-19.0934
  9085	-20.7252
  9086	-16.5907
  9087	-19.4841
  9088	-20.8318
  9089	-17.2691
  9090	-20.8444
  9091	-19.7091
  9092	-17.247
  9093	-14.6759
  9094	-9.56613
  9095	-2.02796
  9096	-4.47987
  9097	-4.81202
  9098	-3.56838
  9099	-5.61228
  9100	-7.79367
  9101	-5.29006
  9102	-5.9729
  9103	-2.35413
  9104	0.101655
  9105	1.36514
  9106	5.0211
  9107	3.2462
  9108	-2.58036
  9109	5.33875
  9110	3.69834
  9111	0.319478
  9112	3.95586
  9113	6.318
  9114	-0.351597
  9115	10.1983
  9116	8.56646
  9117	-0.736623
  9118	6.60003
  9119	0.847904
  9120	1.94429
  9121	10.8714
  9122	7.69906
  9123	7.68552
  9124	10.195
  9125	7.79365
  9126	3.68085
  9127	1.19052
  9128	1.32469
  9129	0.163995
  9130	-1.45221
  9131	-5.52535
  9132	-3.79663
  9133	-3.39434
  9134	-11.1443
  9135	-13.0328
  9136	-8.40927
  9137	-14.7449
  9138	-14.8707
  9139	-14.4878
  9140	-18.8685
  9141	-20.0652
  9142	-22.8984
  9143	-23.1743
  9144	-21.2656
  9145	-17.8671
  9146	-17.6335
  9147	-13.5904
  9148	-10.245
  9149	-9.48958
  9150	-12.3404
  9151	-5.89373
  9152	-1.02594
  9153	0.106815
  9154	0.870592
  9155	3.08006
  9156	3.85939
  9157	-0.774429
  9158	0.9402
  9159	-0.686764
  9160	-1.40256
  9161	1.53109
  9162	-3.09306
  9163	-9.39715
  9164	-8.78701
  9165	-11.8109
  9166	-13.7107
  9167	-15.4115
  9168	-17.2303
  9169	-24.7797
  9170	-23.144
  9171	-25.7702
  9172	-23.2935
  9173	-21.8766
  9174	-21.5465
  9175	-21.2322
  9176	-15.0665
  9177	-22.9999
  9178	-22.4772
  9179	-13.1637
  9180	-20.7933
  9181	-18.9433
  9182	-11.1531
  9183	-16.1258
  9184	-24.4176
  9185	-20.8333
  9186	-21.5728
  9187	-28.1167
  9188	-30.9885
  9189	-30.879
  9190	-25.9057
  9191	-21.7194
  9192	-26.575
  9193	-24.4534
  9194	-22.2586
  9195	-19.8868
  9196	-20.7111
  9197	-20.5127
  9198	-8.9982
  9199	-14.9356
  9200	-12.0029
  9201	-8.02885
  9202	-16.3804
  9203	-11.247
  9204	-5.19767
  9205	-11.3534
  9206	-7.71138
  9207	-3.83057
  9208	-3.80152
  9209	-6.5094
  9210	-0.480614
  9211	-8.37
  9212	-14.0994
  9213	-6.24963
  9214	-8.7438
  9215	-9.02763
  9216	-6.76424
  9217	-8.81925
  9218	-5.0931
  9219	-2.783
  9220	-12.8677
  9221	-6.88655
  9222	-6.21749
  9223	-4.93216
  9224	2.13284
  9225	1.86421
  9226	1.68241
  9227	-1.11532
  9228	-1.89628
  9229	0.369011
  9230	-0.48277
  9231	-4.52385
  9232	-12.9984
  9233	-7.08056
  9234	-11.4639
  9235	-22.0106
  9236	-8.21834
  9237	-10.3144
  9238	-14.5641
  9239	-10.6178
  9240	-15.0689
  9241	-20.9146
  9242	-6.97801
  9243	-7.63482
  9244	-13.8234
  9245	-4.28647
  9246	-1.09773
  9247	-7.51418
  9248	-0.283848
  9249	1.68024
  9250	-7.27033
  9251	0.526467
  9252	7.0937
  9253	0.605126
  9254	-0.294602
  9255	-4.73881
  9256	-3.28431
  9257	-1.42302
  9258	-13.2509
  9259	-5.28902
  9260	-5.07696
  9261	-9.65341
  9262	-3.8316
  9263	-6.37209
  9264	-13.4903
  9265	-9.46146
  9266	-7.39727
  9267	-13.7499
  9268	-14.011
  9269	-11.2259
  9270	-21.015
  9271	-19.5106
  9272	-20.8466
  9273	-28.6034
  9274	-24.9914
  9275	-27.1767
  9276	-33.4112
  9277	-29.5233
  9278	-29.9688
  9279	-34.1705
  9280	-33.1958
  9281	-22.5992
  9282	-18.5297
  9283	-19.7689
  9284	-17.5322
  9285	-14.4805
  9286	-17.2302
  9287	-20.755
  9288	-13.0203
  9289	-14.4194
  9290	-17.3972
  9291	-11.4309
  9292	-17.3526
  9293	-26.4161
  9294	-15.2476
  9295	-14.5054
  9296	-22.1893
  9297	-16.9653
  9298	-10.0985
  9299	-10.8353
  9300	-3.99129
  9301	0.581462
  9302	8.59638
  9303	10.8314
  9304	9.09676
  9305	6.55968
  9306	6.66718
  9307	10.1717
  9308	5.60734
  9309	2.43203
  9310	4.36967
  9311	3.12635
  9312	-1.13486
  9313	1.87459
  9314	-2.48654
  9315	-3.54138
  9316	-2.20478
  9317	-2.82998
  9318	-14.7299
  9319	-15.2242
  9320	-9.02766
  9321	-9.67003
  9322	-14.4173
  9323	-9.40931
  9324	-14.3975
  9325	-20.0348
  9326	-6.06404
  9327	-2.36307
  9328	-3.82007
  9329	-3.72203
  9330	2.92824
  9331	2.17588
  9332	0.699086
  9333	2.77769
  9334	9.50392
  9335	7.94287
  9336	13.1175
  9337	9.88647
  9338	5.86094
  9339	11.454
  9340	10.4179
  9341	9.22942
  9342	16.3294
  9343	15.0465
  9344	15.4978
  9345	7.24426
  9346	12.2104
  9347	5.6543
  9348	1.71347
  9349	15.3306
  9350	6.39127
  9351	2.28473
  9352	5.12234
  9353	4.26934
  9354	-2.00706
  9355	-1.88013
  9356	1.70463
  9357	-3.39631
  9358	-2.54396
  9359	1.56994
  9360	-9.51614
  9361	-7.64704
  9362	-6.89737
  9363	-10.404
  9364	-7.83362
  9365	-9.36434
  9366	-7.84838
  9367	-6.35952
  9368	-8.6438
  9369	-10.0755
  9370	-17.1352
  9371	-14.7928
  9372	-9.57737
  9373	-5.33741
  9374	-3.37433
  9375	-8.1334
  9376	-0.876694
  9377	-0.507641
  9378	-3.20501
  9379	2.42498
  9380	2.1691
  9381	6.7489
  9382	14.2221
  9383	4.60305
  9384	3.48592
  9385	13.0788
  9386	4.02835
  9387	2.88278
  9388	5.20705
  9389	6.82059
  9390	2.75545
  9391	2.8522
  9392	-1.67353
  9393	-3.46214
  9394	-5.70004
  9395	-9.3661
  9396	-6.1289
  9397	0.47814
  9398	-9.22209
  9399	-5.11995
  9400	-7.35479
  9401	-16.1343
  9402	-12.548
  9403	-14.8342
  9404	-9.77185
  9405	-9.29286
  9406	-12.5053
  9407	-10.8613
  9408	-15.1392
  9409	-17.963
  9410	-14.4447
  9411	-15.6128
  9412	-14.7865
  9413	-24.5425
  9414	-21.2657
  9415	-17.1807
  9416	-23.5991
  9417	-17.6296
  9418	-15.4639
  9419	-24.1824
  9420	-16.905
  9421	-15.1596
  9422	-19.0266
  9423	-10.753
  9424	-12.4207
  9425	-2.5613
  9426	-8.54818
  9427	-14.0752
  9428	-8.22659
  9429	-4.60133
  9430	-11.168
  9431	-12.3451
  9432	-11.7844
  9433	-10.648
  9434	-8.56845
  9435	0.821542
  9436	-1.46498
  9437	-0.64821
  9438	7.15575
  9439	4.97387
  9440	3.66624
  9441	9.38302
  9442	11.8311
  9443	9.09133
  9444	12.8908
  9445	9.07253
  9446	7.96639
  9447	8.08252
  9448	12.7085
  9449	7.32991
  9450	11.7829
  9451	13.6619
  9452	7.23015
  9453	13.0712
  9454	14.0342
  9455	8.0773
  9456	10.3984
  9457	10.467
  9458	9.81946
  9459	0.983947
  9460	11.0727
  9461	15.4829
  9462	8.39822
  9463	18.1222
  9464	10.0393
  9465	7.36179
  9466	11.5985
  9467	8.33537
  9468	4.11808
  9469	5.68716
  9470	17.065
  9471	10.0843
  9472	6.21045
  9473	11.9573
  9474	7.01998
  9475	6.57871
  9476	7.31161
  9477	2.7859
  9478	7.78379
  9479	16.5637
  9480	15.4153
  9481	10.8392
  9482	15.8852
  9483	6.34779
  9484	7.79031
  9485	9.509
  9486	7.36514
  9487	7.60718
  9488	13.07
  9489	9.66385
  9490	1.30609
  9491	-2.05331
  9492	-11.3515
  9493	-13.5741
  9494	-14.7606
  9495	-14.7192
  9496	-16.2139
  9497	-21.9757
  9498	-27.3682
  9499	-23.0561
  9500	-33.2266
  9501	-32.2768
  9502	-23.6889
  9503	-21.3519
  9504	-20.5776
  9505	-16.1193
  9506	-18.5261
  9507	-18.8272
  9508	-3.64284
  9509	-9.16193
  9510	-14.7944
  9511	-0.242076
  9512	4.73163
  9513	2.23658
  9514	7.95964
  9515	7.1978
  9516	4.59653
  9517	1.37473
  9518	4.85334
  9519	3.80926
  9520	10.5395
  9521	8.00276
  9522	0.0235474
  9523	3.79048
  9524	-2.99302
  9525	-11.8199
  9526	-8.47254
  9527	-8.02701
  9528	-6.69849
  9529	-6.94419
  9530	-10.4463
  9531	-10.3106
  9532	-15.3945
  9533	-17.2063
  9534	-16.0211
  9535	-16.9557
  9536	-16.7135
  9537	-6.49452
  9538	-5.43894
  9539	-10.7357
  9540	-6.35055
  9541	-11.5064
  9542	-19.2017
  9543	-11.809
  9544	-11.4305
  9545	-16.9389
  9546	-3.68254
  9547	-7.24437
  9548	-16.3191
  9549	-16.7065
  9550	-20.2841
  9551	-21.4018
  9552	-17.7397
  9553	-13.9521
  9554	-10.5344
  9555	-11.1828
  9556	-15.1013
  9557	-17.1633
  9558	-16.3309
  9559	-19.6145
  9560	-23.6711
  9561	-14.8252
  9562	-13.8691
  9563	-11.3811
  9564	-10.4013
  9565	-15.9961
  9566	-14.5119
  9567	-16.5605
  9568	-17.4603
  9569	-12.381
  9570	-14.3354
  9571	-12.7006
  9572	-12.6271
  9573	-21.3004
  9574	-21.7353
  9575	-22.4529
  9576	-30.2439
  9577	-29.6397
  9578	-19.9082
  9579	-26.0897
  9580	-28.5049
  9581	-20.7013
  9582	-24.5528
  9583	-25.4277
  9584	-22.3118
  9585	-24.9207
  9586	-27.3085
  9587	-26.7113
  9588	-29.9044
  9589	-29.9538
  9590	-30.527
  9591	-32.306
  9592	-30.4804
  9593	-29.3189
  9594	-29.8926
  9595	-33.2284
  9596	-44.2999
  9597	-43.3772
  9598	-44.932
  9599	-46.5944
  9600	-47.1415
  9601	-47.3305
  9602	-51.5811
  9603	-45.6668
  9604	-47.9166
  9605	-53.0841
  9606	-44.0183
  9607	-49.8128
  9608	-56.0608
  9609	-47.3583
  9610	-49.1589
  9611	-57.0219
  9612	-55.7629
  9613	-55.449
  9614	-60.8335
  9615	-66.7725
  9616	-56.0119
  9617	-56.6812
  9618	-62.37
  9619	-58.2069
  9620	-52.5495
  9621	-53.8846
  9622	-48.4902
  9623	-45.8577
  9624	-45.813
  9625	-46.0157
  9626	-39.4609
  9627	-39.2133
  9628	-46.0512
  9629	-40.5524
  9630	-37.9964
  9631	-40.3808
  9632	-37.5029
  9633	-38.7892
  9634	-41.5072
  9635	-40.5672
  9636	-43.2378
  9637	-36.4476
  9638	-32.8059
  9639	-33.0283
  9640	-34.4695
  9641	-32.9582
  9642	-37.4212
  9643	-38.1381
  9644	-35.0477
  9645	-39.1395
  9646	-42.0289
  9647	-41.2043
  9648	-35.9653
  9649	-37.8361
  9650	-42.9186
  9651	-41.9001
  9652	-40.5448
  9653	-47.3848
  9654	-45.0862
  9655	-46.0242
  9656	-51.1372
  9657	-47.3866
  9658	-46.8562
  9659	-53.7541
  9660	-43.1736
  9661	-45.3957
  9662	-45.036
  9663	-41.6253
  9664	-39.6154
  9665	-37.6348
  9666	-31.7135
  9667	-29.3254
  9668	-24.0928
  9669	-22.0006
  9670	-26.5715
  9671	-30.2335
  9672	-34.373
  9673	-37.1906
  9674	-34.7536
  9675	-33.9356
  9676	-42.5418
  9677	-41.8919
  9678	-40.6979
  9679	-41.8446
  9680	-44.1756
  9681	-47.9137
  9682	-49.9065
  9683	-45.2805
  9684	-45.9625
  9685	-44.1001
  9686	-36.8963
  9687	-36.8579
  9688	-38.9624
  9689	-31.753
  9690	-33.9608
  9691	-37.9675
  9692	-37.4033
  9693	-42.2749
  9694	-46.8066
  9695	-44.1896
  9696	-44.396
  9697	-50.154
  9698	-53.2062
  9699	-50.3521
  9700	-54.8513
  9701	-51.5072
  9702	-55.2027
  9703	-54.6314
  9704	-55.9007
  9705	-53.8426
  9706	-49.1796
  9707	-49.0439
  9708	-49.0102
  9709	-47.4185
  9710	-46.1816
  9711	-52.4885
  9712	-50.4404
  9713	-44.4255
  9714	-42.9094
  9715	-45.9644
  9716	-43.5393
  9717	-40.1283
  9718	-37.4424
  9719	-37.1535
  9720	-34.7097
  9721	-37.0051
  9722	-35.9917
  9723	-35.1753
  9724	-33.5342
  9725	-39.1081
  9726	-40.8207
  9727	-31.346
  9728	-35.8711
  9729	-36.8408
  9730	-35.5261
  9731	-40.0993
  9732	-44.0058
  9733	-40.3227
  9734	-49.9949
  9735	-42.6562
  9736	-44.1681
  9737	-35.6284
  9738	-39.0883
  9739	-42.2173
  9740	-37.4699
  9741	-45.5036
  9742	-47.6803
  9743	-41.5285
  9744	-42.3235
  9745	-42.3255
  9746	-38.4724
  9747	-38.9446
  9748	-39.7437
  9749	-43.5225
  9750	-42.1686
  9751	-44.8469
  9752	-43.2749
  9753	-44.0435
  9754	-44.6085
  9755	-41.3715
  9756	-39.9345
  9757	-45.6501
  9758	-42.9607
  9759	-44.2429
  9760	-51.2124
  9761	-43.7728
  9762	-38.4599
  9763	-38.0242
  9764	-37.971
  9765	-32.1522
  9766	-38.9164
  9767	-37.4079
  9768	-37.8267
  9769	-41.7006
  9770	-30.1915
  9771	-23.2909
  9772	-31.2773
  9773	-25.7012
  9774	-22.1001
  9775	-22.8695
  9776	-21.067
  9777	-27.7299
  9778	-27.7083
  9779	-29.7359
  9780	-26.2808
  9781	-21.3858
  9782	-18.8643
  9783	-26.6782
  9784	-27.9033
  9785	-29.1412
  9786	-29.6888
  9787	-32.3292
  9788	-29.1145
  9789	-32.4569
  9790	-25.8925
  9791	-19.3101
  9792	-34.5468
  9793	-32.3572
  9794	-25.0286
  9795	-35.3407
  9796	-38.3977
  9797	-25.1129
  9798	-34.4958
  9799	-34.2814
  9800	-32.5749
  9801	-39.408
  9802	-39.5136
  9803	-33.3036
  9804	-41.595
  9805	-48.1243
  9806	-42.5299
  9807	-41.3591
  9808	-43.5893
  9809	-40.6409
  9810	-47.6228
  9811	-51.3693
  9812	-51.6895
  9813	-54.4544
  9814	-49.7195
  9815	-55.4487
  9816	-48.9551
  9817	-43.9478
  9818	-44.8893
  9819	-43.9527
  9820	-36.9116
  9821	-40.4038
  9822	-42.9019
  9823	-35.8582
  9824	-31.578
  9825	-32.7967
  9826	-20.8835
  9827	-27.3387
  9828	-37.7173
  9829	-24.6023
  9830	-28.2411
  9831	-39.0343
  9832	-30.473
  9833	-29.2473
  9834	-29.8533
  9835	-21.1467
  9836	-24.5759
  9837	-29.5602
  9838	-24.2319
  9839	-38.018
  9840	-44.2642
  9841	-36.9786
  9842	-46.0281
  9843	-44.3217
  9844	-40.4371
  9845	-43.8783
  9846	-46.5951
  9847	-43.0857
  9848	-46.058
  9849	-46.7419
  9850	-46.1148
  9851	-46.3115
  9852	-35.2194
  9853	-32.9704
  9854	-42.3316
  9855	-35.6964
  9856	-31.4606
  9857	-41.3407
  9858	-39.9665
  9859	-35.3661
  9860	-47.2212
  9861	-41.6732
  9862	-35.6734
  9863	-44.1277
  9864	-38.5633
  9865	-34.245
  9866	-43.2817
  9867	-39.8401
  9868	-34.8916
  9869	-37.3788
  9870	-31.4575
  9871	-31.5051
  9872	-33.1253
  9873	-28.8255
  9874	-27.17
  9875	-28.3639
  9876	-28.6813
  9877	-29.9897
  9878	-22.9465
  9879	-23.6233
  9880	-27.8654
  9881	-24.1879
  9882	-23.0284
  9883	-28.5573
  9884	-23.7641
  9885	-26.5651
  9886	-32.5757
  9887	-31.6717
  9888	-28.646
  9889	-32.5618
  9890	-34.3166
  9891	-27.3637
  9892	-28.7396
  9893	-34.5384
  9894	-30.7007
  9895	-23.3232
  9896	-27.4922
  9897	-28.5236
  9898	-20.1771
  9899	-22.6313
  9900	-30.8609
  9901	-24.1082
  9902	-19.2321
  9903	-30.1222
  9904	-27.8235
  9905	-22.0103
  9906	-29.6671
  9907	-29.059
  9908	-25.2255
  9909	-35.5111
  9910	-35.2666
  9911	-34.0537
  9912	-42.8039
  9913	-46.02
  9914	-46.5396
  9915	-50.1958
  9916	-46.6695
  9917	-43.8574
  9918	-46.0635
  9919	-45.2095
  9920	-47.9511
  9921	-42.9851
  9922	-39.0127
  9923	-41.6093
  9924	-35.2771
  9925	-29.3116
  9926	-32.6775
  9927	-28.4543
  9928	-29.2769
  9929	-37.7532
  9930	-36.8902
  9931	-33.368
  9932	-36.0271
  9933	-29.5636
  9934	-23.0522
  9935	-28.8149
  9936	-37.2609
  9937	-35.618
  9938	-41.3836
  9939	-45.6847
  9940	-42.3785
  9941	-44.7967
  9942	-39.4283
  9943	-37.6364
  9944	-43.8726
  9945	-41.0415
  9946	-37.885
  9947	-42.1314
  9948	-42.4094
  9949	-47.724
  9950	-43.3826
  9951	-36.1917
  9952	-38.2131
  9953	-35.8461
  9954	-35.614
  9955	-44.5646
  9956	-41.7438
  9957	-39.5713
  9958	-49.9611
  9959	-49.8596
  9960	-38.8474
  9961	-41.8689
  9962	-44.6984
  9963	-33.9416
  9964	-41.2084
  9965	-47.2816
  9966	-41.912
  9967	-40.5882
  9968	-40.8266
  9969	-39.2629
  9970	-42.6041
  9971	-34.6242
  9972	-29.894
  9973	-31.7613
  9974	-31.4151
  9975	-28.5427
  9976	-29.9082
  9977	-30.6063
  9978	-23.7546
  9979	-21.337
  9980	-24.7116
  9981	-22.3275
  9982	-24.4959
  9983	-26.743
  9984	-32.9969
  9985	-35.0906
  9986	-31.6659
  9987	-38.0834
  9988	-35.3611
  9989	-30.0074
  9990	-37.1818
  9991	-36.7847
  9992	-30.776
  9993	-40.942
  9994	-40.7054
  9995	-36.7538
  9996	-42.5256
  9997	-43.0495
  9998	-39.784
  9999	-40.8286
 10000	-38.0621
 10001	-41.6811
 10002	-40.3749
 10003	-42.9037
 10004	-37.1504
 10005	-35.3333
 10006	-36.4469
 10007	-36.2065
 10008	-36.3765
 10009	-39.4406
 10010	-44.4861
 10011	-42.617
 10012	-42.1153
 10013	-53.1615
 10014	-50.0316
 10015	-45.6101
 10016	-53.0451
 10017	-44.9804
 10018	-41.2489
 10019	-50.1541
 10020	-48.3524
 10021	-35.3188
 10022	-38.7552
 10023	-38.5482
 10024	-24.7618
 10025	-28.6062
 10026	-33.5303
 10027	-21.4343
 10028	-32.2505
 10029	-33.673
 10030	-25.2433
 10031	-29.5733
 10032	-33.9112
 10033	-29.7968
 10034	-26.8525
 10035	-30.4704
 10036	-33.2744
 10037	-24.4523
 10038	-21.3568
 10039	-34.5946
 10040	-29.8333
 10041	-18.0997
 10042	-21.9504
 10043	-19.7033
 10044	-11.2129
 10045	-17.8762
 10046	-18.9381
 10047	-8.0667
 10048	-13.4482
 10049	-24.0158
 10050	-11.3796
 10051	-7.89307
 10052	-23.7668
 10053	-22.0599
 10054	-17.5604
 10055	-25.4568
 10056	-24.6858
 10057	-17.5134
 10058	-27.0315
 10059	-26.3075
 10060	-19.9386
 10061	-22.3481
 10062	-30.348
 10063	-28.1936
 10064	-27.5452
 10065	-29.1639
 10066	-28.9669
 10067	-26.0459
 10068	-28.1652
 10069	-34.8662
 10070	-28.5253
 10071	-32.5923
 10072	-40.7756
 10073	-30.0781
 10074	-31.9751
 10075	-47.579
 10076	-33.2689
 10077	-33.1453
 10078	-43.8126
 10079	-40.3038
 10080	-43.8902
 10081	-47.8567
 10082	-47.8282
 10083	-44.6934
 10084	-42.6897
 10085	-50.0364
 10086	-44.2864
 10087	-44.3457
 10088	-51.6213
 10089	-51.3529
 10090	-52.1665
 10091	-52.6157
 10092	-54.9217
 10093	-53.3477
 10094	-45.2295
 10095	-50.5571
 10096	-41.3352
 10097	-38.2866
 10098	-41.6519
 10099	-32.1338
 10100	-24.2664
 10101	-32.6611
 10102	-30.9107
 10103	-23.6075
 10104	-23.4579
 10105	-19.3539
 10106	-13.2008
 10107	-16.8217
 10108	-13.2715
 10109	-10.8439
 10110	-13.3717
 10111	-17.8807
 10112	-18.3513
 10113	-13.9198
 10114	-19.4553
 10115	-21.7776
 10116	-27.3355
 10117	-31.6846
 10118	-33.5798
 10119	-29.9603
 10120	-37.2615
 10121	-41.1521
 10122	-33.6487
 10123	-39.5805
 10124	-38.8351
 10125	-30.5082
 10126	-37.7695
 10127	-44.3121
 10128	-38.9373
 10129	-45.4945
 10130	-53.8714
 10131	-49.7944
 10132	-53.1874
 10133	-55.2309
 10134	-40.8376
 10135	-45.5379
 10136	-52.9334
 10137	-49.7487
 10138	-48.8656
 10139	-52.7021
 10140	-46.563
 10141	-46.8869
 10142	-46.3754
 10143	-49.9252
 10144	-43.0259
 10145	-41.5103
 10146	-46.0371
 10147	-42.4739
 10148	-38.5818
 10149	-47.7247
 10150	-46.5366
 10151	-38.6802
 10152	-47.5816
 10153	-47.4484
 10154	-39.4251
 10155	-43.9592
 10156	-45.2525
 10157	-37.6947
 10158	-38.0699
 10159	-41.0232
 10160	-36.4233
 10161	-39.8889
 10162	-36.7585
 10163	-36.6049
 10164	-34.69
 10165	-29.8122
 10166	-33.2893
 10167	-38.6395
 10168	-37.7067
 10169	-37.0766
 10170	-40.0406
 10171	-35.7342
 10172	-39.7314
 10173	-45.2399
 10174	-35.794
 10175	-41.5048
 10176	-39.0795
 10177	-34.8558
 10178	-39.5965
 10179	-47.7577
 10180	-39.6854
 10181	-46.7359
 10182	-51.2459
 10183	-39.3197
 10184	-43.6934
 10185	-46.8875
 10186	-36.6242
 10187	-40.684
 10188	-43.0321
 10189	-38.4822
 10190	-46.4529
 10191	-47.1158
 10192	-46.9536
 10193	-45.3358
 10194	-47.0612
 10195	-48.3648
 10196	-43.7305
 10197	-43.3502
 10198	-52.146
 10199	-46.5251
 10200	-43.1449
 10201	-44.8734
 10202	-46.6846
 10203	-42.2879
 10204	-45.2564
 10205	-48.8173
 10206	-47.2917
 10207	-49.7612
 10208	-45.2745
 10209	-49.7346
 10210	-46.0535
 10211	-45.8565
 10212	-45.2493
 10213	-44.5505
 10214	-40.9149
 10215	-43.9655
 10216	-44.8639
 10217	-45.6255
 10218	-42.1157
 10219	-40.1607
 10220	-36.8038
 10221	-37.1836
 10222	-36.773
 10223	-41.6626
 10224	-41.1689
 10225	-40.7187
 10226	-38.5043
 10227	-43.1194
 10228	-41.9888
 10229	-39.8623
 10230	-48.0387
 10231	-37.3942
 10232	-35.3201
 10233	-44.7872
 10234	-39.4325
 10235	-39.6033
 10236	-45.512
 10237	-40.6917
 10238	-38.9206
 10239	-39.8658
 10240	-40.8708
 10241	-34.2405
 10242	-34.7391
 10243	-37.8666
 10244	-36.9181
 10245	-38.3367
 10246	-35.8372
 10247	-47.3699
 10248	-39.5916
 10249	-37.5587
 10250	-43.2126
 10251	-37.1316
 10252	-36.8536
 10253	-43.5702
 10254	-43.2521
 10255	-37.1828
 10256	-35.7755
 10257	-41.0249
 10258	-40.1992
 10259	-43.783
 10260	-42.9496
 10261	-39.965
 10262	-41.9457
 10263	-41.7951
 10264	-42.5154
 10265	-42.9736
 10266	-42.5035
 10267	-38.7413
 10268	-46.5075
 10269	-41.1312
 10270	-43.019
 10271	-43.4798
 10272	-47.4963
 10273	-42.1733
 10274	-43.4251
 10275	-50.2825
 10276	-50.3368
 10277	-44.8867
 10278	-51.695
 10279	-50.2044
 10280	-43.8359
 10281	-50.1258
 10282	-49.9144
 10283	-43.1229
 10284	-43.0101
 10285	-39.2789
 10286	-37.0013
 10287	-40.0577
 10288	-35.5157
 10289	-40.1877
 10290	-36.7825
 10291	-29.7928
 10292	-36.439
 10293	-36.5778
 10294	-32.2014
 10295	-36.356
 10296	-41.3164
 10297	-41.415
 10298	-44.4468
 10299	-43.3895
 10300	-45.2652
 10301	-47.1385
 10302	-51.6049
 10303	-50.6498
 10304	-53.5682
 10305	-54.4149
 10306	-58.3501
 10307	-60.9387
 10308	-55.1283
 10309	-50.581
 10310	-63.1729
 10311	-53.1952
 10312	-44.519
 10313	-51.6688
 10314	-44.9395
 10315	-45.1646
 10316	-48.1351
 10317	-40.9739
 10318	-41.6912
 10319	-48.5954
 10320	-41.8889
 10321	-41.6361
 10322	-40.3014
 10323	-40.0085
 10324	-41.344
 10325	-43.4346
 10326	-42.6353
 10327	-46.1239
 10328	-42.2245
 10329	-46.4395
 10330	-46.5645
 10331	-50.7852
 10332	-52.9854
 10333	-50.1694
 10334	-47.3779
 10335	-53.3613
 10336	-47.4359
 10337	-43.7415
 10338	-55.0488
 10339	-43.4091
 10340	-44.874
 10341	-51.0668
 10342	-44.745
 10343	-45.3756
 10344	-53.5454
 10345	-48.7246
 10346	-52.4777
 10347	-46.3797
 10348	-48.356
 10349	-45.9985
 10350	-42.4385
 10351	-44.1983
 10352	-39.6567
 10353	-45.9572
 10354	-41.0562
 10355	-42.6699
 10356	-46.6298
 10357	-40.1036
 10358	-45.7686
 10359	-51.0405
 10360	-39.1032
 10361	-49.6225
 10362	-53.1416
 10363	-49.4251
 10364	-57.5866
 10365	-54.4403
 10366	-47.3367
 10367	-55.2147
 10368	-49.9593
 10369	-47.9502
 10370	-53.932
 10371	-44.5808
 10372	-46.1329
 10373	-46.0329
 10374	-35.6266
 10375	-31.2052
 10376	-35.8099
 10377	-23.0245
 10378	-24.0474
 10379	-26.3137
 10380	-18.891
 10381	-23.9113
 10382	-21.7284
 10383	-15.3647
 10384	-26.0599
 10385	-23.7656
 10386	-13.6733
 10387	-22.6924
 10388	-21.0117
 10389	-19.3031
 10390	-29.1616
 10391	-32.0676
 10392	-19.8409
 10393	-33.1657
 10394	-38.534
 10395	-28.0625
 10396	-35.6815
 10397	-46.7028
 10398	-40.0897
 10399	-45.8726
 10400	-45.2774
 10401	-44.1097
 10402	-47.7342
 10403	-45.6958
 10404	-47.703
 10405	-44.627
 10406	-47.2456
 10407	-48.1815
 10408	-49.5003
 10409	-43.5839
 10410	-46.1651
 10411	-39.9644
 10412	-37.9721
 10413	-33.2555
 10414	-36.1561
 10415	-32.6387
 10416	-38.6766
 10417	-39.4471
 10418	-30.8503
 10419	-38.6926
 10420	-35.6156
 10421	-34.7445
 10422	-41.975
 10423	-39.8055
 10424	-40.3171
 10425	-43.1912
 10426	-41.0319
 10427	-48.091
 10428	-48.7707
 10429	-49.6111
 10430	-38.199
 10431	-37.6722
 10432	-45.108
 10433	-38.2342
 10434	-38.8489
 10435	-40.1531
 10436	-39.2806
 10437	-41.4292
 10438	-46.9124
 10439	-49.6329
 10440	-51.8093
 10441	-45.0627
 10442	-51.0082
 10443	-39.9977
 10444	-37.5712
 10445	-47.5751
 10446	-41.081
 10447	-33.7765
 10448	-46.8631
 10449	-38.4429
 10450	-40.5766
 10451	-45.6742
 10452	-41.2466
 10453	-40.3875
 10454	-36.0457
 10455	-39.1322
 10456	-38.0838
 10457	-42.6013
 10458	-50.4808
 10459	-45.4922
 10460	-42.2295
 10461	-39.3422
 10462	-36.7933
 10463	-41.1663
 10464	-39.2223
 10465	-33.015
 10466	-27.2256
 10467	-29.2092
 10468	-31.3392
 10469	-27.764
 10470	-35.0298
 10471	-36.6871
 10472	-23.3614
 10473	-22.2639
 10474	-37.364
 10475	-37.838
 10476	-34.3779
 10477	-44.1933
 10478	-39.3798
 10479	-31.5885
 10480	-44.8814
 10481	-38.2459
 10482	-31.5642
 10483	-39.4627
 10484	-33.4699
 10485	-25.2149
 10486	-31.6164
 10487	-29.3685
 10488	-33.8917
 10489	-31.3441
 10490	-23.6793
 10491	-25.5635
 10492	-20.9797
 10493	-24.2578
 10494	-29.1116
 10495	-31.2658
 10496	-35.6252
 10497	-36.4864
 10498	-30.9279
 10499	-25.9857
 10500	-31.4859
 10501	-33.1432
 10502	-19.2911
 10503	-20.738
 10504	-23.4759
 10505	-20.0181
 10506	-23.582
 10507	-21.7888
 10508	-18.8637
 10509	-24.3943
 10510	-19.9416
 10511	-20.7643
 10512	-32.5961
 10513	-35.4441
 10514	-40.8981
 10515	-45.4744
 10516	-35.2617
 10517	-33.3238
 10518	-44.1695
 10519	-41.0113
 10520	-39.8428
 10521	-49.2345
 10522	-39.8074
 10523	-36.0986
 10524	-44.6082
 10525	-44.382
 10526	-42.905
 10527	-41.1922
 10528	-32.715
 10529	-36.2396
 10530	-34.2567
 10531	-41.795
 10532	-42.7964
 10533	-33.5381
 10534	-36.384
 10535	-34.2699
 10536	-35.1254
 10537	-38.6149
 10538	-38.565
 10539	-34.3091
 10540	-28.103
 10541	-27.5256
 10542	-26.7413
 10543	-24.2897
 10544	-28.8334
 10545	-22.7757
 10546	-20.5933
 10547	-15.7747
 10548	-18.9303
 10549	-21.2934
 10550	-18.6856
 10551	-17.321
 10552	-17.002
 10553	-12.6834
 10554	-10.0727
 10555	-16.1785
 10556	-16.6297
 10557	-22.8308
 10558	-32.9744
 10559	-32.5852
 10560	-27.9808
 10561	-36.4088
 10562	-33.7457
 10563	-34.4617
 10564	-38.4041
 10565	-36.8184
 10566	-37.3816
 10567	-38.1288
 10568	-37.1434
 10569	-41.5834
 10570	-30.989
 10571	-34.8948
 10572	-42.7563
 10573	-36.2281
 10574	-37.1512
 10575	-45.5922
 10576	-47.4917
 10577	-43.3889
 10578	-44.5367
 10579	-42.6135
 10580	-45.4232
 10581	-44.9231
 10582	-42.3496
 10583	-43.142
 10584	-39.0533
 10585	-39.7363
 10586	-40.7209
 10587	-35.9707
 10588	-43.3361
 10589	-42.567
 10590	-34.8606
 10591	-41.5137
 10592	-47.1598
 10593	-43.5544
 10594	-49.1026
 10595	-50.4605
 10596	-45.1213
 10597	-47.76
 10598	-49.6928
 10599	-38.7471
 10600	-37.8434
 10601	-43.5442
 10602	-41.1889
 10603	-40.2569
 10604	-45.0895
 10605	-42.7044
 10606	-48.0915
 10607	-47.9524
 10608	-50.6054
 10609	-54.0157
 10610	-50.3324
 10611	-47.8947
 10612	-47.5102
 10613	-39.5469
 10614	-42.0936
 10615	-43.3859
 10616	-35.4182
 10617	-31.5046
 10618	-36.0896
 10619	-39.0392
 10620	-37.465
 10621	-35.3067
 10622	-36.9866
 10623	-40.5606
 10624	-32.0333
 10625	-38.9778
 10626	-43.1714
 10627	-36.505
 10628	-37.7331
 10629	-36.3775
 10630	-34.6441
 10631	-45.9608
 10632	-40.8794
 10633	-46.1794
 10634	-48.9209
 10635	-43.9475
 10636	-48.6381
 10637	-48.8518
 10638	-42.545
 10639	-48.7325
 10640	-47.0595
 10641	-45.199
 10642	-46.4996
 10643	-45.4067
 10644	-51.6559
 10645	-47.9196
 10646	-50.6551
 10647	-52.0118
 10648	-43.0391
 10649	-48.8012
 10650	-47.0576
 10651	-39.5391
 10652	-47.6789
 10653	-46.603
 10654	-38.686
 10655	-44.4046
 10656	-47.1051
 10657	-39.9978
 10658	-46.2958
 10659	-46.3365
 10660	-42.0429
 10661	-40.9811
 10662	-39.9468
 10663	-40.3825
 10664	-40.6091
 10665	-43.3605
 10666	-44.4204
 10667	-41.7541
 10668	-51.2087
 10669	-46.3816
 10670	-51.0005
 10671	-61.2896
 10672	-57.5992
 10673	-48.2326
 10674	-48.8991
 10675	-50.9924
 10676	-49.3876
 10677	-50.1849
 10678	-45.4246
 10679	-44.368
 10680	-44.5659
 10681	-52.0946
 10682	-52.6648
 10683	-46.772
 10684	-53.2203
 10685	-47.976
 10686	-43.0505
 10687	-52.0847
 10688	-50.822
 10689	-42.6835
 10690	-44.2815
 10691	-40.8181
 10692	-43.3736
 10693	-45.1171
 10694	-43.8865
 10695	-35.7653
 10696	-38.0103
 10697	-36.4044
 10698	-37.7945
 10699	-36.4198
 10700	-42.9306
 10701	-42.74
 10702	-36.2397
 10703	-40.6114
 10704	-45.1686
 10705	-44.6035
 10706	-51.1023
 10707	-48.9287
 10708	-51.158
 10709	-47.5553
 10710	-47.7108
 10711	-45.7717
 10712	-38.5992
 10713	-46.3722
 10714	-42.9735
 10715	-39.1266
 10716	-44.6074
 10717	-42.2492
 10718	-35.7657
 10719	-38.7213
 10720	-41.8154
 10721	-35.5152
 10722	-39.1128
 10723	-43.1253
 10724	-36.6063
 10725	-44.2147
 10726	-45.0577
 10727	-44.877
 10728	-44.8251
 10729	-41.1694
 10730	-39.176
 10731	-41.7672
 10732	-39.1448
 10733	-33.1874
 10734	-34.174
 10735	-34.9359
 10736	-33.1378
 10737	-36.1711
 10738	-42.553
 10739	-43.0348
 10740	-43.0001
 10741	-45.8101
 10742	-51.0171
 10743	-54.4452
 10744	-49.8181
 10745	-54.0477
 10746	-55.2913
 10747	-43.6826
 10748	-53.5052
 10749	-52.9172
 10750	-37.3056
 10751	-49.4955
 10752	-40.6293
 10753	-38.0921
 10754	-46.073
 10755	-45.3881
 10756	-45.642
 10757	-51.0364
 10758	-43.9779
 10759	-48.3078
 10760	-47.8724
 10761	-43.8646
 10762	-45.165
 10763	-45.9667
 10764	-36.3904
 10765	-40.6993
 10766	-36.8797
 10767	-29.5888
 10768	-32.4783
 10769	-32.2203
 10770	-27.5475
 10771	-32.3804
 10772	-39.2193
 10773	-35.1324
 10774	-34.6962
 10775	-33.4155
 10776	-43.4079
 10777	-38.038
 10778	-32.184
 10779	-35.2827
 10780	-39.7382
 10781	-34.0398
 10782	-32.5349
 10783	-39.7186
 10784	-34.3786
 10785	-37.638
 10786	-44.9914
 10787	-37.1496
 10788	-39.4599
 10789	-43.819
 10790	-38.2796
 10791	-40.0495
 10792	-35.6401
 10793	-37.8297
 10794	-36.4025
 10795	-31.5314
 10796	-38.207
 10797	-34.4062
 10798	-32.0004
 10799	-37.2328
 10800	-30.7515
 10801	-34.094
 10802	-39.9761
 10803	-30.7135
 10804	-30.1647
 10805	-35.712
 10806	-37.4972
 10807	-31.9448
 10808	-35.0488
 10809	-41.0534
 10810	-41.827
 10811	-40.7237
 10812	-45.404
 10813	-45.9713
 10814	-46.8758
 10815	-45.8548
 10816	-42.87
 10817	-49.6738
 10818	-48.545
 10819	-45.6294
 10820	-45.9343
 10821	-49.9831
 10822	-50.5129
 10823	-49.4973
 10824	-42.8344
 10825	-47.4945
 10826	-44.088
 10827	-36.7019
 10828	-37.794
 10829	-38.395
 10830	-33.9797
 10831	-37.4582
 10832	-32.6487
 10833	-40.46
 10834	-41.9095
 10835	-40.312
 10836	-43.2724
 10837	-43.2135
 10838	-43.5807
 10839	-45.0485
 10840	-45.4212
 10841	-40.7737
 10842	-46.4522
 10843	-46.416
 10844	-42.6754
 10845	-44.7949
 10846	-48.3056
 10847	-47.1158
 10848	-44.8935
 10849	-42.2753
 10850	-45.2566
 10851	-45.8246
 10852	-44.4962
 10853	-43.5976
 10854	-44.6003
 10855	-43.5063
 10856	-39.5947
 10857	-39.2261
 10858	-38.7171
 10859	-47.3581
 10860	-40.9517
 10861	-43.796
 10862	-47.9727
 10863	-50.0965
 10864	-41.2246
 10865	-43.3578
 10866	-45.2684
 10867	-35.8122
 10868	-34.064
 10869	-33.5777
 10870	-36.1575
 10871	-37.2394
 10872	-34.2624
 10873	-41.1864
 10874	-42.3173
 10875	-36.0412
 10876	-47.9943
 10877	-37.1971
 10878	-44.1216
 10879	-45.6381
 10880	-43.4792
 10881	-42.8658
 10882	-47.3918
 10883	-45.0733
 10884	-40.2347
 10885	-41.9443
 10886	-47.2042
 10887	-37.9898
 10888	-34.6542
 10889	-37.739
 10890	-28.8051
 10891	-28.8719
 10892	-29.5187
 10893	-31.1737
 10894	-31.0433
 10895	-31.9062
 10896	-32.4491
 10897	-31.8556
 10898	-34.1626
 10899	-39.9926
 10900	-37.0348
 10901	-42.3823
 10902	-50.2345
 10903	-46.7185
 10904	-46.2598
 10905	-48.2079
 10906	-51.7432
 10907	-51.9175
 10908	-56.0637
 10909	-50.9899
 10910	-51.902
 10911	-44.788
 10912	-45.6277
 10913	-49.0614
 10914	-42.961
 10915	-41.6439
 10916	-41.1908
 10917	-30.2334
 10918	-39.6041
 10919	-44.5678
 10920	-40.8674
 10921	-43.6086
 10922	-43.0093
 10923	-46.5971
 10924	-46.1041
 10925	-45.1284
 10926	-41.5611
 10927	-44.8645
 10928	-36.6018
 10929	-27.4706
 10930	-36.2756
 10931	-31.8597
 10932	-31.9883
 10933	-35.6613
 10934	-33.2979
 10935	-35.7559
 10936	-40.7148
 10937	-40.6523
 10938	-42.8825
 10939	-47.4169
 10940	-45.9591
 10941	-47.4828
 10942	-56.9536
 10943	-50.517
 10944	-56.6681
 10945	-57.4824
 10946	-46.9088
 10947	-51.2472
 10948	-50.6923
 10949	-41.7203
 10950	-49.8823
 10951	-45.1773
 10952	-44.8698
 10953	-54.328
 10954	-48.2086
 10955	-49.1953
 10956	-52.1761
 10957	-47.4789
 10958	-49.4657
 10959	-50.8984
 10960	-51.1051
 10961	-52.8717
 10962	-53.6564
 10963	-53.7822
 10964	-53.9026
 10965	-51.3103
 10966	-49.0676
 10967	-50.184
 10968	-45.0159
 10969	-48.0006
 10970	-49.8652
 10971	-43.7188
 10972	-45.9993
 10973	-47.6651
 10974	-41.5644
 10975	-44.5737
 10976	-43.8362
 10977	-36.6204
 10978	-39.7495
 10979	-41.9119
 10980	-42.631
 10981	-43.5161
 10982	-47.6386
 10983	-45.7653
 10984	-46.7879
 10985	-47.7956
 10986	-46.0856
 10987	-48.6571
 10988	-41.9838
 10989	-43.5301
 10990	-51.2265
 10991	-42.6647
 10992	-50.1327
 10993	-51.5557
 10994	-38.617
 10995	-49.1196
 10996	-44.6951
 10997	-39.0219
 10998	-46.8432
 10999	-47.8219
 11000	-42.5078
 11001	-44.3228
 11002	-47.1384
 11003	-41.5761
 11004	-41.8618
 11005	-41.6583
 11006	-41.0324
 11007	-45.4251
 11008	-39.9091
 11009	-43.7494
 11010	-50.7227
 11011	-44.5108
 11012	-46.9466
 11013	-44.7791
 11014	-43.3086
 11015	-44.3829
 11016	-44.2625
 11017	-42.9666
 11018	-45.4338
 11019	-44.9141
 11020	-45.4736
 11021	-47.5362
 11022	-52.882
 11023	-51.9575
 11024	-46.1435
 11025	-49.4257
 11026	-50.4885
 11027	-53.9263
 11028	-46.5547
 11029	-50.5143
 11030	-53.834
 11031	-48.6475
 11032	-49.5853
 11033	-47.9454
 11034	-41.044
 11035	-46.3993
 11036	-37.5234
 11037	-45.7875
 11038	-44.3046
 11039	-38.7657
 11040	-42.1892
 11041	-40.7573
 11042	-42.2142
 11043	-45.2466
 11044	-41.0766
 11045	-42.6271
 11046	-40.9605
 11047	-45.2193
 11048	-44.6435
 11049	-44.3895
 11050	-47.5435
 11051	-42.1539
 11052	-46.6749
 11053	-47.1513
 11054	-41.9526
 11055	-48.2531
 11056	-43.3505
 11057	-48.0319
 11058	-49.5174
 11059	-49.0205
 11060	-44.405
 11061	-46.5007
 11062	-42.97
 11063	-40.1606
 11064	-41.0458
 11065	-43.4123
 11066	-39.0684
 11067	-43.7445
 11068	-40.4209
 11069	-41.4616
 11070	-40.1717
 11071	-38.7627
 11072	-45.4129
 11073	-45.4064
 11074	-44.3375
 11075	-51.4201
 11076	-48.7131
 11077	-49.7622
 11078	-53.5861
 11079	-49.2679
 11080	-55.1546
 11081	-53.7215
 11082	-53.0818
 11083	-54.2578
 11084	-52.5369
 11085	-50.7435
 11086	-49.0926
 11087	-44.9354
 11088	-45.4619
 11089	-39.3869
 11090	-37.3517
 11091	-39.0145
 11092	-42.5218
 11093	-45.0284
 11094	-43.3596
 11095	-43.8848
 11096	-44.3168
 11097	-50.3035
 11098	-49.9261
 11099	-49.3509
 11100	-56.9244
 11101	-48.3767
 11102	-48.7654
 11103	-57.0079
 11104	-54.6652
 11105	-52.9491
 11106	-56.0089
 11107	-60.0318
 11108	-55.1219
 11109	-61.3321
 11110	-55.5445
 11111	-56.2395
 11112	-59.2281
 11113	-57.3556
 11114	-51.2464
 11115	-54.312
 11116	-57.0669
 11117	-55.3444
 11118	-49.8182
 11119	-48.6318
 11120	-43.0349
 11121	-39.3516
 11122	-40.779
 11123	-43.3914
 11124	-38.2391
 11125	-39.4531
 11126	-40.3797
 11127	-35.2736
 11128	-40.1928
 11129	-41.196
 11130	-36.0171
 11131	-32.9823
 11132	-36.7113
 11133	-37.6363
 11134	-43.808
 11135	-44.4801
 11136	-47.9912
 11137	-43.7835
 11138	-51.9184
 11139	-54.4765
 11140	-52.3021
 11141	-55.6111
 11142	-55.1493
 11143	-43.4465
 11144	-45.2177
 11145	-42.3126
 11146	-39.4679
 11147	-38.682
 11148	-37.4039
 11149	-34.536
 11150	-33.2127
 11151	-43.1366
 11152	-40.1132
 11153	-31.9601
 11154	-38.2459
 11155	-38.3207
 11156	-37.4758
 11157	-42.7474
 11158	-41.8652
 11159	-44.4615
 11160	-45.6968
 11161	-45.7979
 11162	-44.6047
 11163	-47.6267
 11164	-45.2527
 11165	-45.8422
 11166	-45.3902
 11167	-48.7488
 11168	-44.4551
 11169	-39.9413
 11170	-42.0221
 11171	-44.1676
 11172	-39.4463
 11173	-39.7098
 11174	-39.8091
 11175	-32.4078
 11176	-41.7182
 11177	-41.6149
 11178	-36.1725
 11179	-39.3867
 11180	-42.007
 11181	-40.1148
 11182	-40.9174
 11183	-40.4967
 11184	-39.7628
 11185	-37.7651
 11186	-42.3084
 11187	-40.9662
 11188	-40.2722
 11189	-44.5063
 11190	-43.3503
 11191	-41.7193
 11192	-47.3244
 11193	-42.2608
 11194	-40.0892
 11195	-39.6108
 11196	-38.7045
 11197	-41.3204
 11198	-39.9128
 11199	-33.3113
 11200	-32.2859
 11201	-40.6069
 11202	-39.4793
 11203	-33.0537
 11204	-35.017
 11205	-35.9747
 11206	-42.5879
 11207	-38.4577
 11208	-44.8284
 11209	-46.7946
 11210	-33.6019
 11211	-38.9373
 11212	-44.0157
 11213	-37.5604
 11214	-46.2075
 11215	-40.8029
 11216	-40.0078
 11217	-42.2479
 11218	-43.4623
 11219	-42.0839
 11220	-43.9505
 11221	-44.1233
 11222	-36.6932
 11223	-33.1275
 11224	-38.3563
 11225	-37.0468
 11226	-40.1695
 11227	-43.7788
 11228	-43.3007
 11229	-48.7571
 11230	-42.4631
 11231	-52.7472
 11232	-54.7587
 11233	-50.1928
 11234	-49.9459
 11235	-48.3409
 11236	-44.6548
 11237	-46.5814
 11238	-42.9238
 11239	-48.0226
 11240	-44.1668
 11241	-42.8066
 11242	-43.7251
 11243	-42.501
 11244	-46.3553
 11245	-47.0591
 11246	-44.6175
 11247	-45.3111
 11248	-44.5572
 11249	-35.1214
 11250	-39.5606
 11251	-41.0734
 11252	-35.4617
 11253	-38.7177
 11254	-45.7461
 11255	-40.7424
 11256	-49.1982
 11257	-47.7921
 11258	-42.2966
 11259	-44.9844
 11260	-41.9644
 11261	-40.3494
 11262	-47.9901
 11263	-45.0306
 11264	-46.9106
 11265	-46.5882
 11266	-44.5924
 11267	-46.4255
 11268	-47.7714
 11269	-54.8334
 11270	-46.6873
 11271	-40.5597
 11272	-41.6309
 11273	-39.0549
 11274	-37.5237
 11275	-37.7178
 11276	-43.8569
 11277	-41.6757
 11278	-32.6044
 11279	-38.0216
 11280	-40.6444
 11281	-42.2249
 11282	-48.661
 11283	-43.8708
 11284	-37.6651
 11285	-47.1031
 11286	-40.0526
 11287	-37.9664
 11288	-43.9784
 11289	-35.7606
 11290	-32.9406
 11291	-35.8766
 11292	-39.1731
 11293	-42.3781
 11294	-41.8481
 11295	-35.974
 11296	-39.4689
 11297	-44.8995
 11298	-49.9238
 11299	-47.9219
 11300	-48.122
 11301	-49.292
 11302	-51.1361
 11303	-50.9691
 11304	-54.7627
 11305	-55.2466
 11306	-52.2356
 11307	-45.1824
 11308	-46.2333
 11309	-43.6475
 11310	-42.4477
 11311	-41.5124
 11312	-43.4776
 11313	-41.0405
 11314	-44.1756
 11315	-40.6237
 11316	-42.0248
 11317	-45.5509
 11318	-45.1841
 11319	-47.1295
 11320	-45.7823
 11321	-42.7115
 11322	-49.646
 11323	-44.8716
 11324	-40.7589
 11325	-34.8382
 11326	-32.5606
 11327	-34.9156
 11328	-38.5147
 11329	-28.683
 11330	-25.4859
 11331	-30.8699
 11332	-21.8078
 11333	-21.1522
 11334	-19.9163
 11335	-14.8195
 11336	-16.3547
 11337	-14.6672
 11338	-11.2862
 11339	-7.03164
 11340	-6.37637
 11341	-14.1949
 11342	-11.743
 11343	-14.2855
 11344	-9.18544
 11345	-12.0835
 11346	-15.2629
 11347	-15.228
 11348	-17.453
 11349	-14.5556
 11350	-17.9266
 11351	-19.2807
 11352	-14.7941
 11353	-20.0173
 11354	-27.7634
 11355	-26.7216
 11356	-30.9321
 11357	-35.9003
 11358	-38.6048
 11359	-38.3766
 11360	-44.8747
 11361	-46.83
 11362	-49.5041
 11363	-56.5705
 11364	-56.33
 11365	-55.2551
 11366	-55.9045
 11367	-52.3032
 11368	-49.1207
 11369	-50.695
 11370	-45.3525
 11371	-46.6494
 11372	-45.9776
 11373	-50.2608
 11374	-47.2615
 11375	-52.3801
 11376	-49.5265
 11377	-53.9891
 11378	-51.2641
 11379	-54.3478
 11380	-49.742
 11381	-51.3243
 11382	-43.8614
 11383	-46.6827
 11384	-49.1848
 11385	-50.7825
 11386	-49.23
 11387	-49.0484
 11388	-54.3713
 11389	-48.4439
 11390	-47.6091
 11391	-45.632
 11392	-51.3726
 11393	-43.2263
 11394	-44.9649
 11395	-46.4568
 11396	-42.913
 11397	-38.8844
 11398	-43.269
 11399	-38.9416
 11400	-39.4311
 11401	-41.7045
 11402	-41.2992
 11403	-40.6518
 11404	-45.7917
 11405	-47.3655
 11406	-40.7024
 11407	-47.1764
 11408	-47.222
 11409	-45.6103
 11410	-46.799
 11411	-50.8722
 11412	-42.7721
 11413	-45.9895
 11414	-46.6982
 11415	-40.9812
 11416	-46.1749
 11417	-46.2006
 11418	-41.7712
 11419	-47.4088
 11420	-47.0264
 11421	-51.9621
 11422	-55.1792
 11423	-49.9509
 11424	-51.3346
 11425	-48.3731
 11426	-51.0473
 11427	-50.5604
 11428	-47.1352
 11429	-49.7246
 11430	-49.9912
 11431	-42.5664
 11432	-42.9445
 11433	-47.8341
 11434	-44.1963
 11435	-45.6606
 11436	-46.22
 11437	-43.7424
 11438	-40.4945
 11439	-41.3462
 11440	-36.4575
 11441	-39.3379
 11442	-42.2454
 11443	-39.3695
 11444	-36.2781
 11445	-43.1991
 11446	-37.4956
 11447	-39.8442
 11448	-36.9651
 11449	-34.909
 11450	-38.6836
 11451	-40.9814
 11452	-41.1
 11453	-41.9977
 11454	-46.1769
 11455	-46.0604
 11456	-41.1997
 11457	-45.5748
 11458	-48.6116
 11459	-47.7785
 11460	-50.6864
 11461	-52.8283
 11462	-49.8011
 11463	-48.4034
 11464	-55.9389
 11465	-54.7749
 11466	-49.5853
 11467	-53.1749
 11468	-50.2454
 11469	-46.6774
 11470	-49.0193
 11471	-52.1473
 11472	-46.4042
 11473	-44.7153
 11474	-42.1845
 11475	-44.268
 11476	-49.9663
 11477	-47.8423
 11478	-43.8097
 11479	-45.2924
 11480	-46.4741
 11481	-39.0454
 11482	-38.252
 11483	-36.6445
 11484	-35.6685
 11485	-37.7885
 11486	-25.277
 11487	-27.2583
 11488	-34.7187
 11489	-30.465
 11490	-30.2699
 11491	-30.6379
 11492	-32.4252
 11493	-30.8682
 11494	-33.9039
 11495	-41.8449
 11496	-45.9852
 11497	-46.4787
 11498	-48.9806
 11499	-42.9446
 11500	-48.0729
 11501	-44.4157
 11502	-36.2893
 11503	-34.6903
 11504	-39.967
 11505	-34.594
 11506	-35.8631
 11507	-43.0049
 11508	-42.2879
 11509	-47.9063
 11510	-46.1828
 11511	-44.1137
 11512	-49.0372
 11513	-44.827
 11514	-46.3554
 11515	-49.3563
 11516	-39.138
 11517	-48.2922
 11518	-44.1518
 11519	-41.1967
 11520	-46.3782
 11521	-40.828
 11522	-36.7018
 11523	-34.7363
 11524	-33.3769
 11525	-37.1151
 11526	-37.2082
 11527	-35.0542
 11528	-32.8213
 11529	-38.6626
 11530	-42.011
 11531	-43.9346
 11532	-47.1967
 11533	-44.9308
 11534	-47.6333
 11535	-49.6619
 11536	-48.397
 11537	-46.5384
 11538	-44.6864
 11539	-45.4459
 11540	-48.9293
 11541	-40.5001
 11542	-42.2336
 11543	-46.7933
 11544	-33.8395
 11545	-40.9253
 11546	-44.6701
 11547	-32.1306
 11548	-42.4809
 11549	-44.0348
 11550	-42.108
 11551	-45.7334
 11552	-42.9718
 11553	-36.8733
 11554	-39.8142
 11555	-49.5705
 11556	-40.4816
 11557	-44.8982
 11558	-43.1408
 11559	-41.6716
 11560	-50.9183
 11561	-36.1191
 11562	-36.8535
 11563	-39.3232
 11564	-32.6338
 11565	-40.2236
 11566	-41.4407
 11567	-35.5459
 11568	-43.9531
 11569	-37.2519
 11570	-39.152
 11571	-45.9019
 11572	-40.5348
 11573	-33.7277
 11574	-41.4289
 11575	-35.5375
 11576	-36.1771
 11577	-44.3458
 11578	-40.3281
 11579	-38.7892
 11580	-46.0498
 11581	-35.0391
 11582	-31.9177
 11583	-39.4812
 11584	-33.7374
 11585	-31.0861
 11586	-34.5723
 11587	-24.8782
 11588	-25.0832
 11589	-30.0274
 11590	-31.783
 11591	-36.6952
 11592	-29.716
 11593	-35.7625
 11594	-42.3524
 11595	-34.9494
 11596	-43.1442
 11597	-48.9864
 11598	-42.8676
 11599	-48.3317
 11600	-44.2329
 11601	-36.8263
 11602	-43.4705
 11603	-47.9554
 11604	-39.8535
 11605	-49.094
 11606	-51.9478
 11607	-39.887
 11608	-49.0506
 11609	-51.299
 11610	-44.0032
 11611	-48.4069
 11612	-41.2839
 11613	-37.8927
 11614	-45.2874
 11615	-44.7637
 11616	-40.9514
 11617	-40.959
 11618	-39.8243
 11619	-40.3652
 11620	-40.9936
 11621	-39.0054
 11622	-40.3075
 11623	-40.2578
 11624	-36.2407
 11625	-36.2357
 11626	-45.3852
 11627	-40.5107
 11628	-44.6876
 11629	-47.1815
 11630	-29.2272
 11631	-41.1841
 11632	-45.0965
 11633	-38.7501
 11634	-47.3921
 11635	-46.0778
 11636	-46.5397
 11637	-42.7877
 11638	-40.3353
 11639	-43.2921
 11640	-42.7217
 11641	-46.169
 11642	-41.5938
 11643	-43.2084
 11644	-54.7009
 11645	-53.0027
 11646	-59.3188
 11647	-53.869
 11648	-43.3133
 11649	-52.0303
 11650	-46.371
 11651	-44.0511
 11652	-48.3986
 11653	-41.1179
 11654	-41.8452
 11655	-39.4378
 11656	-39.9265
 11657	-40.9112
 11658	-35.7734
 11659	-29.7792
 11660	-27.5391
 11661	-24.6963
 11662	-19.2225
 11663	-23.4241
 11664	-26.4415
 11665	-17.2726
 11666	-20.8998
 11667	-24.129
 11668	-12.8572
 11669	-19.4571
 11670	-25.2222
 11671	-22.1885
 11672	-25.3673
 11673	-23.7005
 11674	-19.6917
 11675	-21.3283
 11676	-19.9085
 11677	-16.9168
 11678	-15.5528
 11679	-23.1383
 11680	-17.6087
 11681	-16.4273
 11682	-22.574
 11683	-26.2679
 11684	-24.0299
 11685	-26.6373
 11686	-27.7522
 11687	-29.9789
 11688	-25.9138
 11689	-33.2379
 11690	-39.4409
 11691	-42.0317
 11692	-47.1451
 11693	-46.0743
 11694	-48.1988
 11695	-51.4351
 11696	-53.0084
 11697	-47.478
 11698	-45.042
 11699	-49.299
 11700	-41.8202
 11701	-36.0644
 11702	-38.6506
 11703	-37.619
 11704	-36.6866
 11705	-37.8847
 11706	-37.5294
 11707	-38.4937
 11708	-42.9404
 11709	-52.1124
 11710	-45.6011
 11711	-43.5149
 11712	-54.177
 11713	-49.8836
 11714	-46.0648
 11715	-45.5817
 11716	-40.4617
 11717	-32.824
 11718	-34.7693
 11719	-40.9542
 11720	-44.168
 11721	-41.0105
 11722	-39.1323
 11723	-34.0514
 11724	-33.799
 11725	-37.2271
 11726	-37.8284
 11727	-41.1046
 11728	-47.0651
 11729	-42.78
 11730	-45.1965
 11731	-43.1325
 11732	-44.5441
 11733	-37.3554
 11734	-36.8083
 11735	-34.3593
 11736	-29.2057
 11737	-32.9932
 11738	-38.1539
 11739	-33.7565
 11740	-36.2683
 11741	-41.6504
 11742	-37.5725
 11743	-34.6331
 11744	-38.1821
 11745	-34.5718
 11746	-30.5522
 11747	-35.9796
 11748	-34.3146
 11749	-32.0244
 11750	-33.2018
 11751	-39.5463
 11752	-40.0219
 11753	-47.1704
 11754	-48.909
 11755	-47.5571
 11756	-49.507
 11757	-47.8589
 11758	-49.2404
 11759	-46.3595
 11760	-46.4647
 11761	-45.6659
 11762	-44.1979
 11763	-46.4268
 11764	-45.0398
 11765	-32.3959
 11766	-35.4358
 11767	-28.4667
 11768	-31.7085
 11769	-32.8768
 11770	-26.3088
 11771	-26.9049
 11772	-28.6767
 11773	-27.2822
 11774	-19.3199
 11775	-10.637
 11776	-14.6924
 11777	-8.8965
 11778	-4.79342
 11779	-10.7798
 11780	-5.51452
 11781	-1.99215
 11782	-4.43894
 11783	-2.33843
 11784	6.70678
 11785	4.6695
 11786	0.300538
 11787	4.24024
 11788	1.68685
 11789	-2.63561
 11790	5.50409
 11791	6.89825
 11792	2.95267
 11793	6.15843
 11794	6.10116
 11795	2.30209
 11796	1.11904
 11797	4.14531
 11798	2.09215
 11799	-0.769629
 11800	3.91332
 11801	-2.06351
 11802	-3.55738
 11803	1.4442
 11804	-5.11856
 11805	-1.91562
 11806	-4.52628
 11807	-9.03335
 11808	-8.64645
 11809	-4.91528
 11810	-4.26426
 11811	-6.79462
 11812	1.26269
 11813	-3.59938
 11814	-0.476469
 11815	-2.03694
 11816	-13.0958
 11817	-8.84784
 11818	-6.60381
 11819	-12.0775
 11820	-3.65004
 11821	-11.2186
 11822	-13.6768
 11823	-11.3019
 11824	-12.246
 11825	-16.7827
 11826	-16.1904
 11827	-8.25224
 11828	-16.9324
 11829	-19.4423
 11830	-13.0535
 11831	-19.5482
 11832	-21.9579
 11833	-19.9812
 11834	-22.898
 11835	-23.6586
 11836	-20.4447
 11837	-19.1396
 11838	-27.0872
 11839	-23.2861
 11840	-24.9195
 11841	-28.5874
 11842	-30.4832
 11843	-30.4302
 11844	-29.2641
 11845	-32.2607
 11846	-36.0598
 11847	-34.4977
 11848	-41.8843
 11849	-42.3979
 11850	-38.4048
 11851	-48.1541
 11852	-49.1008
 11853	-40.6461
 11854	-44.1292
 11855	-40.902
 11856	-34.1574
 11857	-40.7202
 11858	-39.9808
 11859	-35.3288
 11860	-48.2768
 11861	-48.3193
 11862	-41.5264
 11863	-43.8784
 11864	-39.1489
 11865	-34.4852
 11866	-32.5119
 11867	-31.2885
 11868	-23.7865
 11869	-19.2873
 11870	-26.5058
 11871	-17.731
 11872	-10.5908
 11873	-16.4034
 11874	-13.2679
 11875	-7.11081
 11876	-8.38904
 11877	-6.10053
 11878	-6.38361
 11879	-2.77172
 11880	0.377427
 11881	0.184257
 11882	4.22192
 11883	11.0263
 11884	9.14514
 11885	16.8549
 11886	16.8133
 11887	8.91853
 11888	15.1271
 11889	13.701
 11890	13.0646
 11891	12.3235
 11892	13.2898
 11893	15.4093
 11894	18.4997
 11895	21.6175
 11896	18.4735
 11897	19.99
 11898	17.0391
 11899	18.7018
 11900	17.6322
 11901	21.1181
 11902	22.2663
 11903	24.6826
 11904	29.9686
 11905	13.9937
 11906	10.7391
 11907	17.2602
 11908	16.1059
 11909	17.5308
 11910	12.2395
 11911	10.7089
 11912	20.031
 11913	18.1292
 11914	6.27963
 11915	9.03392
 11916	13.3927
 11917	8.89492
 11918	15.6391
 11919	8.85901
 11920	1.40039
 11921	12.1088
 11922	10.8348
 11923	4.16206
 11924	3.03375
 11925	4.03942
 11926	14.1173
 11927	14.9301
 11928	11.6519
 11929	12.1894
 11930	16.0919
 11931	20.3552
 11932	17.7647
 11933	25.4687
 11934	27.5395
 11935	26.847
 11936	37.5926
 11937	38.2992
 11938	32.6531
 11939	33.7731
 11940	41.0611
 11941	42.0945
 11942	40.1854
 11943	45.1655
 11944	45.415
 11945	48.4119
 11946	51.6542
 11947	40.5673
 11948	36.3535
 11949	45.0542
 11950	46.3438
 11951	41.3927
 11952	36.6098
 11953	36.3991
 11954	31.2982
 11955	23.4171
 11956	21.1179
 11957	13.2923
 11958	15.4583
 11959	23.9282
 11960	16.8848
 11961	14.4117
 11962	15.4777
 11963	17.7063
 11964	17.9685
 11965	15.1241
 11966	24.8354
 11967	19.1708
 11968	17.8429
 11969	26.5983
 11970	21.5131
 11971	15.8485
 11972	24.8592
 11973	30.0979
 11974	21.8063
 11975	25.6163
 11976	23.2877
 11977	12.9936
 11978	22.4509
 11979	20.2593
 11980	10.8942
 11981	12.6995
 11982	11.9341
 11983	10.2037
 11984	9.95336
 11985	6.62778
 11986	11.3291
 11987	14.8542
 11988	4.93412
 11989	6.51117
 11990	4.1144
 11991	3.4461
 11992	9.0038
 11993	2.80431
 11994	1.7322
 11995	8.65381
 11996	7.01236
 11997	2.29306
 11998	9.38408
 11999	16.9482
 12000	9.03172
 12001	14.3481
 12002	21.5207
 12003	14.2767
 12004	18.457
 12005	20.8948
 12006	20.1844
 12007	20.16
 12008	24.9987
 12009	19.0766
 12010	20.3338
 12011	23.5456
 12012	21.3974
 12013	19.7786
 12014	15.0021
 12015	7.26234
 12016	16.9336
 12017	17.9111
 12018	14.1848
 12019	19.0192
 12020	15.4548
 12021	14.5888
 12022	15.517
 12023	10.0214
 12024	14.9075
 12025	22.2986
 12026	16.3274
 12027	22.9638
 12028	24.3035
 12029	15.7319
 12030	24.201
 12031	23.3732
 12032	15.7392
 12033	19.7753
 12034	24.54
 12035	17.563
 12036	20.4878
 12037	20.8409
 12038	12.1639
 12039	19.984
 12040	20.6974
 12041	15.7162
 12042	18.2366
 12043	20.7684
 12044	21.6121
 12045	14.6707
 12046	19.7112
 12047	18.6929
 12048	17.2714
 12049	24.0188
 12050	21.6717
 12051	17.8608
 12052	19.4678
 12053	21.8913
 12054	18.7491
 12055	13.8918
 12056	18.2186
 12057	19.7043
 12058	14.1815
 12059	12.4277
 12060	10.5058
 12061	3.13618
 12062	0.835793
 12063	10.9594
 12064	-2.66407
 12065	-4.93126
 12066	6.92487
 12067	1.38515
 12068	2.51062
 12069	5.5812
 12070	2.76437
 12071	12.2025
 12072	9.86304
 12073	8.63685
 12074	11.4806
 12075	16.9968
 12076	13.4063
 12077	15.3633
 12078	17.8365
 12079	13.3903
 12080	12.962
 12081	13.8982
 12082	14.9356
 12083	17.2202
 12084	17.6542
 12085	23.3762
 12086	26.6273
 12087	27.2086
 12088	22.1493
 12089	22.9229
 12090	19.1639
 12091	10.6763
 12092	16.9566
 12093	22.8036
 12094	12.5199
 12095	16.5491
 12096	20.6704
 12097	10.6834
 12098	18.6313
 12099	22.1245
 12100	20.1897
 12101	28.3027
 12102	27.9127
 12103	30.9213
 12104	31.2443
 12105	22.6031
 12106	33.4228
 12107	37.5047
 12108	24.5696
 12109	31.0872
 12110	38.1356
 12111	29.2321
 12112	35.1262
 12113	34.9596
 12114	27.2639
 12115	31.2655
 12116	31.0988
 12117	26.2077
 12118	28.298
 12119	24.9539
 12120	25.0675
 12121	24.9484
 12122	19.42
 12123	20.5958
 12124	23.3439
 12125	21.5403
 12126	19.5968
 12127	22.4206
 12128	18.7274
 12129	20.1042
 12130	23.6072
 12131	14.8973
 12132	17.1439
 12133	21.085
 12134	19.2219
 12135	18.4257
 12136	21.0172
 12137	12.5389
 12138	8.67494
 12139	16.0227
 12140	10.1273
 12141	7.49129
 12142	12.6561
 12143	14.9948
 12144	14.2758
 12145	16.091
 12146	11.5972
 12147	10.3928
 12148	12.7989
 12149	18.0707
 12150	24.2419
 12151	20.2517
 12152	17.6237
 12153	25.8456
 12154	18.4458
 12155	13.5993
 12156	21.1683
 12157	22.7565
 12158	19.3849
 12159	25.877
 12160	22.0656
 12161	22.8277
 12162	26.854
 12163	25.8564
 12164	29.5617
 12165	35.5614
 12166	36.1307
 12167	30.6627
 12168	35.7138
 12169	36.0206
 12170	34.4002
 12171	30.1453
 12172	32.2402
 12173	37.0793
 12174	33.0051
 12175	38.5372
 12176	39.1625
 12177	32.5061
 12178	32.3448
 12179	36.6535
 12180	32.7339
 12181	27.465
 12182	34.9203
 12183	32.0885
 12184	19.9871
 12185	32.3689
 12186	29.5056
 12187	16.3419
 12188	23.497
 12189	27.3693
 12190	21.057
 12191	23.2317
 12192	23.2795
 12193	20.4723
 12194	20.2608
 12195	20.1738
 12196	24.8917
 12197	31.2792
 12198	29.7337
 12199	31.4301
 12200	39.7665
 12201	31.6282
 12202	28.7077
 12203	35.1957
 12204	35.8529
 12205	35.4325
 12206	44.1356
 12207	41.4976
 12208	36.4198
 12209	38.4119
 12210	34.1177
 12211	31.4788
 12212	45.7855
 12213	48.5761
 12214	44.3224
 12215	49.1807
 12216	49.7701
 12217	41.2284
 12218	35.5611
 12219	36.3139
 12220	41.107
 12221	45.1693
 12222	43.7769
 12223	42.2064
 12224	38.4067
 12225	34.2149
 12226	33.4025
 12227	25.9933
 12228	26.4736
 12229	34.8806
 12230	32.2635
 12231	27.7251
 12232	19.5412
 12233	17.0736
 12234	17.275
 12235	18.9858
 12236	19.8678
 12237	21.6825
 12238	28.7919
 12239	24.2757
 12240	26.3788
 12241	23.7714
 12242	18.6254
 12243	25.5491
 12244	21.3195
 12245	20.8434
 12246	23.0367
 12247	23.518
 12248	21.5786
 12249	14.3359
 12250	18.9981
 12251	20.5943
 12252	15.6237
 12253	18.972
 12254	19.9922
 12255	19.4585
 12256	23.5604
 12257	21.0128
 12258	19.2721
 12259	20.855
 12260	22.9708
 12261	24.4084
 12262	22.4117
 12263	29.6273
 12264	25.0638
 12265	23.1482
 12266	24.032
 12267	24.2387
 12268	21.6071
 12269	23.3863
 12270	27.699
 12271	15.1679
 12272	14.3546
 12273	25.4855
 12274	13.4557
 12275	14.0607
 12276	21.3658
 12277	12.2798
 12278	14.9806
 12279	14.8421
 12280	12.737
 12281	12.973
 12282	10.7056
 12283	14.2107
 12284	6.99666
 12285	5.58713
 12286	12.7571
 12287	16.6266
 12288	18.2509
 12289	13.6638
 12290	20.412
 12291	19.7389
 12292	21.8393
 12293	25.1696
 12294	19.2269
 12295	20.0914
 12296	24.2818
 12297	19.8257
 12298	24.9562
 12299	23.2654
 12300	12.5539
 12301	17.005
 12302	19.7991
 12303	10.2048
 12304	4.281
 12305	8.46567
 12306	6.10729
 12307	7.93072
 12308	12.8783
 12309	6.49665
 12310	11.8888
 12311	13.3513
 12312	8.99784
 12313	9.72645
 12314	13.6646
 12315	10.5679
 12316	13.7928
 12317	12.824
 12318	10.4385
 12319	5.25771
 12320	2.40419
 12321	5.76458
 12322	1.89174
 12323	-2.87078
 12324	0.259678
 12325	0.274285
 12326	2.8593
 12327	-0.354733
 12328	4.52401
 12329	-0.873498
 12330	2.90422
 12331	10.0247
 12332	6.81117
 12333	6.74551
 12334	9.7874
 12335	5.90518
 12336	5.67269
 12337	10.0493
 12338	13.9042
 12339	14.1258
 12340	11.8251
 12341	18.0533
 12342	11.8128
 12343	15.1306
 12344	17.4585
 12345	8.78176
 12346	18.3311
 12347	19.7498
 12348	9.52114
 12349	12.2721
 12350	12.674
 12351	7.50206
 12352	8.08049
 12353	10.9225
 12354	8.74292
 12355	6.17469
 12356	3.18806
 12357	8.7227
 12358	7.78351
 12359	9.32874
 12360	5.88745
 12361	5.14129
 12362	2.94766
 12363	-4.5195
 12364	2.8496
 12365	-1.59202
 12366	-5.00989
 12367	2.71374
 12368	-3.87372
 12369	-10.9945
 12370	-6.08274
 12371	-2.97849
 12372	-16.3141
 12373	-15.3521
 12374	-6.92707
 12375	-13.6164
 12376	-15.1061
 12377	-12.5443
 12378	-25.5547
 12379	-16.3425
 12380	-22.7925
 12381	-30.4921
 12382	-24.5004
 12383	-18.6258
 12384	-19.1737
 12385	-14.7841
 12386	-15.4159
 12387	-17.6181
 12388	-20.8137
 12389	-12.1624
 12390	-11.3432
 12391	-11.4386
 12392	-5.75467
 12393	-0.484202
 12394	-2.27899
 12395	-10.0285
 12396	-8.74459
 12397	0.207947
 12398	-6.54988
 12399	-1.98742
 12400	8.34542
 12401	-1.3535
 12402	7.48251
 12403	15.4724
 12404	2.20489
 12405	5.31155
 12406	14.7984
 12407	11.2786
 12408	17.4127
 12409	26.0819
 12410	18.1448
 12411	22.0978
 12412	31.4191
 12413	22.1994
 12414	24.2599
 12415	37.178
 12416	31.2897
 12417	38.2316
 12418	39.3387
 12419	31.431
 12420	34.0831
 12421	33.5323
 12422	39.1128
 12423	33.788
 12424	27.6385
 12425	29.8362
 12426	30.5253
 12427	22.0477
 12428	14.819
 12429	19.8489
 12430	15.1275
 12431	9.9922
 12432	8.16594
 12433	2.04028
 12434	-3.26256
 12435	-1.65262
 12436	-4.43644
 12437	-4.33104
 12438	-2.53155
 12439	-7.9565
 12440	-7.84591
 12441	-2.94437
 12442	-2.82496
 12443	-1.16838
 12444	-0.0429474
 12445	-2.51979
 12446	3.24049
 12447	7.52385
 12448	3.22825
 12449	8.18754
 12450	13.1538
 12451	6.22417
 12452	10.9715
 12453	13.1352
 12454	3.26133
 12455	14.9574
 12456	11.2218
 12457	3.27818
 12458	13.466
 12459	8.76902
 12460	5.84708
 12461	7.22886
 12462	8.04704
 12463	1.75917
 12464	-5.62868
 12465	-1.68215
 12466	-6.81706
 12467	-12.0184
 12468	-10.9856
 12469	-14.9298
 12470	-15.1402
 12471	-19.6793
 12472	-20.8406
 12473	-15.0017
 12474	-20.0006
 12475	-27.7482
 12476	-24.8939
 12477	-24.4279
 12478	-22.5288
 12479	-23.9637
 12480	-24.1503
 12481	-19.3284
 12482	-24.1623
 12483	-32.8157
 12484	-30.1757
 12485	-31.1113
 12486	-34.4485
 12487	-32.982
 12488	-32.7554
 12489	-37.3365
 12490	-37.1099
 12491	-35.4194
 12492	-47.7778
 12493	-39.1713
 12494	-39.0949
 12495	-54.8338
 12496	-41.4368
 12497	-41.2509
 12498	-42.3146
 12499	-40.7614
 12500	-46.9017
 12501	-46.7314
 12502	-46.193
 12503	-46.9914
 12504	-43.5793
 12505	-41.7114
 12506	-40.0338
 12507	-40.3317
 12508	-38.0283
 12509	-37.8666
 12510	-43.6613
 12511	-40.4369
 12512	-40.6013
 12513	-33.3263
 12514	-35.2938
 12515	-39.9451
 12516	-29.9585
 12517	-32.1702
 12518	-42.3887
 12519	-40.3843
 12520	-47.5334
 12521	-43.526
 12522	-40.8588
 12523	-50.7554
 12524	-52.267
 12525	-46.5087
 12526	-49.5524
 12527	-49.9167
 12528	-50.1608
 12529	-50.0016
 12530	-53.0743
 12531	-48.3181
 12532	-50.9451
 12533	-45.5075
 12534	-37.5226
 12535	-41.022
 12536	-36.3736
 12537	-42.3789
 12538	-40.6361
 12539	-34.5129
 12540	-35.7139
 12541	-27.0115
 12542	-24.5101
 12543	-28.1857
 12544	-30.5357
 12545	-29.8746
 12546	-23.7749
 12547	-25.1956
 12548	-29.6233
 12549	-23.8908
 12550	-27.7918
 12551	-27.5217
 12552	-27.7472
 12553	-37.7911
 12554	-38.3907
 12555	-35.9995
 12556	-42.0448
 12557	-47.1919
 12558	-48.1151
 12559	-46.8506
 12560	-49.6115
 12561	-53.242
 12562	-55.3662
 12563	-55.8071
 12564	-53.5422
 12565	-55.9482
 12566	-53.5818
 12567	-53.7906
 12568	-56.3284
 12569	-56.3359
 12570	-50.5195
 12571	-50.8978
 12572	-48.568
 12573	-48.9939
 12574	-42.701
 12575	-40.497
 12576	-38.0233
 12577	-39.0514
 12578	-37.893
 12579	-28.4895
 12580	-32.7033
 12581	-38.1913
 12582	-40.183
 12583	-38.7027
 12584	-36.6139
 12585	-30.8377
 12586	-33.1436
 12587	-39.5926
 12588	-38.9436
 12589	-40.2495
 12590	-45.4304
 12591	-38.3408
 12592	-43.3726
 12593	-44.2403
 12594	-43.2078
 12595	-45.3873
 12596	-45.4718
 12597	-39.8433
 12598	-43.8749
 12599	-46.5014
 12600	-42.8539
 12601	-41.8379
 12602	-37.9655
 12603	-40.8541
 12604	-44.4416
 12605	-37.4161
 12606	-38.3804
 12607	-44.1724
 12608	-42.8139
 12609	-38.616
 12610	-37.4012
 12611	-39.8317
 12612	-35.6323
 12613	-32.1477
 12614	-28.1187
 12615	-30.4807
 12616	-36.2708
 12617	-32.9904
 12618	-36.1961
 12619	-40.6492
 12620	-43.6734
 12621	-38.7398
 12622	-37.4542
 12623	-40.1435
 12624	-41.4343
 12625	-37.9561
 12626	-37.9111
 12627	-38.8122
 12628	-41.8179
 12629	-36.491
 12630	-41.2116
 12631	-48.6441
 12632	-48.1374
 12633	-44.2365
 12634	-42.6562
 12635	-45.8985
 12636	-45.1339
 12637	-34.4079
 12638	-39.3522
 12639	-38.7122
 12640	-36.0399
 12641	-35.5817
 12642	-36.7705
 12643	-41.3276
 12644	-42.7608
 12645	-38.9423
 12646	-39.3046
 12647	-43.5277
 12648	-39.578
 12649	-36.2801
 12650	-41.9639
 12651	-47.2179
 12652	-42.3256
 12653	-43.8685
 12654	-46.4942
 12655	-44.7271
 12656	-44.3947
 12657	-40.9177
 12658	-38.6332
 12659	-40.5157
 12660	-32.3742
 12661	-34.9408
 12662	-39.608
 12663	-45.2417
 12664	-40.8729
 12665	-33.8299
 12666	-40.197
 12667	-41.1994
 12668	-37.0487
 12669	-42.0115
 12670	-40.4564
 12671	-38.6277
 12672	-39.2571
 12673	-43.735
 12674	-47.6775
 12675	-37.695
 12676	-36.2285
 12677	-35.7249
 12678	-30.2368
 12679	-32.3754
 12680	-30.4109
 12681	-23.6843
 12682	-29.5167
 12683	-41.3771
 12684	-35.9797
 12685	-34.7956
 12686	-40.6739
 12687	-38.4834
 12688	-37.3265
 12689	-43.2352
 12690	-46.6309
 12691	-50.7896
 12692	-48.7735
 12693	-48.6052
 12694	-50.3915
 12695	-50.5007
 12696	-44.7902
 12697	-45.914
 12698	-45.6493
 12699	-35.8868
 12700	-39.2946
 12701	-36.7087
 12702	-32.1123
 12703	-42.9197
 12704	-42.9133
 12705	-37.8799
 12706	-45.2651
 12707	-37.0797
 12708	-37.3624
 12709	-36.4086
 12710	-37.4349
 12711	-46.2867
 12712	-46.0919
 12713	-45.1111
 12714	-51.7215
 12715	-48.2522
 12716	-41.1891
 12717	-40.3296
 12718	-40.959
 12719	-37.1877
 12720	-42.8479
 12721	-42.2071
 12722	-36.2519
 12723	-43.1494
 12724	-40.0435
 12725	-41.6952
 12726	-37.6524
 12727	-37.1862
 12728	-38.9884
 12729	-32.6899
 12730	-30.3566
 12731	-39.7043
 12732	-36.481
 12733	-30.8351
 12734	-38.083
 12735	-42.4121
 12736	-32.4857
 12737	-35.3547
 12738	-37.4832
 12739	-35.5229
 12740	-39.1085
 12741	-40.2657
 12742	-40.7069
 12743	-40.9068
 12744	-38.6393
 12745	-38.303
 12746	-37.9606
 12747	-35.6713
 12748	-37.1658
 12749	-34.8552
 12750	-29.6926
 12751	-32.2924
 12752	-25.3928
 12753	-14.1478
 12754	-22.2784
 12755	-17.4479
 12756	-2.32242
 12757	-5.95377
 12758	-3.20406
 12759	4.60939
 12760	-6.49114
 12761	-6.49043
 12762	3.16201
 12763	-7.56971
 12764	-8.64233
 12765	-4.69538
 12766	-15.0682
 12767	-12.7937
 12768	-8.88336
 12769	-24.0913
 12770	-20.7336
 12771	-12.853
 12772	-24.1221
 12773	-29.1297
 12774	-28.8215
 12775	-31.3453
 12776	-29.9295
 12777	-24.3255
 12778	-33.7709
 12779	-34.8112
 12780	-32.6037
 12781	-34.4176
 12782	-28.9437
 12783	-34.5925
 12784	-38.3789
 12785	-35.3802
 12786	-31.316
 12787	-34.9567
 12788	-39.0444
 12789	-33.1601
 12790	-30.7847
 12791	-31.1594
 12792	-29.677
 12793	-25.4202
 12794	-24.9067
 12795	-31.788
 12796	-30.6689
 12797	-28.2669
 12798	-34.259
 12799	-31.9419
 12800	-24.0053
 12801	-23.5995
 12802	-24.1288
 12803	-15.2641
 12804	-12.005
 12805	-16.1271
 12806	-11.2079
 12807	-2.3074
 12808	-6.60646
 12809	0.917152
 12810	3.37349
 12811	-5.39036
 12812	-0.12367
 12813	7.7041
 12814	1.07346
 12815	7.39109
 12816	10.2528
 12817	8.22601
 12818	3.1179
 12819	6.42636
 12820	10.8049
 12821	11.036
 12822	8.6377
 12823	-1.10434
 12824	-7.3353
 12825	-13.3427
 12826	-15.4586
 12827	-16.1767
 12828	-26.6742
 12829	-29.6141
 12830	-28.0622
 12831	-41.4325
 12832	-42.1616
 12833	-43.0303
 12834	-47.7274
 12835	-50.4718
 12836	-50.5917
 12837	-54.4679
 12838	-51.1755
 12839	-50.0262
 12840	-50.7931
 12841	-51.5083
 12842	-49.3994
 12843	-54.7602
 12844	-49.0055
 12845	-46.1978
 12846	-45.005
 12847	-39.7176
 12848	-38.6145
 12849	-40.2898
 12850	-33.3051
 12851	-26.0156
 12852	-27.6616
 12853	-23.4268
 12854	-17.4157
 12855	-10.909
 12856	-18.7167
 12857	-11.8144
 12858	-8.29168
 12859	-5.84113
 12860	-3.59315
 12861	-3.381
 12862	-3.27629
 12863	-3.26011
 12864	-1.37115
 12865	2.37282
 12866	-0.299513
 12867	-0.813003
 12868	-1.73238
 12869	-0.84466
 12870	3.09233
 12871	6.33269
 12872	4.1729
 12873	5.17526
 12874	10.5513
 12875	8.12135
 12876	4.62102
 12877	12.2796
 12878	16.5358
 12879	10.4782
 12880	16.3464
 12881	12.4156
 12882	8.73433
 12883	12.251
 12884	11.3509
 12885	6.52737
 12886	8.40159
 12887	12.1918
 12888	6.97184
 12889	7.64135
 12890	5.73889
 12891	10.0065
 12892	14.2364
 12893	16.5688
 12894	12.5136
 12895	12.5905
 12896	14.7575
 12897	12.4676
 12898	16.4301
 12899	10.2864
 12900	16.1615
 12901	13.2276
 12902	7.5687
 12903	11.416
 12904	8.3294
 12905	12.3323
 12906	16.9197
 12907	13.8255
 12908	10.7778
 12909	9.13609
 12910	9.59919
 12911	8.07999
 12912	8.41531
 12913	7.98167
 12914	5.99489
 12915	9.83128
 12916	6.98417
 12917	6.84585
 12918	8.84081
 12919	-0.591678
 12920	0.94854
 12921	3.89689
 12922	0.793578
 12923	1.24343
 12924	0.638873
 12925	2.37952
 12926	-2.41157
 12927	-0.823617
 12928	-4.46164
 12929	-2.89829
 12930	1.24097
 12931	-2.5643
 12932	3.36238
 12933	2.74646
 12934	0.301802
 12935	9.4712
 12936	4.93739
 12937	-2.23754
 12938	3.53855
 12939	-1.75038
 12940	-4.12557
 12941	-1.67248
 12942	-1.89043
 12943	-3.20327
 12944	-2.73905
 12945	-9.06824
 12946	-7.2176
 12947	-6.07939
 12948	-10.1377
 12949	-9.66951
 12950	-3.59206
 12951	-12.0413
 12952	-8.9678
 12953	-3.67146
 12954	-12.054
 12955	-11.458
 12956	-6.55176
 12957	-15.0657
 12958	-12.0772
 12959	-9.63232
 12960	-12.7706
 12961	-9.81586
 12962	-7.86954
 12963	-12.3004
 12964	-16.754
 12965	-10.2356
 12966	-16.9446
 12967	-14.2449
 12968	-14.4329
 12969	-18.3413
 12970	-12.3534
 12971	-12.6871
 12972	-21.2377
 12973	-11.7684
 12974	-13.6589
 12975	-17.2244
 12976	-13.7375
 12977	-20.4617
 12978	-20.7075
 12979	-15.756
 12980	-16.4605
 12981	-16.2422
 12982	-17.3943
 12983	-26.869
 12984	-20.9578
 12985	-17.0396
 12986	-24.9342
 12987	-27.1527
 12988	-8.04509
 12989	-22.4309
 12990	-22.2783
 12991	-11.0772
 12992	-14.5806
 12993	-10.9182
 12994	-7.05188
 12995	-9.66189
 12996	-6.45407
 12997	-5.81195
 12998	-5.55566
 12999	-3.10571
 13000	-0.955461
 13001	-0.73122
 13002	-5.80617
 13003	-2.06539
 13004	-6.33597
 13005	-5.34921
 13006	-6.36403
 13007	-9.06668
 13008	-0.766873
 13009	-4.73497
 13010	-11.4091
 13011	-5.01184
 13012	-7.10455
 13013	-4.08445
 13014	-2.67619
 13015	-6.31405
 13016	-0.401371
 13017	0.334549
 13018	-1.28803
 13019	6.97117
 13020	9.38068
 13021	6.43193
 13022	3.98895
 13023	7.56289
 13024	5.83297
 13025	0.234926
 13026	12.1467
 13027	-1.925
 13028	-4.43044
 13029	-0.133683
 13030	-7.50154
 13031	-11.5668
 13032	-11.5275
 13033	-15.5553
 13034	-14.6186
 13035	-11.3385
 13036	-13.1554
 13037	-8.04265
 13038	-4.36835
 13039	-3.36696
 13040	-9.18177
 13041	1.3587
 13042	-2.0847
 13043	-4.12761
 13044	0.0655117
 13045	-1.43798
 13046	3.24256
 13047	5.92674
 13048	-0.763533
 13049	1.63651
 13050	-0.987304
 13051	4.5234
 13052	7.22266
 13053	0.706148
 13054	2.32865
 13055	3.9725
 13056	-3.11838
 13057	-8.02445
 13058	1.6772
 13059	-0.133869
 13060	-6.10931
 13061	0.0232775
 13062	-3.10448
 13063	-12.6719
 13064	-6.1306
 13065	-7.24727
 13066	-5.68102
 13067	-5.9479
 13068	-9.07857
 13069	-7.27714
 13070	-11.0664
 13071	-10.4325
 13072	-8.92736
 13073	-9.43417
 13074	-13.8631
 13075	-12.9194
 13076	-11.3448
 13077	-11.5995
 13078	-13.2866
 13079	-6.01345
 13080	-6.38429
 13081	-2.52533
 13082	1.33413
 13083	-1.91281
 13084	5.28779
 13085	4.2445
 13086	0.598744
 13087	9.41134
 13088	8.09936
 13089	5.42267
 13090	9.69494
 13091	6.04192
 13092	5.58627
 13093	4.76485
 13094	3.00544
 13095	-1.34432
 13096	5.12819
 13097	0.924901
 13098	-2.14741
 13099	-1.43674
 13100	-3.34289
 13101	-1.69168
 13102	-4.14022
 13103	-12.6603
 13104	-5.14435
 13105	-5.91207
 13106	-14.5806
 13107	-6.9766
 13108	-7.72643
 13109	-16.4738
 13110	-14.7284
 13111	-6.84926
 13112	-14.1997
 13113	-7.73162
 13114	-0.751315
 13115	-6.40776
 13116	-5.74891
 13117	-4.49437
 13118	-6.20926
 13119	-5.79115
 13120	-2.67673
 13121	-6.92531
 13122	-3.68238
 13123	-7.48063
 13124	-7.45247
 13125	-3.63944
 13126	-6.09775
 13127	-3.89722
 13128	-2.75977
 13129	-12.8461
 13130	-7.89031
 13131	-6.89999
 13132	-5.43852
 13133	-8.07233
 13134	-4.05544
 13135	-7.80922
 13136	-9.46647
 13137	-4.00434
 13138	-9.9504
 13139	-10.0921
 13140	-2.99274
 13141	-8.5225
 13142	-9.84186
 13143	-10.7348
 13144	-16.1405
 13145	-9.58571
 13146	-3.98782
 13147	-12.6119
 13148	-16.1083
 13149	-5.98081
 13150	-1.29296
 13151	-3.06973
 13152	3.74793
 13153	3.23694
 13154	3.59385
 13155	8.82414
 13156	7.30767
 13157	9.19402
 13158	14.5122
 13159	17.2242
 13160	24.3762
 13161	20.2094
 13162	18.4892
 13163	18.2796
 13164	21.6088
 13165	27.4543
 13166	19.4812
 13167	20.4495
 13168	26.6548
 13169	20.4363
 13170	20.5374
 13171	20.5552
 13172	24.1937
 13173	29.1004
 13174	28.4178
 13175	20.4231
 13176	21.5856
 13177	19.6916
 13178	19.6742
 13179	23.5588
 13180	16.5687
 13181	8.63513
 13182	16.0498
 13183	11.3754
 13184	-0.0867182
 13185	4.5154
 13186	6.09928
 13187	5.6003
 13188	8.55693
 13189	-1.29354
 13190	-1.22564
 13191	-0.990154
 13192	0.246233
 13193	-10.5114
 13194	-11.2054
 13195	-7.09536
 13196	-15.6855
 13197	-21.999
 13198	-22.268
 13199	-24.4581
 13200	-22.6433
 13201	-23.9165
 13202	-24.6439
 13203	-28.9083
 13204	-35.8364
 13205	-28.5148
 13206	-28.5565
 13207	-38.2537
 13208	-34.3747
 13209	-38.5182
 13210	-40.2394
 13211	-38.9069
 13212	-41.7153
 13213	-40.229
 13214	-38.2317
 13215	-40.2504
 13216	-38.1577
 13217	-34.2013
 13218	-41.4928
 13219	-39.6997
 13220	-34.2932
 13221	-40.9668
 13222	-35.5726
 13223	-33.4651
 13224	-33.8722
 13225	-25.4415
 13226	-16.9904
 13227	-16.1555
 13228	-16.5252
 13229	-17.6132
 13230	-5.65904
 13231	-9.72837
 13232	-11.9664
 13233	-8.74336
 13234	-17.7752
 13235	-18.2041
 13236	-10.8434
 13237	-19.576
 13238	-23.257
 13239	-25.991
 13240	-30.7906
 13241	-27.8835
 13242	-27.3045
 13243	-23.454
 13244	-20.8402
 13245	-16.9018
 13246	-20.2711
 13247	-24.1612
 13248	-15.9884
 13249	-14.4989
 13250	-16.5183
 13251	-13.2338
 13252	-15.1813
 13253	-12.7305
 13254	-13.8792
 13255	-11.4245
 13256	-5.28438
 13257	-8.05626
 13258	-8.02893
 13259	-11.1556
 13260	-12.3119
 13261	-11.0838
 13262	-9.02854
 13263	-7.32358
 13264	-4.65938
 13265	0.983427
 13266	-4.59017
 13267	-4.30484
 13268	4.76533
 13269	-3.63876
 13270	2.05661
 13271	6.22154
 13272	-9.36081
 13273	-8.18573
 13274	-5.29411
 13275	-4.11235
 13276	-4.05719
 13277	-7.9859
 13278	-4.11911
 13279	-4.3377
 13280	-8.44052
 13281	0.970054
 13282	0.483094
 13283	0.299179
 13284	0.0989449
 13285	-1.87148
 13286	-1.38113
 13287	-5.38319
 13288	-8.29497
 13289	-0.489242
 13290	-6.99555
 13291	-11.4557
 13292	-13.475
 13293	-11.6634
 13294	-13.1165
 13295	-13.2526
 13296	-14.2824
 13297	-18.9332
 13298	-15.7211
 13299	-15.4169
 13300	-16.2832
 13301	-15.83
 13302	-15.9603
 13303	-7.39514
 13304	-7.3306
 13305	-12.3438
 13306	-7.59083
 13307	-6.90187
 13308	-5.17116
 13309	-3.22662
 13310	-2.76255
 13311	0.389627
 13312	-2.03111
 13313	3.89165
 13314	0.974931
 13315	-0.48052
 13316	5.25021
 13317	2.90293
 13318	1.2291
 13319	7.48737
 13320	4.22911
 13321	5.82974
 13322	8.11285
 13323	4.83005
 13324	10.5242
 13325	11.2096
 13326	5.44958
 13327	13.0193
 13328	12.0318
 13329	10.6057
 13330	15.0701
 13331	14.3628
 13332	12.6623
 13333	20.7273
 13334	15.747
 13335	13.0763
 13336	19.5907
 13337	14.8855
 13338	14.8864
 13339	18.2608
 13340	14.2558
 13341	15.6439
 13342	12.6088
 13343	8.15426
 13344	12.3773
 13345	7.84077
 13346	8.57483
 13347	12.6091
 13348	13.1487
 13349	9.54956
 13350	9.09514
 13351	16.3331
 13352	17.4427
 13353	17.0434
 13354	19.2632
 13355	18.085
 13356	13.8025
 13357	16.1224
 13358	18.6004
 13359	20.3926
 13360	22.7734
 13361	17.5523
 13362	19.8941
 13363	19.4813
 13364	8.76987
 13365	14.6384
 13366	23.0128
 13367	15.1259
 13368	15.9857
 13369	11.1541
 13370	6.05489
 13371	12.3911
 13372	8.16249
 13373	4.41149
 13374	6.29503
 13375	-0.975736
 13376	-2.6625
 13377	-3.11121
 13378	-2.60562
 13379	0.00758781
 13380	4.07294
 13381	-3.91837
 13382	-2.94646
 13383	-12.4076
 13384	-9.25683
 13385	0.189858
 13386	-4.16086
 13387	-4.04082
 13388	0.936224
 13389	-3.63259
 13390	-5.56839
 13391	-0.696258
 13392	-3.01558
 13393	-7.30892
 13394	-7.18599
 13395	-8.48032
 13396	-14.8261
 13397	-16.378
 13398	-10.7093
 13399	-18.3219
 13400	-22.5972
 13401	-18.785
 13402	-23.5227
 13403	-23.4107
 13404	-20.6016
 13405	-25.0556
 13406	-24.618
 13407	-22.3516
 13408	-22.7827
 13409	-23.6498
 13410	-20.9991
 13411	-21.8583
 13412	-22.8852
 13413	-23.2824
 13414	-12.3708
 13415	-8.52193
 13416	-18.6058
 13417	-15.4266
 13418	-11.7184
 13419	-16.9145
 13420	-8.48974
 13421	-5.87092
 13422	-15.7149
 13423	-11.6752
 13424	-12.2847
 13425	-18.4206
 13426	-16.3243
 13427	-9.91277
 13428	-14.8193
 13429	-18.6548
 13430	-15.9694
 13431	-21.2222
 13432	-20.9137
 13433	-6.87929
 13434	-9.97208
 13435	-8.25627
 13436	-0.959215
 13437	-12.1835
 13438	-9.68475
 13439	-4.73377
 13440	-5.92556
 13441	-4.27476
 13442	-2.89825
 13443	-5.01529
 13444	-7.84979
 13445	-9.6611
 13446	-2.91019
 13447	-6.40663
 13448	-8.33054
 13449	-8.6761
 13450	-11.5629
 13451	-13.1432
 13452	-3.86508
 13453	-1.04576
 13454	-1.68371
 13455	8.43618
 13456	4.7115
 13457	-0.463073
 13458	13.4851
 13459	8.54733
 13460	7.16971
 13461	13.0055
 13462	9.62568
 13463	4.67428
 13464	9.23123
 13465	11.9998
 13466	5.74683
 13467	10.0531
 13468	12.8992
 13469	2.30344
 13470	-0.737317
 13471	5.63066
 13472	-3.03438
 13473	-0.408396
 13474	4.66571
 13475	-9.16578
 13476	-13.3209
 13477	-4.65541
 13478	-3.28584
 13479	-10.3796
 13480	-11.703
 13481	-4.17279
 13482	-13.7612
 13483	-18.7651
 13484	-16.0629
 13485	-16.4715
 13486	-14.0085
 13487	-6.94892
 13488	-19.4062
 13489	-23.1229
 13490	-13.7797
 13491	-13.7696
 13492	-19.3576
 13493	-16.2091
 13494	-12.6246
 13495	-19.625
 13496	-22.8255
 13497	-13.2954
 13498	-15.2194
 13499	-15.4185
 13500	-8.67784
 13501	-10.7228
 13502	-19.877
 13503	-17.8898
 13504	-16.2453
 13505	-20.0176
 13506	-12.9832
 13507	-12.0116
 13508	-21.5833
 13509	-18.9763
 13510	-19.1923
 13511	-17.5623
 13512	-20.1032
 13513	-24.4778
 13514	-23.849
 13515	-34.7372
 13516	-33.0278
 13517	-30.4457
 13518	-42.5109
 13519	-41.8211
 13520	-42.7203
 13521	-49.7996
 13522	-46.1488
 13523	-40.3704
 13524	-41.5687
 13525	-43.8549
 13526	-35.9646
 13527	-30.7658
 13528	-32.9386
 13529	-27.477
 13530	-19.9926
 13531	-19.4125
 13532	-21.4377
 13533	-20.5175
 13534	-22.4395
 13535	-17.0585
 13536	-21.6749
 13537	-24.2239
 13538	-22.5669
 13539	-25.1625
 13540	-26.7729
 13541	-32.4679
 13542	-37.6491
 13543	-37.4632
 13544	-41.088
 13545	-40.0266
 13546	-45.4639
 13547	-46.1881
 13548	-43.2263
 13549	-47.8267
 13550	-43.7498
 13551	-41.3694
 13552	-45.5874
 13553	-47.8174
 13554	-42.5453
 13555	-46.7867
 13556	-49.5049
 13557	-46.8301
 13558	-45.3076
 13559	-41.9805
 13560	-43.8014
 13561	-42.7215
 13562	-40.0442
 13563	-44.116
 13564	-37.7382
 13565	-35.1393
 13566	-40.0819
 13567	-37.5458
 13568	-37.1832
 13569	-41.8034
 13570	-36.423
 13571	-40.2936
 13572	-43.3823
 13573	-46.8778
 13574	-46.2389
 13575	-45.6477
 13576	-42.3069
 13577	-43.7714
 13578	-39.894
 13579	-36.4778
 13580	-35.2121
 13581	-33.5567
 13582	-33.0019
 13583	-32.4844
 13584	-32.9314
 13585	-38.5567
 13586	-36.5202
 13587	-47.5527
 13588	-39.7888
 13589	-41.249
 13590	-44.0691
 13591	-39.669
 13592	-43.0694
 13593	-38.0411
 13594	-33.4097
 13595	-39.9574
 13596	-34.7208
 13597	-32.521
 13598	-31.2533
 13599	-24.7138
 13600	-21.1518
 13601	-20.9747
 13602	-23.6807
 13603	-26.4817
 13604	-26.1419
 13605	-27.5301
 13606	-26.7825
 13607	-21.2385
 13608	-24.6028
 13609	-29.4568
 13610	-34.9329
 13611	-35.8484
 13612	-30.9607
 13613	-29.7284
 13614	-28.6126
 13615	-34.6286
 13616	-37.1701
 13617	-33.1082
 13618	-36.2041
 13619	-37.6288
 13620	-27.3886
 13621	-31.1719
 13622	-40.0155
 13623	-39.5521
 13624	-42.0438
 13625	-42.6278
 13626	-36.9797
 13627	-42.3664
 13628	-44.5508
 13629	-39.2483
 13630	-43.6669
 13631	-37.1018
 13632	-37.4579
 13633	-39.6633
 13634	-41.3251
 13635	-44.0857
 13636	-41.37
 13637	-42.0026
 13638	-36.68
 13639	-38.7172
 13640	-43.1199
 13641	-40.5988
 13642	-37.8764
 13643	-43.2607
 13644	-44.8716
 13645	-50.6033
 13646	-54.3132
 13647	-56.2441
 13648	-52.5913
 13649	-48.7007
 13650	-43.3946
 13651	-48.3252
 13652	-43.8727
 13653	-48.9916
 13654	-46.2079
 13655	-37.4483
 13656	-43.1333
 13657	-39.4268
 13658	-43.361
 13659	-45.2423
 13660	-40.4005
 13661	-39.2115
 13662	-41.5484
 13663	-35.7651
 13664	-40.3405
 13665	-39.3842
 13666	-39.2413
 13667	-39.3575
 13668	-35.8344
 13669	-36.2361
 13670	-41.407
 13671	-42.7651
 13672	-47.5004
 13673	-46.0671
 13674	-47.3277
 13675	-50.3615
 13676	-47.972
 13677	-51.9731
 13678	-50.2108
 13679	-45.4255
 13680	-47.8177
 13681	-47.7527
 13682	-45.3397
 13683	-41.8869
 13684	-38.97
 13685	-36.0684
 13686	-37.6625
 13687	-41.642
 13688	-41.5305
 13689	-37.5229
 13690	-33.0379
 13691	-32.7832
 13692	-32.3584
 13693	-31.9107
 13694	-37.6424
 13695	-36.3216
 13696	-37.9372
 13697	-32.8276
 13698	-32.8576
 13699	-28.3519
 13700	-29.7483
 13701	-37.5502
 13702	-31.289
 13703	-25.2226
 13704	-33.1984
 13705	-26.1647
 13706	-27.4937
 13707	-36.864
 13708	-37.6257
 13709	-35.7698
 13710	-39.494
 13711	-39.1248
 13712	-39.4746
 13713	-42.6002
 13714	-43.4305
 13715	-44.2727
 13716	-39.906
 13717	-45.5611
 13718	-42.5619
 13719	-44.7046
 13720	-40.9881
 13721	-38.9136
 13722	-41.4883
 13723	-42.7042
 13724	-44.238
 13725	-47.7439
 13726	-45.7189
 13727	-42.0217
 13728	-41.6453
 13729	-40.1266
 13730	-48.4933
 13731	-45.8239
 13732	-43.1158
 13733	-50.3279
 13734	-49.6555
 13735	-44.1701
 13736	-52.9358
 13737	-42.8433
 13738	-44.6707
 13739	-46.9655
 13740	-37.1383
 13741	-38.8651
 13742	-44.4523
 13743	-37.2897
 13744	-38.2609
 13745	-37.5322
 13746	-35.3041
 13747	-33.9067
 13748	-32.727
 13749	-40.5184
 13750	-39.6467
 13751	-40.4877
 13752	-46.4181
 13753	-48.8613
 13754	-42.4754
 13755	-40.3571
 13756	-42.2796
 13757	-42.1272
 13758	-44.0987
 13759	-52.3822
 13760	-47.8582
 13761	-49.7746
 13762	-55.2604
 13763	-44.9224
 13764	-45.1711
 13765	-48.1179
 13766	-41.2188
 13767	-41.9228
 13768	-45.7757
 13769	-46.9033
 13770	-44.7957
 13771	-50.2403
 13772	-51.3229
 13773	-45.2134
 13774	-47.2982
 13775	-48.5868
 13776	-45.9016
 13777	-50.1328
 13778	-51.9064
 13779	-46.363
 13780	-41.774
 13781	-43.051
 13782	-35.8526
 13783	-33.8804
 13784	-43.5346
 13785	-35.0201
 13786	-35.4702
 13787	-45.8143
 13788	-38.491
 13789	-38.3344
 13790	-35.9357
 13791	-35.6198
 13792	-37.8189
 13793	-38.0739
 13794	-41.6781
 13795	-42.5867
 13796	-42.7652
 13797	-42.5426
 13798	-43.8962
 13799	-46.0247
 13800	-44.4955
 13801	-47.1548
 13802	-48.3113
 13803	-53.193
 13804	-55.1005
 13805	-46.6202
 13806	-52.2327
 13807	-58.1931
 13808	-50.0957
 13809	-51.6702
 13810	-50.3689
 13811	-41.4026
 13812	-47.5677
 13813	-48.9811
 13814	-38.7879
 13815	-51.3193
 13816	-46.004
 13817	-39.8392
 13818	-48.4101
 13819	-44.8881
 13820	-42.4331
 13821	-41.1379
 13822	-37.3282
 13823	-37.969
 13824	-45.3839
 13825	-45.258
 13826	-51.5802
 13827	-47.5433
 13828	-48.1318
 13829	-55.9023
 13830	-47.2002
 13831	-43.7638
 13832	-53.2566
 13833	-42.7958
 13834	-42.2648
 13835	-47.5234
 13836	-45.9093
 13837	-45.3012
 13838	-50.5448
 13839	-50.0133
 13840	-51.9336
 13841	-54.4259
 13842	-49.9248
 13843	-56.1012
 13844	-60.7886
 13845	-57.6567
 13846	-51.5529
 13847	-54.5992
 13848	-53.318
 13849	-50.673
 13850	-50.1421
 13851	-49.7082
 13852	-55.539
 13853	-50.3713
 13854	-54.1337
 13855	-50.8163
 13856	-43.2236
 13857	-43.7263
 13858	-40.9937
 13859	-39.3817
 13860	-47.8261
 13861	-40.4736
 13862	-45.1131
 13863	-47.3975
 13864	-44.8041
 13865	-43.8523
 13866	-44.3527
 13867	-37.3314
 13868	-41.1119
 13869	-44.504
 13870	-42.974
 13871	-42.4877
 13872	-43.9312
 13873	-44.0155
 13874	-44.8314
 13875	-44.149
 13876	-40.676
 13877	-39.8302
 13878	-34.6957
 13879	-46.598
 13880	-39.8367
 13881	-33.216
 13882	-38.3779
 13883	-35.0013
 13884	-28.5242
 13885	-41.7071
 13886	-46.3661
 13887	-37.5323
 13888	-47.9262
 13889	-51.0397
 13890	-42.0265
 13891	-46.2116
 13892	-50.4939
 13893	-43.0367
 13894	-53.1458
 13895	-55.0092
 13896	-51.3643
 13897	-51.9906
 13898	-57.4811
 13899	-57.4871
 13900	-55.2024
 13901	-48.6362
 13902	-53.5319
 13903	-44.7594
 13904	-45.9743
 13905	-52.9286
 13906	-45.8465
 13907	-47.805
 13908	-54.3797
 13909	-46.8803
 13910	-43.5616
 13911	-46.1805
 13912	-31.737
 13913	-40.4429
 13914	-42.8604
 13915	-35.9782
 13916	-47.0819
 13917	-42.8052
 13918	-36.6461
 13919	-52.5385
 13920	-43.1916
 13921	-41.0936
 13922	-45.6981
 13923	-45.8588
 13924	-49.4837
 13925	-52.7348
 13926	-50.2767
 13927	-58.097
 13928	-55.8109
 13929	-48.2258
 13930	-53.0257
 13931	-53.8732
 13932	-52.2132
 13933	-57.4811
 13934	-62.2082
 13935	-60.0366
 13936	-57.0719
 13937	-55.2522
 13938	-46.6313
 13939	-52.9194
 13940	-44.9533
 13941	-40.4144
 13942	-47.4828
 13943	-45.8168
 13944	-44.8601
 13945	-47.9061
 13946	-37.8881
 13947	-42.4992
 13948	-37.6008
 13949	-35.5075
 13950	-42.0813
 13951	-45.3236
 13952	-43.6911
 13953	-55.5615
 13954	-52.0179
 13955	-49.4464
 13956	-51.0378
 13957	-55.073
 13958	-51.9314
 13959	-53.8896
 13960	-53.5878
 13961	-53.6279
 13962	-51.0056
 13963	-45.494
 13964	-49.6703
 13965	-47.8726
 13966	-43.8878
 13967	-50.2306
 13968	-48.9364
 13969	-50.6553
 13970	-55.8593
 13971	-48.3007
 13972	-52.4775
 13973	-52.318
 13974	-49.1339
 13975	-49.1286
 13976	-49.4225
 13977	-51.794
 13978	-55.0635
 13979	-53.264
 13980	-52.2157
 13981	-51.1973
 13982	-55.4378
 13983	-47.2025
 13984	-44.9781
 13985	-53.9537
 13986	-44.5786
 13987	-47.829
 13988	-46.8015
 13989	-35.9603
 13990	-42.8512
 13991	-34.8272
 13992	-29.7831
 13993	-40.8057
 13994	-33.0746
 13995	-32.0564
 13996	-35.0458
 13997	-38.182
 13998	-43.7658
 13999	-38.4142
 14000	-39.2323
 14001	-37.9713
 14002	-41.2969
 14003	-46.7752
 14004	-48.6551
 14005	-47.4398
 14006	-50.0551
 14007	-44.576
 14008	-44.3806
 14009	-43.3233
 14010	-50.8802
 14011	-51.8562
 14012	-50.1494
 14013	-58.2934
 14014	-57.9504
 14015	-57.3409
 14016	-62.4274
 14017	-58.2443
 14018	-52.3068
 14019	-51.7206
 14020	-49.182
 14021	-49.5087
 14022	-56.5
 14023	-59.8687
 14024	-57.7392
 14025	-54.9825
 14026	-54.7872
 14027	-59.1295
 14028	-56.0465
 14029	-54.2143
 14030	-55.2199
 14031	-50.3556
 14032	-48.0967
 14033	-50.5371
 14034	-43.8226
 14035	-39.4221
 14036	-42.6148
 14037	-42.7675
 14038	-42.7998
 14039	-43.1089
 14040	-40.9366
 14041	-42.1356
 14042	-42.2565
 14043	-44.7514
 14044	-37.0007
 14045	-36.5014
 14046	-34.38
 14047	-32.2335
 14048	-37.0304
 14049	-38.3041
 14050	-37.7376
 14051	-41.4811
 14052	-36.8478
 14053	-38.8161
 14054	-38.4087
 14055	-32.3364
 14056	-40.5689
 14057	-41.9307
 14058	-44.8771
 14059	-47.7039
 14060	-40.8648
 14061	-43.1187
 14062	-50.6771
 14063	-43.5242
 14064	-46.9099
 14065	-41.8514
 14066	-34.5204
 14067	-43.0562
 14068	-42.2631
 14069	-32.1843
 14070	-34.332
 14071	-31.0941
 14072	-22.3739
 14073	-28.3479
 14074	-36.1695
 14075	-35.6206
 14076	-32.4404
 14077	-32.3764
 14078	-32.1644
 14079	-31.9796
 14080	-35.9885
 14081	-35.266
 14082	-34.2295
 14083	-40.0904
 14084	-36.8059
 14085	-32.4504
 14086	-34.4177
 14087	-38.7768
 14088	-44.2608
 14089	-40.1652
 14090	-41.4861
 14091	-43.1368
 14092	-40.0318
 14093	-42.3301
 14094	-36.4782
 14095	-29.4783
 14096	-28.5184
 14097	-21.579
 14098	-21.8548
 14099	-26.5592
 14100	-32.0351
 14101	-30.8693
 14102	-18.4303
 14103	-26.9294
 14104	-27.7737
 14105	-32.0479
 14106	-39.7053
 14107	-43.5407
 14108	-44.1866
 14109	-46.6257
 14110	-50.3195
 14111	-49.371
 14112	-51.3327
 14113	-57.4518
 14114	-47.8746
 14115	-51.9355
 14116	-54.2481
 14117	-47.1242
 14118	-52.2907
 14119	-42.6503
 14120	-39.1448
 14121	-41.7251
 14122	-38.1143
 14123	-40.3059
 14124	-41.2731
 14125	-41.7735
 14126	-50.6028
 14127	-45.1613
 14128	-50.9864
 14129	-49.3786
 14130	-45.9243
 14131	-51.6728
 14132	-46.5502
 14133	-52.2747
 14134	-57.0899
 14135	-52.3906
 14136	-48.9725
 14137	-46.2166
 14138	-48.7427
 14139	-47.3983
 14140	-39.2806
 14141	-49.4001
 14142	-48.6823
 14143	-47.2937
 14144	-52.6411
 14145	-46.4822
 14146	-46.5126
 14147	-48.9929
 14148	-44.501
 14149	-47.3738
 14150	-45.3898
 14151	-47.0253
 14152	-44.675
 14153	-43.8817
 14154	-45.3673
 14155	-42.5578
 14156	-41.1833
 14157	-40.1606
 14158	-41.9475
 14159	-40.1598
 14160	-43.4581
 14161	-41.3913
 14162	-40.1152
 14163	-41.3331
 14164	-37.5185
 14165	-34.0933
 14166	-38.2276
 14167	-27.5481
 14168	-30.6905
 14169	-37.0155
 14170	-34.0688
 14171	-31.5614
 14172	-30.9927
 14173	-35.5919
 14174	-35.664
 14175	-29.7088
 14176	-34.5796
 14177	-37.8157
 14178	-34.4276
 14179	-44.4472
 14180	-43.2371
 14181	-48.6235
 14182	-56.1308
 14183	-48.1201
 14184	-53.4218
 14185	-58.1845
 14186	-51.8802
 14187	-47.7798
 14188	-45.2138
 14189	-48.1499
 14190	-50.2847
 14191	-49.533
 14192	-53.4776
 14193	-47.4272
 14194	-46.1355
 14195	-40.962
 14196	-44.5383
 14197	-48.1631
 14198	-48.8996
 14199	-46.7562
 14200	-45.7
 14201	-42.4157
 14202	-45.9181
 14203	-45.039
 14204	-38.5067
 14205	-42.6835
 14206	-39.9683
 14207	-35.2619
 14208	-42.9356
 14209	-39.9437
 14210	-35.2661
 14211	-39.1154
 14212	-39.5226
 14213	-39.5447
 14214	-45.9531
 14215	-43.9582
 14216	-41.1653
 14217	-41.1062
 14218	-41.3429
 14219	-39.7613
 14220	-43.9189
 14221	-47.934
 14222	-47.7211
 14223	-41.9711
 14224	-43.2978
 14225	-34.0265
 14226	-34.762
 14227	-41.6134
 14228	-37.592
 14229	-37.3072
 14230	-39.0217
 14231	-35.3605
 14232	-39.0025
 14233	-37.8454
 14234	-38.591
 14235	-39.6885
 14236	-37.3324
 14237	-41.3695
 14238	-41.0088
 14239	-44.8593
 14240	-51.1715
 14241	-44.8229
 14242	-46.5215
 14243	-51.3461
 14244	-44.5168
 14245	-46.7203
 14246	-47.9739
 14247	-46.9881
 14248	-50.2917
 14249	-53.0883
 14250	-52.8865
 14251	-52.8897
 14252	-58.5101
 14253	-53.3925
 14254	-49.1434
 14255	-50.7028
 14256	-55.1406
 14257	-48.9062
 14258	-48.396
 14259	-47.6676
 14260	-44.216
 14261	-43.1863
 14262	-48.4881
 14263	-45.0353
 14264	-41.08
 14265	-44.6901
 14266	-46.9019
 14267	-42.3564
 14268	-41.8594
 14269	-47.7729
 14270	-48.737
 14271	-47.4074
 14272	-47.9283
 14273	-41.5476
 14274	-38.6042
 14275	-47.2165
 14276	-38.8885
 14277	-41.461
 14278	-45.282
 14279	-36.8501
 14280	-39.4024
 14281	-32.3696
 14282	-36.7406
 14283	-35.9553
 14284	-27.468
 14285	-33.6351
 14286	-31.4052
 14287	-29.2153
 14288	-35.6638
 14289	-30.0876
 14290	-40.1296
 14291	-40.6857
 14292	-37.458
 14293	-41.8833
 14294	-36.2218
 14295	-42.372
 14296	-42.547
 14297	-35.559
 14298	-39.1821
 14299	-41.4497
 14300	-44.7195
 14301	-46.7953
 14302	-36.6544
 14303	-40.4113
 14304	-36.7566
 14305	-39.6424
 14306	-41.9911
 14307	-40.7277
 14308	-33.9064
 14309	-34.5897
 14310	-32.6743
 14311	-31.7297
 14312	-42.3902
 14313	-42.3738
 14314	-32.0349
 14315	-33.1741
 14316	-29.6042
 14317	-27.8545
 14318	-37.0889
 14319	-30.5574
 14320	-33.4375
 14321	-34.7136
 14322	-27.0982
 14323	-29.2058
 14324	-31.87
 14325	-41.5832
 14326	-37.5039
 14327	-37.4282
 14328	-40.6838
 14329	-35.5425
 14330	-39.2805
 14331	-38.4396
 14332	-29.4584
 14333	-36.7247
 14334	-30.6934
 14335	-30.3546
 14336	-27.8013
 14337	-32.1644
 14338	-32.2979
 14339	-33.1227
 14340	-39.0825
 14341	-41.4636
 14342	-41.7191
 14343	-43.885
 14344	-35.7381
 14345	-39.4801
 14346	-46.7598
 14347	-48.8919
 14348	-44.661
 14349	-45.1836
 14350	-53.9495
 14351	-47.2263
 14352	-53.9787
 14353	-58.0064
 14354	-57.8527
 14355	-62.595
 14356	-62.0059
 14357	-52.0202
 14358	-49.9147
 14359	-47.5077
 14360	-43.7365
 14361	-44.9791
 14362	-50.4401
 14363	-48.469
 14364	-40.7873
 14365	-42.5749
 14366	-45.4432
 14367	-42.2525
 14368	-39.0638
 14369	-41.4954
 14370	-41.2973
 14371	-43.9915
 14372	-50.6602
 14373	-52.3093
 14374	-45.7265
 14375	-51.9762
 14376	-49.2466
 14377	-45.5127
 14378	-50.1325
 14379	-41.3844
 14380	-40.8033
 14381	-45.3158
 14382	-41.3661
 14383	-39.9999
 14384	-43.712
 14385	-47.3325
 14386	-39.9632
 14387	-43.1967
 14388	-49.5779
 14389	-42.9907
 14390	-48.616
 14391	-47.267
 14392	-43.0414
 14393	-45.1984
 14394	-44.7775
 14395	-43.512
 14396	-39.8458
 14397	-46.9431
 14398	-50.2923
 14399	-42.1051
 14400	-49.784
 14401	-57.5584
 14402	-49.6367
 14403	-52.9332
 14404	-54.9523
 14405	-48.3358
 14406	-51.8821
 14407	-52.6775
 14408	-51.0914
 14409	-45.6873
 14410	-44.6618
 14411	-43.8559
 14412	-43.1607
 14413	-39.8834
 14414	-35.759
 14415	-35.0406
 14416	-34.2147
 14417	-29.2244
 14418	-32.8894
 14419	-23.0081
 14420	-22.8951
 14421	-26.0751
 14422	-18.509
 14423	-22.4419
 14424	-22.6846
 14425	-20.4191
 14426	-23.5868
 14427	-23.9704
 14428	-24.6571
 14429	-26.4682
 14430	-25.9334
 14431	-30.5002
 14432	-31.4916
 14433	-37.4814
 14434	-38.0739
 14435	-40.9927
 14436	-40.0876
 14437	-39.9213
 14438	-42.7889
 14439	-41.2681
 14440	-41.6701
 14441	-47.3971
 14442	-38.4847
 14443	-42.5502
 14444	-44.6861
 14445	-35.4234
 14446	-41.5293
 14447	-42.8347
 14448	-38.9712
 14449	-45.5964
 14450	-42.8359
 14451	-38.0619
 14452	-48.0993
 14453	-42.6057
 14454	-41.6711
 14455	-47.6692
 14456	-42.4677
 14457	-43.4665
 14458	-39.1847
 14459	-37.6767
 14460	-41.4952
 14461	-43.4474
 14462	-40.1285
 14463	-42.5193
 14464	-40.547
 14465	-36.3296
 14466	-40.4776
 14467	-42.8338
 14468	-39.213
 14469	-46.4625
 14470	-40.7043
 14471	-38.2888
 14472	-41.1137
 14473	-41.427
 14474	-45.7997
 14475	-44.2739
 14476	-45.2262
 14477	-42.748
 14478	-45.4374
 14479	-37.3082
 14480	-44.1725
 14481	-38.5585
 14482	-37.3095
 14483	-36.1767
 14484	-32.4055
 14485	-28.5961
 14486	-32.8277
 14487	-34.2587
 14488	-34.6674
 14489	-38.5498
 14490	-44.099
 14491	-37.1581
 14492	-42.0327
 14493	-42.3439
 14494	-46.1096
 14495	-53.0716
 14496	-46.7343
 14497	-56.5695
 14498	-54.2254
 14499	-52.4594
 14500	-45.1647
 14501	-52.1771
 14502	-48.179
 14503	-46.8461
 14504	-44.9038
 14505	-40.5766
 14506	-44.3302
 14507	-41.2954
 14508	-37.0621
 14509	-36.9371
 14510	-36.3431
 14511	-36.8081
 14512	-36.9173
 14513	-38.4718
 14514	-41.3005
 14515	-45.2921
 14516	-45.6299
 14517	-42.4652
 14518	-48.0871
 14519	-38.4248
 14520	-45.0223
 14521	-44.0521
 14522	-41.8419
 14523	-41.3344
 14524	-43.4288
 14525	-41.5291
 14526	-39.9479
 14527	-44.8882
 14528	-42.8508
 14529	-43.718
 14530	-38.3062
 14531	-43.7062
 14532	-43.1937
 14533	-42.9655
 14534	-41.5772
 14535	-41.8861
 14536	-44.4396
 14537	-47.65
 14538	-45.6122
 14539	-44.2261
 14540	-44.0649
 14541	-41.3252
 14542	-43.8199
 14543	-41.517
 14544	-44.9198
 14545	-42.3564
 14546	-36.8068
 14547	-37.231
 14548	-40.7707
 14549	-37.7677
 14550	-44.1311
 14551	-36.6585
 14552	-40.2249
 14553	-43.3949
 14554	-45.2405
 14555	-48.4651
 14556	-42.4895
 14557	-44.3265
 14558	-41.0022
 14559	-40.347
 14560	-39.4277
 14561	-37.1716
 14562	-37.4639
 14563	-39.0045
 14564	-31.2848
 14565	-38.4155
 14566	-40.8968
 14567	-45.1422
 14568	-39.9086
 14569	-43.8154
 14570	-49.0043
 14571	-45.0698
 14572	-49.3735
 14573	-49.5208
 14574	-47.5637
 14575	-47.1494
 14576	-47.2739
 14577	-41.2737
 14578	-45.5516
 14579	-47.2057
 14580	-46.9886
 14581	-40.4501
 14582	-41.9363
 14583	-44.0601
 14584	-36.7564
 14585	-39.4191
 14586	-42.7522
 14587	-39.6315
 14588	-38.9623
 14589	-41.862
 14590	-44.9026
 14591	-48.0622
 14592	-50.0221
 14593	-59.0447
 14594	-54.0935
 14595	-57.2523
 14596	-59.8272
 14597	-61.9422
 14598	-63.6141
 14599	-63.8149
 14600	-58.952
 14601	-54.131
 14602	-55.1941
 14603	-51.3565
 14604	-47.8743
 14605	-43.8253
 14606	-47.214
 14607	-39.735
 14608	-38.7488
 14609	-40.1917
 14610	-32.5722
 14611	-28.6192
 14612	-29.2605
 14613	-27.9223
 14614	-26.3606
 14615	-29.8293
 14616	-33.0488
 14617	-35.8277
 14618	-35.9456
 14619	-37.6994
 14620	-36.4891
 14621	-40.5173
 14622	-41.8641
 14623	-43.3566
 14624	-40.2609
 14625	-45.3056
 14626	-41.6451
 14627	-40.1723
 14628	-43.7212
 14629	-41.0048
 14630	-39.7037
 14631	-37.0836
 14632	-31.4935
 14633	-30.6834
 14634	-31.0071
 14635	-27.9279
 14636	-25.2903
 14637	-25.5846
 14638	-25.4238
 14639	-22.6173
 14640	-21.3903
 14641	-18.0832
 14642	-15.6256
 14643	-10.1382
 14644	-12.5255
 14645	-14.9532
 14646	-11.5512
 14647	-19.4115
 14648	-23.8974
 14649	-22.7741
 14650	-23.7875
 14651	-31.877
 14652	-27.3445
 14653	-28.468
 14654	-33.0278
 14655	-34.5767
 14656	-37.4553
 14657	-42.7044
 14658	-36.8396
 14659	-35.6067
 14660	-43.8721
 14661	-46.0996
 14662	-40.5916
 14663	-48.2745
 14664	-54.6041
 14665	-48.8196
 14666	-50.8152
 14667	-48.734
 14668	-49.2173
 14669	-48.1977
 14670	-48.5678
 14671	-50.2474
 14672	-49.4938
 14673	-48.1768
 14674	-50.4701
 14675	-50.0861
 14676	-52.7116
 14677	-51.7965
 14678	-44.5618
 14679	-43.919
 14680	-46.3435
 14681	-50.0364
 14682	-48.2744
 14683	-50.2698
 14684	-49.6151
 14685	-45.1909
 14686	-49.5
 14687	-50.5656
 14688	-45.9891
 14689	-53.3691
 14690	-50.6723
 14691	-52.0375
 14692	-54.2763
 14693	-51.6538
 14694	-52.4703
 14695	-52.3877
 14696	-55.7673
 14697	-56.3196
 14698	-57.8345
 14699	-60.8972
 14700	-58.2312
 14701	-56.0924
 14702	-58.7447
 14703	-52.4502
 14704	-50.0026
 14705	-50.4801
 14706	-49.3436
 14707	-47.4735
 14708	-48.2154
 14709	-50.2308
 14710	-39.0672
 14711	-39.8427
 14712	-44.2135
 14713	-39.507
 14714	-41.5658
 14715	-44.1245
 14716	-38.9931
 14717	-40.6132
 14718	-43.7211
 14719	-47.2474
 14720	-47.5271
 14721	-50.041
 14722	-54.0151
 14723	-52.0845
 14724	-58.1602
 14725	-58.6589
 14726	-62.4118
 14727	-55.2228
 14728	-52.5838
 14729	-54.1505
 14730	-51.3032
 14731	-45.8611
 14732	-43.1707
 14733	-34.5521
 14734	-34.4121
 14735	-34.4688
 14736	-33.1569
 14737	-36.5488
 14738	-44.6611
 14739	-40.7012
 14740	-42.272
 14741	-44.0133
 14742	-43.0289
 14743	-42.502
 14744	-43.1926
 14745	-47.1385
 14746	-43.4868
 14747	-48.0484
 14748	-46.175
 14749	-44.1233
 14750	-46.6667
 14751	-45.8585
 14752	-44.8199
 14753	-46.0375
 14754	-46.8334
 14755	-47.3247
 14756	-48.131
 14757	-50.2801
 14758	-43.3864
 14759	-41.3698
 14760	-43.9688
 14761	-42.4172
 14762	-46.845
 14763	-47.4497
 14764	-51.7426
 14765	-47.2788
 14766	-48.0119
 14767	-51.1466
 14768	-50.5563
 14769	-47.0013
 14770	-44.6834
 14771	-45.5376
 14772	-40.3917
 14773	-43.3352
 14774	-44.1258
 14775	-43.7266
 14776	-41.4864
 14777	-39.7936
 14778	-38.4743
 14779	-35.1015
 14780	-42.7997
 14781	-43.6094
 14782	-39.4846
 14783	-43.0531
 14784	-35.2205
 14785	-40.6072
 14786	-41.7231
 14787	-43.9373
 14788	-44.9026
 14789	-39.6714
 14790	-41.8669
 14791	-44.4357
 14792	-48.1095
 14793	-43.0062
 14794	-39.7316
 14795	-43.8377
 14796	-42.8901
 14797	-47.8246
 14798	-49.6544
 14799	-48.7704
 14800	-49.1411
 14801	-49.6293
 14802	-55.3438
 14803	-57.2594
 14804	-57.971
 14805	-61.1424
 14806	-55.7044
 14807	-54.5099
 14808	-53.9811
 14809	-50.4622
 14810	-49.263
 14811	-55.6249
 14812	-48.4861
 14813	-39.3789
 14814	-37.2812
 14815	-40.3073
 14816	-34.6797
 14817	-34.6797
 14818	-37.2834
 14819	-34.5493
 14820	-29.5299
 14821	-31.5968
 14822	-35.4136
 14823	-37.5872
 14824	-35.7429
 14825	-36.8827
 14826	-43.0367
 14827	-44.5287
 14828	-49.1806
 14829	-45.8649
 14830	-50.89
 14831	-57.5481
 14832	-47.9356
 14833	-50.745
 14834	-53.314
 14835	-51.4256
 14836	-51.1444
 14837	-49.5685
 14838	-45.6013
 14839	-43.2283
 14840	-41.1932
 14841	-39.5741
 14842	-38.4901
 14843	-40.905
 14844	-32.2464
 14845	-39.1519
 14846	-43.4542
 14847	-44.7668
 14848	-42.5121
 14849	-40.4383
 14850	-45.2963
 14851	-48.3076
 14852	-48.5575
 14853	-49.6794
 14854	-53.2781
 14855	-52.3454
 14856	-48.879
 14857	-45.4385
 14858	-46.9418
 14859	-46.987
 14860	-46.9819
 14861	-39.7764
 14862	-37.6103
 14863	-39.3046
 14864	-33.6623
 14865	-38.6416
 14866	-39.2593
 14867	-31.7923
 14868	-34.6134
 14869	-32.5604
 14870	-36.1469
 14871	-42.8145
 14872	-41.5352
 14873	-42.1102
 14874	-46.0488
 14875	-50.4089
 14876	-53.3871
 14877	-49.6154
 14878	-49.9509
 14879	-48.8667
 14880	-47.2864
 14881	-51.7692
 14882	-51.4033
 14883	-47.4162
 14884	-41.9608
 14885	-36.3197
 14886	-38.9325
 14887	-35.3428
 14888	-32.4167
 14889	-30.3514
 14890	-29.8887
 14891	-32.8069
 14892	-36.7859
 14893	-30.5916
 14894	-33.7859
 14895	-36.2407
 14896	-33.675
 14897	-40.0906
 14898	-36.0546
 14899	-31.0607
 14900	-32.9098
 14901	-39.3462
 14902	-35.8623
 14903	-39.6429
 14904	-38.0017
 14905	-34.0362
 14906	-32.0332
 14907	-29.591
 14908	-31.619
 14909	-35.4597
 14910	-30.457
 14911	-34.1818
 14912	-39.1686
 14913	-40.8076
 14914	-41.9651
 14915	-41.3933
 14916	-40.7059
 14917	-41.9731
 14918	-42.1299
 14919	-46.0037
 14920	-44.1847
 14921	-42.0154
 14922	-47.7822
 14923	-44.1031
 14924	-45.6804
 14925	-44.7233
 14926	-40.2677
 14927	-41.1335
 14928	-38.6539
 14929	-42.1745
 14930	-44.0889
 14931	-41.9068
 14932	-43.9732
 14933	-46.1228
 14934	-39.7806
 14935	-47.3451
 14936	-37.1787
 14937	-40.2475
 14938	-43.3023
 14939	-41.1725
 14940	-43.2435
 14941	-43.3892
 14942	-40.0308
 14943	-45.2229
 14944	-42.6325
 14945	-40.6626
 14946	-46.3997
 14947	-42.1762
 14948	-40.5588
 14949	-42.302
 14950	-40.3927
 14951	-34.4446
 14952	-38.0349
 14953	-35.3486
 14954	-35.6602
 14955	-36.4467
 14956	-40.9223
 14957	-42.8259
 14958	-47.313
 14959	-45.7491
 14960	-48.7927
 14961	-51.1209
 14962	-48.3734
 14963	-46.6564
 14964	-45.4137
 14965	-44.0677
 14966	-44.7321
 14967	-45.349
 14968	-41.5947
 14969	-46.9234
 14970	-44.5927
 14971	-47.9264
 14972	-49.1969
 14973	-50.1619
 14974	-51.4506
 14975	-53.2809
 14976	-45.8904
 14977	-51.572
 14978	-46.2591
 14979	-41.67
 14980	-41.5939
 14981	-41.0032
 14982	-43.7912
 14983	-42.1474
 14984	-45.79
 14985	-49.4954
 14986	-45.0208
 14987	-48.7643
 14988	-48.5122
 14989	-48.124
 14990	-47.0213
 14991	-45.0637
 14992	-39.791
 14993	-37.0704
 14994	-39.852
 14995	-38.7722
 14996	-36.628
 14997	-45.7422
 14998	-34.9878
 14999	-37.4121
 15000	-42.6459
 15001	-40.6723
 15002	-44.8927
 15003	-47.2512
 15004	-45.4137
 15005	-43.8486
 15006	-40.0131
 15007	-48.9233
 15008	-39.3598
 15009	-36.3689
 15010	-40.0778
 15011	-35.9928
 15012	-38.5608
 15013	-42.0783
 15014	-46.0406
 15015	-44.3882
 15016	-44.3651
 15017	-48.6208
 15018	-48.3301
 15019	-49.3589
 15020	-53.1301
 15021	-41.6912
 15022	-50.1071
 15023	-51.071
 15024	-44.9547
 15025	-51.8777
 15026	-58.8808
 15027	-56.1987
 15028	-56.9902
 15029	-58.254
 15030	-57.2771
 15031	-62.335
 15032	-66.6455
 15033	-65.0896
 15034	-57.5236
 15035	-56.6575
 15036	-46.7325
 15037	-46.3928
 15038	-45.0033
 15039	-40.2014
 15040	-32.1953
 15041	-25.1087
 15042	-26.4196
 15043	-29.7243
 15044	-31.2504
 15045	-32.2324
 15046	-31.0408
 15047	-28.1212
 15048	-27.753
 15049	-26.2485
 15050	-32.8116
 15051	-37.3149
 15052	-38.3275
 15053	-29.2966
 15054	-35.9936
 15055	-38.8633
 15056	-33.8969
 15057	-40.7127
 15058	-50.1602
 15059	-44.0593
 15060	-48.5019
 15061	-53.1604
 15062	-56.0984
 15063	-50.6963
 15064	-46.4276
 15065	-47.2669
 15066	-42.3413
 15067	-45.7782
 15068	-48.7678
 15069	-40.6828
 15070	-44.142
 15071	-43.2294
 15072	-32.7992
 15073	-41.0712
 15074	-42.9354
 15075	-39.8535
 15076	-41.0014
 15077	-45.6938
 15078	-47.1659
 15079	-44.0869
 15080	-51.406
 15081	-48.0521
 15082	-42.3477
 15083	-45.7355
 15084	-41.3061
 15085	-41.346
 15086	-46.1142
 15087	-43.5353
 15088	-43.1761
 15089	-37.3134
 15090	-41.2242
 15091	-39.0695
 15092	-38.7627
 15093	-35.8095
 15094	-32.9033
 15095	-33.1665
 15096	-36.6965
 15097	-38.4555
 15098	-36.3532
 15099	-40.2083
 15100	-46.284
 15101	-37.5952
 15102	-45.718
 15103	-52.7479
 15104	-57.208
 15105	-57.5703
 15106	-55.2366
 15107	-46.7233
 15108	-53.5101
 15109	-56.6449
 15110	-52.0337
 15111	-49.186
 15112	-48.4927
 15113	-45.2397
 15114	-44.4571
 15115	-45.9633
 15116	-43.5302
 15117	-41.8901
 15118	-41.9001
 15119	-41.1108
 15120	-42.0602
 15121	-43.6951
 15122	-44.121
 15123	-43.3085
 15124	-44.6371
 15125	-43.7095
 15126	-34.5998
 15127	-34.5143
 15128	-36.7374
 15129	-38.4636
 15130	-40.3002
 15131	-35.5948
 15132	-33.829
 15133	-38.2925
 15134	-47.3844
 15135	-45.2262
 15136	-45.2152
 15137	-46.7764
 15138	-43.3647
 15139	-42.9614
 15140	-48.0488
 15141	-50.33
 15142	-50.8466
 15143	-48.3898
 15144	-47.0838
 15145	-52.7892
 15146	-49.7734
 15147	-50.6874
 15148	-48.0427
 15149	-42.0621
 15150	-42.2677
 15151	-40.8641
 15152	-32.4894
 15153	-31.8302
 15154	-32.6756
 15155	-25.7729
 15156	-18.7816
 15157	-25.3732
 15158	-35.3398
 15159	-30.5962
 15160	-31.2451
 15161	-34.1825
 15162	-31.2805
 15163	-29.1712
 15164	-36.8651
 15165	-36.7483
 15166	-41.3401
 15167	-38.9678
 15168	-35.6063
 15169	-37.904
 15170	-40.069
 15171	-43.1084
 15172	-39.8625
 15173	-33.7956
 15174	-34.9084
 15175	-38.5399
 15176	-34.1492
 15177	-32.865
 15178	-30.3424
 15179	-32.7623
 15180	-28.9706
 15181	-34.1594
 15182	-36.1884
 15183	-33.3003
 15184	-38.416
 15185	-37.5699
 15186	-36.9352
 15187	-44.9973
 15188	-46.3297
 15189	-44.4044
 15190	-46.541
 15191	-44.6862
 15192	-46.2349
 15193	-50.1023
 15194	-47.6116
 15195	-44.4276
 15196	-47.2414
 15197	-43.7767
 15198	-36.3457
 15199	-42.5829
 15200	-40.4398
 15201	-37.4917
 15202	-36.1254
 15203	-30.6387
 15204	-33.6845
 15205	-36.238
 15206	-26.1201
 15207	-31.0426
 15208	-32.6655
 15209	-28.9597
 15210	-25.0603
 15211	-23.411
 15212	-28.691
 15213	-24.2978
 15214	-23.3208
 15215	-23.2373
 15216	-25.7089
 15217	-29.3814
 15218	-23.2474
 15219	-21.4838
 15220	-24.7742
 15221	-19.6059
 15222	-21.4048
 15223	-18.7044
 15224	-25.4179
 15225	-31.4753
 15226	-23.9598
 15227	-29.4681
 15228	-37.2711
 15229	-35.4485
 15230	-38.8257
 15231	-42.0804
 15232	-40.9375
 15233	-42.4852
 15234	-38.4358
 15235	-46.4748
 15236	-40.2091
 15237	-40.4463
 15238	-41.4836
 15239	-40.4615
 15240	-44.8789
 15241	-45.1034
 15242	-49.1976
 15243	-43.8685
 15244	-40.6491
 15245	-44.4639
 15246	-36.086
 15247	-41.0516
 15248	-46.8285
 15249	-36.9585
 15250	-40.9981
 15251	-35.8068
 15252	-35.8413
 15253	-37.7381
 15254	-34.6117
 15255	-31.8034
 15256	-33.6332
 15257	-37.0445
 15258	-34.6923
 15259	-35.6044
 15260	-39.506
 15261	-32.3075
 15262	-39.4132
 15263	-39.6636
 15264	-28.4679
 15265	-39.9993
 15266	-39.1594
 15267	-38.0221
 15268	-46.7019
 15269	-44.8683
 15270	-50.2569
 15271	-48.239
 15272	-46.4368
 15273	-54.9243
 15274	-46.4278
 15275	-48.3304
 15276	-51.7446
 15277	-47.5729
 15278	-48.1979
 15279	-51.4676
 15280	-48.0916
 15281	-36.7652
 15282	-43.8775
 15283	-42.5366
 15284	-36.5661
 15285	-38.1068
 15286	-31.2561
 15287	-24.6284
 15288	-26.9628
 15289	-30.131
 15290	-31.4799
 15291	-28.7346
 15292	-28.9267
 15293	-27.2183
 15294	-26.4823
 15295	-24.2914
 15296	-24.5434
 15297	-31.5667
 15298	-35.1225
 15299	-31.6718
 15300	-42.2755
 15301	-44.252
 15302	-39.676
 15303	-42.8741
 15304	-41.1003
 15305	-42.6853
 15306	-42.9408
 15307	-47.2383
 15308	-43.6583
 15309	-42.9733
 15310	-46.6151
 15311	-38.1581
 15312	-38.6232
 15313	-40.873
 15314	-39.0003
 15315	-42.5683
 15316	-44.3752
 15317	-46.6695
 15318	-51.8069
 15319	-44.7763
 15320	-43.9643
 15321	-46.5721
 15322	-43.7444
 15323	-41.0538
 15324	-50.3702
 15325	-42.8791
 15326	-38.4239
 15327	-39.1443
 15328	-34.8606
 15329	-34.1606
 15330	-34.3418
 15331	-34.8223
 15332	-34.0183
 15333	-29.4061
 15334	-33.2402
 15335	-35.6137
 15336	-34.7136
 15337	-37.3123
 15338	-36.8759
 15339	-34.1632
 15340	-33.5453
 15341	-40.9435
 15342	-39.1878
 15343	-43.9142
 15344	-43.8475
 15345	-44.1793
 15346	-45.0346
 15347	-49.799
 15348	-49.5165
 15349	-50.5946
 15350	-53.5334
 15351	-50.3703
 15352	-55.2755
 15353	-61.428
 15354	-51.3131
 15355	-53.0607
 15356	-58.8194
 15357	-44.9034
 15358	-49.1521
 15359	-47.4759
 15360	-39.2064
 15361	-36.4314
 15362	-38.7191
 15363	-31.8348
 15364	-31.3595
 15365	-29.9937
 15366	-28.3036
 15367	-24.6304
 15368	-22.6134
 15369	-18.4342
 15370	-17.9433
 15371	-16.1768
 15372	-17.0152
 15373	-17.3715
 15374	-10.7186
 15375	-11.8328
 15376	-11.2294
 15377	-0.754315
 15378	2.30811
 15379	-2.15107
 15380	4.68642
 15381	7.60761
 15382	2.30143
 15383	1.12578
 15384	12.7456
 15385	6.5978
 15386	10.5672
 15387	13.4772
 15388	3.80029
 15389	10.1626
 15390	7.53265
 15391	-7.91677
 15392	2.90881
 15393	5.64278
 15394	0.628603
 15395	3.83498
 15396	0.894665
 15397	2.0375
 15398	-0.829509
 15399	-0.350378
 15400	-1.08272
 15401	-5.76106
 15402	-1.25552
 15403	-1.91344
 15404	-8.24506
 15405	-9.35638
 15406	-8.37236
 15407	-7.7555
 15408	-12.5955
 15409	-4.08858
 15410	-8.0433
 15411	-14.6247
 15412	-8.42422
 15413	-15.5773
 15414	-17.5236
 15415	-15.1166
 15416	-13.1692
 15417	-14.004
 15418	-13.8207
 15419	-13.9982
 15420	-22.0836
 15421	-20.1685
 15422	-15.7692
 15423	-24.8042
 15424	-17.8619
 15425	-12.8745
 15426	-21.5711
 15427	-20.0403
 15428	-20.3459
 15429	-20.1837
 15430	-22.4089
 15431	-25.0158
 15432	-29.2403
 15433	-29.0673
 15434	-34.3215
 15435	-31.7715
 15436	-37.7917
 15437	-42.0798
 15438	-40.3609
 15439	-43.796
 15440	-46.1557
 15441	-41.7997
 15442	-45.3798
 15443	-46.9968
 15444	-36.1665
 15445	-40.9859
 15446	-39.8213
 15447	-41.4053
 15448	-49.1981
 15449	-52.5459
 15450	-38.5766
 15451	-40.3582
 15452	-37.3653
 15453	-38.5681
 15454	-32.2368
 15455	-32.5654
 15456	-33.8659
 15457	-27.5644
 15458	-36.9336
 15459	-39.2091
 15460	-33.8043
 15461	-33.6631
 15462	-32.8328
 15463	-35.0636
 15464	-39.229
 15465	-41.814
 15466	-42.8084
 15467	-29.843
 15468	-33.4867
 15469	-33.2813
 15470	-21.6044
 15471	-25.5718
 15472	-29.4312
 15473	-18.1312
 15474	-18.0023
 15475	-16.5003
 15476	-9.8263
 15477	-13.1368
 15478	-14.1491
 15479	-7.62612
 15480	1.25953
 15481	-5.76528
 15482	-3.12257
 15483	0.648086
 15484	-5.90766
 15485	-12.8601
 15486	-5.62589
 15487	-12.8191
 15488	-15.9314
 15489	-11.4822
 15490	-16.2008
 15491	-21.7635
 15492	-19.196
 15493	-17.3419
 15494	-22.1616
 15495	-28.2964
 15496	-31.2253
 15497	-26.1408
 15498	-33.5222
 15499	-34.3949
 15500	-30.374
 15501	-39.7746
 15502	-35.8255
 15503	-33.5839
 15504	-39.2817
 15505	-28.0015
 15506	-31.4153
 15507	-35.8627
 15508	-35.0694
 15509	-33.4818
 15510	-37.3443
 15511	-42.2628
 15512	-38.0194
 15513	-39.9501
 15514	-41.4695
 15515	-39.2469
 15516	-41.3386
 15517	-42.1568
 15518	-33.747
 15519	-36.2825
 15520	-40.3384
 15521	-43.0246
 15522	-38.5666
 15523	-37.6701
 15524	-35.6451
 15525	-35.1117
 15526	-34.8547
 15527	-35.1939
 15528	-34.7375
 15529	-35.0935
 15530	-34.6158
 15531	-35.398
 15532	-34.782
 15533	-33.7378
 15534	-29.5919
 15535	-28.8997
 15536	-34.5622
 15537	-36.6649
 15538	-37.6467
 15539	-39.4756
 15540	-35.4573
 15541	-39.134
 15542	-38.7133
 15543	-28.4253
 15544	-30.7945
 15545	-30.598
 15546	-32.1542
 15547	-32.0705
 15548	-34.202
 15549	-36.3384
 15550	-31.5944
 15551	-34.7629
 15552	-41.9792
 15553	-37.9558
 15554	-45.0264
 15555	-34.0258
 15556	-42.2399
 15557	-50.8518
 15558	-45.9431
 15559	-47.6768
 15560	-45.2378
 15561	-41.7558
 15562	-43.2121
 15563	-38.2696
 15564	-40.8549
 15565	-41.1975
 15566	-37.9622
 15567	-39.175
 15568	-43.1688
 15569	-32.9663
 15570	-28.3946
 15571	-25.993
 15572	-18.5841
 15573	-18.7852
 15574	-18.5992
 15575	-17.5542
 15576	-19.7458
 15577	-15.9166
 15578	-18.9022
 15579	-15.8439
 15580	-17.81
 15581	-20.3775
 15582	-23.8933
 15583	-26.8019
 15584	-29.056
 15585	-27.6938
 15586	-24.2055
 15587	-26.1084
 15588	-33.16
 15589	-31.9933
 15590	-32.0287
 15591	-38.1139
 15592	-39.8519
 15593	-42.2195
 15594	-55.2244
 15595	-56.8826
 15596	-56.4569
 15597	-63.1309
 15598	-57.5957
 15599	-48.4104
 15600	-56.7145
 15601	-55.2306
 15602	-48.5671
 15603	-46.4938
 15604	-44.1728
 15605	-41.7375
 15606	-44.3546
 15607	-42.1069
 15608	-37.6891
 15609	-31.5094
 15610	-31.0813
 15611	-27.5264
 15612	-25.8479
 15613	-27.1752
 15614	-26.2132
 15615	-16.9667
 15616	-17.2268
 15617	-14.9419
 15618	-14.1141
 15619	-15.6318
 15620	-16.8825
 15621	-18.2906
 15622	-16.9895
 15623	-20.9583
 15624	-21.1989
 15625	-11.6852
 15626	-16.7001
 15627	-17.3784
 15628	-9.37372
 15629	-14.7397
 15630	-15.2762
 15631	-11.9915
 15632	-21.868
 15633	-16.3569
 15634	-14.6582
 15635	-25.9731
 15636	-29.4871
 15637	-31.2842
 15638	-34.2123
 15639	-41.1374
 15640	-43.6445
 15641	-37.8326
 15642	-41.0873
 15643	-41.493
 15644	-40.5693
 15645	-41.3931
 15646	-38.788
 15647	-36.9831
 15648	-45.2424
 15649	-49.6921
 15650	-44.0943
 15651	-45.3034
 15652	-48.3024
 15653	-44.1481
 15654	-42.8322
 15655	-50.449
 15656	-45.3478
 15657	-40.4305
 15658	-42.4857
 15659	-38.8545
 15660	-38.2619
 15661	-41.1359
 15662	-31.5173
 15663	-26.2097
 15664	-31.0279
 15665	-27.5172
 15666	-23.477
 15667	-29.9604
 15668	-26.555
 15669	-29.8696
 15670	-27.4663
 15671	-24.9004
 15672	-28.2191
 15673	-26.3271
 15674	-19.7342
 15675	-21.5338
 15676	-19.3174
 15677	-16.296
 15678	-15.866
 15679	-15.2013
 15680	-7.61549
 15681	-12.4548
 15682	-14.6562
 15683	-13.2809
 15684	-20.6949
 15685	-20.2821
 15686	-17.8597
 15687	-20.6078
 15688	-21.4611
 15689	-19.6238
 15690	-26.3181
 15691	-20.7709
 15692	-18.7368
 15693	-28.7016
 15694	-38.3462
 15695	-34.3669
 15696	-36.4731
 15697	-34.4943
 15698	-34.1497
 15699	-40.0811
 15700	-37.5198
 15701	-38.572
 15702	-38.8589
 15703	-27.3767
 15704	-34.509
 15705	-35.0208
 15706	-27.4874
 15707	-34.2529
 15708	-31.392
 15709	-34.9668
 15710	-40.3101
 15711	-42.5622
 15712	-39.9763
 15713	-41.8419
 15714	-44.2079
 15715	-46.1098
 15716	-44.7708
 15717	-46.4288
 15718	-41.6524
 15719	-42.8061
 15720	-45.8699
 15721	-44.3446
 15722	-44.5164
 15723	-36.0835
 15724	-35.6647
 15725	-37.0266
 15726	-32.1432
 15727	-40.6276
 15728	-38.1301
 15729	-27.0827
 15730	-21.6716
 15731	-17.8615
 15732	-17.4549
 15733	-18.0838
 15734	-14.7461
 15735	-10.8174
 15736	-9.37197
 15737	-6.11888
 15738	-2.3352
 15739	-7.78828
 15740	-9.1453
 15741	-8.18292
 15742	-15.4845
 15743	-14.0345
 15744	-18.3712
 15745	-23.4849
 15746	-21.585
 15747	-37.3919
 15748	-41.3917
 15749	-34.1845
 15750	-40.2684
 15751	-41.901
 15752	-39.6791
 15753	-40.2724
 15754	-44.8897
 15755	-41.7614
 15756	-39.8865
 15757	-44.013
 15758	-44.561
 15759	-47.8045
 15760	-45.2994
 15761	-41.8618
 15762	-50.169
 15763	-44.4294
 15764	-44.1438
 15765	-46.9792
 15766	-37.6281
 15767	-41.5003
 15768	-35.5945
 15769	-32.2833
 15770	-33.2798
 15771	-35.8434
 15772	-23.1806
 15773	-17.6059
 15774	-21.4906
 15775	-18.585
 15776	-11.5452
 15777	-13.5794
 15778	-11.3272
 15779	-7.85222
 15780	-0.851682
 15781	-2.75734
 15782	-8.40444
 15783	-5.87098
 15784	-14.2914
 15785	-10.9091
 15786	-10.5045
 15787	-21.1085
 15788	-23.1902
 15789	-23.2461
 15790	-33.067
 15791	-35.5836
 15792	-36.7097
 15793	-38.285
 15794	-45.2743
 15795	-42.2992
 15796	-50.728
 15797	-52.5957
 15798	-49.908
 15799	-53.6028
 15800	-55.3835
 15801	-52.636
 15802	-55.8676
 15803	-51.531
 15804	-53.3761
 15805	-55.4444
 15806	-46.1349
 15807	-45.5762
 15808	-46.2254
 15809	-44.7716
 15810	-42.782
 15811	-35.8009
 15812	-36.4489
 15813	-34.0335
 15814	-36.5224
 15815	-33.765
 15816	-33.9882
 15817	-37.4759
 15818	-32.0935
 15819	-20.3991
 15820	-13.5119
 15821	-24.0529
 15822	-20.333
 15823	-5.2996
 15824	-13.3278
 15825	-13.4923
 15826	-11.8883
 15827	-17.3447
 15828	-13.1596
 15829	-12.3404
 15830	-15.4234
 15831	-16.3155
 15832	-14.304
 15833	-16.2915
 15834	-18.1178
 15835	-17.2072
 15836	-12.1705
 15837	-5.62849
 15838	-11.8204
 15839	-11.7017
 15840	-3.97868
 15841	-5.94716
 15842	-4.21464
 15843	1.98242
 15844	-3.91379
 15845	0.593644
 15846	4.86621
 15847	-3.67776
 15848	-6.60747
 15849	-1.58668
 15850	-4.20244
 15851	-11.6953
 15852	-9.76351
 15853	-7.00173
 15854	-10.5736
 15855	-5.61026
 15856	-6.28783
 15857	-4.50426
 15858	5.15218
 15859	3.13668
 15860	6.72398
 15861	8.94098
 15862	3.84906
 15863	11.135
 15864	6.92846
 15865	6.96726
 15866	7.03783
 15867	3.94896
 15868	5.24276
 15869	8.2527
 15870	1.87189
 15871	1.34379
 15872	3.79801
 15873	-0.525213
 15874	-5.28754
 15875	1.9307
 15876	-0.158611
 15877	1.45456
 15878	6.19762
 15879	-0.352761
 15880	1.26528
 15881	1.79496
 15882	2.56696
 15883	2.69063
 15884	-0.812557
 15885	5.79825
 15886	3.88496
 15887	-0.283892
 15888	8.5678
 15889	-1.06339
 15890	0.947745
 15891	2.77702
 15892	-1.74002
 15893	-1.40745
 15894	1.97697
 15895	1.22658
 15896	1.3555
 15897	-3.78049
 15898	-7.34937
 15899	-7.77794
 15900	-10.5239
 15901	-7.9682
 15902	-10.2208
 15903	-6.75416
 15904	-1.80087
 15905	-7.98656
 15906	-11.9421
 15907	-10.4885
 15908	-11.4623
 15909	-20.0506
 15910	-23.7764
 15911	-18.8929
 15912	-23.5832
 15913	-26.8964
 15914	-26.5869
 15915	-35.7486
 15916	-33.2934
 15917	-33.3888
 15918	-40.23
 15919	-41.8959
 15920	-35.4452
 15921	-37.6573
 15922	-35.4796
 15923	-36.6538
 15924	-41.6137
 15925	-43.7037
 15926	-38.9249
 15927	-48.3273
 15928	-38.3216
 15929	-42.2544
 15930	-44.8149
 15931	-37.0913
 15932	-43.8786
 15933	-43.745
 15934	-32.046
 15935	-43.9672
 15936	-42.0915
 15937	-39.963
 15938	-48.4184
 15939	-39.8047
 15940	-35.4095
 15941	-39.7347
 15942	-40.6165
 15943	-36.0008
 15944	-39.0279
 15945	-35.183
 15946	-32.9106
 15947	-32.4908
 15948	-34.3334
 15949	-35.1219
 15950	-36.7333
 15951	-33.9121
 15952	-33.7468
 15953	-44.7897
 15954	-44.9967
 15955	-40.0332
 15956	-48.175
 15957	-41.0252
 15958	-44.8718
 15959	-46.7497
 15960	-39.3493
 15961	-44.7101
 15962	-40.6066
 15963	-40.2724
 15964	-45.3083
 15965	-39.0639
 15966	-33.5795
 15967	-37.6987
 15968	-31.913
 15969	-35.1427
 15970	-46.5128
 15971	-32.7502
 15972	-37.4175
 15973	-42.8552
 15974	-33.3816
 15975	-40.6117
 15976	-44.9436
 15977	-41.6172
 15978	-45.0836
 15979	-45.5454
 15980	-46.6318
 15981	-46.03
 15982	-50.7876
 15983	-47.777
 15984	-47.7204
 15985	-44.4176
 15986	-41.7196
 15987	-48.5779
 15988	-44.047
 15989	-42.6449
 15990	-44.2455
 15991	-31.1784
 15992	-33.4302
 15993	-39.9739
 15994	-30.1256
 15995	-30.7
 15996	-36.621
 15997	-33.5559
 15998	-38.0723
 15999	-38.9987
 16000	-38.9833
 16001	-39.9979
 16002	-36.2861
 16003	-36.9507
 16004	-42.1434
 16005	-39.6894
 16006	-38.0022
 16007	-44.2358
 16008	-40.8634
 16009	-40.0411
 16010	-45.5131
 16011	-40.9306
 16012	-39.852
 16013	-49.5845
 16014	-42.6616
 16015	-48.4166
 16016	-52.7611
 16017	-48.1146
 16018	-54.5926
 16019	-50.5843
 16020	-42.5232
 16021	-47.7165
 16022	-42.2152
 16023	-34.1
 16024	-39.5549
 16025	-43.895
 16026	-39.7693
 16027	-35.5024
 16028	-42.8604
 16029	-39.251
 16030	-38.189
 16031	-38.5923
 16032	-38.0315
 16033	-38.5505
 16034	-38.7031
 16035	-39.8667
 16036	-44.7423
 16037	-40.536
 16038	-40.6145
 16039	-46.7877
 16040	-33.8121
 16041	-42.6967
 16042	-45.425
 16043	-34.6843
 16044	-41.0652
 16045	-45.9395
 16046	-36.4542
 16047	-43.9947
 16048	-41.1548
 16049	-40.5837
 16050	-43.0998
 16051	-38.773
 16052	-34.8318
 16053	-40.0816
 16054	-38.7746
 16055	-39.3314
 16056	-43.7709
 16057	-40.6767
 16058	-41.9515
 16059	-47.3672
 16060	-46.2199
 16061	-50.1509
 16062	-57.0908
 16063	-46.8781
 16064	-48.7115
 16065	-48.2683
 16066	-40.1373
 16067	-44.5239
 16068	-43.9247
 16069	-40.6234
 16070	-49.9984
 16071	-49.0542
 16072	-43.0436
 16073	-61.8465
 16074	-59.4291
 16075	-57.0931
 16076	-58.6622
 16077	-53.8761
 16078	-52.3173
 16079	-53.6683
 16080	-53.8312
 16081	-47.4795
 16082	-49.2918
 16083	-54.7674
 16084	-52.6525
 16085	-50.8403
 16086	-48.0658
 16087	-48.4832
 16088	-40.9842
 16089	-38.0983
 16090	-48.675
 16091	-34.6903
 16092	-36.0919
 16093	-49.48
 16094	-39.0092
 16095	-43.3829
 16096	-54.3548
 16097	-42.8971
 16098	-46.0713
 16099	-53.3382
 16100	-49.3498
 16101	-58.5319
 16102	-59.9601
 16103	-59.4794
 16104	-62.897
 16105	-67.1682
 16106	-62.0621
 16107	-60.8641
 16108	-59.152
 16109	-49.7565
 16110	-53.99
 16111	-52.9139
 16112	-45.5617
 16113	-54.673
 16114	-50.6972
 16115	-47.1971
 16116	-50.8183
 16117	-47.0426
 16118	-53.9532
 16119	-54.5366
 16120	-47.6692
 16121	-61.1567
 16122	-62.1631
 16123	-61.5266
 16124	-69.4138
 16125	-68.1131
 16126	-59.6916
 16127	-68.2191
 16128	-68.0119
 16129	-62.9147
 16130	-71.3069
 16131	-74.3644
 16132	-69.4364
 16133	-76.1312
 16134	-77.1798
 16135	-70.3988
 16136	-73.7132
 16137	-66.1443
 16138	-64.8348
 16139	-63.4952
 16140	-58.0464
 16141	-59.1792
 16142	-52.6181
 16143	-51.6206
 16144	-59.8467
 16145	-57.4014
 16146	-57.6962
 16147	-59.1733
 16148	-52.7446
 16149	-52.3879
 16150	-53.483
 16151	-50.3867
 16152	-43.0472
 16153	-49.2061
 16154	-44.3398
 16155	-45.4159
 16156	-48.4596
 16157	-42.5962
 16158	-39.1348
 16159	-39.7757
 16160	-28.4931
 16161	-32.902
 16162	-42.3444
 16163	-37.4619
 16164	-39.478
 16165	-34.6218
 16166	-38.2198
 16167	-38.9322
 16168	-39.5723
 16169	-39.6822
 16170	-46.0482
 16171	-47.9913
 16172	-47.2994
 16173	-49.3811
 16174	-50.4199
 16175	-46.4729
 16176	-52.2292
 16177	-43.3797
 16178	-45.7406
 16179	-45.394
 16180	-43.5178
 16181	-51.8504
 16182	-50.6083
 16183	-45.0703
 16184	-49.8807
 16185	-47.0971
 16186	-42.414
 16187	-45.4774
 16188	-42.0926
 16189	-42.4288
 16190	-49.4643
 16191	-48.5331
 16192	-49.8383
 16193	-56.0391
 16194	-52.0773
 16195	-49.5171
 16196	-49.2364
 16197	-43.2388
 16198	-40.5607
 16199	-43.6552
 16200	-41.7864
 16201	-42.8592
 16202	-38.1993
 16203	-34.7467
 16204	-35.2119
 16205	-34.7703
 16206	-42.5253
 16207	-42.5706
 16208	-40.1213
 16209	-38.5211
 16210	-42.4293
 16211	-42.5994
 16212	-45.8945
 16213	-50.4822
 16214	-42.1014
 16215	-39.2114
 16216	-48.3621
 16217	-46.2628
 16218	-48.9234
 16219	-50.3807
 16220	-40.6211
 16221	-45.6411
 16222	-48.3755
 16223	-39.9978
 16224	-39.7582
 16225	-42.6542
 16226	-40.5903
 16227	-45.4138
 16228	-45.4211
 16229	-49.9146
 16230	-49.1249
 16231	-50.8789
 16232	-53.4173
 16233	-53.1191
 16234	-54.9382
 16235	-57.318
 16236	-51.3688
 16237	-48.7354
 16238	-56.0318
 16239	-49.7023
 16240	-45.2201
 16241	-48.8159
 16242	-41.6253
 16243	-34.6582
 16244	-42.8657
 16245	-39.2163
 16246	-35.4734
 16247	-44.4367
 16248	-41.758
 16249	-36.7089
 16250	-46.7928
 16251	-52.0426
 16252	-44.4667
 16253	-50.3696
 16254	-48.3584
 16255	-46.6538
 16256	-54.2037
 16257	-59.1883
 16258	-50.0063
 16259	-54.2916
 16260	-58.1554
 16261	-58.6257
 16262	-57.22
 16263	-60.6139
 16264	-58.2042
 16265	-49.5145
 16266	-45.3715
 16267	-49.2859
 16268	-44.8524
 16269	-43.8447
 16270	-51.2219
 16271	-42.8417
 16272	-42.9892
 16273	-46.9998
 16274	-39.1504
 16275	-33.8192
 16276	-40.4448
 16277	-39.1221
 16278	-37.8279
 16279	-37.139
 16280	-41.5995
 16281	-40.1444
 16282	-41.9964
 16283	-42.2398
 16284	-35.3682
 16285	-33.2608
 16286	-38.7707
 16287	-35.9637
 16288	-38.8567
 16289	-46.0229
 16290	-47.1128
 16291	-41.6073
 16292	-41.3699
 16293	-45.1089
 16294	-39.1562
 16295	-43.646
 16296	-41.0516
 16297	-35.4724
 16298	-39.4285
 16299	-44.2391
 16300	-39.6459
 16301	-35.0488
 16302	-37.8528
 16303	-34.802
 16304	-28.0182
 16305	-45.6994
 16306	-48.5897
 16307	-38.533
 16308	-51.8055
 16309	-48.4838
 16310	-40.9732
 16311	-46.9973
 16312	-47.1678
 16313	-37.6486
 16314	-42.9068
 16315	-37.8363
 16316	-27.8968
 16317	-35.8917
 16318	-38.7153
 16319	-31.3624
 16320	-28.8664
 16321	-30.9774
 16322	-32.9266
 16323	-24.5747
 16324	-25.063
 16325	-34.8723
 16326	-33.4854
 16327	-30.5769
 16328	-38.2779
 16329	-38.3508
 16330	-38.171
 16331	-49.6673
 16332	-45.2236
 16333	-44.2342
 16334	-51.1993
 16335	-47.1644
 16336	-43.0813
 16337	-49.7887
 16338	-45.3697
 16339	-49.2352
 16340	-52.4589
 16341	-40.2178
 16342	-38.4734
 16343	-44.7595
 16344	-38.7041
 16345	-45.2583
 16346	-43.345
 16347	-39.7612
 16348	-37.4098
 16349	-38.2257
 16350	-38.7123
 16351	-40.2863
 16352	-34.8579
 16353	-31.5323
 16354	-28.5656
 16355	-24.9978
 16356	-31.2576
 16357	-35.3046
 16358	-26.7351
 16359	-23.3824
 16360	-33.7657
 16361	-34.7458
 16362	-33.5724
 16363	-39.5922
 16364	-35.8241
 16365	-40.2289
 16366	-46.3454
 16367	-43.3877
 16368	-47.8425
 16369	-53.6696
 16370	-48.1544
 16371	-47.6715
 16372	-48.5766
 16373	-49.0461
 16374	-45.019
 16375	-54.7218
 16376	-49.745
 16377	-48.2485
 16378	-43.5456
 16379	-46.1517
 16380	-55.9535
 16381	-60.6566
 16382	-54.5772
 16383	-53.5577
 16384	-51.2049
 16385	-50.4237
 16386	-52.3792
 16387	-48.3373
 16388	-49.5716
 16389	-44.7457
 16390	-39.0641
 16391	-36.277
 16392	-40.5128
 16393	-37.4712
 16394	-29.0164
 16395	-25.9166
 16396	-27.0912
 16397	-24.4111
 16398	-20.206
 16399	-28.6493
 16400	-40.2027
 16401	-32.6524
 16402	-34.4565
 16403	-33.7543
 16404	-32.6393
 16405	-40.8318
 16406	-44.1095
 16407	-45.9845
 16408	-48.4912
 16409	-53.5753
 16410	-50.9419
 16411	-53.323
 16412	-57.2596
 16413	-61.2321
 16414	-58.6287
 16415	-55.1493
 16416	-56.6126
 16417	-59.8751
 16418	-53.1667
 16419	-58.7343
 16420	-57.0422
 16421	-51.7299
 16422	-56.2149
 16423	-62.4049
 16424	-58.0406
 16425	-54.4228
 16426	-50.8869
 16427	-44.3667
 16428	-43.3164
 16429	-46.2762
 16430	-43.5366
 16431	-41.852
 16432	-37.6345
 16433	-34.8288
 16434	-38.7363
 16435	-36.165
 16436	-30.6118
 16437	-36.6208
 16438	-34.8223
 16439	-34.2797
 16440	-31.385
 16441	-32.2383
 16442	-38.7052
 16443	-44.0589
 16444	-48.3723
 16445	-46.1586
 16446	-44.8395
 16447	-44.0839
 16448	-46.6327
 16449	-47.3103
 16450	-51.0655
 16451	-47.4193
 16452	-45.5869
 16453	-45.3202
 16454	-48.9725
 16455	-47.0514
 16456	-48.5119
 16457	-43.2671
 16458	-42.2345
 16459	-45.0951
 16460	-38.3052
 16461	-37.637
 16462	-37.7826
 16463	-36.4461
 16464	-31.9053
 16465	-25.886
 16466	-26.9393
 16467	-33.3597
 16468	-32.4669
 16469	-29.1153
 16470	-24.708
 16471	-21.362
 16472	-29.6293
 16473	-36.4738
 16474	-33.1819
 16475	-31.7576
 16476	-38.0951
 16477	-43.0555
 16478	-36.9637
 16479	-48.7663
 16480	-53.5206
 16481	-46.0492
 16482	-51.7035
 16483	-47.3008
 16484	-48.177
 16485	-49.6199
 16486	-47.4347
 16487	-47.8489
 16488	-49.9276
 16489	-47.0337
 16490	-39.2028
 16491	-42.9947
 16492	-48.1097
 16493	-47.8605
 16494	-40.3704
 16495	-35.7982
 16496	-46.3962
 16497	-42.277
 16498	-46.4985
 16499	-48.1307
 16500	-42.7558
 16501	-43.9903
 16502	-35.5238
 16503	-38.1155
 16504	-47.0294
 16505	-43.5026
 16506	-44.814
 16507	-44.1611
 16508	-48.5462
 16509	-54.4185
 16510	-51.0106
 16511	-50.8768
 16512	-55.9095
 16513	-52.7767
 16514	-53.3158
 16515	-50.6873
 16516	-61.0426
 16517	-66.3249
 16518	-61.7182
 16519	-58.474
 16520	-57.1333
 16521	-63.8332
 16522	-61.0096
 16523	-48.6802
 16524	-51.5419
 16525	-48.3177
 16526	-45.774
 16527	-45.2765
 16528	-43.7334
 16529	-45.5499
 16530	-42.9585
 16531	-40.4293
 16532	-35.4439
 16533	-43.4867
 16534	-40.192
 16535	-35.0689
 16536	-43.5729
 16537	-41.3294
 16538	-36.7839
 16539	-43.8642
 16540	-43.9921
 16541	-45.4844
 16542	-44.1164
 16543	-40.6044
 16544	-42.592
 16545	-38.3673
 16546	-46.8859
 16547	-46.8271
 16548	-39.8429
 16549	-42.1138
 16550	-41.556
 16551	-42.3357
 16552	-46.7568
 16553	-40.881
 16554	-41.5132
 16555	-41.3806
 16556	-44.6438
 16557	-46.332
 16558	-37.3782
 16559	-42.7949
 16560	-42.7777
 16561	-37.4563
 16562	-32.2573
 16563	-35.2481
 16564	-29.6226
 16565	-29.7749
 16566	-31.9752
 16567	-36.1686
 16568	-40.6127
 16569	-44.9326
 16570	-42.2383
 16571	-42.0374
 16572	-39.736
 16573	-41.4372
 16574	-44.2984
 16575	-42.7749
 16576	-47.7115
 16577	-45.6441
 16578	-49.2866
 16579	-54.6778
 16580	-51.4391
 16581	-50.1972
 16582	-55.3675
 16583	-47.8018
 16584	-51.621
 16585	-50.8139
 16586	-45.8692
 16587	-49.9251
 16588	-45.2964
 16589	-45.1884
 16590	-44.6619
 16591	-40.8271
 16592	-35.681
 16593	-32.9922
 16594	-35.0599
 16595	-45.6294
 16596	-37.7503
 16597	-32.0072
 16598	-30.7584
 16599	-34.4773
 16600	-32.0252
 16601	-34.3726
 16602	-34.495
 16603	-31.8573
 16604	-32.311
 16605	-33.5415
 16606	-25.6516
 16607	-25.4322
 16608	-35.4768
 16609	-34.7728
 16610	-32.3011
 16611	-38.1874
 16612	-33.5174
 16613	-33.9232
 16614	-43.3431
 16615	-39.6784
 16616	-41.7609
 16617	-46.6427
 16618	-43.1405
 16619	-45.4263
 16620	-48.6096
 16621	-48.0879
 16622	-51.6491
 16623	-46.6624
 16624	-43.2172
 16625	-45.0693
 16626	-45.2127
 16627	-46.8785
 16628	-46.7365
 16629	-44.6463
 16630	-40.491
 16631	-43.2613
 16632	-37.9273
 16633	-39.5836
 16634	-38.7042
 16635	-25.8953
 16636	-29.5228
 16637	-37.0948
 16638	-30.2675
 16639	-31.507
 16640	-35.1467
 16641	-30.6952
 16642	-26.9019
 16643	-36.3487
 16644	-33.2365
 16645	-28.5718
 16646	-36.6194
 16647	-35.622
 16648	-30.7794
 16649	-41.4468
 16650	-46.059
 16651	-47.0717
 16652	-42.1752
 16653	-47.1186
 16654	-44.2839
 16655	-41.3934
 16656	-51.3914
 16657	-55.4572
 16658	-50.0498
 16659	-53.9933
 16660	-50.2696
 16661	-53.9367
 16662	-56.3913
 16663	-50.959
 16664	-50.1419
 16665	-47.8211
 16666	-41.6145
 16667	-43.2587
 16668	-46.9501
 16669	-50.578
 16670	-46.9309
 16671	-40.1961
 16672	-40.9905
 16673	-39.9582
 16674	-40.6284
 16675	-36.827
 16676	-35.8098
 16677	-36.5556
 16678	-33.4533
 16679	-30.1788
 16680	-31.0673
 16681	-29.9008
 16682	-29.5661
 16683	-23.9476
 16684	-23.9941
 16685	-24.0149
 16686	-18.7048
 16687	-28.3221
 16688	-37.4701
 16689	-29.5808
 16690	-29.0016
 16691	-34.2196
 16692	-29.086
 16693	-30.2376
 16694	-39.1541
 16695	-36.5388
 16696	-37.6743
 16697	-45.3526
 16698	-44.5516
 16699	-46.3209
 16700	-45.3652
 16701	-43.1905
 16702	-46.1225
 16703	-47.4816
 16704	-43.0104
 16705	-43.7241
 16706	-45.6452
 16707	-48.5012
 16708	-47.0427
 16709	-35.1727
 16710	-36.468
 16711	-37.5594
 16712	-36.7934
 16713	-33.8676
 16714	-34.3926
 16715	-36.33
 16716	-36.7978
 16717	-35.4974
 16718	-40.0765
 16719	-40.7967
 16720	-35.5065
 16721	-32.9172
 16722	-33.268
 16723	-34.1376
 16724	-43.3669
 16725	-41.2009
 16726	-39.5621
 16727	-44.402
 16728	-42.1498
 16729	-38.729
 16730	-48.5856
 16731	-54.5942
 16732	-48.1824
 16733	-51.3507
 16734	-45.1842
 16735	-46.3314
 16736	-62.3379
 16737	-58.6514
 16738	-48.2642
 16739	-49.0283
 16740	-45.8632
 16741	-44.685
 16742	-48.0262
 16743	-44.8306
 16744	-41.9095
 16745	-35.1605
 16746	-36.9334
 16747	-41.5712
 16748	-39.7094
 16749	-34.8145
 16750	-33.4127
 16751	-28.3061
 16752	-32.7655
 16753	-32.8797
 16754	-32.2754
 16755	-34.2863
 16756	-31.7646
 16757	-27.9915
 16758	-27.3357
 16759	-29.4524
 16760	-35.6252
 16761	-35.1008
 16762	-32.3997
 16763	-34.0703
 16764	-37.3328
 16765	-32.9223
 16766	-41.5369
 16767	-46.1083
 16768	-42.1441
 16769	-46.2497
 16770	-46.8478
 16771	-48.4797
 16772	-49.9399
 16773	-50.9815
 16774	-50.9173
 16775	-43.0549
 16776	-46.909
 16777	-41.2358
 16778	-44.2693
 16779	-47.1857
 16780	-36.6107
 16781	-44.9132
 16782	-43.1766
 16783	-35.6604
 16784	-46.2729
 16785	-42.3355
 16786	-42.0862
 16787	-46.487
 16788	-40.379
 16789	-48.0893
 16790	-49.8267
 16791	-47.0231
 16792	-51.9105
 16793	-44.2474
 16794	-40.2758
 16795	-45.8843
 16796	-40.447
 16797	-45.0377
 16798	-47.5592
 16799	-38.628
 16800	-39.7874
 16801	-42.6779
 16802	-42.3133
 16803	-39.8623
 16804	-41.5708
 16805	-40.4651
 16806	-34.9823
 16807	-45.1613
 16808	-47.1703
 16809	-41.0504
 16810	-49.2982
 16811	-44.0365
 16812	-41.789
 16813	-41.5083
 16814	-42.112
 16815	-40.784
 16816	-34.1198
 16817	-42.6083
 16818	-35.7466
 16819	-32.2488
 16820	-36.7038
 16821	-35.5781
 16822	-28.8761
 16823	-29.798
 16824	-33.7881
 16825	-31.3868
 16826	-35.2192
 16827	-39.9849
 16828	-28.9859
 16829	-31.1729
 16830	-45.2884
 16831	-44.6505
 16832	-42.6322
 16833	-46.0752
 16834	-41.7961
 16835	-41.6451
 16836	-47.8308
 16837	-49.0524
 16838	-46.0886
 16839	-43.5466
 16840	-44.7168
 16841	-42.8095
 16842	-46.3239
 16843	-55.5058
 16844	-50.7739
 16845	-51.1538
 16846	-52.6365
 16847	-53.0471
 16848	-55.3816
 16849	-54.2607
 16850	-48.3507
 16851	-51.8856
 16852	-47.7673
 16853	-42.1742
 16854	-38.158
 16855	-47.4282
 16856	-43.1956
 16857	-38.7355
 16858	-36.0031
 16859	-35.4997
 16860	-33.6471
 16861	-35.5816
 16862	-35.7714
 16863	-33.5246
 16864	-37.0706
 16865	-34.2201
 16866	-26.6384
 16867	-32.5655
 16868	-36.0353
 16869	-24.8296
 16870	-25.0653
 16871	-25.6973
 16872	-30.4389
 16873	-25.3021
 16874	-25.0893
 16875	-21.9741
 16876	-16.0589
 16877	-20.053
 16878	-17.3195
 16879	-15.5198
 16880	-22.1407
 16881	-20.0164
 16882	-13.6907
 16883	-18.0928
 16884	-18.9267
 16885	-20.4936
 16886	-21.0006
 16887	-29.072
 16888	-26.4477
 16889	-24.5782
 16890	-30.9186
 16891	-30.7317
 16892	-21.8825
 16893	-27.5785
 16894	-35.4868
 16895	-36.1794
 16896	-33.1709
 16897	-43.7303
 16898	-41.3291
 16899	-41.1304
 16900	-50.6969
 16901	-41.6322
 16902	-45.9523
 16903	-48.9279
 16904	-44.9621
 16905	-40.7321
 16906	-39.3059
 16907	-41.2502
 16908	-41.1763
 16909	-36.1956
 16910	-37.8539
 16911	-33.2574
 16912	-32.21
 16913	-36.7249
 16914	-35.3916
 16915	-34.6981
 16916	-34.0214
 16917	-37.8471
 16918	-30.2856
 16919	-29.4431
 16920	-37.3208
 16921	-32.5546
 16922	-30.9867
 16923	-35.8732
 16924	-27.5544
 16925	-32.7213
 16926	-41.1371
 16927	-38.6828
 16928	-47.3146
 16929	-54.5674
 16930	-49.2836
 16931	-52.0006
 16932	-52.3823
 16933	-54.8446
 16934	-56.4573
 16935	-50.2482
 16936	-49.9456
 16937	-46.6515
 16938	-49.9523
 16939	-49.4796
 16940	-48.1401
 16941	-44.2992
 16942	-45.3356
 16943	-42.6564
 16944	-39.1243
 16945	-44.9565
 16946	-51.3411
 16947	-43.393
 16948	-51.2392
 16949	-47.703
 16950	-52.6273
 16951	-47.6935
 16952	-44.7433
 16953	-43.3561
 16954	-38.0469
 16955	-36.2864
 16956	-40.1934
 16957	-37.8914
 16958	-38.5964
 16959	-35.9405
 16960	-39.42
 16961	-38.7932
 16962	-39.9834
 16963	-45.1695
 16964	-42.4377
 16965	-42.1009
 16966	-50.1322
 16967	-41.9483
 16968	-47.7117
 16969	-52.8099
 16970	-49.9429
 16971	-52.5079
 16972	-46.0187
 16973	-51.2154
 16974	-57.8421
 16975	-50.3222
 16976	-45.6388
 16977	-49.4198
 16978	-43.5824
 16979	-44.1401
 16980	-50.4106
 16981	-47.9489
 16982	-41.9553
 16983	-43.9285
 16984	-39.1679
 16985	-40.1909
 16986	-43.9324
 16987	-41.3836
 16988	-38.335
 16989	-40.3311
 16990	-42.3491
 16991	-43.6506
 16992	-37.3573
 16993	-41.2614
 16994	-47.6319
 16995	-36.9034
 16996	-35.7271
 16997	-41.3765
 16998	-42.0698
 16999	-41.8593
 17000	-47.142
 17001	-43.7619
 17002	-43.1118
 17003	-46.2562
 17004	-42.3183
 17005	-43.9422
 17006	-47.0561
 17007	-35.8969
 17008	-38.4525
 17009	-34.4611
 17010	-40.4873
 17011	-46.9305
 17012	-43.35
 17013	-45.922
 17014	-53.4527
 17015	-52.9043
 17016	-59.7907
 17017	-63.3758
 17018	-59.3946
 17019	-65.99
 17020	-58.1952
 17021	-51.4693
 17022	-61.0185
 17023	-56.8977
 17024	-49.1559
 17025	-54.9848
 17026	-45.0653
 17027	-40.0318
 17028	-48.9853
 17029	-45.0903
 17030	-45.2089
 17031	-49.3281
 17032	-43.1183
 17033	-41.5982
 17034	-41.8696
 17035	-45.8541
 17036	-40.1348
 17037	-37.0351
 17038	-35.6151
 17039	-39.1437
 17040	-41.8657
 17041	-37.3208
 17042	-50.5259
 17043	-50.5171
 17044	-35.6954
 17045	-46.3181
 17046	-42.8719
 17047	-45.1121
 17048	-53.0695
 17049	-44.4956
 17050	-42.1168
 17051	-46.023
 17052	-46.6992
 17053	-46.1548
 17054	-48.9415
 17055	-46.868
 17056	-45.371
 17057	-46.1881
 17058	-43.4
 17059	-45.2199
 17060	-44.9097
 17061	-36.8118
 17062	-34.724
 17063	-29.8834
 17064	-32.45
 17065	-31.783
 17066	-25.8158
 17067	-26.9417
 17068	-28.8229
 17069	-27.0583
 17070	-33.4314
 17071	-36.4125
 17072	-29.0295
 17073	-28.1225
 17074	-38.4343
 17075	-37.8534
 17076	-35.2097
 17077	-45.4083
 17078	-41.304
 17079	-38.2583
 17080	-46.2154
 17081	-42.0517
 17082	-45.0748
 17083	-47.0325
 17084	-40.2457
 17085	-43.2025
 17086	-38.872
 17087	-39.797
 17088	-44.4119
 17089	-36.2493
 17090	-39.4667
 17091	-35.9417
 17092	-28.236
 17093	-29.8774
 17094	-36.2674
 17095	-27.6867
 17096	-28.2329
 17097	-37.5449
 17098	-35.6742
 17099	-33.1764
 17100	-46.7405
 17101	-43.3343
 17102	-49.1701
 17103	-47.3339
 17104	-40.0553
 17105	-47.6273
 17106	-51.575
 17107	-47.1362
 17108	-48.5862
 17109	-49.3058
 17110	-47.6409
 17111	-50.8829
 17112	-55.095
 17113	-52.936
 17114	-49.9894
 17115	-59.4553
 17116	-53.2939
 17117	-56.1258
 17118	-57.6657
 17119	-55.1803
 17120	-54.4541
 17121	-47.9197
 17122	-46.2941
 17123	-48.7855
 17124	-41.2509
 17125	-47.1282
 17126	-43.3817
 17127	-36.9582
 17128	-43.6811
 17129	-45.0989
 17130	-42.0048
 17131	-48.9953
 17132	-48.9651
 17133	-42.2893
 17134	-42.3421
 17135	-49.7098
 17136	-37.8602
 17137	-33.4854
 17138	-38.9815
 17139	-34.7118
 17140	-31.5408
 17141	-40.7125
 17142	-40.5766
 17143	-42.9257
 17144	-42.2889
 17145	-45.5972
 17146	-43.7712
 17147	-50.8897
 17148	-47.9474
 17149	-48.8169
 17150	-42.4553
 17151	-44.4488
 17152	-45.1315
 17153	-40.925
 17154	-42.1404
 17155	-41.1668
 17156	-32.1136
 17157	-35.8428
 17158	-39.9311
 17159	-38.0627
 17160	-45.1705
 17161	-44.2553
 17162	-43.45
 17163	-44.2132
 17164	-47.1685
 17165	-46.9525
 17166	-50.1743
 17167	-46.4004
 17168	-50.5024
 17169	-51.7001
 17170	-48.2122
 17171	-50.0577
 17172	-54.2703
 17173	-54.2646
 17174	-56.6343
 17175	-50.9132
 17176	-50.2233
 17177	-53.7306
 17178	-48.1496
 17179	-43.7247
 17180	-47.9838
 17181	-47.5495
 17182	-38.2954
 17183	-43.8802
 17184	-46.9194
 17185	-40.5227
 17186	-44.8293
 17187	-43.3414
 17188	-34.7953
 17189	-39.2801
 17190	-38.3733
 17191	-33.0083
 17192	-42.4327
 17193	-44.0369
 17194	-39.0168
 17195	-38.7769
 17196	-37.5416
 17197	-39.4956
 17198	-45.8146
 17199	-38.0427
 17200	-45.1244
 17201	-46.9907
 17202	-48.3731
 17203	-48.7667
 17204	-48.1523
 17205	-42.2465
 17206	-45.9876
 17207	-43.1605
 17208	-43.2349
 17209	-48.0007
 17210	-44.5794
 17211	-43.7427
 17212	-48.5016
 17213	-48.204
 17214	-42.2254
 17215	-46.6721
 17216	-40.5278
 17217	-37.7019
 17218	-41.0464
 17219	-37.444
 17220	-33.5248
 17221	-38.4823
 17222	-39.1744
 17223	-33.0394
 17224	-35.5499
 17225	-36.9843
 17226	-37.4442
 17227	-35.6991
 17228	-37.8669
 17229	-42.0054
 17230	-42.1415
 17231	-44.2153
 17232	-42.4928
 17233	-34.7603
 17234	-43.409
 17235	-43.1723
 17236	-38.293
 17237	-39.4868
 17238	-45.9817
 17239	-39.5517
 17240	-46.2271
 17241	-49.1819
 17242	-41.7342
 17243	-47.254
 17244	-45.2886
 17245	-40.0191
 17246	-44.3922
 17247	-44.2138
 17248	-39.7878
 17249	-44.535
 17250	-47.5943
 17251	-45.5157
 17252	-39.593
 17253	-42.9706
 17254	-45.6339
 17255	-45.9415
 17256	-41.0354
 17257	-38.9692
 17258	-40.2229
 17259	-44.7216
 17260	-44.1893
 17261	-41.6606
 17262	-42.1473
 17263	-47.0653
 17264	-44.7472
 17265	-42.6686
 17266	-47.6698
 17267	-43.1079
 17268	-38.117
 17269	-45.5425
 17270	-41.6728
 17271	-34.6098
 17272	-40.6809
 17273	-34.7994
 17274	-33.8445
 17275	-38.7077
 17276	-40.8031
 17277	-38.7615
 17278	-37.1372
 17279	-34.8978
 17280	-31.3879
 17281	-33.9919
 17282	-31.2129
 17283	-28.566
 17284	-32.4934
 17285	-33.4002
 17286	-32.349
 17287	-33.1188
 17288	-40.6966
 17289	-45.1041
 17290	-41.3873
 17291	-40.2984
 17292	-36.0635
 17293	-38.4876
 17294	-41.5965
 17295	-36.5276
 17296	-36.0467
 17297	-39.4364
 17298	-39.166
 17299	-36.7956
 17300	-33.7506
 17301	-31.0163
 17302	-28.031
 17303	-30.9633
 17304	-29.3487
 17305	-20.3087
 17306	-24.943
 17307	-25.1833
 17308	-21.2067
 17309	-23.4571
 17310	-30.8477
 17311	-28.7085
 17312	-33.1331
 17313	-35.7729
 17314	-38.1793
 17315	-40.5128
 17316	-41.7925
 17317	-44.9106
 17318	-44.9943
 17319	-42.472
 17320	-44.7768
 17321	-46.4832
 17322	-42.7654
 17323	-50.4097
 17324	-53.6665
 17325	-44.7442
 17326	-46.7449
 17327	-47.171
 17328	-43.6227
 17329	-46.1221
 17330	-37.9438
 17331	-41.6009
 17332	-43.381
 17333	-42.393
 17334	-44.3609
 17335	-47.1336
 17336	-39.7744
 17337	-40.358
 17338	-39.4134
 17339	-35.5778
 17340	-34.9932
 17341	-33.6884
 17342	-25.3237
 17343	-25.4025
 17344	-26.2245
 17345	-29.0349
 17346	-32.4099
 17347	-34.078
 17348	-29.2977
 17349	-32.1771
 17350	-35.7769
 17351	-28.8954
 17352	-31.3202
 17353	-31.5941
 17354	-29.8768
 17355	-29.6259
 17356	-22.4727
 17357	-21.7923
 17358	-28.7191
 17359	-29.8646
 17360	-27.9326
 17361	-27.9243
 17362	-33.2835
 17363	-39.962
 17364	-43.3538
 17365	-42.8966
 17366	-45.4284
 17367	-42.1989
 17368	-42.461
 17369	-50.8269
 17370	-45.5069
 17371	-41.7182
 17372	-50.4726
 17373	-38.4141
 17374	-35.1724
 17375	-39.5373
 17376	-34.1116
 17377	-30.3131
 17378	-32.3343
 17379	-28.5527
 17380	-23.8292
 17381	-27.1266
 17382	-29.0214
 17383	-27.5269
 17384	-22.2555
 17385	-26.2673
 17386	-21.5847
 17387	-16.8661
 17388	-22.5191
 17389	-27.1857
 17390	-36.7087
 17391	-36.7786
 17392	-31.289
 17393	-33.3945
 17394	-37.8373
 17395	-38.3567
 17396	-33.7079
 17397	-38.5826
 17398	-37.361
 17399	-35.5858
 17400	-42.9723
 17401	-46.0018
 17402	-43.6556
 17403	-41.9369
 17404	-41.0504
 17405	-33.6351
 17406	-33.9309
 17407	-35.3041
 17408	-33.3926
 17409	-32.4121
 17410	-31.8741
 17411	-27.9251
 17412	-27.8049
 17413	-30.6661
 17414	-36.2916
 17415	-35.5125
 17416	-25.6368
 17417	-30.6242
 17418	-32.3622
 17419	-32.0676
 17420	-32.2489
 17421	-28.9322
 17422	-23.7181
 17423	-26.5871
 17424	-17.8464
 17425	-20.0138
 17426	-28.3273
 17427	-25.7766
 17428	-28.6047
 17429	-33.7255
 17430	-29.9341
 17431	-24.4981
 17432	-29.9645
 17433	-32.1438
 17434	-27.3727
 17435	-39.5481
 17436	-35.8174
 17437	-29.7902
 17438	-45.7037
 17439	-40.2598
 17440	-37.0246
 17441	-36.2322
 17442	-34.2306
 17443	-34.984
 17444	-38.6705
 17445	-38.6658
 17446	-39.5834
 17447	-41.5089
 17448	-42.6463
 17449	-44.4196
 17450	-44.4631
 17451	-40.6016
 17452	-49.3102
 17453	-53.0797
 17454	-41.8909
 17455	-54.0518
 17456	-52.1945
 17457	-44.4399
 17458	-51.8071
 17459	-42.3246
 17460	-34.5903
 17461	-37.3863
 17462	-34.6061
 17463	-37.1981
 17464	-43.1319
 17465	-45.0457
 17466	-42.8816
 17467	-43.4354
 17468	-43.653
 17469	-43.7846
 17470	-49.4904
 17471	-41.7742
 17472	-46.523
 17473	-48.077
 17474	-49.7463
 17475	-52.2676
 17476	-49.2462
 17477	-43.2824
 17478	-50.2883
 17479	-40.3596
 17480	-44.5288
 17481	-44.1329
 17482	-39.5595
 17483	-40.9179
 17484	-40.2908
 17485	-37.8049
 17486	-38.1999
 17487	-39.2763
 17488	-37.3401
 17489	-32.6381
 17490	-33.9722
 17491	-34.9324
 17492	-37.5664
 17493	-42.554
 17494	-34.2587
 17495	-39.0088
 17496	-34.9757
 17497	-27.5898
 17498	-31.9251
 17499	-32.7985
 17500	-36.1844
 17501	-38.3292
 17502	-36.9582
 17503	-40.6014
 17504	-41.8648
 17505	-43.6294
 17506	-43.7763
 17507	-42.9535
 17508	-49.7422
 17509	-46.0454
 17510	-54.2384
 17511	-51.9289
 17512	-55.1969
 17513	-59.0746
 17514	-52.1832
 17515	-50.5277
 17516	-55.5276
 17517	-43.867
 17518	-44.5685
 17519	-40.7072
 17520	-38.3172
 17521	-42.028
 17522	-46.0685
 17523	-40.3176
 17524	-39.8429
 17525	-40.3438
 17526	-38.8485
 17527	-40.5642
 17528	-38.317
 17529	-41.344
 17530	-45.0665
 17531	-45.1287
 17532	-44.2691
 17533	-42.6272
 17534	-42.0988
 17535	-42.7464
 17536	-39.5419
 17537	-38.6879
 17538	-38.3049
 17539	-38.595
 17540	-39.4456
 17541	-40.0103
 17542	-41.8983
 17543	-43.2629
 17544	-44.2198
 17545	-42.1826
 17546	-40.6806
 17547	-39.2147
 17548	-38.535
 17549	-36.4886
 17550	-43.3611
 17551	-36.9084
 17552	-34.2344
 17553	-34.2711
 17554	-28.1374
 17555	-28.2011
 17556	-28.8651
 17557	-30.5801
 17558	-36.0409
 17559	-36.201
 17560	-35.2511
 17561	-40.9301
 17562	-38.6923
 17563	-36.049
 17564	-37.2858
 17565	-38.7717
 17566	-34.2497
 17567	-40.2044
 17568	-38.3411
 17569	-39.4445
 17570	-44.9307
 17571	-38.1541
 17572	-41.0198
 17573	-42.5593
 17574	-38.4922
 17575	-49.5723
 17576	-46.3024
 17577	-42.5411
 17578	-46.0399
 17579	-47.3556
 17580	-45.855
 17581	-44.641
 17582	-48.8409
 17583	-43.3369
 17584	-44.5271
 17585	-43.2566
 17586	-38.8325
 17587	-40.7008
 17588	-42.4993
 17589	-37.8909
 17590	-37.361
 17591	-33.2207
 17592	-34.5512
 17593	-40.792
 17594	-41.5352
 17595	-40.8239
 17596	-36.124
 17597	-36.3025
 17598	-41.8709
 17599	-42.4241
 17600	-41.004
 17601	-45.7655
 17602	-39.6136
 17603	-38.7542
 17604	-42.1317
 17605	-45.4057
 17606	-45.8145
 17607	-46.307
 17608	-46.0551
 17609	-46.827
 17610	-50.624
 17611	-49.1787
 17612	-45.3126
 17613	-49.0341
 17614	-42.3506
 17615	-40.5183
 17616	-45.1102
 17617	-39.8401
 17618	-38.9588
 17619	-42.6899
 17620	-44.7401
 17621	-38.2632
 17622	-38.7083
 17623	-37.3051
 17624	-35.9248
 17625	-38.7171
 17626	-37.7983
 17627	-40.0998
 17628	-37.8901
 17629	-33.3357
 17630	-33.9775
 17631	-28.3983
 17632	-26.5431
 17633	-25.6053
 17634	-21.6044
 17635	-22.5935
 17636	-21.4699
 17637	-25.3261
 17638	-25.3513
 17639	-21.6655
 17640	-22.5307
 17641	-15.8698
 17642	-21.9843
 17643	-19.945
 17644	-18.9254
 17645	-22.5775
 17646	-20.096
 17647	-16.0247
 17648	-16.9827
 17649	-15.8428
 17650	-11.4084
 17651	-12.4243
 17652	-10.6211
 17653	-5.32552
 17654	-6.55822
 17655	-4.98058
 17656	-5.38964
 17657	3.49664
 17658	-0.0576541
 17659	-3.5078
 17660	2.86579
 17661	3.25427
 17662	-0.369628
 17663	-1.9146
 17664	2.03994
 17665	2.4821
 17666	-0.691026
 17667	2.47744
 17668	-5.80928
 17669	-6.12018
 17670	1.9957
 17671	-8.14813
 17672	-6.16296
 17673	-4.61205
 17674	-7.19121
 17675	-6.80061
 17676	-15.5564
 17677	-15.202
 17678	-18.6357
 17679	-21.7556
 17680	-22.4141
 17681	-25.0886
 17682	-30.7022
 17683	-27.9883
 17684	-24.4824
 17685	-30.2841
 17686	-34.7547
 17687	-33.3783
 17688	-33.5376
 17689	-31.2204
 17690	-30.344
 17691	-27.0893
 17692	-27.5063
 17693	-22.4619
 17694	-25.4345
 17695	-23.3475
 17696	-19.0526
 17697	-22.7232
 17698	-21.1419
 17699	-20.6916
 17700	-23.2478
 17701	-22.0139
 17702	-23.3997
 17703	-24.6922
 17704	-29.5415
 17705	-26.9845
 17706	-21.0513
 17707	-24.3586
 17708	-17.9521
 17709	-17.4193
 17710	-17.0627
 17711	-14.4873
 17712	-10.5382
 17713	-3.2229
 17714	-9.50275
 17715	-5.45064
 17716	-2.55976
 17717	-6.6684
 17718	1.13508
 17719	2.1664
 17720	-7.92556
 17721	-6.64315
 17722	-5.27105
 17723	-10.964
 17724	-8.65411
 17725	-9.29985
 17726	-8.67216
 17727	-12.8252
 17728	-16.1003
 17729	-19.4031
 17730	-22.7686
 17731	-24.3775
 17732	-29.58
 17733	-27.8375
 17734	-20.0063
 17735	-24.034
 17736	-26.1882
 17737	-25.9168
 17738	-24.8178
 17739	-22.7423
 17740	-22.9817
 17741	-13.4361
 17742	-10.6772
 17743	-7.86923
 17744	3.11009
 17745	-7.02633
 17746	-6.01549
 17747	1.92263
 17748	0.482093
 17749	-0.15685
 17750	-0.179277
 17751	7.62031
 17752	1.61128
 17753	-0.522383
 17754	11.6354
 17755	4.31843
 17756	6.04937
 17757	13.5297
 17758	11.6946
 17759	12.6466
 17760	17.0182
 17761	12.6848
 17762	7.89626
 17763	7.71028
 17764	9.94746
 17765	1.88296
 17766	6.46016
 17767	5.4161
 17768	-0.175771
 17769	-0.0259894
 17770	2.87357
 17771	-0.417516
 17772	-5.82855
 17773	-8.75721
 17774	-8.12108
 17775	-11.1969
 17776	-14.7104
 17777	-17.2719
 17778	-22.0791
 17779	-19.5006
 17780	-18.0592
 17781	-27.4496
 17782	-34.4142
 17783	-28.4062
 17784	-29.3883
 17785	-32.656
 17786	-43.0772
 17787	-42.7881
 17788	-45.8021
 17789	-47.4544
 17790	-46.0723
 17791	-47.3043
 17792	-49.9355
 17793	-42.6051
 17794	-40.9879
 17795	-43.7095
 17796	-35.5857
 17797	-40.7848
 17798	-46.2177
 17799	-42.117
 17800	-38.0841
 17801	-44.1898
 17802	-41.5871
 17803	-35.1163
 17804	-27.5171
 17805	-31.0644
 17806	-26.229
 17807	-23.3337
 17808	-23.768
 17809	-22.7189
 17810	-20.2352
 17811	-22.3334
 17812	-16.8954
 17813	-8.93343
 17814	-10.9463
 17815	-12.3469
 17816	-9.21714
 17817	-5.38891
 17818	-6.90753
 17819	-4.93617
 17820	-8.66411
 17821	-6.88314
 17822	2.70858
 17823	1.71968
 17824	2.62674
 17825	7.74422
 17826	1.52261
 17827	3.02856
 17828	8.80458
 17829	8.68992
 17830	7.18085
 17831	13.2123
 17832	12.2268
 17833	13.4366
 17834	17.6833
 17835	8.5829
 17836	6.23176
 17837	11.7488
 17838	5.45116
 17839	11.6975
 17840	5.70182
 17841	-2.41328
 17842	8.79788
 17843	-2.0696
 17844	-9.89096
 17845	-5.29561
 17846	-12.7833
 17847	-12.2273
 17848	-12.3853
 17849	-10.3287
 17850	-15.869
 17851	-14.1968
 17852	-13.1649
 17853	-23.9987
 17854	-25.4944
 17855	-20.8522
 17856	-26.1765
 17857	-17.4727
 17858	-21.0241
 17859	-26.8396
 17860	-25.1048
 17861	-22.4694
 17862	-23.1896
 17863	-23.9051
 17864	-24.5901
 17865	-21.7738
 17866	-26.454
 17867	-23.2445
 17868	-15.8215
 17869	-7.81389
 17870	-4.83766
 17871	-7.45338
 17872	-6.62861
 17873	-10.7404
 17874	-6.85567
 17875	-0.665316
 17876	-4.98907
 17877	8.23077
 17878	8.97084
 17879	-0.354222
 17880	3.29085
 17881	-8.0222
 17882	-5.98619
 17883	0.224615
 17884	-2.51833
 17885	-3.8897
 17886	-10.6576
 17887	-10.2706
 17888	-7.71337
 17889	-13.0082
 17890	-14.1499
 17891	-16.5593
 17892	-15.1339
 17893	-12.4597
 17894	-17.1631
 17895	-22.6077
 17896	-25.5255
 17897	-25.5414
 17898	-26.7881
 17899	-35.041
 17900	-32.9272
 17901	-33.6193
 17902	-36.8291
 17903	-36.3104
 17904	-34.3828
 17905	-41.0882
 17906	-36.4022
 17907	-34.2045
 17908	-37.1528
 17909	-36.2745
 17910	-26.8233
 17911	-26.2623
 17912	-26.5495
 17913	-18.1852
 17914	-22.1726
 17915	-23.5156
 17916	-18.2785
 17917	-23.775
 17918	-25.0758
 17919	-17.2349
 17920	-14.275
 17921	-13.1049
 17922	-17.21
 17923	-18.7852
 17924	-24.5469
 17925	-22.6382
 17926	-21.1313
 17927	-21.866
 17928	-18.1735
 17929	-17.524
 17930	-20.0644
 17931	-25.82
 17932	-30.2245
 17933	-27.9895
 17934	-29.641
 17935	-28.2302
 17936	-14.8956
 17937	-24.2933
 17938	-26.0048
 17939	-18.873
 17940	-24.4707
 17941	-23.56
 17942	-17.3463
 17943	-20.3619
 17944	-23.434
 17945	-23.1091
 17946	-18.4324
 17947	-30.0683
 17948	-31.3609
 17949	-18.988
 17950	-22.4985
 17951	-26.4651
 17952	-25.9241
 17953	-25.5609
 17954	-19.3895
 17955	-26.153
 17956	-24.2112
 17957	-27.3654
 17958	-28.977
 17959	-18.5531
 17960	-27.5355
 17961	-36.6203
 17962	-28.3103
 17963	-25.0526
 17964	-29.0749
 17965	-30.374
 17966	-25.2975
 17967	-30.9642
 17968	-36.7253
 17969	-28.1714
 17970	-35.0761
 17971	-33.2828
 17972	-19.9717
 17973	-34.6487
 17974	-31.2525
 17975	-29.6322
 17976	-34.6989
 17977	-32.5079
 17978	-27.8633
 17979	-30.8218
 17980	-33.947
 17981	-32.1271
 17982	-31.7324
 17983	-41.9464
 17984	-38.0397
 17985	-42.6862
 17986	-46.0697
 17987	-41.8219
 17988	-42.7358
 17989	-39.9207
 17990	-45.9294
 17991	-56.1027
 17992	-44.5171
 17993	-53.5449
 17994	-53.6504
 17995	-43.5951
 17996	-50.2928
 17997	-51.6312
 17998	-40.9276
 17999	-52.3349
 18000	-54.6553
 18001	-48.3683
 18002	-49.0471
 18003	-53.8777
 18004	-52.3115
 18005	-44.7146
 18006	-49.0076
 18007	-51.4282
 18008	-43.7833
 18009	-44.638
 18010	-44.2831
 18011	-40.8381
 18012	-39.413
 18013	-43.4949
 18014	-35.0982
 18015	-26.9087
 18016	-33.3236
 18017	-20.2541
 18018	-17.4948
 18019	-31.9455
 18020	-23.7582
 18021	-20.5734
 18022	-31.5968
 18023	-28.7904
 18024	-23.5758
 18025	-29.7547
 18026	-29.6069
 18027	-23.8
 18028	-33.2248
 18029	-32.5503
 18030	-20.9743
 18031	-24.359
 18032	-17.1616
 18033	-16.1065
 18034	-22.5871
 18035	-28.1366
 18036	-25.8854
 18037	-23.1846
 18038	-23.0801
 18039	-25.0436
 18040	-18.9497
 18041	-14.7779
 18042	-26.3429
 18043	-25.4001
 18044	-22.4935
 18045	-29.7576
 18046	-31.2427
 18047	-24.955
 18048	-29.5878
 18049	-31.4285
 18050	-29.1029
 18051	-31.822
 18052	-39.8161
 18053	-33.9843
 18054	-37.3118
 18055	-43.6617
 18056	-39.9657
 18057	-42.6637
 18058	-49.2093
 18059	-46.3865
 18060	-48.347
 18061	-46.5929
 18062	-45.4868
 18063	-46.8595
 18064	-41.8052
 18065	-43.2759
 18066	-45.9614
 18067	-41.6264
 18068	-35.8647
 18069	-30.4535
 18070	-29.6044
 18071	-27.8968
 18072	-20.0767
 18073	-19.3304
 18074	-19.288
 18075	-10.7606
 18076	-11.522
 18077	-10.3438
 18078	-9.00766
 18079	-3.06904
 18080	-5.41105
 18081	-2.27661
 18082	5.2775
 18083	1.09985
 18084	4.67439
 18085	8.03083
 18086	4.38152
 18087	4.7336
 18088	8.72446
 18089	10.4156
 18090	1.82134
 18091	9.81585
 18092	7.86897
 18093	5.11343
 18094	10.4443
 18095	2.40363
 18096	3.53488
 18097	10.7888
 18098	3.55975
 18099	2.3146
 18100	8.65394
 18101	4.1777
 18102	3.56674
 18103	2.44458
 18104	4.68544
 18105	5.83579
 18106	9.80023
 18107	4.16615
 18108	-2.40792
 18109	-6.74979
 18110	-6.42789
 18111	-4.76088
 18112	-6.90796
 18113	-9.03642
 18114	-7.01203
 18115	-5.76129
 18116	-11.8617
 18117	-9.87337
 18118	-1.16746
 18119	-1.88507
 18120	0.332319
 18121	-4.15467
 18122	-13.5748
 18123	-9.98045
 18124	-8.72375
 18125	-17.3412
 18126	-14.6625
 18127	-11.7415
 18128	-18.6698
 18129	-17.3958
 18130	-25.6237
 18131	-30.0837
 18132	-22.8386
 18133	-27.639
 18134	-29.3094
 18135	-25.77
 18136	-24.6543
 18137	-22.7442
 18138	-22.7691
 18139	-29.7696
 18140	-23.0761
 18141	-23.5931
 18142	-30.227
 18143	-35.5111
 18144	-29.5958
 18145	-30.6193
 18146	-35.2984
 18147	-33.8811
 18148	-33.3345
 18149	-38.5199
 18150	-33.8358
 18151	-35.7708
 18152	-37.3464
 18153	-32.354
 18154	-39.2776
 18155	-31.4215
 18156	-32.3366
 18157	-43.8498
 18158	-35.9866
 18159	-38.909
 18160	-44.0403
 18161	-34.1364
 18162	-25.5139
 18163	-24.3877
 18164	-17.2718
 18165	-11.4589
 18166	-19.8893
 18167	-23.7722
 18168	-16.5767
 18169	-20.6038
 18170	-16.8699
 18171	-17.8071
 18172	-19.207
 18173	-17.4112
 18174	-19.3941
 18175	-27.2898
 18176	-24.9772
 18177	-22.8524
 18178	-16.7832
 18179	-20.7338
 18180	-15.1973
 18181	-14.7183
 18182	-11.6172
 18183	-8.51345
 18184	-6.79587
 18185	0.533902
 18186	-5.1302
 18187	-0.479001
 18188	4.97348
 18189	-6.33001
 18190	0.967593
 18191	4.16248
 18192	-4.96522
 18193	1.87209
 18194	-2.76867
 18195	-10.7123
 18196	-7.00633
 18197	-4.78538
 18198	-6.71004
 18199	-5.51437
 18200	-7.29395
 18201	-7.64379
 18202	-8.59779
 18203	-7.34711
 18204	-11.8889
 18205	-3.69035
 18206	0.241106
 18207	0.432494
 18208	6.59094
 18209	-4.64712
 18210	-7.11274
 18211	-1.25921
 18212	-5.04789
 18213	-1.14101
 18214	5.10986
 18215	-0.00277234
 18216	0.887614
 18217	-5.08211
 18218	-9.48884
 18219	-10.8961
 18220	-7.60155
 18221	-3.81191
 18222	-5.83387
 18223	-2.12277
 18224	-7.61132
 18225	-14.14
 18226	-10.765
 18227	-11.1789
 18228	-12.8587
 18229	-9.76537
 18230	-13.9165
 18231	-12.9224
 18232	-16.7035
 18233	-23.2612
 18234	-17.7317
 18235	-11.9567
 18236	-16.525
 18237	-12.7997
 18238	-13.6483
 18239	-11.4052
 18240	-10.6935
 18241	-10.451
 18242	-8.72656
 18243	-9.44346
 18244	-10.0737
 18245	-13.249
 18246	-5.29851
 18247	-11.6901
 18248	-9.8462
 18249	-5.06794
 18250	-4.62614
 18251	-5.0051
 18252	-2.37384
 18253	-8.12437
 18254	-5.94548
 18255	-3.4422
 18256	-0.423084
 18257	0.109071
 18258	3.01589
 18259	7.63328
 18260	2.57423
 18261	5.71789
 18262	-1.96334
 18263	-0.675872
 18264	8.16828
 18265	1.18204
 18266	-1.14072
 18267	9.06417
 18268	-1.48154
 18269	0.645866
 18270	5.75553
 18271	2.52973
 18272	8.99206
 18273	14.288
 18274	4.84585
 18275	12.8434
 18276	8.5133
 18277	2.31554
 18278	8.02138
 18279	2.86343
 18280	-4.11604
 18281	-0.106417
 18282	0.762719
 18283	-7.4305
 18284	4.24083
 18285	-1.74863
 18286	0.401341
 18287	0.318386
 18288	0.868388
 18289	3.32349
 18290	4.94169
 18291	6.93613
 18292	5.75346
 18293	7.67642
 18294	5.1715
 18295	4.36979
 18296	8.36678
 18297	7.95087
 18298	7.65542
 18299	4.9908
 18300	-0.950215
 18301	-3.76896
 18302	-10.9614
 18303	-12.1664
 18304	-12.3796
 18305	-15.3884
 18306	-24.7114
 18307	-19.3188
 18308	-18.7059
 18309	-26.7404
 18310	-24.8793
 18311	-20.2281
 18312	-27.9032
 18313	-24.1257
 18314	-19.5372
 18315	-22.7119
 18316	-15.5349
 18317	-19.268
 18318	-13.9004
 18319	-11.9256
 18320	-9.52164
 18321	4.32299
 18322	4.92484
 18323	5.7767
 18324	16.2718
 18325	13.1319
 18326	9.64157
 18327	19.8283
 18328	21.056
 18329	19.6851
 18330	20.9837
 18331	27.1285
 18332	24.0771
 18333	23.5072
 18334	23.8957
 18335	23.2429
 18336	31.5645
 18337	37.9672
 18338	31.1923
 18339	28.9582
 18340	29.5924
 18341	28.8977
 18342	27.1458
 18343	34.217
 18344	29.8579
 18345	26.2068
 18346	25.0954
 18347	25.3773
 18348	23.3598
 18349	17.1179
 18350	16.7574
 18351	22.6033
 18352	8.74761
 18353	9.0265
 18354	13.8609
 18355	4.7044
 18356	6.23332
 18357	8.92567
 18358	3.20448
 18359	6.72598
 18360	14.6829
 18361	11.161
 18362	12.3207
 18363	16.9707
 18364	12.014
 18365	18.7199
 18366	19.1562
 18367	17.2783
 18368	24.4122
 18369	24.4027
 18370	15.7444
 18371	23.781
 18372	21.8219
 18373	17.9393
 18374	28.7873
 18375	25.5383
 18376	23.8319
 18377	22.6889
 18378	18.8444
 18379	18.74
 18380	20.5108
 18381	22.6798
 18382	18.0467
 18383	24.1981
 18384	12.1189
 18385	6.05525
 18386	13.4527
 18387	8.00925
 18388	12.0643
 18389	13.1529
 18390	7.88875
 18391	8.21653
 18392	10.6768
 18393	2.51215
 18394	13.2132
 18395	20.1511
 18396	14.5551
 18397	22.0342
 18398	27.7536
 18399	15.3255
 18400	21.3311
 18401	25.754
 18402	19.9534
 18403	22.0822
 18404	27.6622
 18405	25.79
 18406	29.1791
 18407	27.7602
 18408	33.6179
 18409	33.645
 18410	29.5992
 18411	30.3417
 18412	38.202
 18413	30.6075
 18414	38.8125
 18415	40.9781
 18416	26.5975
 18417	26.1193
 18418	25.8607
 18419	22.8747
 18420	22.4327
 18421	27.8252
 18422	19.9654
 18423	17.8691
 18424	25.1412
 18425	12.9976
 18426	13.9109
 18427	15.2901
 18428	12.9004
 18429	10.944
 18430	15.8591
 18431	7.42639
 18432	1.11821
 18433	14.6685
 18434	10.2326
 18435	5.85064
 18436	4.31146
 18437	2.85952
 18438	8.90064
 18439	1.27288
 18440	-1.95561
 18441	4.49871
 18442	-0.648059
 18443	-0.629609
 18444	7.32639
 18445	3.05004
 18446	0.00758049
 18447	10.9551
 18448	8.92426
 18449	2.33437
 18450	6.27662
 18451	6.3866
 18452	6.40492
 18453	8.39463
 18454	4.40995
 18455	5.25283
 18456	4.97552
 18457	7.30701
 18458	7.70399
 18459	7.26734
 18460	10.6938
 18461	8.09336
 18462	6.09571
 18463	9.82778
 18464	11.7953
 18465	10.4439
 18466	11.9138
 18467	14.6272
 18468	13.643
 18469	13.8929
 18470	18.1306
 18471	23.4137
 18472	12.2125
 18473	18.4101
 18474	20.852
 18475	13.113
 18476	12.5618
 18477	14.7381
 18478	13.4161
 18479	13.3262
 18480	13.129
 18481	5.90858
 18482	6.07762
 18483	2.85563
 18484	4.97242
 18485	8.79072
 18486	0.687134
 18487	9.6539
 18488	10.369
 18489	8.97312
 18490	14.9742
 18491	15.1714
 18492	10.908
 18493	16.6851
 18494	22.291
 18495	22.0781
 18496	26.2277
 18497	23.8937
 18498	17.312
 18499	14.0538
 18500	15.054
 18501	12.5318
 18502	16.8879
 18503	17.7108
 18504	17.024
 18505	14.632
 18506	5.84196
 18507	6.23144
 18508	2.7358
 18509	12.4839
 18510	15.2646
 18511	11.4894
 18512	7.85173
 18513	4.07526
 18514	10.3669
 18515	2.88165
 18516	3.54997
 18517	13.7637
 18518	8.38663
 18519	1.8416
 18520	4.19592
 18521	-3.28103
 18522	-8.36381
 18523	-0.125047
 18524	-0.400134
 18525	-4.54449
 18526	0.497979
 18527	-6.00223
 18528	-5.74484
 18529	-10.156
 18530	-14.9629
 18531	-4.63234
 18532	-5.13627
 18533	-8.21001
 18534	-2.04053
 18535	-4.46642
 18536	-8.39044
 18537	-3.68844
 18538	-11.6249
 18539	-11.6454
 18540	0.593334
 18541	-0.596586
 18542	-2.35468
 18543	5.44548
 18544	-1.97321
 18545	-0.079375
 18546	5.48624
 18547	5.60935
 18548	6.71313
 18549	19.7087
 18550	20.7806
 18551	13.0583
 18552	15.5667
 18553	14.8457
 18554	13.5412
 18555	21.1116
 18556	18.7658
 18557	15.4905
 18558	14.7427
 18559	10.9475
 18560	12.9401
 18561	13.9117
 18562	10.0086
 18563	12.8079
 18564	15.3461
 18565	8.95133
 18566	7.37165
 18567	12.1145
 18568	8.35214
 18569	13.556
 18570	12.2186
 18571	10.0041
 18572	10.5918
 18573	5.55717
 18574	9.63872
 18575	7.41588
 18576	10.817
 18577	22.6684
 18578	11.8152
 18579	11.6954
 18580	16.3223
 18581	12.2938
 18582	15.1735
 18583	16.1906
 18584	11.0091
 18585	11.0348
 18586	16.8794
 18587	10.3715
 18588	8.6456
 18589	8.65934
 18590	11.1744
 18591	14.9732
 18592	12.1482
 18593	16.5914
 18594	12.4679
 18595	6.03023
 18596	11.962
 18597	7.39952
 18598	4.32959
 18599	3.43846
 18600	7.66085
 18601	7.38067
 18602	2.33526
 18603	-0.334501
 18604	-1.57519
 18605	-1.79194
 18606	5.18243
 18607	5.26898
 18608	4.46727
 18609	6.28874
 18610	2.28527
 18611	0.346405
 18612	7.08776
 18613	-0.766376
 18614	0.492252
 18615	11.5467
 18616	3.23242
 18617	3.88426
 18618	3.60594
 18619	-2.85772
 18620	-1.31958
 18621	0.361344
 18622	10.4071
 18623	10.2118
 18624	11.347
 18625	12.5989
 18626	15.0682
 18627	15.1554
 18628	19.7174
 18629	31.2662
 18630	25.9569
 18631	28.3692
 18632	34.3909
 18633	22.0606
 18634	24.2258
 18635	25.4012
 18636	26.1388
 18637	29.5366
 18638	26.4522
 18639	23.6227
 18640	18.8645
 18641	18.5528
 18642	14.984
 18643	8.93961
 18644	13.5863
 18645	8.06505
 18646	8.37448
 18647	11.3583
 18648	0.742457
 18649	-4.66159
 18650	-5.00919
 18651	-7.1795
 18652	-9.10579
 18653	-6.48467
 18654	-3.54514
 18655	-5.71501
 18656	-7.56605
 18657	-10.0398
 18658	-6.54541
 18659	-13.5007
 18660	-12.2525
 18661	-2.09197
 18662	-6.07163
 18663	-3.04602
 18664	2.9898
 18665	-1.41296
 18666	-7.74384
 18667	1.35252
 18668	0.58475
 18669	2.48427
 18670	13.1304
 18671	9.00061
 18672	14.9996
 18673	15.6925
 18674	5.69076
 18675	15.8068
 18676	14.9008
 18677	14.3563
 18678	21.7149
 18679	27.2113
 18680	24.8711
 18681	24.5013
 18682	26.1061
 18683	22.1034
 18684	26.2313
 18685	27.5152
 18686	23.211
 18687	29.8803
 18688	26.1512
 18689	28.9657
 18690	24.061
 18691	11.8899
 18692	18.5656
 18693	22.5544
 18694	18.3227
 18695	13.6942
 18696	22.234
 18697	13.0845
 18698	3.23643
 18699	11.4187
 18700	2.28016
 18701	4.0327
 18702	11.4467
 18703	-0.701553
 18704	1.44624
 18705	-2.55553
 18706	-10.9105
 18707	-10.0365
 18708	-8.12421
 18709	-16.0068
 18710	-15.076
 18711	-13.1872
 18712	-18.3375
 18713	-16.2723
 18714	-13.9171
 18715	-22.4443
 18716	-19.6571
 18717	-17.1107
 18718	-20.7373
 18719	-14.7625
 18720	-12.5572
 18721	-11.6452
 18722	-12.3433
 18723	-14.3903
 18724	-22.1675
 18725	-14.7098
 18726	-16.4148
 18727	-21.3759
 18728	-13.7468
 18729	-17.5316
 18730	-21.9032
 18731	-22.0166
 18732	-26.9578
 18733	-34.3722
 18734	-29.3834
 18735	-28.4728
 18736	-33.2529
 18737	-25.5618
 18738	-27.1059
 18739	-34.0351
 18740	-29.8648
 18741	-40.9707
 18742	-36.9576
 18743	-31.9417
 18744	-40.2673
 18745	-36.6241
 18746	-36.8614
 18747	-37.7256
 18748	-39.89
 18749	-39.2665
 18750	-42.0576
 18751	-45.6428
 18752	-37.7338
 18753	-42.5566
 18754	-45.7397
 18755	-37.5009
 18756	-39.5264
 18757	-39.3334
 18758	-31.8137
 18759	-27.7515
 18760	-31.6862
 18761	-24.8572
 18762	-24.5434
 18763	-25.5861
 18764	-22.7371
 18765	-21.7417
 18766	-7.34796
 18767	-12.8143
 18768	-18.5536
 18769	-7.03446
 18770	-14.3897
 18771	-19.7973
 18772	-9.65478
 18773	-12.3556
 18774	-11.8738
 18775	-11.1622
 18776	-8.52218
 18777	-14.2796
 18778	-17.7375
 18779	-17.4452
 18780	-18.2635
 18781	-17.0233
 18782	-22.7975
 18783	-15.1704
 18784	-19.9055
 18785	-30.2137
 18786	-37.9802
 18787	-38.2381
 18788	-39.6993
 18789	-42.2483
 18790	-41.1991
 18791	-38.3811
 18792	-39.9092
 18793	-42.8929
 18794	-48.3735
 18795	-37.9796
 18796	-36.6937
 18797	-38.1573
 18798	-29.4661
 18799	-28.9165
 18800	-31.0328
 18801	-26.75
 18802	-31.3477
 18803	-26.4305
 18804	-24.9986
 18805	-15.9933
 18806	-15.1638
 18807	-16.7758
 18808	-7.64237
 18809	-12.8036
 18810	-22.018
 18811	-15.0739
 18812	-15.78
 18813	-14.6801
 18814	-13.8834
 18815	-15.2102
 18816	-19.5753
 18817	-23.2278
 18818	-28.6539
 18819	-23.9896
 18820	-20.4619
 18821	-20.126
 18822	-14.9053
 18823	-17.294
 18824	-24.7055
 18825	-24.3787
 18826	-20.9288
 18827	-18.9598
 18828	-12.383
 18829	-11.8058
 18830	-14.6516
 18831	-13.3625
 18832	-18.2232
 18833	-17.617
 18834	-15.7869
 18835	-18.0203
 18836	-16.2528
 18837	-19.8881
 18838	-14.5848
 18839	-9.42202
 18840	-20.3893
 18841	-13.8696
 18842	-15.3438
 18843	-23.2693
 18844	-23.3659
 18845	-21.1442
 18846	-18.659
 18847	-20.3875
 18848	-15.924
 18849	-18.6022
 18850	-27.4639
 18851	-17.2985
 18852	-16.8479
 18853	-20.6573
 18854	-13.4376
 18855	-16.8162
 18856	-14.0274
 18857	-12.6153
 18858	-19.9819
 18859	-18.4211
 18860	-14.2582
 18861	-21.8059
 18862	-19.7819
 18863	-21.7799
 18864	-24.7795
 18865	-19.5913
 18866	-25.3548
 18867	-30.4407
 18868	-29.3083
 18869	-36.7016
 18870	-35.7334
 18871	-35.2287
 18872	-38.2742
 18873	-42.4146
 18874	-40.5288
 18875	-40.2398
 18876	-42.9832
 18877	-40.4506
 18878	-41.7241
 18879	-38.1477
 18880	-34.9022
 18881	-31.993
 18882	-34.8675
 18883	-27.4753
 18884	-23.158
 18885	-21.6009
 18886	-20.0124
 18887	-16.2708
 18888	-13.006
 18889	-9.09043
 18890	-10.9265
 18891	-9.01697
 18892	-4.65094
 18893	-13.5201
 18894	-10.4021
 18895	-8.21765
 18896	-12.8687
 18897	-11.4663
 18898	-12.7532
 18899	-14.5136
 18900	-13.2149
 18901	-17.8791
 18902	-12.8733
 18903	-11.7951
 18904	-12.5968
 18905	-13.853
 18906	-7.68641
 18907	-17.1272
 18908	-12.7443
 18909	-3.26106
 18910	-5.29645
 18911	-6.3375
 18912	-5.72076
 18913	-3.48002
 18914	-9.0115
 18915	-10.7208
 18916	-8.05269
 18917	-11.3894
 18918	-15.98
 18919	-15.4515
 18920	-23.8336
 18921	-22.328
 18922	-30.2802
 18923	-30.6503
 18924	-26.7139
 18925	-32.1286
 18926	-30.3847
 18927	-28.107
 18928	-23.6664
 18929	-25.4367
 18930	-32.7615
 18931	-32.0015
 18932	-24.9614
 18933	-26.8771
 18934	-29.4668
 18935	-20.8739
 18936	-20.2641
 18937	-25.2165
 18938	-19.5086
 18939	-28.6867
 18940	-27.5304
 18941	-18.5757
 18942	-22.4235
 18943	-23.4316
 18944	-19.4329
 18945	-17.9969
 18946	-20.391
 18947	-18.6226
 18948	-21.3698
 18949	-24.0215
 18950	-25.1661
 18951	-20.3882
 18952	-18.302
 18953	-19.414
 18954	-26.1549
 18955	-15.0534
 18956	-17.8176
 18957	-20.2548
 18958	-18.5329
 18959	-21.6823
 18960	-14.8112
 18961	-18.6919
 18962	-19.1518
 18963	-14.3795
 18964	-7.57171
 18965	-6.45111
 18966	-7.53593
 18967	-2.14254
 18968	-4.14578
 18969	-8.00194
 18970	0.94257
 18971	5.04854
 18972	6.38983
 18973	10.8626
 18974	9.8042
 18975	9.56071
 18976	9.86495
 18977	10.9683
 18978	19.6425
 18979	25.1023
 18980	18.7144
 18981	21.3771
 18982	21.1864
 18983	17.6748
 18984	22.4231
 18985	19.4477
 18986	14.0969
 18987	19.446
 18988	14.9966
 18989	11.5017
 18990	13.1074
 18991	16.0878
 18992	8.40943
 18993	16.0106
 18994	16.8379
 18995	7.01623
 18996	13.6483
 18997	10.9737
 18998	10.332
 18999	8.54164
 19000	6.48088
 19001	6.36265
 19002	-1.18767
 19003	3.22247
 19004	0.841298
 19005	-4.87079
 19006	-3.369
 19007	-0.059859
 19008	-2.68032
 19009	-12.0883
 19010	-11.4038
 19011	-9.70794
 19012	-19.8073
 19013	-12.2303
 19014	-13.5683
 19015	-17.8048
 19016	-16.0414
 19017	-22.5506
 19018	-20.7368
 19019	-15.9591
 19020	-23.441
 19021	-22.0318
 19022	-16.1499
 19023	-11.1162
 19024	-17.5556
 19025	-17.0974
 19026	-20.2432
 19027	-19.3585
 19028	-12.932
 19029	-13.2671
 19030	-13.6362
 19031	-12.5421
 19032	-12.0646
 19033	-11.3204
 19034	-11.3785
 19035	-17.4791
 19036	-9.04205
 19037	-7.68731
 19038	-18.297
 19039	-8.18583
 19040	-7.26729
 19041	-11.4222
 19042	-7.40393
 19043	-8.07565
 19044	-9.62528
 19045	-10.7813
 19046	-10.8974
 19047	-5.76249
 19048	-5.46612
 19049	0.323671
 19050	-5.46444
 19051	-3.82373
 19052	-1.21588
 19053	-1.77276
 19054	8.24356
 19055	-1.59167
 19056	-5.09146
 19057	8.23477
 19058	2.83441
 19059	1.22734
 19060	4.45613
 19061	-1.22218
 19062	4.4707
 19063	3.77602
 19064	1.60509
 19065	0.283484
 19066	3.18356
 19067	0.665383
 19068	0.542227
 19069	2.31079
 19070	-3.44512
 19071	-5.54581
 19072	-4.42309
 19073	-13.2077
 19074	-8.90417
 19075	-7.87738
 19076	-10.0676
 19077	-6.57814
 19078	-12.1203
 19079	-8.30989
 19080	-8.25509
 19081	-16.3159
 19082	-17.0209
 19083	-11.4736
 19084	-12.8555
 19085	-10.9864
 19086	-13.2316
 19087	-14.7655
 19088	-20.0182
 19089	-15.5162
 19090	-14.2981
 19091	-21.0651
 19092	-11.2452
 19093	-10.3468
 19094	-18.3791
 19095	-11.7249
 19096	-19.4943
 19097	-22.0134
 19098	-12.645
 19099	-17.4524
 19100	-9.48806
 19101	-9.64668
 19102	-9.38886
 19103	-4.53961
 19104	-3.34825
 19105	-2.14437
 19106	-0.566449
 19107	2.21574
 19108	5.1827
 19109	3.68461
 19110	4.372
 19111	0.420863
 19112	1.80338
 19113	3.04602
 19114	-2.08984
 19115	4.01077
 19116	1.93658
 19117	-1.45012
 19118	1.61843
 19119	-0.626755
 19120	-2.54325
 19121	3.73741
 19122	3.43144
 19123	-1.66725
 19124	8.82726
 19125	9.77411
 19126	4.05339
 19127	9.21368
 19128	4.55922
 19129	2.16016
 19130	12.8493
 19131	5.13887
 19132	4.45171
 19133	5.77463
 19134	-3.61414
 19135	-4.60767
 19136	-0.301365
 19137	-2.9011
 19138	-0.275828
 19139	-5.35872
 19140	-6.22077
 19141	-6.61524
 19142	-12.5116
 19143	-14.7995
 19144	-11.4503
 19145	-10.6193
 19146	-13.0941
 19147	-13.7005
 19148	-10.197
 19149	-18.1073
 19150	-12.8105
 19151	-15.8551
 19152	-17.2557
 19153	-7.49578
 19154	-9.95606
 19155	-10.3946
 19156	-7.69185
 19157	-10.631
 19158	-12.2229
 19159	-2.58087
 19160	-6.73683
 19161	1.28038
 19162	14.3683
 19163	10.4951
 19164	9.91531
 19165	15.2896
 19166	10.8602
 19167	14.7738
 19168	17.8496
 19169	17.1235
 19170	23.1239
 19171	26.8539
 19172	17.5245
 19173	16.631
 19174	19.5754
 19175	6.85509
 19176	13.2559
 19177	21.3521
 19178	7.11771
 19179	7.9654
 19180	11.221
 19181	-0.272674
 19182	-0.315941
 19183	4.97694
 19184	-2.40361
 19185	-4.75222
 19186	0.988082
 19187	-8.04204
 19188	-11.6065
 19189	-12.8342
 19190	-14.3525
 19191	-17.3679
 19192	-23.0907
 19193	-19.4337
 19194	-16.2726
 19195	-20.8176
 19196	-26.2034
 19197	-21.8888
 19198	-23.2688
 19199	-23.4479
 19200	-16.0435
 19201	-20.4525
 19202	-20.8959
 19203	-14.8323
 19204	-25.0616
 19205	-29.1303
 19206	-10.5226
 19207	-8.15625
 19208	-11.9318
 19209	2.70446
 19210	-5.39304
 19211	-13.507
 19212	2.8272
 19213	2.02143
 19214	1.49609
 19215	16.3517
 19216	17.3965
 19217	13.3893
 19218	17.6803
 19219	15.8286
 19220	18.384
 19221	20.5182
 19222	22.7368
 19223	28.098
 19224	25.049
 19225	23.5821
 19226	26.1246
 19227	21.5267
 19228	17.9081
 19229	23.0979
 19230	26.4658
 19231	17.9902
 19232	21.2236
 19233	18.2827
 19234	7.06817
 19235	17.4853
 19236	14.4278
 19237	6.87331
 19238	10.3218
 19239	7.56947
 19240	1.27725
 19241	-1.10026
 19242	-4.02599
 19243	-6.14919
 19244	-3.46995
 19245	4.27674
 19246	-3.01621
 19247	4.17224
 19248	5.29622
 19249	-5.17561
 19250	1.0326
 19251	-3.9005
 19252	4.17919
 19253	8.92384
 19254	-2.82958
 19255	8.13573
 19256	10.8574
 19257	-0.46288
 19258	4.28346
 19259	11.2282
 19260	3.67968
 19261	7.03439
 19262	9.20799
 19263	4.50063
 19264	8.37451
 19265	13.3988
 19266	6.20759
 19267	6.42212
 19268	20.1478
 19269	16.7204
 19270	15.0804
 19271	20.007
 19272	21.4691
 19273	18.7583
 19274	18.5547
 19275	21.8121
 19276	16.0081
 19277	17.1835
 19278	28.0638
 19279	22.7366
 19280	15.4922
 19281	16.0529
 19282	13.0819
 19283	9.80078
 19284	12.992
 19285	21.472
 19286	14.4009
 19287	23.2378
 19288	25.2253
 19289	11.5546
 19290	19.7038
 19291	20.5732
 19292	13.7298
 19293	23.8597
 19294	22.6838
 19295	14.4758
 19296	14.5022
 19297	13.8745
 19298	14.2441
 19299	7.84697
 19300	11.303
 19301	12.4676
 19302	9.44126
 19303	5.47945
 19304	3.79171
 19305	1.22712
 19306	-2.48036
 19307	0.218187
 19308	-4.8602
 19309	-3.97085
 19310	2.23165
 19311	-3.00139
 19312	-5.21889
 19313	-1.85468
 19314	-2.31443
 19315	-2.99596
 19316	-2.52388
 19317	11.3749
 19318	6.74278
 19319	3.60095
 19320	12.2845
 19321	0.248154
 19322	-1.25857
 19323	11.8396
 19324	6.12459
 19325	12.8209
 19326	23.2311
 19327	11.9214
 19328	4.17014
 19329	6.42644
 19330	5.21087
 19331	6.16007
 19332	2.65478
 19333	4.80566
 19334	2.84563
 19335	-4.82143
 19336	0.840698
 19337	-4.53557
 19338	-7.36551
 19339	-0.379733
 19340	5.01077
 19341	7.76537
 19342	6.7039
 19343	10.6483
 19344	5.30048
 19345	5.61483
 19346	7.2706
 19347	4.68807
 19348	8.80268
 19349	14.8297
 19350	8.18387
 19351	1.60633
 19352	3.8615
 19353	3.19391
 19354	-0.646015
 19355	10.2101
 19356	11.2276
 19357	14.9948
 19358	14.9729
 19359	13.245
 19360	11.5467
 19361	2.77721
 19362	6.09057
 19363	10.4015
 19364	5.26499
 19365	4.23578
 19366	10.8082
 19367	2.65939
 19368	-2.48249
 19369	1.01025
 19370	-3.35103
 19371	2.43105
 19372	6.13416
 19373	5.74964
 19374	4.69666
 19375	5.44909
 19376	7.28058
 19377	3.21177
 19378	7.51713
 19379	9.02071
 19380	8.71725
 19381	9.46338
 19382	15.1028
 19383	11.7995
 19384	9.43395
 19385	14.3825
 19386	14.7063
 19387	11.8789
 19388	16.117
 19389	9.30243
 19390	1.89627
 19391	-0.405696
 19392	2.93233
 19393	2.89644
 19394	1.17549
 19395	4.88374
 19396	5.65851
 19397	-1.69096
 19398	4.20298
 19399	-2.30083
 19400	-3.87354
 19401	1.24669
 19402	-1.44811
 19403	-1.70765
 19404	-6.09232
 19405	-11.4317
 19406	-14.3167
 19407	-19.124
 19408	-16.0496
 19409	-19.7893
 19410	-26.0008
 19411	-24.5907
 19412	-21.1952
 19413	-29.9594
 19414	-23.6256
 19415	-26.0477
 19416	-33.8348
 19417	-27.675
 19418	-24.8073
 19419	-28.4421
 19420	-22.8474
 19421	-18.9986
 19422	-23.473
 19423	-24.2801
 19424	-18.6463
 19425	-18.71
 19426	-17.6881
 19427	-14.4086
 19428	-14.9353
 19429	-15.8404
 19430	-19.1473
 19431	-22.4968
 19432	-25.1251
 19433	-18.3744
 19434	-16.8458
 19435	-19.4005
 19436	-16.9655
 19437	-8.23565
 19438	-11.3361
 19439	-12.6719
 19440	-7.33622
 19441	-9.513
 19442	-12.1992
 19443	-8.84651
 19444	-8.4282
 19445	-12.9367
 19446	-10.0018
 19447	-7.17657
 19448	-18.1609
 19449	-15.7709
 19450	-10.8305
 19451	-14.19
 19452	-10.4106
 19453	-6.1681
 19454	-8.00309
 19455	-11.4992
 19456	-9.90174
 19457	-3.07305
 19458	-0.984645
 19459	2.37647
 19460	7.84237
 19461	2.06926
 19462	2.13534
 19463	7.08508
 19464	6.34497
 19465	7.20891
 19466	9.20394
 19467	10.1968
 19468	7.88784
 19469	9.82247
 19470	11.4238
 19471	9.22522
 19472	14.1037
 19473	18.219
 19474	15.0001
 19475	13.8974
 19476	14.9435
 19477	11.8488
 19478	10.3453
 19479	16.717
 19480	16.0834
 19481	11.1304
 19482	10.9971
 19483	10.6307
 19484	6.47925
 19485	6.23196
 19486	6.62639
 19487	4.9736
 19488	6.33772
 19489	3.03113
 19490	5.01663
 19491	4.08968
 19492	1.14878
 19493	7.2387
 19494	1.95676
 19495	4.13543
 19496	7.32272
 19497	2.54164
 19498	8.88059
 19499	8.38256
 19500	7.59873
 19501	12.492
 19502	14.8303
 19503	13.4093
 19504	15.7774
 19505	19.7183
 19506	13.9088
 19507	15.537
 19508	19.5266
 19509	15.5614
 19510	11.3497
 19511	14.6399
 19512	12.3134
 19513	8.47128
 19514	9.90495
 19515	13.2392
 19516	10.7655
 19517	10.0356
 19518	11.6328
 19519	8.27781
 19520	7.4343
 19521	10.1114
 19522	9.04971
 19523	4.28857
 19524	1.48035
 19525	1.27733
 19526	-5.99754
 19527	-4.72942
 19528	-1.73101
 19529	-6.71837
 19530	-5.69863
 19531	3.63057
 19532	-2.98891
 19533	-4.06985
 19534	5.06188
 19535	1.26603
 19536	3.24473
 19537	2.34904
 19538	0.00112809
 19539	-7.07329
 19540	-5.69564
 19541	-0.589498
 19542	-3.25686
 19543	-8.0897
 19544	-2.62987
 19545	-0.059878
 19546	-7.76663
 19547	-8.05567
 19548	-1.74054
 19549	-4.67031
 19550	-1.28376
 19551	6.79985
 19552	-0.186709
 19553	-4.7082
 19554	2.88868
 19555	2.49484
 19556	-5.92039
 19557	1.99152
 19558	6.02678
 19559	-0.975297
 19560	5.79261
 19561	9.26404
 19562	2.9781
 19563	4.50281
 19564	11.6507
 19565	10.394
 19566	11.2583
 19567	20.4465
 19568	15.6422
 19569	13.5828
 19570	19.558
 19571	18.0056
 19572	18.7581
 19573	24.4692
 19574	32.6206
 19575	31.7802
 19576	33.7261
 19577	30.3531
 19578	27.8004
 19579	25.3559
 19580	25.0005
 19581	30.0639
 19582	23.2363
 19583	23.6206
 19584	27.8692
 19585	14.3816
 19586	16.8133
 19587	24.0197
 19588	18.0392
 19589	14.8692
 19590	15.2073
 19591	14.2679
 19592	6.18054
 19593	3.66758
 19594	7.05562
 19595	0.742674
 19596	-0.0291338
 19597	10.4822
 19598	6.36417
 19599	2.27886
 19600	7.76569
 19601	6.70741
 19602	9.87293
 19603	15.522
 19604	15.0371
 19605	21.4692
 19606	29.8438
 19607	28.3048
 19608	20.7889
 19609	20.6684
 19610	28.774
 19611	27.1846
 19612	29.976
 19613	41.5144
 19614	37.5827
 19615	32.7214
 19616	35.4058
 19617	35.3484
 19618	36.2486
 19619	41.5929
 19620	41.3801
 19621	41.1552
 19622	45.7254
 19623	47.7372
 19624	39.0436
 19625	42.3338
 19626	48.9459
 19627	51.4859
 19628	47.851
 19629	49.1709
 19630	49.0445
 19631	48.4642
 19632	49.4145
 19633	51.5494
 19634	53.6325
 19635	49.6211
 19636	50.0206
 19637	53.3263
 19638	48.8363
 19639	57.803
 19640	58.3848
 19641	52.1606
 19642	53.0886
 19643	56.0171
 19644	52.878
 19645	54.3558
 19646	59.0008
 19647	56.3733
 19648	55.4509
 19649	56.7368
 19650	57.306
 19651	55.7951
 19652	55.8091
 19653	50.1165
 19654	48.2189
 19655	47.2089
 19656	47.1753
 19657	50.1656
 19658	46.2177
 19659	40.7281
 19660	43.7785
 19661	39.6537
 19662	37.9877
 19663	41.496
 19664	35.7604
 19665	32.4497
 19666	29.854
 19667	25.5533
 19668	17.8676
 19669	15.8318
 19670	16.6175
 19671	19.273
 19672	16.729
 19673	17.5399
 19674	18.6118
 19675	7.74299
 19676	8.48752
 19677	6.72572
 19678	4.82271
 19679	8.26134
 19680	5.67176
 19681	4.4301
 19682	3.03063
 19683	-0.767038
 19684	-0.386138
 19685	-6.0722
 19686	1.28807
 19687	6.57004
 19688	8.4033
 19689	6.9306
 19690	13.3702
 19691	11.671
 19692	6.771
 19693	11.0724
 19694	13.1424
 19695	19.4833
 19696	23.5595
 19697	24.5866
 19698	23.5738
 19699	26.1529
 19700	26.9899
 19701	26.4082
 19702	31.6745
 19703	30.2612
 19704	28.7261
 19705	22.9244
 19706	19.4795
 19707	17.543
 19708	18.0896
 19709	19.7417
 19710	18.7954
 19711	17.8392
 19712	23.9685
 19713	24.2929
 19714	19.4319
 19715	18.8029
 19716	19.5085
 19717	23.0005
 19718	21.3449
 19719	24.0241
 19720	25.5986
 19721	31.0466
 19722	27.9085
 19723	29.1402
 19724	29.6269
 19725	30.014
 19726	36.6153
 19727	33.2661
 19728	27.4952
 19729	31.4677
 19730	34.1347
 19731	33.2119
 19732	34.5393
 19733	37.0486
 19734	38.9525
 19735	42.9484
 19736	35.5245
 19737	36.8273
 19738	28.3982
 19739	23.9185
 19740	22.4401
 19741	15.3612
 19742	14.7375
 19743	11.9176
 19744	7.86351
 19745	9.08175
 19746	8.37805
 19747	10.9964
 19748	9.86719
 19749	10.1863
 19750	13.2866
 19751	11.497
 19752	19.2016
 19753	21.4926
 19754	18.0609
 19755	22.1009
 19756	23.4399
 19757	26.2689
 19758	26.0352
 19759	29.7044
 19760	33.3777
 19761	31.9053
 19762	34.6307
 19763	34.5592
 19764	35.0168
 19765	38.517
 19766	38.9983
 19767	35.7667
 19768	37.4466
 19769	40.8425
 19770	43.5427
 19771	40.7203
 19772	43.5823
 19773	43.5621
 19774	40.8703
 19775	37.4521
 19776	39.4242
 19777	38.4555
 19778	35.1084
 19779	34.2397
 19780	30.0528
 19781	25.0788
 19782	32.2203
 19783	32.2726
 19784	27.2287
 19785	25.6123
 19786	28.4169
 19787	19.7052
 19788	21.2541
 19789	23.3917
 19790	23.3824
 19791	25.2512
 19792	25.1527
 19793	23.0475
 19794	23.6281
 19795	23.9641
 19796	24.4895
 19797	31.3807
 19798	34.3297
 19799	30.0498
 19800	27.8403
 19801	18.9736
 19802	22.6048
 19803	28.0584
 19804	24.8573
 19805	30.4858
 19806	31.5165
 19807	22.8493
 19808	22.0963
 19809	20.2995
 19810	21.3718
 19811	24.0929
 19812	26.4677
 19813	29.9189
 19814	22.2275
 19815	25.8861
 19816	25.1609
 19817	27.1765
 19818	31.1164
 19819	28.2948
 19820	30.8354
 19821	28.5791
 19822	26.113
 19823	26.1686
 19824	23.1334
 19825	28.2318
 19826	27.2434
 19827	26.7654
 19828	33.0278
 19829	34.9676
 19830	29.5906
 19831	29.8286
 19832	30.7753
 19833	32.96
 19834	32.9045
 19835	32.4353
 19836	31.3732
 19837	32.6159
 19838	32.1196
 19839	23.2822
 19840	22.9465
 19841	29.7912
 19842	33.6983
 19843	34.0627
 19844	34.8252
 19845	41.2884
 19846	37.9113
 19847	33.0244
 19848	37.7491
 19849	41.2569
 19850	45.5579
 19851	49.6145
 19852	48.8004
 19853	49.8271
 19854	51.9008
 19855	57.8841
 19856	54.8583
 19857	53.9647
 19858	60.1946
 19859	53.3658
 19860	47.7702
 19861	52.442
 19862	47.0501
 19863	45.4182
 19864	47.5602
 19865	42.8633
 19866	40.2235
 19867	44.5926
 19868	43.4698
 19869	41.1284
 19870	43.5262
 19871	42.2119
 19872	37.5147
 19873	33.7415
 19874	33.4867
 19875	35.781
 19876	33.8414
 19877	29.1156
 19878	31.7143
 19879	22.2636
 19880	22.9212
 19881	29.0432
 19882	19.4407
 19883	20.1764
 19884	26.3513
 19885	20.8177
 19886	21.1309
 19887	24.2971
 19888	25.4521
 19889	25.4602
 19890	28.0275
 19891	24.8156
 19892	20.7324
 19893	24.9448
 19894	25.8454
 19895	25.8083
 19896	30.6756
 19897	28.765
 19898	30.1483
 19899	27.6441
 19900	24.3999
 19901	31.0982
 19902	31.747
 19903	26.4804
 19904	26.8667
 19905	29.2065
 19906	28.4248
 19907	27.3224
 19908	24.4379
 19909	22.2015
 19910	28.2155
 19911	25.3116
 19912	20.4244
 19913	26.8791
 19914	22.8061
 19915	15.8798
 19916	20.9717
 19917	13.3334
 19918	16.0103
 19919	22.3159
 19920	14.1146
 19921	16.0061
 19922	15.1625
 19923	7.45533
 19924	7.65607
 19925	13.5521
 19926	12.583
 19927	10.7242
 19928	12.6259
 19929	13.5749
 19930	17.7492
 19931	19.8868
 19932	17.7961
 19933	28.8326
 19934	30.9866
 19935	26.5874
 19936	36.3274
 19937	35.7817
 19938	29.051
 19939	36.1508
 19940	31.8363
 19941	28.9195
 19942	36.9289
 19943	38.5914
 19944	29.4097
 19945	30.5536
 19946	33.8093
 19947	32.7572
 19948	30.1632
 19949	29.0524
 19950	34.8511
 19951	34.9149
 19952	25.5365
 19953	23.6285
 19954	19.8808
 19955	16.2834
 19956	18.9566
 19957	14.4766
 19958	9.18072
 19959	10.6691
 19960	5.61313
 19961	1.41693
 19962	-0.0812324
 19963	2.56932
 19964	2.19382
 19965	5.7494
 19966	11.2167
 19967	6.58953
 19968	1.67328
 19969	1.3536
 19970	-6.69145
 19971	-9.8975
 19972	-8.9362
 19973	-8.24442
 19974	-14.6289
 19975	-11.5706
 19976	-15.05
 19977	-18.3738
 19978	-18.811
 19979	-13.4356
 19980	-10.8989
 19981	-6.57907
 19982	3.36629
 19983	1.8697
 19984	1.94765
 19985	8.80966
 19986	7.51589
 19987	7.50783
 19988	15.6604
 19989	17.8741
 19990	24.2553
 19991	25.0656
 19992	23.0487
 19993	20.0187
 19994	20.6146
 19995	23.4685
 19996	22.939
 19997	20.3068
 19998	20.748
 19999	18.065
 20000	10.3251
 20001	7.0063
 20002	11.1004
 20003	12.8023
 20004	17.925
 20005	22.2708
 20006	18.5181
 20007	21.6231
 20008	18.892
 20009	22.8984
 20010	22.9888
 20011	25.8484
 20012	31.9855
 20013	26.4356
 20014	21.0066
 20015	20.043
 20016	17.7309
 20017	18.8635
 20018	15.6472
 20019	12.7332
 20020	10.2549
 20021	16.3412
 20022	5.35894
 20023	2.6041
 20024	6.10772
 20025	-1.37801
 20026	6.18954
 20027	4.85899
 20028	1.47426
 20029	-0.722431
 20030	4.63952
 20031	10.1735
 20032	1.1518
 20033	2.81032
 20034	6.92473
 20035	6.3433
 20036	1.70542
 20037	1.30244
 20038	6.93017
 20039	3.6098
 20040	4.92034
 20041	2.90998
 20042	-1.24908
 20043	4.1307
 20044	4.54398
 20045	9.06662
 20046	6.06314
 20047	10.422
 20048	10.1744
 20049	6.27398
 20050	8.62838
 20051	4.0059
 20052	1.1116
 20053	6.8695
 20054	-4.57607
 20055	-2.81959
 20056	-2.32896
 20057	-11.5349
 20058	-6.54533
 20059	-4.66842
 20060	-11.7257
 20061	-15.6603
 20062	-12.9848
 20063	-10.7632
 20064	-6.91445
 20065	-9.04442
 20066	-11.3471
 20067	-11.6938
 20068	-15.1868
 20069	-13.5149
 20070	-7.92834
 20071	-17.5208
 20072	-15.3619
 20073	-15.9752
 20074	-21.5304
 20075	-18.4342
 20076	-20.0733
 20077	-24.9856
 20078	-22.234
 20079	-24.1332
 20080	-28.2559
 20081	-23.2577
 20082	-19.1054
 20083	-23.8136
 20084	-18.7075
 20085	-13.9282
 20086	-21.1356
 20087	-13.8075
 20088	-12.3344
 20089	-15.2927
 20090	-10.1014
 20091	-6.42154
 20092	-7.14861
 20093	-3.53859
 20094	-4.99784
 20095	-8.65004
 20096	-3.40114
 20097	-0.896306
 20098	-4.72372
 20099	-6.26492
 20100	-1.88713
 20101	-2.6596
 20102	-1.88202
 20103	-8.18864
 20104	-5.2548
 20105	-7.26362
 20106	-13.724
 20107	-12.3902
 20108	-7.93366
 20109	-14.1949
 20110	-5.75233
 20111	-2.30151
 20112	-2.49956
 20113	-4.18905
 20114	-0.290225
 20115	4.40415
 20116	-3.65917
 20117	3.00881
 20118	10.9002
 20119	9.89534
 20120	10.5531
 20121	7.64641
 20122	4.35533
 20123	8.66609
 20124	6.31941
 20125	11.791
 20126	13.9463
 20127	11.2888
 20128	13.2524
 20129	3.85808
 20130	-0.848821
 20131	-2.96384
 20132	-6.72491
 20133	-4.17028
 20134	-10.7277
 20135	-9.53253
 20136	-13.5575
 20137	-14.764
 20138	-23.5705
 20139	-30.1988
 20140	-20.9452
 20141	-28.0961
 20142	-35.9949
 20143	-33.4168
 20144	-35.047
 20145	-39.6159
 20146	-35.7673
 20147	-40.6346
 20148	-48.0661
 20149	-45.4674
 20150	-38.1439
 20151	-37.4497
 20152	-44.0191
 20153	-39.5177
 20154	-35.3886
 20155	-45.3416
 20156	-37.2897
 20157	-33.6131
 20158	-38.4872
 20159	-34.6874
 20160	-24.1767
 20161	-27.043
 20162	-22.4729
 20163	-12.7606
 20164	-19.1254
 20165	-18.7079
 20166	-9.05963
 20167	-16.6394
 20168	-5.84139
 20169	-3.09855
 20170	-4.44898
 20171	-0.181063
 20172	0.50392
 20173	1.69282
 20174	-0.714288
 20175	-4.54536
 20176	9.34517
 20177	4.68045
 20178	6.3678
 20179	15.2902
 20180	10.4055
 20181	6.02278
 20182	12.0006
 20183	11.192
 20184	10.6913
 20185	16.2393
 20186	13.7291
 20187	5.9389
 20188	4.81502
 20189	2.7931
 20190	-1.82953
 20191	6.11058
 20192	8.55425
 20193	4.47756
 20194	1.28821
 20195	1.56769
 20196	0.286541
 20197	-5.79297
 20198	-1.44689
 20199	12.1615
 20200	3.48009
 20201	2.25321
 20202	1.84581
 20203	-13.4149
 20204	-8.41887
 20205	-1.18756
 20206	-5.78827
 20207	-4.80316
 20208	-2.24183
 20209	0.0247986
 20210	-9.46381
 20211	-11.8275
 20212	-3.73052
 20213	-13.3042
 20214	-5.15745
 20215	1.64878
 20216	-6.06733
 20217	-8.60927
 20218	-3.63211
 20219	-7.00527
 20220	-11.993
 20221	-10.1007
 20222	-1.96879
 20223	-3.03005
 20224	-6.15764
 20225	-1.29178
 20226	-8.87896
 20227	-5.07399
 20228	1.71284
 20229	-5.40081
 20230	-3.56581
 20231	-1.56884
 20232	-6.99972
 20233	-6.56534
 20234	-3.66228
 20235	1.39493
 20236	-3.85101
 20237	-6.08189
 20238	-6.60741
 20239	-15.1906
 20240	-7.65532
 20241	-10.2344
 20242	-11.6214
 20243	-9.28199
 20244	-7.89857
 20245	-3.62895
 20246	-6.71173
 20247	-3.62517
 20248	-2.94709
 20249	-7.35729
 20250	2.82064
 20251	7.83107
 20252	10.0718
 20253	11.5393
 20254	17.5004
 20255	17.3595
 20256	6.20349
 20257	18.3755
 20258	17.3473
 20259	16.9065
 20260	25.4523
 20261	22.3076
 20262	19.9436
 20263	20.9311
 20264	17.3003
 20265	11.6556
 20266	15.0359
 20267	19.065
 20268	16.1737
 20269	21.5127
 20270	15.2702
 20271	10.4153
 20272	9.70687
 20273	9.36007
 20274	14.9607
 20275	6.95656
 20276	7.72227
 20277	9.37177
 20278	5.28907
 20279	2.05829
 20280	2.85109
 20281	3.21739
 20282	1.9531
 20283	12.53
 20284	9.41512
 20285	2.3597
 20286	10.3704
 20287	7.44296
 20288	1.20976
 20289	0.603174
 20290	6.5437
 20291	5.09219
 20292	-1.23282
 20293	4.34441
 20294	-4.5882
 20295	-6.35604
 20296	-5.68801
 20297	-5.88657
 20298	-3.26533
 20299	1.56875
 20300	-3.34717
 20301	-7.10917
 20302	-3.8154
 20303	0.99522
 20304	0.357061
 20305	0.627311
 20306	5.67741
 20307	4.2911
 20308	-1.367
 20309	5.15377
 20310	8.07826
 20311	-1.68233
 20312	6.52715
 20313	11.823
 20314	3.62789
 20315	4.50297
 20316	3.38854
 20317	1.31036
 20318	0.321074
 20319	4.24375
 20320	3.64724
 20321	4.18534
 20322	18.0159
 20323	9.96854
 20324	7.10408
 20325	14.6369
 20326	16.6281
 20327	17.6488
 20328	18.5684
 20329	26.0832
 20330	21.0218
 20331	23.306
 20332	24.6905
 20333	14.8533
 20334	15.6489
 20335	22.2753
 20336	22.7468
 20337	13.07
 20338	9.69618
 20339	15.4625
 20340	5.23992
 20341	10.3959
 20342	13.417
 20343	6.14974
 20344	11.6732
 20345	12.6305
 20346	4.38396
 20347	7.26989
 20348	12.5996
 20349	7.10022
 20350	10.6988
 20351	11.7508
 20352	4.39674
 20353	8.90814
 20354	3.03886
 20355	3.06363
 20356	11.1748
 20357	4.45624
 20358	15.5317
 20359	12.402
 20360	6.06369
 20361	9.90098
 20362	4.67794
 20363	7.71616
 20364	9.7061
 20365	11.3981
 20366	9.57823
 20367	7.65616
 20368	16.5723
 20369	8.91081
 20370	10.0306
 20371	14.8324
 20372	10.2843
 20373	13.557
 20374	17.3591
 20375	15.1427
 20376	11.4743
 20377	17.3425
 20378	14.7002
 20379	7.58287
 20380	12.6551
 20381	11.2652
 20382	11.4918
 20383	11.4537
 20384	4.80912
 20385	4.62755
 20386	2.26832
 20387	2.83035
 20388	-0.184036
 20389	0.172142
 20390	-0.0351472
 20391	2.39572
 20392	-1.39257
 20393	-3.55129
 20394	5.40873
 20395	-3.54464
 20396	-3.58444
 20397	2.85147
 20398	-5.35404
 20399	-1.60945
 20400	-9.56997
 20401	-11.8452
 20402	-7.37349
 20403	-7.82993
 20404	-0.682038
 20405	-3.69739
 20406	4.10233
 20407	7.64664
 20408	0.591047
 20409	10.8948
 20410	13.436
 20411	14.2411
 20412	22.8287
 20413	28.9906
 20414	31.1022
 20415	27.7401
 20416	27.4391
 20417	28.1808
 20418	29.5148
 20419	33.6802
 20420	32.4711
 20421	35.1644
 20422	32.4995
 20423	29.8862
 20424	25.3112
 20425	17.3511
 20426	18.743
 20427	21.9185
 20428	18.1519
 20429	19.5805
 20430	21.0669
 20431	15.6045
 20432	11.8298
 20433	10.1482
 20434	11.3474
 20435	11.3675
 20436	7.01533
 20437	15.5946
 20438	11.2144
 20439	6.67081
 20440	14.4256
 20441	10.7543
 20442	10.8168
 20443	15.067
 20444	11.9201
 20445	14.879
 20446	20.2586
 20447	26.4622
 20448	25.2868
 20449	22.7579
 20450	28.5806
 20451	25.8539
 20452	28.3958
 20453	27.9343
 20454	28.1945
 20455	28.4495
 20456	26.9226
 20457	29.195
 20458	19.9715
 20459	24.942
 20460	29.8553
 20461	19.7119
 20462	20.0802
 20463	19.108
 20464	22.1147
 20465	17.9558
 20466	18.1474
 20467	18.1932
 20468	9.47582
 20469	16.4321
 20470	18.5106
 20471	10.2473
 20472	9.49979
 20473	14.3432
 20474	6.3769
 20475	4.40223
 20476	2.94925
 20477	2.72865
 20478	7.0974
 20479	0.187944
 20480	1.21516
 20481	2.09088
 20482	-7.83551
 20483	-5.06141
 20484	-5.98656
 20485	-11.1
 20486	-4.18844
 20487	-7.64793
 20488	-7.17346
 20489	-4.40343
 20490	-0.206614
 20491	-2.14871
 20492	-2.75549
 20493	1.80157
 20494	-2.70036
 20495	8.53825
 20496	9.87021
 20497	0.885586
 20498	4.44471
 20499	-1.31861
 20500	-2.91698
 20501	0.0229235
 20502	2.95967
 20503	4.76523
 20504	3.07067
 20505	10.0628
 20506	2.35079
 20507	-0.0499095
 20508	-1.28278
 20509	-8.74019
 20510	-7.19638
 20511	-8.61635
 20512	-9.93341
 20513	-2.49346
 20514	-6.09412
 20515	-4.31096
 20516	-7.80555
 20517	-7.4987
 20518	0.605291
 20519	-0.756288
 20520	2.09228
 20521	5.65699
 20522	12.292
 20523	7.00796
 20524	6.48518
 20525	8.02109
 20526	10.2841
 20527	15.0786
 20528	15.7069
 20529	16.2063
 20530	18.2629
 20531	22.9059
 20532	21.6184
 20533	17.2572
 20534	21.2955
 20535	22.4756
 20536	24.0672
 20537	20.2618
 20538	17.8975
 20539	12.0695
 20540	13.5407
 20541	13.3144
 20542	4.83152
 20543	9.93187
 20544	7.20961
 20545	3.96423
 20546	4.34479
 20547	2.19444
 20548	1.61809
 20549	-1.19188
 20550	3.59798
 20551	1.1628
 20552	-0.522417
 20553	4.30459
 20554	0.641746
 20555	-1.87626
 20556	1.79227
 20557	7.9414
 20558	11.9089
 20559	8.43143
 20560	13.231
 20561	15.7059
 20562	13.475
 20563	16.008
 20564	18.4747
 20565	18.4908
 20566	24.5825
 20567	25.5123
 20568	23.0655
 20569	23.2896
 20570	21.4102
 20571	19.1513
 20572	20.6181
 20573	20.2423
 20574	14.7911
 20575	12.9324
 20576	15.9611
 20577	13.7363
 20578	12.6068
 20579	15.7593
 20580	12.677
 20581	13.819
 20582	14.3188
 20583	16.1247
 20584	17.966
 20585	13.517
 20586	15.4815
 20587	8.51472
 20588	10.6917
 20589	17.898
 20590	14.211
 20591	13.2711
 20592	10.5776
 20593	14.3665
 20594	6.67879
 20595	2.20958
 20596	8.5223
 20597	4.26553
 20598	6.00795
 20599	9.03578
 20600	4.9395
 20601	1.34808
 20602	2.05134
 20603	2.34325
 20604	-1.69582
 20605	-0.476717
 20606	3.2435
 20607	7.3002
 20608	6.79761
 20609	8.06327
 20610	11.4339
 20611	16.3588
 20612	17.7201
 20613	20.2842
 20614	19.7131
 20615	17.1311
 20616	19.2715
 20617	16.1357
 20618	13.376
 20619	15.6943
 20620	12.3191
 20621	12.0377
 20622	5.62273
 20623	1.94616
 20624	-0.382406
 20625	-4.73413
 20626	-8.55166
 20627	-12.7725
 20628	-8.0315
 20629	-13.8068
 20630	-24.3667
 20631	-18.9265
 20632	-17.3934
 20633	-16.0381
 20634	-14.9786
 20635	-20.6057
 20636	-19.5962
 20637	-13.0329
 20638	-16.9204
 20639	-19.7874
 20640	-9.84175
 20641	-6.56203
 20642	-8.15888
 20643	-9.19712
 20644	-8.06331
 20645	-10.5139
 20646	-10.3095
 20647	-3.63436
 20648	-4.67279
 20649	-5.18811
 20650	1.9393
 20651	-1.59207
 20652	-6.00715
 20653	-2.22125
 20654	-3.42716
 20655	0.800444
 20656	3.03421
 20657	-0.695017
 20658	0.319538
 20659	-1.02215
 20660	0.439506
 20661	2.65458
 20662	-0.684359
 20663	2.05089
 20664	3.56062
 20665	3.41817
 20666	4.00836
 20667	1.91946
 20668	-1.0454
 20669	7.42251
 20670	4.15327
 20671	-4.87874
 20672	2.41779
 20673	8.2292
 20674	1.56737
 20675	-0.251894
 20676	2.65577
 20677	2.40591
 20678	-1.87498
 20679	-0.872013
 20680	-2.18656
 20681	-6.83639
 20682	-0.777078
 20683	0.7648
 20684	-5.02728
 20685	0.51748
 20686	2.07651
 20687	-0.938098
 20688	0.0316046
 20689	1.26223
 20690	7.38821
 20691	11.3263
 20692	11.9298
 20693	14.7914
 20694	15.3166
 20695	20.4425
 20696	19.6149
 20697	12.9113
 20698	20.8911
 20699	20.7408
 20700	11.0275
 20701	14.5058
 20702	12.004
 20703	12.1504
 20704	11.5306
 20705	12.0956
 20706	15.7025
 20707	9.43304
 20708	4.33815
 20709	2.87232
 20710	0.198649
 20711	-1.27956
 20712	2.50167
 20713	2.34288
 20714	0.848615
 20715	7.90896
 20716	-1.2362
 20717	-4.16088
 20718	7.02398
 20719	5.07603
 20720	9.40844
 20721	15.2328
 20722	12.2911
 20723	12.013
 20724	9.05755
 20725	10.2752
 20726	7.22567
 20727	5.32392
 20728	8.90631
 20729	9.25109
 20730	3.67753
 20731	2.65796
 20732	0.340212
 20733	5.39574
 20734	5.21286
 20735	0.695856
 20736	7.55869
 20737	8.6878
 20738	4.69401
 20739	3.75192
 20740	-1.32497
 20741	3.86018
 20742	6.01194
 20743	5.73219
 20744	9.94838
 20745	8.48902
 20746	5.38747
 20747	10.4814
 20748	10.5442
 20749	10.9985
 20750	13.678
 20751	16.1427
 20752	12.9315
 20753	14.4173
 20754	11.3955
 20755	8.35575
 20756	13.7613
 20757	10.12
 20758	14.9084
 20759	11.5231
 20760	9.21921
 20761	13.8086
 20762	7.89177
 20763	7.34129
 20764	5.82741
 20765	5.28789
 20766	7.63854
 20767	4.88661
 20768	6.53856
 20769	5.52953
 20770	3.27235
 20771	3.36274
 20772	3.03238
 20773	6.50199
 20774	9.3285
 20775	4.9575
 20776	7.44335
 20777	10.9776
 20778	-0.567487
 20779	-0.152392
 20780	1.06402
 20781	0.166151
 20782	-1.74221
 20783	-3.98684
 20784	-4.72554
 20785	-2.2925
 20786	-6.29425
 20787	-4.27156
 20788	-1.04162
 20789	-5.39502
 20790	3.53528
 20791	-0.529608
 20792	-3.90469
 20793	3.27508
 20794	-0.527976
 20795	0.821919
 20796	5.40506
 20797	1.70425
 20798	-1.59433
 20799	0.728786
 20800	0.14789
 20801	4.53897
 20802	2.54764
 20803	5.27595
 20804	12.1851
 20805	4.04399
 20806	8.61381
 20807	10.2395
 20808	6.10106
 20809	12.9421
 20810	4.80898
 20811	-3.00867
 20812	3.19086
 20813	1.46203
 20814	-3.47317
 20815	-2.71611
 20816	-2.36311
 20817	0.612937
 20818	-7.22952
 20819	-4.82741
 20820	-3.60942
 20821	-8.4298
 20822	-3.25913
 20823	-0.0221991
 20824	3.16711
 20825	8.3643
 20826	3.53737
 20827	3.21351
 20828	10.1587
 20829	4.66544
 20830	10.1804
 20831	20.3207
 20832	16.0179
 20833	20.4292
 20834	17.8592
 20835	8.04263
 20836	14.0182
 20837	6.53491
 20838	4.57497
 20839	7.78526
 20840	-0.323889
 20841	3.00218
 20842	4.75831
 20843	-6.20434
 20844	-7.69018
 20845	-1.93176
 20846	-4.52613
 20847	-4.7268
 20848	-6.37128
 20849	-3.55994
 20850	-1.6862
 20851	-6.94049
 20852	-8.64324
 20853	-7.5986
 20854	-8.35075
 20855	-3.25266
 20856	-7.46097
 20857	0.115734
 20858	-0.0230526
 20859	-9.83293
 20860	1.89387
 20861	6.14069
 20862	1.19702
 20863	8.04535
 20864	3.70388
 20865	3.08118
 20866	10.8484
 20867	8.38599
 20868	7.37849
 20869	12.5873
 20870	14.7011
 20871	22.4073
 20872	19.7998
 20873	17.6148
 20874	26.5428
 20875	22.7099
 20876	20.7676
 20877	30.9079
 20878	29.5173
 20879	25.8239
 20880	23.7322
 20881	29.8579
 20882	20.3725
 20883	18.5737
 20884	24.6735
 20885	17.2654
 20886	16.5095
 20887	20.9105
 20888	17.4225
 20889	11.7424
 20890	16.8631
 20891	15.5402
 20892	16.3198
 20893	19.7477
 20894	9.64464
 20895	9.6404
 20896	12.1854
 20897	5.71052
 20898	8.10084
 20899	4.86572
 20900	-1.34813
 20901	5.36385
 20902	-3.40183
 20903	-7.76535
 20904	-5.75306
 20905	-16.6106
 20906	-14.4436
 20907	-5.93117
 20908	-19.573
 20909	-14.792
 20910	-12.6905
 20911	-23.4404
 20912	-17.7496
 20913	-24.5219
 20914	-29.6939
 20915	-26.3919
 20916	-32.5073
 20917	-28.9773
 20918	-30.7137
 20919	-36.9955
 20920	-34.3908
 20921	-30.1867
 20922	-26.7537
 20923	-26.6412
 20924	-23.8655
 20925	-18.1483
 20926	-20.2209
 20927	-10.5341
 20928	-6.54629
 20929	-10.5292
 20930	4.00098
 20931	1.7898
 20932	0.992426
 20933	12.6567
 20934	7.64327
 20935	13.6489
 20936	16.141
 20937	15.4155
 20938	21.5856
 20939	18.4723
 20940	19.9843
 20941	22.6939
 20942	20.0923
 20943	26.8813
 20944	28.8388
 20945	23.7404
 20946	28.6571
 20947	33.0527
 20948	29.4378
 20949	28.6213
 20950	30.9627
 20951	21.57
 20952	25.943
 20953	27.3288
 20954	19.1732
 20955	28.3554
 20956	18.6996
 20957	13.8015
 20958	19.4349
 20959	12.5547
 20960	10.2594
 20961	15.0513
 20962	11.4083
 20963	10.2651
 20964	9.57661
 20965	0.885509
 20966	-4.52126
 20967	-0.824822
 20968	0.725435
 20969	-7.91741
 20970	-1.00701
 20971	2.95054
 20972	-6.63542
 20973	-6.6151
 20974	-6.90376
 20975	-1.10234
 20976	5.7473
 20977	-1.61997
 20978	3.23061
 20979	11.6872
 20980	-3.36855
 20981	1.5677
 20982	6.7064
 20983	2.91963
 20984	10.8902
 20985	8.03644
 20986	0.486898
 20987	10.4794
 20988	7.68427
 20989	2.06646
 20990	13.4473
 20991	11.1821
 20992	8.10273
 20993	17.0341
 20994	9.13224
 20995	11.888
 20996	16.0057
 20997	10.9819
 20998	18.0626
 20999	19.9931
 21000	17.428
 21001	18.5121
 21002	20.2082
 21003	21.247
 21004	20.5506
 21005	25.2571
 21006	22.8062
 21007	25.4262
 21008	28.5697
 21009	19.5027
 21010	22.8395
 21011	28.7891
 21012	19.238
 21013	25.1315
 21014	33.1845
 21015	23.7828
 21016	26.0693
 21017	25.6298
 21018	21.8236
 21019	28.7556
 21020	20.8937
 21021	20.4646
 21022	27.5709
 21023	17.8387
 21024	21.4288
 21025	27.6383
 21026	16.7168
 21027	18.3085
 21028	19.9523
 21029	8.75943
 21030	17.6867
 21031	20.2702
 21032	9.16763
 21033	19.2265
 21034	20.1483
 21035	13.608
 21036	21.5184
 21037	24.7337
 21038	22.7156
 21039	24.3811
 21040	29.4102
 21041	24.812
 21042	25.4059
 21043	32.8899
 21044	35.4189
 21045	35.0517
 21046	30.8872
 21047	35.5666
 21048	42.5972
 21049	39.6691
 21050	41.3084
 21051	45.1252
 21052	44.7124
 21053	45.1517
 21054	48.7293
 21055	41.6306
 21056	41.5545
 21057	48.3936
 21058	45.5858
 21059	42.2676
 21060	49.1231
 21061	45.1897
 21062	45.208
 21063	50.5501
 21064	41.3511
 21065	44.4656
 21066	48.8824
 21067	44.9228
 21068	44.8639
 21069	46.6751
 21070	46.3033
 21071	53.4644
 21072	50.3146
 21073	52.3827
 21074	56.6393
 21075	51.1447
 21076	52.8714
 21077	56.1789
 21078	50.066
 21079	55.7527
 21080	63.1098
 21081	53.6787
 21082	50.0049
 21083	55.982
 21084	53.5357
 21085	61.6098
 21086	66.9287
 21087	66.0195
 21088	65.1479
 21089	64.6971
 21090	64.8285
 21091	66.1806
 21092	64.2176
 21093	64.5627
 21094	69.873
 21095	67.7792
 21096	67.802
 21097	69.9312
 21098	68.9918
 21099	74.576
 21100	76.7108
 21101	73.0977
 21102	78.7436
 21103	82.4359
 21104	76.0151
 21105	85.04
 21106	91.0308
 21107	89.1541
 21108	88.0598
 21109	81.9462
 21110	85.6969
 21111	92.5583
 21112	86.2539
 21113	86.0202
 21114	94.2555
 21115	92.0041
 21116	89.6115
 21117	95.4257
 21118	87.9985
 21119	84.9109
 21120	89.6421
 21121	88.8667
 21122	91.9449
 21123	96.6335
 21124	95.2082
 21125	99.0203
 21126	99.7477
 21127	98.584
 21128	104.758
 21129	105.75
 21130	101.599
 21131	102.563
 21132	101.458
 21133	102.694
 21134	106.256
 21135	105.193
 21136	106.495
 21137	113.108
 21138	111.443
 21139	103.32
 21140	105.577
 21141	108.254
 21142	100.137
 21143	103.25
 21144	109.343
 21145	108.339
 21146	102.51
 21147	100.55
 21148	98.5806
 21149	95.1918
 21150	93.722
 21151	100.17
 21152	95.8257
 21153	88.0778
 21154	91.5881
 21155	95.6163
 21156	88.9604
 21157	92.5833
 21158	102.194
 21159	97.935
 21160	98.3764
 21161	108.152
 21162	108.619
 21163	114.561
 21164	126.705
 21165	126.881
 21166	126.806
 21167	131.929
 21168	136.865
 21169	140.407
 21170	138.727
 21171	145.831
 21172	156.976
 21173	153.833
 21174	151.587
 21175	153.871
 21176	147.498
 21177	144.648
 21178	148.375
 21179	147.25
 21180	142.644
 21181	142.973
 21182	143.018
 21183	133.973
 21184	124.299
 21185	121.55
 21186	118.645
 21187	123.217
 21188	128.412
 21189	120.004
 21190	119.595
 21191	115.931
 21192	109.58
 21193	111.411
 21194	108.433
 21195	104.597
 21196	114.368
 21197	113.786
 21198	112.225
 21199	121.206
 21200	120.383
 21201	117.98
 21202	119.065
 21203	117.84
 21204	122.528
 21205	122.7
 21206	120.247
 21207	126.798
 21208	128.183
 21209	125.955
 21210	132.118
 21211	132.397
 21212	132.14
 21213	138.192
 21214	142.852
 21215	142.613
 21216	145.026
 21217	144.203
 21218	143.172
 21219	148.046
 21220	153.629
 21221	152.137
 21222	157.486
 21223	160.96
 21224	158.342
 21225	160.769
 21226	159.802
 21227	154.817
 21228	160.703
 21229	161.758
 21230	159.245
 21231	163.408
 21232	160.979
 21233	159.713
 21234	165.801
 21235	161.305
 21236	158.86
 21237	160.862
 21238	154.831
 21239	149.253
 21240	150.007
 21241	145.802
 21242	143.197
 21243	144.725
 21244	143.828
 21245	140.102
 21246	137.97
 21247	136.49
 21248	134.982
 21249	137.345
 21250	136.923
 21251	132.718
 21252	135.104
 21253	133.99
 21254	132.391
 21255	133.575
 21256	134.927
 21257	140.38
 21258	140.814
 21259	140.194
 21260	142.319
 21261	136.178
 21262	137.153
 21263	147.468
 21264	147.892
 21265	146.136
 21266	150.083
 21267	151.387
 21268	151.581
 21269	154.825
 21270	156.545
 21271	154.756
 21272	157.054
 21273	164.383
 21274	164.591
 21275	160.423
 21276	162.22
 21277	162.952
 21278	159.802
 21279	157.069
 21280	160.151
 21281	163.717
 21282	160.381
 21283	156.63
 21284	160.152
 21285	156.988
 21286	151.772
 21287	148.741
 21288	142.359
 21289	140.509
 21290	138.467
 21291	138.978
 21292	140.555
 21293	138.477
 21294	136.332
 21295	138.98
 21296	131.039
 21297	124.66
 21298	127.076
 21299	127.204
 21300	121.697
 21301	123.289
 21302	126.012
 21303	118.509
 21304	115.165
 21305	119.377
 21306	110.689
 21307	108.628
 21308	112.889
 21309	111.799
 21310	109.687
 21311	117.245
 21312	119.382
 21313	116.018
 21314	110.811
 21315	113.236
 21316	114.691
 21317	114.526
 21318	117.779
 21319	124.794
 21320	123.832
 21321	124.703
 21322	126.102
 21323	125.703
 21324	125.586
 21325	125.934
 21326	123.167
 21327	124.1
 21328	127.803
 21329	130.852
 21330	128.219
 21331	128.64
 21332	129.186
 21333	133.081
 21334	132.765
 21335	129.765
 21336	130.792
 21337	138.756
 21338	136.153
 21339	134.975
 21340	138.045
 21341	135.704
 21342	130.208
 21343	135.524
 21344	135.304
 21345	129.276
 21346	128.237
 21347	135.497
 21348	135.558
 21349	129.53
 21350	127.042
 21351	127.888
 21352	124.674
 21353	124.633
 21354	127.736
 21355	132.661
 21356	132.312
 21357	134.032
 21358	138.487
 21359	142.82
 21360	146.201
 21361	147.497
 21362	148.705
 21363	150.841
 21364	152.534
 21365	152.804
 21366	153.04
 21367	156.449
 21368	158.459
 21369	155.543
 21370	157.928
 21371	165.782
 21372	169.602
 21373	172.938
 21374	172.816
 21375	171.531
 21376	178.02
 21377	177.772
 21378	173.179
 21379	177.825
 21380	-177.524
 21381	177.246
 21382	175.479
 21383	174.859
 21384	171.097
 21385	171.599
 21386	172.479
 21387	169.468
 21388	172.188
 21389	171.84
 21390	169.821
 21391	168.665
 21392	166.871
 21393	163.758
 21394	164.147
 21395	162.039
 21396	160.149
 21397	161.297
 21398	160.645
 21399	158.51
 21400	158.532
 21401	153.921
 21402	152.359
 21403	160.633
 21404	156.588
 21405	152.077
 21406	162.316
 21407	163.212
 21408	161.418
 21409	166.171
 21410	163.247
 21411	162.022
 21412	166.345
 21413	164.97
 21414	163.164
 21415	165.088
 21416	162.02
 21417	162.104
 21418	158.443
 21419	152.704
 21420	158.368
 21421	160.141
 21422	152.319
 21423	154.308
 21424	161.736
 21425	155.258
 21426	149.666
 21427	152.976
 21428	156.752
 21429	153.41
 21430	151.935
 21431	150.772
 21432	148.349
 21433	146.454
 21434	149.801
 21435	151.75
 21436	148.943
 21437	148.972
 21438	156.324
 21439	153.201
 21440	146.932
 21441	155.125
 21442	158.131
 21443	148.434
 21444	155.451
 21445	158.612
 21446	151.085
 21447	152.671
 21448	150.478
 21449	140.703
 21450	141.348
 21451	142.982
 21452	150.725
 21453	152.143
 21454	144.328
 21455	149.488
 21456	155.156
 21457	144.892
 21458	141.115
 21459	145.847
 21460	149.892
 21461	144.779
 21462	144.91
 21463	145.64
 21464	141.244
 21465	140.451
 21466	140.666
 21467	135.264
 21468	137.029
 21469	136.023
 21470	139.024
 21471	138.646
 21472	132.905
 21473	135.048
 21474	142.233
 21475	133.57
 21476	133.19
 21477	143.873
 21478	145.495
 21479	144.965
 21480	151.964
 21481	150.999
 21482	144.918
 21483	148.362
 21484	154.663
 21485	147.699
 21486	143.547
 21487	146.219
 21488	147.13
 21489	140.221
 21490	141.459
 21491	145.592
 21492	146.591
 21493	139.694
 21494	139.692
 21495	143.036
 21496	138.375
 21497	136.113
 21498	143.945
 21499	142.871
 21500	140.966
 21501	139.322
 21502	140.24
 21503	136.639
 21504	133.842
 21505	131.57
 21506	132.922
 21507	129.013
 21508	130.04
 21509	132.91
 21510	128.693
 21511	119.059
 21512	121.331
 21513	118.921
 21514	114.037
 21515	114.402
 21516	119.491
 21517	116.011
 21518	115.245
 21519	116.486
 21520	118.747
 21521	116.185
 21522	117.514
 21523	120.241
 21524	119.199
 21525	120.669
 21526	125.655
 21527	125.768
 21528	127.96
 21529	131.989
 21530	136.982
 21531	132.396
 21532	131.752
 21533	136.182
 21534	140.484
 21535	136.048
 21536	139.355
 21537	147.529
 21538	146.312
 21539	140.672
 21540	144.045
 21541	143.32
 21542	135.722
 21543	140.212
 21544	144.053
 21545	144.497
 21546	141.303
 21547	142.081
 21548	146.266
 21549	142.192
 21550	132.287
 21551	133.473
 21552	131.328
 21553	127.646
 21554	133.181
 21555	133.634
 21556	130.117
 21557	136.314
 21558	139.662
 21559	138.156
 21560	134.287
 21561	141.391
 21562	146.444
 21563	148.498
 21564	150.853
 21565	155.484
 21566	156.287
 21567	154.988
 21568	155.413
 21569	158.814
 21570	152.456
 21571	146.943
 21572	152.577
 21573	152.44
 21574	147.196
 21575	152.858
 21576	148.02
 21577	142.287
 21578	140.591
 21579	138.818
 21580	137.002
 21581	139.181
 21582	129.378
 21583	134.295
 21584	133.372
 21585	126.791
 21586	127.158
 21587	133.14
 21588	126.132
 21589	130.017
 21590	130.874
 21591	131.702
 21592	133.423
 21593	138.989
 21594	142.321
 21595	142.937
 21596	140.57
 21597	146.484
 21598	147.143
 21599	142.488
 21600	147.672
 21601	155.674
 21602	151.361
 21603	149.03
 21604	155.914
 21605	158.464
 21606	156.099
 21607	158.73
 21608	164.674
 21609	161.619
 21610	161.467
 21611	166.688
 21612	165.946
 21613	161.719
 21614	158.32
 21615	155.901
 21616	153.65
 21617	150.84
 21618	155.785
 21619	163.69
 21620	158.955
 21621	156.185
 21622	158.168
 21623	156.475
 21624	156.329
 21625	157.879
 21626	156.466
 21627	158.975
 21628	151.673
 21629	147.478
 21630	152.494
 21631	149.743
 21632	141.858
 21633	142.705
 21634	140.297
 21635	138.804
 21636	144.958
 21637	148.176
 21638	144.553
 21639	143.599
 21640	144.314
 21641	145.946
 21642	147.842
 21643	149.953
 21644	153.701
 21645	160.677
 21646	161.091
 21647	153.202
 21648	157.462
 21649	158.038
 21650	155.555
 21651	163.417
 21652	163.315
 21653	157.665
 21654	163.585
 21655	163.678
 21656	159.051
 21657	160.795
 21658	156.545
 21659	154.133
 21660	152.896
 21661	154.684
 21662	164.447
 21663	165.469
 21664	156.169
 21665	157.376
 21666	158.788
 21667	157.873
 21668	162.15
 21669	167.759
 21670	162.279
 21671	159.615
 21672	163.311
 21673	164.722
 21674	164.171
 21675	167.586
 21676	164.8
 21677	162.061
 21678	168.455
 21679	168.153
 21680	164.736
 21681	165.345
 21682	164.461
 21683	162.312
 21684	159.144
 21685	158.605
 21686	166.727
 21687	163.82
 21688	155.965
 21689	158.075
 21690	161.302
 21691	159.151
 21692	165.172
 21693	166.868
 21694	166.873
 21695	167.793
 21696	165.048
 21697	163.782
 21698	166.647
 21699	166.469
 21700	165.6
 21701	163.478
 21702	163.412
 21703	156.17
 21704	151.271
 21705	153.943
 21706	148.896
 21707	143.807
 21708	146.565
 21709	145.423
 21710	148.602
 21711	149.789
 21712	145.347
 21713	145.572
 21714	147.051
 21715	141.262
 21716	144.21
 21717	143.035
 21718	147.525
 21719	151.047
 21720	146.62
 21721	145.966
 21722	150.11
 21723	149.027
 21724	150.444
 21725	149.203
 21726	152.546
 21727	156.631
 21728	158.567
 21729	160.092
 21730	163.039
 21731	161.485
 21732	166.245
 21733	166.354
 21734	169.567
 21735	173.167
 21736	174.608
 21737	175.031
 21738	174.825
 21739	173.017
 21740	171.35
 21741	167.002
 21742	166.885
 21743	170.12
 21744	166.726
 21745	166.077
 21746	169.115
 21747	163.411
 21748	160.662
 21749	159.835
 21750	161.122
 21751	162.908
 21752	159.852
 21753	162.857
 21754	163.798
 21755	162.795
 21756	165.486
 21757	160.847
 21758	157.371
 21759	160.996
 21760	160.995
 21761	159.154
 21762	158.876
 21763	160.99
 21764	161.921
 21765	157.786
 21766	158.986
 21767	165.118
 21768	162.827
 21769	162.364
 21770	165.311
 21771	166.386
 21772	163.876
 21773	160.342
 21774	162.963
 21775	161.671
 21776	161.236
 21777	162.842
 21778	157.762
 21779	153.454
 21780	154.141
 21781	154.908
 21782	156.401
 21783	159.734
 21784	159.729
 21785	162.247
 21786	161.976
 21787	155.755
 21788	154.054
 21789	157.287
 21790	159.134
 21791	155.892
 21792	154.216
 21793	154.152
 21794	148.318
 21795	146.544
 21796	146.876
 21797	142.548
 21798	137.046
 21799	143.263
 21800	142.785
 21801	134.59
 21802	131.983
 21803	138.125
 21804	136.052
 21805	136.643
 21806	139.173
 21807	136.871
 21808	137.674
 21809	138.721
 21810	139.203
 21811	145.025
 21812	142.782
 21813	143.277
 21814	143.903
 21815	136.683
 21816	137.848
 21817	143.195
 21818	139.333
 21819	139.533
 21820	143.169
 21821	144.025
 21822	146.145
 21823	149.857
 21824	151.663
 21825	156.611
 21826	159.11
 21827	158.049
 21828	161.157
 21829	166.188
 21830	163.649
 21831	161.063
 21832	164.794
 21833	163.875
 21834	161.007
 21835	163.657
 21836	164.367
 21837	164.977
 21838	165.951
 21839	169.544
 21840	171.747
 21841	172.636
 21842	172.019
 21843	175.34
 21844	174.877
 21845	178.153
 21846	177.397
 21847	173.808
 21848	169.772
 21849	167.8
 21850	165.491
 21851	165.982
 21852	161.839
 21853	160.446
 21854	168.01
 21855	166.746
 21856	161.94
 21857	165.269
 21858	167.788
 21859	168.594
 21860	166.953
 21861	160.726
 21862	160.66
 21863	159.689
 21864	158.673
 21865	157.049
 21866	153.677
 21867	148.357
 21868	145.746
 21869	138.778
 21870	137.524
 21871	139.98
 21872	136.594
 21873	133.965
 21874	134.309
 21875	132.2
 21876	130.296
 21877	132.931
 21878	132.152
 21879	129.88
 21880	129.855
 21881	129.188
 21882	129.314
 21883	136.02
 21884	139.642
 21885	136.986
 21886	137.132
 21887	141.445
 21888	141.655
 21889	140.321
 21890	139.555
 21891	141.304
 21892	144.95
 21893	144.155
 21894	149.017
 21895	153.443
 21896	149.721
 21897	145.92
 21898	144.396
 21899	139.329
 21900	139.786
 21901	138.58
 21902	135.693
 21903	135.453
 21904	135.941
 21905	134.171
 21906	129.539
 21907	124.227
 21908	129.46
 21909	129.699
 21910	124.108
 21911	125.316
 21912	128.401
 21913	128.352
 21914	126.608
 21915	125.919
 21916	130.016
 21917	126.937
 21918	117.36
 21919	120.077
 21920	125.928
 21921	124.742
 21922	123.432
 21923	125.039
 21924	121.909
 21925	121.707
 21926	122.691
 21927	123.955
 21928	125.268
 21929	121.939
 21930	119.005
 21931	121.423
 21932	125.374
 21933	130.005
 21934	127.879
 21935	126.294
 21936	124.904
 21937	121.935
 21938	120.43
 21939	126.034
 21940	127.166
 21941	124.682
 21942	123.81
 21943	122.785
 21944	123.623
 21945	128.17
 21946	125.963
 21947	121.189
 21948	122.099
 21949	122.224
 21950	120.576
 21951	126.075
 21952	126.205
 21953	125.06
 21954	124.763
 21955	121.394
 21956	120.729
 21957	123.062
 21958	119.917
 21959	122.87
 21960	121.874
 21961	116.799
 21962	119.992
 21963	123.342
 21964	119.042
 21965	117.696
 21966	113.208
 21967	113.503
 21968	117.854
 21969	117.238
 21970	116.284
 21971	118.229
 21972	114.902
 21973	115.143
 21974	117.961
 21975	115.279
 21976	113.709
 21977	120.383
 21978	119.683
 21979	119.285
 21980	121.361
 21981	118.408
 21982	118.051
 21983	118.063
 21984	112.453
 21985	109.306
 21986	113.838
 21987	119.02
 21988	118.254
 21989	115.563
 21990	118.946
 21991	121.039
 21992	115.042
 21993	113.352
 21994	116.069
 21995	110.851
 21996	111.777
 21997	116.668
 21998	117.39
 21999	121.823
 22000	124.038
 22001	122.523
 22002	122.089
 22003	125.248
 22004	128.062
 22005	129.703
 22006	133.784
 22007	138.024
 22008	143.557
 22009	143.196
 22010	143.443
 22011	144.454
 22012	144.781
 22013	144.407
 22014	149.942
 22015	154.843
 22016	155.227
 22017	160.01
 22018	164.185
 22019	164.437
 22020	162.056
 22021	162.195
 22022	164.244
 22023	165.069
 22024	165.208
 22025	174.423
 22026	178.466
 22027	172.061
 22028	170.968
 22029	171.191
 22030	164.936
 22031	163.384
 22032	165.338
 22033	165.819
 22034	167.66
 22035	168.798
 22036	163.754
 22037	160.363
 22038	161.012
 22039	163.082
 22040	163.768
 22041	165.86
 22042	164.594
 22043	160.029
 22044	160.134
 22045	160.704
 22046	158.673
 22047	156.057
 22048	155.913
 22049	155.508
 22050	157.445
 22051	149.353
 22052	151.864
 22053	156.749
 22054	155.454
 22055	151.607
 22056	148.792
 22057	143.576
 22058	146.876
 22059	150.866
 22060	156.321
 22061	159.017
 22062	160.928
 22063	161.905
 22064	166.804
 22065	166.935
 22066	165.254
 22067	167.829
 22068	175.886
 22069	177.007
 22070	-179.607
 22071	-176.145
 22072	-172.787
 22073	-170.241
 22074	-169.17
 22075	-172.38
 22076	-169.642
 22077	-167.754
 22078	-169.178
 22079	-168.996
 22080	-167.461
 22081	-171.984
 22082	-171.791
 22083	-170.665
 22084	-173.127
 22085	-175.409
 22086	-175.152
 22087	-175.175
 22088	-173.075
 22089	-178.904
 22090	173.217
 22091	171.307
 22092	176.127
 22093	178.697
 22094	173.702
 22095	172.839
 22096	-177.404
 22097	-176.477
 22098	177.322
 22099	177.346
 22100	175.004
 22101	169.539
 22102	172.774
 22103	172.462
 22104	163.324
 22105	161.896
 22106	170.013
 22107	171.715
 22108	169.977
 22109	172.318
 22110	174.284
 22111	173.409
 22112	172.849
 22113	171.308
 22114	172.359
 22115	174.288
 22116	173.465
 22117	171.918
 22118	173.441
 22119	174.009
 22120	175.929
 22121	177.66
 22122	179.441
 22123	175.511
 22124	175.37
 22125	-178.864
 22126	-173.86
 22127	-177.437
 22128	-174.223
 22129	-168.827
 22130	-170.709
 22131	-174.143
 22132	-173.763
 22133	-176.384
 22134	-179.55
 22135	-177.299
 22136	-175.998
 22137	-177.044
 22138	-174.595
 22139	-175.149
 22140	-175.754
 22141	-178.78
 22142	179.553
 22143	-179.753
 22144	-178.673
 22145	-179.605
 22146	-174.53
 22147	-174.328
 22148	178.506
 22149	177.154
 22150	178.786
 22151	177.492
 22152	176.677
 22153	177.685
 22154	179.513
 22155	177.186
 22156	173.271
 22157	173.955
 22158	175.632
 22159	174.203
 22160	174.416
 22161	171.42
 22162	168.516
 22163	166.606
 22164	164.877
 22165	167.488
 22166	167.873
 22167	161.743
 22168	154.762
 22169	155.449
 22170	157.467
 22171	154.354
 22172	154.32
 22173	157.962
 22174	157.262
 22175	153.517
 22176	153.248
 22177	154.139
 22178	158.092
 22179	159.625
 22180	153.68
 22181	154.679
 22182	159.519
 22183	159.41
 22184	158.5
 22185	161.87
 22186	163.957
 22187	165.373
 22188	165.291
 22189	161.563
 22190	159.968
 22191	162.251
 22192	163.134
 22193	164.28
 22194	167.279
 22195	164.783
 22196	164.651
 22197	169.535
 22198	172.198
 22199	170.771
 22200	173.949
 22201	173.098
 22202	170.288
 22203	173.763
 22204	175.857
 22205	173.298
 22206	176.136
 22207	175.858
 22208	170.23
 22209	171.889
 22210	170.147
 22211	166.112
 22212	167.957
 22213	167.409
 22214	165.873
 22215	166.858
 22216	168.552
 22217	167.372
 22218	168.095
 22219	162.282
 22220	161.4
 22221	164.601
 22222	162.739
 22223	162.762
 22224	169.252
 22225	164.732
 22226	163.132
 22227	166.366
 22228	167.39
 22229	167.234
 22230	168.839
 22231	167.637
 22232	171.709
 22233	167.741
 22234	161.093
 22235	165.668
 22236	167.558
 22237	163.017
 22238	165.461
 22239	161.785
 22240	156.279
 22241	162.756
 22242	165.84
 22243	164.202
 22244	166.859
 22245	167.703
 22246	165.062
 22247	165.181
 22248	163.145
 22249	162.079
 22250	162.427
 22251	162.916
 22252	165.737
 22253	168.889
 22254	166.104
 22255	169.018
 22256	172.69
 22257	167.796
 22258	166.251
 22259	171.055
 22260	168.589
 22261	172.22
 22262	177.988
 22263	176.641
 22264	176.88
 22265	-179.512
 22266	176.496
 22267	174.625
 22268	173.883
 22269	170.069
 22270	169.786
 22271	175.395
 22272	176.037
 22273	174.014
 22274	171.918
 22275	172.1
 22276	169.34
 22277	165.487
 22278	168.512
 22279	174.289
 22280	170.473
 22281	167.233
 22282	165.337
 22283	163.105
 22284	163.285
 22285	164.638
 22286	164.032
 22287	165.875
 22288	167.199
 22289	161.953
 22290	163.172
 22291	171.133
 22292	167.075
 22293	160.395
 22294	163.668
 22295	163.478
 22296	163.463
 22297	161.781
 22298	161.384
 22299	164.308
 22300	158.64
 22301	153.302
 22302	155.532
 22303	153.116
 22304	152.43
 22305	156.45
 22306	155.092
 22307	158.281
 22308	163.357
 22309	157.689
 22310	156.4
 22311	158.958
 22312	154.974
 22313	152.464
 22314	159.877
 22315	165.304
 22316	160.479
 22317	156.645
 22318	151.715
 22319	147.569
 22320	147.413
 22321	148.449
 22322	150.446
 22323	155.671
 22324	156.5
 22325	156.295
 22326	155.166
 22327	154.583
 22328	159.338
 22329	160.114
 22330	156.131
 22331	166.875
 22332	174.292
 22333	168.511
 22334	165.526
 22335	164.7
 22336	163.583
 22337	165.423
 22338	161.922
 22339	163.317
 22340	168.245
 22341	164.783
 22342	161.351
 22343	163.261
 22344	162.078
 22345	167.169
 22346	169.131
 22347	163.596
 22348	163.84
 22349	170.242
 22350	170.524
 22351	168.431
 22352	165.517
 22353	163.436
 22354	162.127
 22355	158.551
 22356	156.366
 22357	161.229
 22358	162.919
 22359	158.756
 22360	164.883
 22361	172.806
 22362	164.643
 22363	159.328
 22364	165.375
 22365	166.853
 22366	167.026
 22367	171.485
 22368	173.73
 22369	171.6
 22370	163.908
 22371	162.287
 22372	166.016
 22373	165.662
 22374	167.189
 22375	170.64
 22376	163.098
 22377	157.95
 22378	163.347
 22379	159.525
 22380	155.006
 22381	158.869
 22382	161.605
 22383	161.457
 22384	159.677
 22385	159.758
 22386	163.068
 22387	160.479
 22388	157.018
 22389	158.038
 22390	157.525
 22391	154.84
 22392	156.801
 22393	159.248
 22394	158.272
 22395	155.895
 22396	156.667
 22397	161.054
 22398	166.618
 22399	166.78
 22400	163.181
 22401	164.539
 22402	163.798
 22403	161.578
 22404	167.336
 22405	171.816
 22406	172.464
 22407	172.417
 22408	168.473
 22409	164.388
 22410	169.029
 22411	171.265
 22412	171.035
 22413	169.199
 22414	161.544
 22415	159.447
 22416	158.64
 22417	151.65
 22418	152.539
 22419	155.803
 22420	151.474
 22421	148.653
 22422	148.854
 22423	148.551
 22424	149.577
 22425	149.479
 22426	145.857
 22427	143.07
 22428	140.618
 22429	140.195
 22430	141.372
 22431	142.139
 22432	143.883
 22433	144.627
 22434	143.352
 22435	141.069
 22436	141.609
 22437	140.399
 22438	135.944
 22439	136.696
 22440	139.682
 22441	142.062
 22442	145.326
 22443	147.348
 22444	150.321
 22445	151.256
 22446	148.846
 22447	147.93
 22448	152.89
 22449	153.6
 22450	153.888
 22451	156.97
 22452	157.144
 22453	155.945
 22454	156.682
 22455	153.269
 22456	157.28
 22457	162.141
 22458	159.209
 22459	155.347
 22460	153.636
 22461	150.126
 22462	151.098
 22463	150.53
 22464	149.821
 22465	151.21
 22466	151.117
 22467	152.338
 22468	155.504
 22469	156.083
 22470	155.347
 22471	154.413
 22472	153.891
 22473	147.75
 22474	145.88
 22475	148.504
 22476	144.984
 22477	139.69
 22478	143.575
 22479	139.916
 22480	139.749
 22481	142.587
 22482	140.21
 22483	139.656
 22484	142.933
 22485	139.814
 22486	139.663
 22487	138.384
 22488	138.58
 22489	138.547
 22490	135.603
 22491	135.994
 22492	139.254
 22493	134.477
 22494	134.411
 22495	139.835
 22496	139.299
 22497	140.232
 22498	140.024
 22499	137.644
 22500	139.245
 22501	141.97
 22502	139.853
 22503	140.698
 22504	143.504
 22505	142.317
 22506	142.265
 22507	145.181
 22508	145.607
 22509	144.089
 22510	143.904
 22511	144.527
 22512	147.183
 22513	151.719
 22514	148.242
 22515	150.186
 22516	155.659
 22517	157.003
 22518	161.148
 22519	160.868
 22520	157.191
 22521	160.787
 22522	166.069
 22523	159.424
 22524	159.478
 22525	163.713
 22526	160.734
 22527	157.961
 22528	159.293
 22529	157.353
 22530	152.398
 22531	150.37
 22532	151.39
 22533	151.247
 22534	151.108
 22535	149.123
 22536	150.263
 22537	149.429
 22538	148.142
 22539	148.671
 22540	144.56
 22541	142.931
 22542	148.023
 22543	146.692
 22544	140.571
 22545	139.804
 22546	143.035
 22547	138.411
 22548	137.056
 22549	133.92
 22550	130.719
 22551	126.39
 22552	124.33
 22553	121.866
 22554	116.406
 22555	116.347
 22556	116.401
 22557	114.919
 22558	109.574
 22559	108.137
 22560	110.883
 22561	105.742
 22562	108.539
 22563	108.857
 22564	108.46
 22565	111.211
 22566	111.746
 22567	111.049
 22568	114.935
 22569	118.564
 22570	119.972
 22571	123.575
 22572	126.388
 22573	128.02
 22574	131.774
 22575	136.903
 22576	143.388
 22577	143.65
 22578	144.317
 22579	148.784
 22580	148.915
 22581	150.952
 22582	156.717
 22583	153.964
 22584	151.15
 22585	155.257
 22586	158.373
 22587	156.366
 22588	155.216
 22589	149.983
 22590	148.798
 22591	149.858
 22592	148.219
 22593	145.958
 22594	143.806
 22595	143.765
 22596	144.419
 22597	141.187
 22598	142.307
 22599	149.531
 22600	151.343
 22601	147.949
 22602	149.23
 22603	150.035
 22604	149.048
 22605	147.34
 22606	145.547
 22607	147.936
 22608	150.888
 22609	151.483
 22610	150.507
 22611	149.511
 22612	147.418
 22613	149.3
 22614	147.088
 22615	142.604
 22616	139.679
 22617	138.496
 22618	139.628
 22619	136.073
 22620	129.36
 22621	127.406
 22622	128.211
 22623	128.328
 22624	128.212
 22625	127.168
 22626	125.589
 22627	123.12
 22628	120.833
 22629	119.455
 22630	116.501
 22631	120.09
 22632	123.072
 22633	120.766
 22634	124.043
 22635	128.377
 22636	129.055
 22637	129.007
 22638	125.915
 22639	124.142
 22640	124.58
 22641	124.554
 22642	123.876
 22643	126.129
 22644	128.409
 22645	132.812
 22646	133.281
 22647	134.879
 22648	135.032
 22649	133.146
 22650	133.991
 22651	135.996
 22652	135.669
 22653	135.007
 22654	134.136
 22655	134.699
 22656	135.199
 22657	132.57
 22658	125.988
 22659	124.675
 22660	123.703
 22661	125.17
 22662	127.549
 22663	125.42
 22664	125.779
 22665	128.15
 22666	124.034
 22667	126.766
 22668	129.891
 22669	127.532
 22670	130.367
 22671	137.652
 22672	134.019
 22673	132.289
 22674	136.771
 22675	137.462
 22676	135.448
 22677	133.406
 22678	134.062
 22679	138.131
 22680	135.793
 22681	133.169
 22682	138.472
 22683	136.477
 22684	135.073
 22685	140.278
 22686	135.313
 22687	130.106
 22688	132.923
 22689	132.402
 22690	127.279
 22691	128.008
 22692	124.625
 22693	124.024
 22694	126.037
 22695	126.718
 22696	129.364
 22697	129.946
 22698	124.91
 22699	124.695
 22700	122.904
 22701	123.636
 22702	126.813
 22703	128.955
 22704	128.178
 22705	131.952
 22706	129.437
 22707	128.299
 22708	133.307
 22709	134.418
 22710	130.504
 22711	128.929
 22712	130.907
 22713	138.534
 22714	143.177
 22715	142.647
 22716	138.732
 22717	138.291
 22718	137.491
 22719	134.075
 22720	137.336
 22721	141.761
 22722	141.271
 22723	137.083
 22724	130.44
 22725	132.134
 22726	133.564
 22727	126.312
 22728	124.619
 22729	125.4
 22730	114.18
 22731	116.519
 22732	118.077
 22733	112.416
 22734	114.545
 22735	107.282
 22736	95.9524
 22737	98.0468
 22738	96.2673
 22739	95.3559
 22740	101.24
 22741	100.098
 22742	95.5126
 22743	95.6907
 22744	92.472
 22745	97.8646
 22746	104.695
 22747	104.241
 22748	104.532
 22749	104.403
 22750	105.956
 22751	110.351
 22752	110.567
 22753	106.455
 22754	112.176
 22755	115.093
 22756	110.676
 22757	117.575
 22758	124.488
 22759	121.144
 22760	125.111
 22761	126.137
 22762	125.007
 22763	127.916
 22764	128.466
 22765	126.231
 22766	129.765
 22767	131.249
 22768	130.954
 22769	133.029
 22770	135.057
 22771	136.398
 22772	135.76
 22773	136.704
 22774	140.555
 22775	141.574
 22776	140.315
 22777	142.818
 22778	142.801
 22779	139.764
 22780	143.051
 22781	147.811
 22782	146.232
 22783	143.685
 22784	143.036
 22785	140.976
 22786	141.705
 22787	138.72
 22788	132.071
 22789	134.303
 22790	135.056
 22791	129.538
 22792	132.73
 22793	134.388
 22794	131.527
 22795	134.96
 22796	136.469
 22797	137.634
 22798	142.466
 22799	142.516
 22800	144.723
 22801	148.8
 22802	150.744
 22803	156.845
 22804	158.191
 22805	157.464
 22806	163.43
 22807	164.375
 22808	163.115
 22809	166.756
 22810	168.777
 22811	167.598
 22812	170.739
 22813	169.457
 22814	165.838
 22815	167.013
 22816	166.687
 22817	157.903
 22818	156.868
 22819	160.897
 22820	158.594
 22821	151.606
 22822	150.131
 22823	148.26
 22824	142.641
 22825	135.398
 22826	137.206
 22827	138.936
 22828	131.867
 22829	132.222
 22830	142.786
 22831	134.37
 22832	128.528
 22833	134.041
 22834	128.992
 22835	124.317
 22836	131.446
 22837	125.873
 22838	118.727
 22839	122.146
 22840	122.821
 22841	117.515
 22842	114.226
 22843	112.04
 22844	116.493
 22845	111.749
 22846	109.226
 22847	119.232
 22848	118.733
 22849	114.345
 22850	121.702
 22851	121.52
 22852	114.067
 22853	116.26
 22854	117.052
 22855	114.173
 22856	117.816
 22857	123.685
 22858	125.841
 22859	123.033
 22860	120.442
 22861	120.819
 22862	123.087
 22863	123.026
 22864	120.698
 22865	124.572
 22866	125.072
 22867	122.162
 22868	124.682
 22869	123.607
 22870	122.596
 22871	130.571
 22872	126.949
 22873	124.071
 22874	135.243
 22875	138.423
 22876	134.007
 22877	138.775
 22878	139.417
 22879	138.932
 22880	141.588
 22881	145.763
 22882	150.9
 22883	148.819
 22884	145.085
 22885	150.152
 22886	146.206
 22887	139.241
 22888	139.705
 22889	133.862
 22890	129.5
 22891	133.583
 22892	130.739
 22893	128.883
 22894	128.29
 22895	124.094
 22896	124.729
 22897	123.815
 22898	118.823
 22899	127.083
 22900	126.499
 22901	119.073
 22902	123.861
 22903	128.567
 22904	123.031
 22905	122.288
 22906	121.352
 22907	117.595
 22908	114.71
 22909	114.5
 22910	118.44
 22911	123.017
 22912	116.334
 22913	117.542
 22914	125.358
 22915	127.02
 22916	125.268
 22917	129.459
 22918	126.162
 22919	125.105
 22920	128.206
 22921	127.261
 22922	127.606
 22923	127.184
 22924	118.311
 22925	117.3
 22926	115.503
 22927	114.02
 22928	121.016
 22929	121.812
 22930	116.558
 22931	123.337
 22932	122.472
 22933	123.471
 22934	129.244
 22935	126.018
 22936	125.125
 22937	130.444
 22938	128.286
 22939	133.662
 22940	136.829
 22941	134.253
 22942	139.459
 22943	138.459
 22944	131.001
 22945	133.537
 22946	133.491
 22947	136.471
 22948	141.116
 22949	140.013
 22950	139.273
 22951	138.303
 22952	139.641
 22953	145.498
 22954	146.767
 22955	144.886
 22956	146.604
 22957	148.282
 22958	152.129
 22959	155.003
 22960	155.776
 22961	156.354
 22962	156.802
 22963	154.301
 22964	153.397
 22965	155.949
 22966	158.343
 22967	155.685
 22968	156.247
 22969	161.58
 22970	158.216
 22971	155.912
 22972	163.549
 22973	161.716
 22974	153.616
 22975	154.469
 22976	156.215
 22977	153.917
 22978	151.715
 22979	147.806
 22980	148.646
 22981	146.862
 22982	144.193
 22983	143.902
 22984	140.187
 22985	136.023
 22986	139.613
 22987	141.381
 22988	136.525
 22989	136.03
 22990	137.586
 22991	136.796
 22992	140.169
 22993	144.063
 22994	140.324
 22995	135.084
 22996	135.387
 22997	133.715
 22998	135.855
 22999	137.329
 23000	135.282
 23001	135.343
 23002	138.573
 23003	136.104
 23004	140.18
 23005	146.403
 23006	145.097
 23007	142.598
 23008	141.654
 23009	141.719
 23010	146.096
 23011	147.224
 23012	144.908
 23013	146.842
 23014	141.863
 23015	136.058
 23016	142.52
 23017	143.392
 23018	140.604
 23019	143.027
 23020	144.618
 23021	140.911
 23022	146.445
 23023	150.314
 23024	151.699
 23025	152.475
 23026	151.646
 23027	148.129
 23028	146.69
 23029	146.88
 23030	148.07
 23031	149.608
 23032	145.312
 23033	143.517
 23034	148.915
 23035	148.458
 23036	154.517
 23037	156.918
 23038	150.813
 23039	154.85
 23040	159.23
 23041	154.518
 23042	158.466
 23043	166.72
 23044	168.01
 23045	169.431
 23046	169.004
 23047	170.634
 23048	175.372
 23049	174.544
 23050	167.991
 23051	168.287
 23052	171.313
 23053	165.788
 23054	160.629
 23055	162.151
 23056	159.152
 23057	153.815
 23058	149.113
 23059	148.481
 23060	151.266
 23061	146.367
 23062	140.634
 23063	142.609
 23064	137.137
 23065	128.358
 23066	131.413
 23067	129.639
 23068	124.284
 23069	122.83
 23070	120.914
 23071	117.97
 23072	117.057
 23073	118.676
 23074	120.775
 23075	118.633
 23076	113.356
 23077	118.39
 23078	124.03
 23079	119.319
 23080	124.881
 23081	130.629
 23082	127.783
 23083	129.534
 23084	134.433
 23085	135.445
 23086	135.903
 23087	138.479
 23088	135.498
 23089	133.161
 23090	135.477
 23091	141.546
 23092	142.726
 23093	141.823
 23094	137.013
 23095	134.483
 23096	138.248
 23097	131.117
 23098	126.793
 23099	130.46
 23100	128.924
 23101	127.95
 23102	130.132
 23103	126.943
 23104	124.539
 23105	122.68
 23106	118.836
 23107	116.217
 23108	109.85
 23109	109.066
 23110	106.529
 23111	104.619
 23112	102.489
 23113	104.378
 23114	104.998
 23115	99.9981
 23116	106.251
 23117	109.304
 23118	109.65
 23119	112.636
 23120	114.307
 23121	114.123
 23122	111.863
 23123	114.212
 23124	115.148
 23125	113.825
 23126	112.207
 23127	114.47
 23128	112.867
 23129	115.208
 23130	118.594
 23131	119.023
 23132	119.709
 23133	118.683
 23134	116.196
 23135	116.391
 23136	123.237
 23137	125.121
 23138	123.824
 23139	123.901
 23140	120.753
 23141	118.419
 23142	118.79
 23143	120.517
 23144	115
 23145	111.789
 23146	111.625
 23147	111.124
 23148	110.559
 23149	114.459
 23150	110.019
 23151	104.472
 23152	102.228
 23153	102.041
 23154	103.746
 23155	98.1714
 23156	98.1145
 23157	99.3385
 23158	97.6212
 23159	94.7238
 23160	93.4927
 23161	96.8679
 23162	96.5664
 23163	93.2172
 23164	89.9935
 23165	92.4511
 23166	89.5032
 23167	87.7863
 23168	90.2636
 23169	86.4277
 23170	83.4906
 23171	84.2212
 23172	76.8275
 23173	74.1642
 23174	78.5333
 23175	78.0374
 23176	76.0949
 23177	77.3
 23178	76.8116
 23179	73.7516
 23180	74.1805
 23181	71.3779
 23182	71.3634
 23183	73.8296
 23184	67.9384
 23185	71.3941
 23186	75.0287
 23187	75.9635
 23188	79.4001
 23189	75.9072
 23190	76.4717
 23191	84.6098
 23192	84.1587
 23193	84.4605
 23194	91.2265
 23195	89.8817
 23196	90.1225
 23197	95.6392
 23198	99.507
 23199	98.6843
 23200	103.342
 23201	103.925
 23202	104.01
 23203	108.294
 23204	110.563
 23205	116.698
 23206	114.183
 23207	115.033
 23208	122.624
 23209	124.065
 23210	124.433
 23211	128.942
 23212	128.512
 23213	128.504
 23214	130.623
 23215	126.171
 23216	126.427
 23217	126.582
 23218	123.347
 23219	122.006
 23220	120.647
 23221	120.603
 23222	119.824
 23223	121.449
 23224	122.481
 23225	126.813
 23226	127.087
 23227	120.816
 23228	124.228
 23229	125.96
 23230	125.026
 23231	122.61
 23232	122.162
 23233	122.042
 23234	123.651
 23235	123.331
 23236	123.54
 23237	127.336
 23238	126.567
 23239	125.393
 23240	125.206
 23241	127.089
 23242	125.176
 23243	125.65
 23244	126.687
 23245	122.955
 23246	119.536
 23247	121.444
 23248	124.144
 23249	119.593
 23250	116.58
 23251	118.433
 23252	118.741
 23253	115.679
 23254	118.565
 23255	117.816
 23256	111.681
 23257	111.102
 23258	117.142
 23259	118.713
 23260	117.202
 23261	116.294
 23262	114.23
 23263	108.734
 23264	105.824
 23265	107.017
 23266	108.415
 23267	109.569
 23268	109.754
 23269	109.204
 23270	113.967
 23271	114.743
 23272	118.565
 23273	119.976
 23274	114.768
 23275	109.884
 23276	116.296
 23277	125.7
 23278	126.393
 23279	125.963
 23280	126.246
 23281	121.932
 23282	121.142
 23283	125.244
 23284	119.073
 23285	115.123
 23286	117.884
 23287	121.776
 23288	119.128
 23289	119.208
 23290	127.452
 23291	126.269
 23292	112.941
 23293	110.497
 23294	115.349
 23295	111.018
 23296	106.556
 23297	112.37
 23298	101.211
 23299	97.7531
 23300	106.768
 23301	105.72
 23302	99.1051
 23303	101.057
 23304	102.56
 23305	103.793
 23306	101.921
 23307	104.481
 23308	110.998
 23309	109.442
 23310	104.088
 23311	111.272
 23312	117.202
 23313	116.781
 23314	120.899
 23315	123.375
 23316	121.153
 23317	124.05
 23318	129.974
 23319	132.781
 23320	127.426
 23321	124.232
 23322	125.941
 23323	126.917
 23324	126.327
 23325	128.868
 23326	124.726
 23327	119.556
 23328	123.587
 23329	123.215
 23330	118.863
 23331	122.394
 23332	128.441
 23333	122.848
 23334	121.792
 23335	129.226
 23336	130.613
 23337	128.477
 23338	127.29
 23339	126.388
 23340	123.837
 23341	124.566
 23342	128.011
 23343	120.364
 23344	114.636
 23345	115.193
 23346	112.671
 23347	105.112
 23348	105.845
 23349	100.977
 23350	92.0558
 23351	89.4496
 23352	92.4766
 23353	87.0067
 23354	81.0946
 23355	75.0311
 23356	70.9375
 23357	65.5247
 23358	66.1917
 23359	66.3906
 23360	62.9998
 23361	54.3672
 23362	53.1783
 23363	50.6823
 23364	48.7868
 23365	45.8604
 23366	41.6471
 23367	35.6321
 23368	38.6626
 23369	39.276
 23370	36.1986
 23371	33.7135
 23372	34.0697
 23373	38.1745
 23374	37.0858
 23375	27.4783
 23376	36.4278
 23377	36.0687
 23378	27.1741
 23379	23.3141
 23380	20.7677
 23381	17.213
 23382	18.7518
 23383	19.3917
 23384	13.1822
 23385	14.0471
 23386	12.2184
 23387	9.22237
 23388	12.7869
 23389	17.2767
 23390	13.3865
 23391	11.8652
 23392	18.2991
 23393	1.41832
 23394	1.95084
 23395	14.4447
 23396	0.540521
 23397	2.14669
 23398	6.51435
 23399	-7.25451
 23400	0.755336
 23401	4.88756
 23402	-5.91476
 23403	-3.57494
 23404	8.78742
 23405	-2.40473
 23406	-2.99489
 23407	5.46621
 23408	-1.3571
 23409	-3.5688
 23410	3.55672
 23411	-3.96334
 23412	1.00151
 23413	-2.0382
 23414	0.647665
 23415	5.07715
 23416	-2.5447
 23417	-0.40979
 23418	2.74804
 23419	-2.04586
 23420	-5.20853
 23421	-6.47592
 23422	-0.822573
 23423	-5.45131
 23424	-1.2336
 23425	4.53432
 23426	-1.40198
 23427	4.33237
 23428	8.52107
 23429	-1.44666
 23430	5.64268
 23431	12.1632
 23432	6.85914
 23433	9.41098
 23434	16.442
 23435	15.5572
 23436	13.0424
 23437	16.9347
 23438	17.2048
 23439	8.65478
 23440	12.2673
 23441	12.4123
 23442	15.61
 23443	13.1372
 23444	13.8162
 23445	19.1278
 23446	10.239
 23447	13.5224
 23448	10.7885
 23449	1.46621
 23450	2.50084
 23451	2.60477
 23452	-2.02623
 23453	-3.26931
 23454	0.695964
 23455	-2.55332
 23456	-12.0581
 23457	-10.1245
 23458	-8.56349
 23459	-13.4721
 23460	-13.253
 23461	-5.01064
 23462	-4.69364
 23463	-2.20127
 23464	1.69782
 23465	2.05157
 23466	4.30547
 23467	6.56274
 23468	9.09462
 23469	10.8442
 23470	12.0728
 23471	14.7911
 23472	16.1042
 23473	17.6409
 23474	17.7392
 23475	13.9174
 23476	7.74871
 23477	16.3955
 23478	10.2417
 23479	5.86329
 23480	12.9109
 23481	12.5095
 23482	9.8032
 23483	15.8521
 23484	10.3133
 23485	5.80952
 23486	9.8386
 23487	10.4245
 23488	4.50039
 23489	6.73754
 23490	9.02555
 23491	6.96635
 23492	7.32281
 23493	8.46302
 23494	5.71028
 23495	11.4852
 23496	2.83187
 23497	-4.37736
 23498	5.43164
 23499	7.38565
 23500	5.37446
 23501	12.5482
 23502	7.00717
 23503	3.32145
 23504	11.5655
 23505	3.74054
 23506	-1.37522
 23507	5.02548
 23508	4.46542
 23509	2.9835
 23510	5.79463
 23511	5.35245
 23512	3.57902
 23513	12.7174
 23514	16.4001
 23515	4.98512
 23516	3.57753
 23517	7.09352
 23518	9.72455
 23519	9.45968
 23520	9.23866
 23521	12.2858
 23522	9.70644
 23523	8.50564
 23524	9.85527
 23525	11.8269
 23526	13.7954
 23527	16.2034
 23528	19.5256
 23529	16.4642
 23530	21.4583
 23531	17.1963
 23532	10.3351
 23533	17.2532
 23534	14.3122
 23535	12.8541
 23536	17.7395
 23537	13.1176
 23538	13.6079
 23539	22.8624
 23540	21.4643
 23541	24.053
 23542	24.2505
 23543	19.6992
 23544	24.0327
 23545	27.2519
 23546	35.5669
 23547	30.0512
 23548	30.6633
 23549	41.4011
 23550	42.4251
 23551	40.5233
 23552	39.4869
 23553	49.1803
 23554	46.3471
 23555	42.4964
 23556	45.9953
 23557	43.9355
 23558	43.4513
 23559	41.4673
 23560	39.5814
 23561	39.8287
 23562	38.8408
 23563	46.3269
 23564	39.7553
 23565	37.077
 23566	38.2743
 23567	42.3438
 23568	43.0121
 23569	43.5984
 23570	50.3394
 23571	49.0701
 23572	45.5297
 23573	49.0081
 23574	53.7528
 23575	52.5651
 23576	57.1025
 23577	61.4944
 23578	53.9773
 23579	59.8501
 23580	63.3371
 23581	59.4919
 23582	55.8133
 23583	56.5794
 23584	58.3333
 23585	55.3487
 23586	52.4877
 23587	52.7172
 23588	53.4248
 23589	47.7108
 23590	53.0464
 23591	54.0143
 23592	46.3444
 23593	55.1596
 23594	55.2437
 23595	43.7582
 23596	44.6458
 23597	54.1535
 23598	50.8619
 23599	55.6551
 23600	57.6342
 23601	47.3086
 23602	49.1595
 23603	57.095
 23604	56.9754
 23605	58.3398
 23606	64.2943
 23607	60.1406
 23608	60.5802
 23609	61.7186
 23610	67.3285
 23611	74.0473
 23612	64.4163
 23613	65.7116
 23614	69.2999
 23615	69.455
 23616	70.871
 23617	70.4377
 23618	68.2413
 23619	70.3605
 23620	74.7256
 23621	70.7822
 23622	68.1305
 23623	72.55
 23624	70.0326
 23625	70.3452
 23626	67.3168
 23627	64.0879
 23628	68.7927
 23629	64.5832
 23630	61.801
 23631	61.5139
 23632	61.4829
 23633	61.3906
 23634	60.3805
 23635	63.4263
 23636	64.7995
 23637	56.9487
 23638	60.6946
 23639	64.4807
 23640	59.2577
 23641	62.7558
 23642	70.0807
 23643	62.7864
 23644	62.8651
 23645	71.3822
 23646	69.0384
 23647	60.6688
 23648	68.7682
 23649	72.0465
 23650	66.3188
 23651	67.703
 23652	69.517
 23653	64.5468
 23654	65.3015
 23655	71.4164
 23656	72.8793
 23657	67.2322
 23658	67.5917
 23659	72.7964
 23660	69.6089
 23661	69.23
 23662	74.563
 23663	71.9146
 23664	68.8089
 23665	69.7345
 23666	74.2801
 23667	69.3096
 23668	67.4252
 23669	67.4083
 23670	62.926
 23671	60.66
 23672	63.5951
 23673	60.2179
 23674	56.8371
 23675	56.5174
 23676	56.4178
 23677	57.8861
 23678	55.2858
 23679	55.6009
 23680	64.6332
 23681	55.6906
 23682	53.5801
 23683	62.2529
 23684	62.5723
 23685	62.0818
 23686	63.5237
 23687	61.8208
 23688	67.1417
 23689	69.0188
 23690	78.887
 23691	76.1664
 23692	76.1207
 23693	84.1369
 23694	83.6588
 23695	78.072
 23696	89.3599
 23697	97.502
 23698	94.7059
 23699	93.1057
 23700	105.671
 23701	104.275
 23702	104.911
 23703	106.778
 23704	106.601
 23705	101.76
 23706	99.2443
 23707	105.309
 23708	102.495
 23709	97.9039
 23710	109.398
 23711	112.689
 23712	104.595
 23713	111.461
 23714	117.87
 23715	112.737
 23716	112.041
 23717	116.607
 23718	114.592
 23719	112.328
 23720	116.669
 23721	118.999
 23722	114.662
 23723	115.39
 23724	118.243
 23725	113.155
 23726	105.634
 23727	109.682
 23728	114.778
 23729	106.548
 23730	104.573
 23731	109.788
 23732	101.92
 23733	94.4766
 23734	102.05
 23735	98.6561
 23736	94.4645
 23737	100.319
 23738	98.6655
 23739	101.587
 23740	112.491
 23741	110.994
 23742	112.681
 23743	107.798
 23744	106.909
 23745	108.078
 23746	104.631
 23747	108.268
 23748	114.268
 23749	106.526
 23750	107.952
 23751	117.378
 23752	109.257
 23753	109.915
 23754	116.088
 23755	105.493
 23756	106.132
 23757	116.745
 23758	115.719
 23759	117.264
 23760	125.188
 23761	123.451
 23762	121.12
 23763	120.491
 23764	124.527
 23765	125.873
 23766	116.964
 23767	120.859
 23768	125.803
 23769	120.966
 23770	124.44
 23771	132.733
 23772	127.074
 23773	122.698
 23774	127.31
 23775	118.272
 23776	111.552
 23777	117.831
 23778	117.829
 23779	115.079
 23780	115.546
 23781	112.851
 23782	110.528
 23783	107.047
 23784	111.906
 23785	113.53
 23786	107.652
 23787	107.003
 23788	111.81
 23789	111.358
 23790	112.945
 23791	120.641
 23792	122.029
 23793	116.594
 23794	122.998
 23795	121.404
 23796	114.929
 23797	121.017
 23798	119.711
 23799	110.394
 23800	113.906
 23801	113.62
 23802	111.522
 23803	112.59
 23804	107.612
 23805	105.643
 23806	109.25
 23807	101.572
 23808	101.81
 23809	106.574
 23810	94.7342
 23811	97.8775
 23812	101.899
 23813	97.1819
 23814	101.163
 23815	106.171
 23816	97.7883
 23817	95.2261
 23818	99.535
 23819	98.4063
 23820	99.7404
 23821	97.3809
 23822	94.2729
 23823	95.1068
 23824	88.5478
 23825	92.8018
 23826	101.453
 23827	93.7529
 23828	91.2565
 23829	101.118
 23830	92.4278
 23831	92.6011
 23832	100.314
 23833	93.1884
 23834	88.4515
 23835	92.6868
 23836	93.5751
 23837	91.489
 23838	93.9514
 23839	97.17
 23840	99.7682
 23841	95.723
 23842	93.0439
 23843	100.47
 23844	100.537
 23845	104.333
 23846	106.637
 23847	99.1001
 23848	100.949
 23849	109.718
 23850	106.622
 23851	102.54
 23852	101.8
 23853	102
 23854	99.1277
 23855	96.3972
 23856	97.5237
 23857	102.587
 23858	98.8272
 23859	92.7852
 23860	98.3312
 23861	97.144
 23862	95.5002
 23863	100.536
 23864	99.4898
 23865	93.0431
 23866	94.5979
 23867	97.7714
 23868	95.9101
 23869	95.0278
 23870	94.0184
 23871	96.2312
 23872	94.1431
 23873	91.7078
 23874	91.2132
 23875	87.0625
 23876	80.2012
 23877	82.1848
 23878	81.4002
 23879	73.2494
 23880	77.4644
 23881	78.2698
 23882	73.3289
 23883	72.7539
 23884	74.1999
 23885	74.2919
 23886	67.1716
 23887	65.3675
 23888	66.5507
 23889	66.6313
 23890	61.9445
 23891	67.3979
 23892	66.206
 23893	61.8245
 23894	62.814
 23895	61.2241
 23896	58.8097
 23897	55.92
 23898	58.6036
 23899	55.4613
 23900	50.8327
 23901	50.4092
 23902	53.4576
 23903	49.3501
 23904	43.8241
 23905	48.456
 23906	45.111
 23907	41.5461
 23908	43.5223
 23909	39.9111
 23910	36.1375
 23911	35.0516
 23912	37.779
 23913	40.5983
 23914	34.4776
 23915	37.6988
 23916	40.452
 23917	31.4258
 23918	34.9756
 23919	36.9124
 23920	30.2955
 23921	32.1866
 23922	34.4663
 23923	34.0458
 23924	31.3335
 23925	28.7551
 23926	26.1917
 23927	29.2598
 23928	20.6706
 23929	26.9107
 23930	19.331
 23931	19.1992
 23932	29.215
 23933	21.5639
 23934	18.9864
 23935	32.5837
 23936	31.6251
 23937	25.5849
 23938	35.356
 23939	29.5509
 23940	20.8195
 23941	25.448
 23942	28.5796
 23943	28.287
 23944	23.3968
 23945	24.7357
 23946	22.9475
 23947	16.7002
 23948	16.3669
 23949	21.4618
 23950	19.4562
 23951	19.7919
 23952	21.5574
 23953	15.4506
 23954	16.0376
 23955	16.8718
 23956	16.9238
 23957	15.5811
 23958	19.6951
 23959	22.2854
 23960	17.3999
 23961	14.6621
 23962	14.237
 23963	3.65153
 23964	7.73597
 23965	15.4919
 23966	5.67262
 23967	7.92058
 23968	14.201
 23969	8.10069
 23970	7.03843
 23971	6.47276
 23972	-0.868827
 23973	0.725623
 23974	2.34451
 23975	-7.17696
 23976	3.00819
 23977	-3.70955
 23978	-0.761955
 23979	8.50205
 23980	-7.94185
 23981	0.440002
 23982	9.96058
 23983	-0.819679
 23984	9.42865
 23985	21.3442
 23986	15.1373
 23987	18.5719
 23988	20.9411
 23989	16.0092
 23990	11.3192
 23991	14.6287
 23992	13.2093
 23993	14.3154
 23994	20.9499
 23995	15.615
 23996	18.4802
 23997	22.4571
 23998	16.2705
 23999	14.8564
 24000	24.7168
 24001	23.8526
 24002	20.43
 24003	29.5307
 24004	29.0631
 24005	30.6106
 24006	37.0279
 24007	25.2979
 24008	32.4714
 24009	38.2003
 24010	25.7932
 24011	24.6253
 24012	28.5769
 24013	26.8721
 24014	24.3886
 24015	27.5378
 24016	24.7698
 24017	22.8722
 24018	20.6761
 24019	20.3909
 24020	23.8257
 24021	15.0749
 24022	15.4897
 24023	29.0833
 24024	14.5497
 24025	18.2383
 24026	29.289
 24027	18.6474
 24028	20.1462
 24029	28.8903
 24030	23.5033
 24031	16.8051
 24032	30.7867
 24033	37.434
 24034	29.6087
 24035	36.1766
 24036	37.0044
 24037	27.4006
 24038	30.0628
 24039	33.2518
 24040	26.9931
 24041	33.359
 24042	41.1593
 24043	37.6681
 24044	37.6208
 24045	38.6494
 24046	39.4952
 24047	36.8834
 24048	34.6024
 24049	35.8266
 24050	38.3936
 24051	39.6753
 24052	47.3859
 24053	43.7941
 24054	28.1742
 24055	37.7418
 24056	35.381
 24057	22.9156
 24058	29.395
 24059	34.1759
 24060	27.5071
 24061	25.7188
 24062	36.0157
 24063	22.8593
 24064	21.4632
 24065	33.8344
 24066	21.6299
 24067	18.6918
 24068	31.6619
 24069	30.5644
 24070	26.3957
 24071	32.0299
 24072	37.2725
 24073	28.1452
 24074	26.4411
 24075	24.3795
 24076	18.7647
 24077	14.089
 24078	16.3272
 24079	9.81791
 24080	6.00838
 24081	2.7024
 24082	3.96639
 24083	0.524258
 24084	1.85347
 24085	11.1932
 24086	6.89762
 24087	3.24507
 24088	12.5717
 24089	7.99579
 24090	3.77057
 24091	11.547
 24092	11.2706
 24093	3.58512
 24094	8.59496
 24095	14.5119
 24096	4.87576
 24097	10.1972
 24098	14.3656
 24099	4.75662
 24100	7.11801
 24101	15.8087
 24102	14.9238
 24103	9.66589
 24104	20.6701
 24105	18.4813
 24106	13.1325
 24107	18.9039
 24108	16.9935
 24109	14.773
 24110	17.8077
 24111	20.4401
 24112	20.1335
 24113	17.1963
 24114	16.5021
 24115	24.1692
 24116	19.3884
 24117	16.0617
 24118	17.8517
 24119	11.4865
 24120	20.8501
 24121	15.6113
 24122	7.7801
 24123	18.9492
 24124	17.0121
 24125	11.7038
 24126	19.3081
 24127	16.9141
 24128	14.3909
 24129	26.4632
 24130	23.4225
 24131	19.2985
 24132	29.3631
 24133	34.6078
 24134	31.2439
 24135	30.9727
 24136	37.3889
 24137	33.559
 24138	33.1057
 24139	39.983
 24140	41.2051
 24141	34.0501
 24142	33.2134
 24143	36.0727
 24144	33.0246
 24145	32.2408
 24146	35.1378
 24147	34.196
 24148	25.9135
 24149	31.0572
 24150	30.1179
 24151	18.0376
 24152	28.6113
 24153	35.888
 24154	19.6887
 24155	27.5917
 24156	31.2377
 24157	16.4693
 24158	21.0773
 24159	23.3085
 24160	15.5476
 24161	19.1911
 24162	20.5665
 24163	11.2516
 24164	10.1115
 24165	5.48552
 24166	-0.621612
 24167	2.358
 24168	-4.22953
 24169	-3.84641
 24170	2.68753
 24171	-9.46472
 24172	-3.54859
 24173	-1.10928
 24174	-14.1267
 24175	-4.36833
 24176	-4.47416
 24177	-10.5018
 24178	-3.24366
 24179	-0.123908
 24180	-5.32137
 24181	3.13548
 24182	8.85423
 24183	0.265361
 24184	4.56643
 24185	12.8342
 24186	8.98978
 24187	15.7692
 24188	21.5573
 24189	17.8044
 24190	13.4087
 24191	24.052
 24192	19.5281
 24193	19.9262
 24194	28.183
 24195	26.9728
 24196	29.8628
 24197	29.9353
 24198	32.5566
 24199	26.8133
 24200	23.4612
 24201	25.4144
 24202	29.5158
 24203	26.9246
 24204	21.3941
 24205	26.9301
 24206	17.4161
 24207	14.7039
 24208	27.1084
 24209	16.829
 24210	18.5789
 24211	30.7965
 24212	16.401
 24213	11.9466
 24214	24.3414
 24215	7.37165
 24216	8.36351
 24217	17.4866
 24218	6.67777
 24219	1.98408
 24220	7.75778
 24221	5.58235
 24222	-1.0333
 24223	5.35891
 24224	4.43833
 24225	-0.113169
 24226	4.18967
 24227	10.2283
 24228	3.00308
 24229	3.53865
 24230	9.10763
 24231	5.79326
 24232	6.72921
 24233	9.11205
 24234	9.85849
 24235	8.31272
 24236	3.93951
 24237	12.686
 24238	14.6622
 24239	8.57336
 24240	23.2173
 24241	13.4848
 24242	1.6435
 24243	18.4468
 24244	14.6422
 24245	10.7274
 24246	23.277
 24247	22.8252
 24248	23.2774
 24249	27.5011
 24250	21.0483
 24251	22.888
 24252	21.4452
 24253	22.259
 24254	21.6745
 24255	17.9507
 24256	27.263
 24257	28.5011
 24258	19.6029
 24259	19.3519
 24260	22.6675
 24261	17.4495
 24262	21.0759
 24263	20.4288
 24264	15.7045
 24265	21.3025
 24266	22.5965
 24267	10.451
 24268	9.88352
 24269	11.6371
 24270	13.2231
 24271	5.86661
 24272	8.24467
 24273	7.84824
 24274	1.79289
 24275	4.57007
 24276	3.72464
 24277	-0.222411
 24278	2.51776
 24279	3.79375
 24280	2.17337
 24281	3.8492
 24282	5.14325
 24283	2.77862
 24284	5.16339
 24285	9.73031
 24286	4.05851
 24287	4.04796
 24288	4.38238
 24289	4.60204
 24290	8.39404
 24291	7.82673
 24292	9.16871
 24293	13.9149
 24294	17.6515
 24295	13.3922
 24296	18.8874
 24297	21.4334
 24298	14.1744
 24299	16.5406
 24300	20.1596
 24301	18.3479
 24302	18.6957
 24303	20.7879
 24304	19.2191
 24305	24.9108
 24306	25.507
 24307	18.4608
 24308	27.2528
 24309	27.2011
 24310	22.7751
 24311	26.9039
 24312	16.7812
 24313	18.9802
 24314	19.041
 24315	14.3777
 24316	15.2328
 24317	14.2844
 24318	6.95219
 24319	8.58626
 24320	12.3056
 24321	9.33956
 24322	5.94234
 24323	15.6498
 24324	15.0948
 24325	18.468
 24326	21.6523
 24327	18.9499
 24328	19.1222
 24329	21.6566
 24330	19.6262
 24331	20.7451
 24332	20.3368
 24333	22.9946
 24334	22.3386
 24335	14.8334
 24336	17.627
 24337	20.7268
 24338	14.8309
 24339	9.27129
 24340	14.9708
 24341	17.6515
 24342	10.0213
 24343	15.2972
 24344	15.5406
 24345	12.5173
 24346	14.4946
 24347	14.2143
 24348	12.1564
 24349	21.7577
 24350	24.1259
 24351	19.6815
 24352	20.9377
 24353	20.1488
 24354	16.1017
 24355	17.46
 24356	19.7175
 24357	23.1504
 24358	22.329
 24359	20.5709
 24360	22.3962
 24361	21.557
 24362	14.678
 24363	21.1882
 24364	21.6511
 24365	8.39809
 24366	15.9486
 24367	18.9563
 24368	9.36259
 24369	17.5803
 24370	25.074
 24371	15.6095
 24372	17.2148
 24373	24.6272
 24374	16.1884
 24375	15.2525
 24376	27.5275
 24377	28.7273
 24378	21.7769
 24379	22.8078
 24380	18.6543
 24381	13.947
 24382	10.1233
 24383	6.95488
 24384	10.7003
 24385	17.403
 24386	16.0528
 24387	15.5024
 24388	10.1465
 24389	5.3786
 24390	3.74625
 24391	7.0795
 24392	7.14387
 24393	14.9474
 24394	17.1388
 24395	12.6481
 24396	12.1377
 24397	3.53388
 24398	-2.02133
 24399	13.7927
 24400	12.795
 24401	18.6396
 24402	23.9637
 24403	18.5259
 24404	11.6146
 24405	17.8505
 24406	10.6475
 24407	10.2812
 24408	19.1992
 24409	18.4443
 24410	20.5138
 24411	21.2427
 24412	20.2883
 24413	18.4756
 24414	17.2236
 24415	22.8304
 24416	19.284
 24417	25.5005
 24418	17.1609
 24419	16.9156
 24420	20.9677
 24421	10.8311
 24422	14.2215
 24423	17.9883
 24424	9.32507
 24425	16.2315
 24426	16.3027
 24427	12.3988
 24428	14.0268
 24429	17.3895
 24430	9.37066
 24431	10.7734
 24432	20.9887
 24433	13.9642
 24434	12.1855
 24435	15.6159
 24436	7.32099
 24437	10.515
 24438	10.9241
 24439	11.136
 24440	11.2185
 24441	5.98045
 24442	-0.899905
 24443	0.180843
 24444	4.89471
 24445	0.178942
 24446	4.47419
 24447	5.42982
 24448	2.29599
 24449	-4.80187
 24450	-7.6744
 24451	-11.5889
 24452	-1.87365
 24453	2.4589
 24454	-1.72346
 24455	7.63631
 24456	4.5118
 24457	-4.84159
 24458	2.79562
 24459	-4.19828
 24460	-4.59242
 24461	3.72742
 24462	-0.156421
 24463	2.24423
 24464	-0.0178301
 24465	-4.30662
 24466	-7.49386
 24467	-10.0691
 24468	-0.923659
 24469	-4.29995
 24470	-6.77262
 24471	0.996345
 24472	-4.79394
 24473	-7.87639
 24474	-11.9376
 24475	-9.62205
 24476	-2.52403
 24477	-2.50861
 24478	0.46682
 24479	-1.97825
 24480	-9.81273
 24481	-5.70047
 24482	-1.42925
 24483	-8.19684
 24484	-2.9819
 24485	2.83161
 24486	-0.668126
 24487	1.56985
 24488	-1.50989
 24489	-5.61715
 24490	1.89016
 24491	2.67064
 24492	-7.7565
 24493	-2.98837
 24494	-2.74198
 24495	-8.66007
 24496	-1.28713
 24497	-9.57364
 24498	-7.96422
 24499	2.80571
 24500	-1.24061
 24501	-9.18975
 24502	-1.58528
 24503	1.46149
 24504	0.0658911
 24505	-3.43786
 24506	1.9812
 24507	0.489852
 24508	1.50419
 24509	6.08313
 24510	7.77832
 24511	4.48378
 24512	3.35799
 24513	9.47707
 24514	6.99872
 24515	4.86334
 24516	4.52026
 24517	5.70996
 24518	1.4323
 24519	3.24894
 24520	8.33092
 24521	-3.96082
 24522	-4.31672
 24523	2.3723
 24524	-3.68323
 24525	-9.83046
 24526	0.796782
 24527	-1.5432
 24528	-4.80719
 24529	1.32427
 24530	-4.73103
 24531	-8.19459
 24532	-5.58894
 24533	-6.02237
 24534	-6.99788
 24535	-4.59455
 24536	-4.362
 24537	-6.83766
 24538	-9.13313
 24539	-3.6422
 24540	-3.35541
 24541	-7.43504
 24542	-2.4949
 24543	0.408865
 24544	1.74506
 24545	0.69861
 24546	2.96447
 24547	0.170755
 24548	5.41087
 24549	6.57422
 24550	-0.325672
 24551	6.04238
 24552	8.41074
 24553	9.46534
 24554	11.8973
 24555	12.0277
 24556	7.14124
 24557	8.65315
 24558	13.6776
 24559	7.68841
 24560	15.3962
 24561	11.4177
 24562	10.4563
 24563	10.4951
 24564	8.77614
 24565	7.24796
 24566	7.88917
 24567	3.99084
 24568	4.89017
 24569	4.58906
 24570	-1.35095
 24571	3.52719
 24572	1.45389
 24573	-2.35575
 24574	-4.32368
 24575	-5.26045
 24576	-7.11612
 24577	-10.0725
 24578	-6.30321
 24579	-16.1031
 24580	-19.9668
 24581	-21.8599
 24582	-24.3915
 24583	-21.5929
 24584	-20.7729
 24585	-21.292
 24586	-21.6593
 24587	-18.5621
 24588	-26.5071
 24589	-24.8785
 24590	-18.316
 24591	-16.6618
 24592	-12.567
 24593	-10.8165
 24594	-6.14271
 24595	-1.17658
 24596	-3.24714
 24597	-2.20348
 24598	-0.820994
 24599	0.0259645
 24600	10.9007
 24601	15.0301
 24602	13.7869
 24603	12.6817
 24604	12.8311
 24605	8.77624
 24606	10.1559
 24607	16.5738
 24608	17.7916
 24609	18.9382
 24610	13.3384
 24611	11.4219
 24612	12.8049
 24613	10.5333
 24614	14.8835
 24615	18.7111
 24616	16.6117
 24617	18.3352
 24618	18.9962
 24619	13.4493
 24620	14.8438
 24621	19.7206
 24622	15.4131
 24623	11.9377
 24624	15.7904
 24625	9.32974
 24626	-0.00702107
 24627	5.90165
 24628	-3.01909
 24629	-1.95205
 24630	-0.327386
 24631	-4.04571
 24632	-6.97011
 24633	-7.34735
 24634	-7.29697
 24635	-6.12301
 24636	-8.52049
 24637	-9.88762
 24638	-5.76325
 24639	-6.41677
 24640	-10.4789
 24641	-9.37944
 24642	-13.5007
 24643	-13.2997
 24644	-14.3256
 24645	-18.0021
 24646	-17.7157
 24647	-11.5334
 24648	-13.3434
 24649	-11.2876
 24650	-5.11325
 24651	-7.36454
 24652	-5.99464
 24653	-4.93536
 24654	-7.5703
 24655	-4.40356
 24656	-3.49041
 24657	-8.61191
 24658	-5.77191
 24659	-5.92553
 24660	-2.07972
 24661	1.59496
 24662	2.67116
 24663	3.46018
 24664	5.6404
 24665	7.26615
 24666	4.31385
 24667	11.6088
 24668	10.4346
 24669	13.1611
 24670	21.3486
 24671	12.3036
 24672	10.0059
 24673	15.9227
 24674	9.96283
 24675	7.84765
 24676	12.7413
 24677	9.67071
 24678	10.6129
 24679	8.80142
 24680	-0.453114
 24681	-2.37852
 24682	-4.66283
 24683	-4.21778
 24684	-10.9842
 24685	-8.8667
 24686	-11.4135
 24687	-17.0438
 24688	-19.039
 24689	-22.6186
 24690	-18.6776
 24691	-18.129
 24692	-20.4034
 24693	-13.7651
 24694	-15.56
 24695	-22.7332
 24696	-23.9502
 24697	-26.7482
 24698	-23.5135
 24699	-21.1411
 24700	-25.2831
 24701	-26.6234
 24702	-28.981
 24703	-31.3133
 24704	-38.8107
 24705	-37.1491
 24706	-39.3031
 24707	-44.7851
 24708	-41.1396
 24709	-42.548
 24710	-44.1811
 24711	-44.8622
 24712	-45.5833
 24713	-46.9239
 24714	-48.5802
 24715	-43.5008
 24716	-40.6396
 24717	-45.0403
 24718	-40.6923
 24719	-42.8148
 24720	-43.2127
 24721	-43.137
 24722	-37.1681
 24723	-35.343
 24724	-39.2088
 24725	-39.5701
 24726	-41.8189
 24727	-44.6103
 24728	-37.9243
 24729	-46.726
 24730	-48.3591
 24731	-48.5658
 24732	-48.8213
 24733	-52.0241
 24734	-46.8336
 24735	-49.0702
 24736	-44.5593
 24737	-36.0004
 24738	-44.94
 24739	-41.213
 24740	-38.5909
 24741	-42.885
 24742	-40.6788
 24743	-39.9625
 24744	-41.2056
 24745	-41.205
 24746	-37.8596
 24747	-31.9136
 24748	-30.7183
 24749	-34.0961
 24750	-28.2865
 24751	-27.377
 24752	-31.4886
 24753	-23.7653
 24754	-23.3577
 24755	-32.0795
 24756	-27.7415
 24757	-27.0159
 24758	-32.789
 24759	-34.1962
 24760	-21.8185
 24761	-26.117
 24762	-27.2509
 24763	-17.7137
 24764	-21.575
 24765	-23.8506
 24766	-14.5234
 24767	-20.1469
 24768	-23.2606
 24769	-15.3658
 24770	-11.1222
 24771	-14.61
 24772	-13.1194
 24773	-5.17361
 24774	-9.72615
 24775	-12.9942
 24776	-6.53581
 24777	-3.62108
 24778	-7.04179
 24779	-2.59849
 24780	1.54051
 24781	-6.68489
 24782	-3.8982
 24783	0.888771
 24784	-6.7383
 24785	-2.70807
 24786	4.66688
 24787	-7.10834
 24788	-0.84833
 24789	1.1607
 24790	-2.02817
 24791	-0.0207616
 24792	-4.75251
 24793	-3.28353
 24794	-3.41435
 24795	-3.86554
 24796	0.759623
 24797	-4.50955
 24798	-8.886
 24799	-6.39442
 24800	-6.628
 24801	-13.5563
 24802	-11.9191
 24803	-16.1042
 24804	-18.1314
 24805	-18.6122
 24806	-23.5703
 24807	-26.5117
 24808	-31.5661
 24809	-28.4486
 24810	-32.7773
 24811	-38.393
 24812	-40.1773
 24813	-37.3387
 24814	-37.7484
 24815	-41.1604
 24816	-38.5878
 24817	-39.1773
 24818	-44.4089
 24819	-45.3443
 24820	-43.1228
 24821	-45.7471
 24822	-48.5522
 24823	-39.9435
 24824	-37.4811
 24825	-45.2726
 24826	-39.1753
 24827	-37.4291
 24828	-43.2975
 24829	-33.0833
 24830	-37.369
 24831	-37.0894
 24832	-37.5988
 24833	-37.247
 24834	-30.8371
 24835	-40.6639
 24836	-44.3929
 24837	-34.7912
 24838	-52.6998
 24839	-50.0323
 24840	-46.4775
 24841	-53.5335
 24842	-48.3548
 24843	-44.6619
 24844	-53.089
 24845	-51.8823
 24846	-51.9154
 24847	-47.2312
 24848	-51.5908
 24849	-48.1145
 24850	-48.7513
 24851	-48.4552
 24852	-40.9107
 24853	-44.6485
 24854	-44.1774
 24855	-43.3913
 24856	-42.6708
 24857	-39.6059
 24858	-41.3405
 24859	-39.5572
 24860	-34.8709
 24861	-40.7811
 24862	-38.3887
 24863	-34.3917
 24864	-41.9345
 24865	-33.7732
 24866	-36.4698
 24867	-37.2682
 24868	-33.6535
 24869	-33.6819
 24870	-36.807
 24871	-37.3679
 24872	-38.4516
 24873	-38.1769
 24874	-38.5995
 24875	-34.9398
 24876	-43.1747
 24877	-33.9802
 24878	-38.8847
 24879	-37.2751
 24880	-36.1502
 24881	-43.577
 24882	-42.3447
 24883	-43.3785
 24884	-47.6785
 24885	-38.8546
 24886	-47.607
 24887	-46.9973
 24888	-42.5514
 24889	-52.1733
 24890	-42.9665
 24891	-39.5152
 24892	-41.6888
 24893	-40.414
 24894	-43.0933
 24895	-39.7238
 24896	-39.9367
 24897	-34.8732
 24898	-28.629
 24899	-35.4573
 24900	-27.5961
 24901	-25.9818
 24902	-33.5159
 24903	-19.563
 24904	-24.6738
 24905	-26.5146
 24906	-16.1036
 24907	-23.2824
 24908	-22.1959
 24909	-23.2951
 24910	-29.1856
 24911	-23.1255
 24912	-28.6128
 24913	-28.5422
 24914	-24.9704
 24915	-35.2075
 24916	-37.66
 24917	-40.939
 24918	-42.2525
 24919	-47.0252
 24920	-49.2737
 24921	-47.9767
 24922	-50.1544
 24923	-48.6438
 24924	-46.0296
 24925	-55.638
 24926	-46.9618
 24927	-49.0746
 24928	-52.0629
 24929	-52.1158
 24930	-52.8159
 24931	-47.6631
 24932	-43.2819
 24933	-46.8436
 24934	-43.0885
 24935	-39.6938
 24936	-41.7038
 24937	-42.7074
 24938	-31.5829
 24939	-27.4925
 24940	-32.106
 24941	-26.2073
 24942	-29.7208
 24943	-32.4602
 24944	-28.2356
 24945	-32.6646
 24946	-34.6914
 24947	-35.5059
 24948	-39.8853
 24949	-32.5353
 24950	-32.1019
 24951	-32.4738
 24952	-24.0842
 24953	-36.2143
 24954	-37.5754
 24955	-40.3415
 24956	-39.5047
 24957	-39.1765
 24958	-36.6062
 24959	-38.0079
 24960	-37.6395
 24961	-41.1517
 24962	-34.138
 24963	-38.9511
 24964	-40.379
 24965	-38.5147
 24966	-40.7766
 24967	-42.9678
 24968	-41.7713
 24969	-37.1159
 24970	-42.8553
 24971	-46.1328
 24972	-45.0036
 24973	-44.4376
 24974	-50.6968
 24975	-45.3898
 24976	-49.2159
 24977	-48.4883
 24978	-44.7266
 24979	-50.982
 24980	-48.9148
 24981	-52.7999
 24982	-55.3114
 24983	-50.1859
 24984	-53.9715
 24985	-49.0829
 24986	-44.2926
 24987	-47.6567
 24988	-44.7999
 24989	-45.7705
 24990	-46.0823
 24991	-47.4001
 24992	-43.7942
 24993	-44.1025
 24994	-45.1311
 24995	-44.6213
 24996	-48.5284
 24997	-43.744
 24998	-47.1243
 24999	-52.8218
 25000	-40.111
 25001	-43.7255
 25002	-48.4221
 25003	-39.6879
 25004	-44.4281
 25005	-45.0678
 25006	-40.7432
 25007	-45.026
 25008	-48.0452
 25009	-42.8862
 25010	-48.8416
 25011	-52.4027
 25012	-48.0306
 25013	-48.7327
 25014	-45.8428
 25015	-52.3661
 25016	-50.9673
 25017	-52.4181
 25018	-49.7008
 25019	-52.4577
 25020	-44.6307
 25021	-45.5951
 25022	-43.9197
 25023	-35.7416
 25024	-35.5179
 25025	-39.7971
 25026	-34.0588
 25027	-37.3993
 25028	-38.2281
 25029	-31.8967
 25030	-35.9656
 25031	-35.1771
 25032	-40.4561
 25033	-35.3344
 25034	-32.4756
 25035	-41.1829
 25036	-44.8789
 25037	-42.7572
 25038	-43.4062
 25039	-36.4684
 25040	-36.4724
 25041	-42.2934
 25042	-54.64
 25043	-47.9412
 25044	-49.7328
 25045	-55.0453
 25046	-47.0663
 25047	-51.558
 25048	-52.6857
 25049	-51.1572
 25050	-54.6488
 25051	-54.418
 25052	-49.2707
 25053	-56.4896
 25054	-50.0951
 25055	-55.045
 25056	-57.3442
 25057	-47.2203
 25058	-44.9883
 25059	-46.5867
 25060	-41.5127
 25061	-41.3304
 25062	-40.6172
 25063	-36.4596
 25064	-31.8231
 25065	-32.0397
 25066	-35.4193
 25067	-27.7519
 25068	-26.8489
 25069	-30.7509
 25070	-39.2915
 25071	-39.7946
 25072	-36.2364
 25073	-43.4133
 25074	-38.218
 25075	-30.8983
 25076	-38.0023
 25077	-30.1364
 25078	-26.9216
 25079	-35.896
 25080	-36.7164
 25081	-33.3782
 25082	-36.2266
 25083	-34.4501
 25084	-28.0456
 25085	-32.9715
 25086	-35.2739
 25087	-35.2925
 25088	-36.9392
 25089	-39.6473
 25090	-37.0336
 25091	-35.71
 25092	-40.2371
 25093	-41.5673
 25094	-39.2201
 25095	-41.027
 25096	-47.3347
 25097	-41.5035
 25098	-51.2085
 25099	-52.2459
 25100	-45.4832
 25101	-44.7994
 25102	-47.1698
 25103	-36.188
 25104	-39.1352
 25105	-37.6028
 25106	-28.8703
 25107	-25.1131
 25108	-33.4977
 25109	-31.504
 25110	-27.897
 25111	-32.5921
 25112	-26.0616
 25113	-14.2434
 25114	-21.0453
 25115	-22.0871
 25116	-23.1998
 25117	-28.1343
 25118	-32.6824
 25119	-26.4598
 25120	-19.9228
 25121	-28.7508
 25122	-30.9503
 25123	-29.9951
 25124	-31.0219
 25125	-32.5765
 25126	-29.8319
 25127	-27.7268
 25128	-27.1995
 25129	-19.969
 25130	-18.1819
 25131	-16.5097
 25132	-16.754
 25133	-21.0274
 25134	-17.7736
 25135	-18.2849
 25136	-21.6795
 25137	-22.1907
 25138	-21.7105
 25139	-22.6549
 25140	-21.1933
 25141	-25.6567
 25142	-31.9959
 25143	-35.2747
 25144	-42.6143
 25145	-40.791
 25146	-42.6688
 25147	-48.9398
 25148	-42.6457
 25149	-46.0708
 25150	-46.0476
 25151	-45.0468
 25152	-42.4868
 25153	-46.1275
 25154	-43.998
 25155	-34.6579
 25156	-24.6734
 25157	-23.0893
 25158	-13.6435
 25159	-10.4162
 25160	-10.789
 25161	-5.5023
 25162	4.02111
 25163	-4.46637
 25164	-0.348643
 25165	7.96147
 25166	0.050177
 25167	0.57653
 25168	1.27083
 25169	1.94213
 25170	2.63917
 25171	1.23145
 25172	2.61862
 25173	1.70934
 25174	-1.82878
 25175	-0.992764
 25176	-6.23908
 25177	-4.93251
 25178	-1.4569
 25179	-7.19875
 25180	-3.22512
 25181	-7.1503
 25182	-12.1303
 25183	-7.11025
 25184	-14.1289
 25185	-11.4457
 25186	-13.5637
 25187	-18.8738
 25188	-12.9916
 25189	-16.0169
 25190	-22.9082
 25191	-19.7806
 25192	-18.5407
 25193	-23.8201
 25194	-22.0193
 25195	-24.2994
 25196	-20.4028
 25197	-17.8388
 25198	-24.1243
 25199	-32.6494
 25200	-32.3132
 25201	-32.4589
 25202	-34.8864
 25203	-39.7195
 25204	-40.3578
 25205	-41.6559
 25206	-40.4222
 25207	-41.2998
 25208	-39.8325
 25209	-45.1398
 25210	-42.2164
 25211	-37.3405
 25212	-40.677
 25213	-34.5164
 25214	-32.1723
 25215	-41.6679
 25216	-37.6399
 25217	-39.8228
 25218	-40.1973
 25219	-37.0521
 25220	-36.8177
 25221	-34.8127
 25222	-38.8491
 25223	-42.8232
 25224	-41.2084
 25225	-42.5645
 25226	-43.0434
 25227	-44.1399
 25228	-43.7755
 25229	-43.005
 25230	-44.7448
 25231	-43.745
 25232	-39.7195
 25233	-43.6888
 25234	-39.314
 25235	-33.0734
 25236	-34.5459
 25237	-35.556
 25238	-35.2274
 25239	-34.5657
 25240	-33.1086
 25241	-33.4663
 25242	-31.3039
 25243	-39.3645
 25244	-43.4612
 25245	-41.4988
 25246	-43.799
 25247	-45.1926
 25248	-42.1764
 25249	-46.1223
 25250	-48.8304
 25251	-53.4284
 25252	-49.4473
 25253	-55.7793
 25254	-57.216
 25255	-50.1091
 25256	-47.297
 25257	-49.1941
 25258	-43.8603
 25259	-45.3484
 25260	-41.299
 25261	-43.4869
 25262	-34.8312
 25263	-38.2586
 25264	-37.8648
 25265	-34.0336
 25266	-34.9112
 25267	-31.9677
 25268	-29.582
 25269	-34.5298
 25270	-30.7068
 25271	-31.1206
 25272	-31.2868
 25273	-30.609
 25274	-30.9713
 25275	-31.1948
 25276	-33.5331
 25277	-34.2609
 25278	-33.6022
 25279	-36.4844
 25280	-37.8533
 25281	-41.1181
 25282	-55.5428
 25283	-48.856
 25284	-49.4916
 25285	-54.836
 25286	-48.0887
 25287	-53.0739
 25288	-55.0117
 25289	-43.948
 25290	-49.9226
 25291	-42.7671
 25292	-46.3429
 25293	-40.5735
 25294	-38.2034
 25295	-37.2356
 25296	-35.1644
 25297	-35.2406
 25298	-34.2485
 25299	-30.2426
 25300	-27.6309
 25301	-26.8589
 25302	-32.5638
 25303	-23.1538
 25304	-28.3629
 25305	-33.0669
 25306	-27.8876
 25307	-31.6
 25308	-37.9843
 25309	-39.997
 25310	-39.5471
 25311	-40.7528
 25312	-41.5391
 25313	-43.293
 25314	-43.3777
 25315	-47.696
 25316	-45.1186
 25317	-48.0127
 25318	-47.3861
 25319	-52.872
 25320	-48.3381
 25321	-46.663
 25322	-41.4746
 25323	-40.7483
 25324	-41.9127
 25325	-43.8522
 25326	-37.2031
 25327	-39.5144
 25328	-40.1009
 25329	-30.5152
 25330	-30.3379
 25331	-38.6564
 25332	-32.6507
 25333	-33.7314
 25334	-33.7337
 25335	-29.3145
 25336	-33.3613
 25337	-32.0609
 25338	-32.9554
 25339	-26.5256
 25340	-36.9336
 25341	-43.1422
 25342	-40.7773
 25343	-38.6279
 25344	-46.4511
 25345	-47.7782
 25346	-47.5397
 25347	-50.135
 25348	-49.5945
 25349	-43.0052
 25350	-51.7755
 25351	-58.2497
 25352	-53.0803
 25353	-51.286
 25354	-55.2263
 25355	-56.9341
 25356	-54.9725
 25357	-60.395
 25358	-55.1568
 25359	-51.7419
 25360	-59.0469
 25361	-50.0396
 25362	-52.7189
 25363	-55.1886
 25364	-44.531
 25365	-48.084
 25366	-47.1581
 25367	-34.5373
 25368	-40.8282
 25369	-43.8114
 25370	-39.0399
 25371	-35.0704
 25372	-39.0063
 25373	-26.9695
 25374	-28.2274
 25375	-29.372
 25376	-29.2016
 25377	-36.4919
 25378	-35.5897
 25379	-33.3904
 25380	-34.8666
 25381	-36.4993
 25382	-41.0853
 25383	-39.7034
 25384	-34.7826
 25385	-35.839
 25386	-39.8123
 25387	-34.5486
 25388	-30.942
 25389	-37.3161
 25390	-30.4898
 25391	-28.0089
 25392	-31.7182
 25393	-24.9663
 25394	-19.1006
 25395	-29.8041
 25396	-34.3938
 25397	-20.1729
 25398	-18.3777
 25399	-23.5882
 25400	-20.3308
 25401	-15.19
 25402	-9.57589
 25403	-14.981
 25404	-20.2593
 25405	-14.6275
 25406	-20.3737
 25407	-15.3902
 25408	-19.4273
 25409	-23.6382
 25410	-19.9926
 25411	-14.4064
 25412	-12.4457
 25413	-19.5662
 25414	-19.8767
 25415	-16.6737
 25416	-18.8269
 25417	-19.9087
 25418	-24.042
 25419	-28.0489
 25420	-27.1094
 25421	-27.5157
 25422	-35.7865
 25423	-31.1272
 25424	-26.5627
 25425	-27.4881
 25426	-31.9251
 25427	-37.6635
 25428	-39.3702
 25429	-33.6289
 25430	-31.6879
 25431	-39.7571
 25432	-49.019
 25433	-38.8716
 25434	-42.0933
 25435	-40.1974
 25436	-31.2335
 25437	-31.1657
 25438	-32.6756
 25439	-26.2275
 25440	-18.3558
 25441	-16.0719
 25442	-21.0751
 25443	-13.4862
 25444	-29.93
 25445	-29.1097
 25446	-17.5742
 25447	-24.5766
 25448	-23.8666
 25449	-27.1684
 25450	-29.5668
 25451	-29.4895
 25452	-35.6632
 25453	-35.5931
 25454	-33.3959
 25455	-42.5446
 25456	-40.4401
 25457	-45.0634
 25458	-46.1975
 25459	-43.6991
 25460	-38.0576
 25461	-49.2594
 25462	-51.5058
 25463	-47.8254
 25464	-47.0406
 25465	-43.3469
 25466	-43.2441
 25467	-53.1748
 25468	-48.3146
 25469	-47.2904
 25470	-57.4464
 25471	-54.0816
 25472	-50.8064
 25473	-55.8083
 25474	-51.9584
 25475	-46.4786
 25476	-53.2292
 25477	-45.6693
 25478	-47.9386
 25479	-48.8492
 25480	-48.4023
 25481	-47.1413
 25482	-50.6964
 25483	-47.6894
 25484	-41.962
 25485	-41.7997
 25486	-44.0861
 25487	-44.0589
 25488	-39.7401
 25489	-35.9091
 25490	-39.1521
 25491	-34.1453
 25492	-40.309
 25493	-40.0979
 25494	-34.2761
 25495	-36.5662
 25496	-40.5431
 25497	-37.2084
 25498	-39.1133
 25499	-45.5689
 25500	-42.1012
 25501	-46.5631
 25502	-47.5571
 25503	-41.5377
 25504	-43.3753
 25505	-50.1874
 25506	-53.0232
 25507	-56.1481
 25508	-52.3589
 25509	-50.7264
 25510	-54.4977
 25511	-55.0763
 25512	-52.2422
 25513	-46.1768
 25514	-49.7818
 25515	-50.5286
 25516	-46.1078
 25517	-41.9308
 25518	-52.291
 25519	-44.9703
 25520	-39.239
 25521	-41.7748
 25522	-34.8234
 25523	-34.2898
 25524	-44.2995
 25525	-42.3161
 25526	-34.0089
 25527	-38.5988
 25528	-47.5283
 25529	-42.0734
 25530	-45.347
 25531	-44.1106
 25532	-41.0115
 25533	-41.6416
 25534	-42.8355
 25535	-44.6765
 25536	-40.5894
 25537	-42.4901
 25538	-42.0809
 25539	-37.2634
 25540	-33.8796
 25541	-45.3027
 25542	-40.2048
 25543	-28.1699
 25544	-34.8029
 25545	-34.877
 25546	-30.1852
 25547	-34.7797
 25548	-26.884
 25549	-19.4584
 25550	-28.9869
 25551	-27.757
 25552	-17.3873
 25553	-17.1265
 25554	-13.6343
 25555	-16.5757
 25556	-21.3742
 25557	-18.2714
 25558	-18.1883
 25559	-20.2802
 25560	-11.1341
 25561	-10.5004
 25562	-13.3984
 25563	-9.58149
 25564	-12.4656
 25565	-18.0464
 25566	-19.8224
 25567	-19.4448
 25568	-27.4696
 25569	-34.5613
 25570	-31.7743
 25571	-32.9341
 25572	-37.1576
 25573	-40.197
 25574	-40.2015
 25575	-42.093
 25576	-45.9422
 25577	-42.8119
 25578	-44.6997
 25579	-45.0219
 25580	-38.5325
 25581	-38.0907
 25582	-40.7645
 25583	-38.2427
 25584	-36.8398
 25585	-37.4259
 25586	-38.6915
 25587	-36.609
 25588	-32.5682
 25589	-32.7585
 25590	-37.3596
 25591	-41.5647
 25592	-37.601
 25593	-32.5587
 25594	-31.7322
 25595	-35.4536
 25596	-38.3241
 25597	-36.6086
 25598	-37.6972
 25599	-37.2943
 25600	-40.0874
 25601	-39.8254
 25602	-36.3276
 25603	-36.8138
 25604	-48.6705
 25605	-44.5677
 25606	-42.5668
 25607	-51.4723
 25608	-47.324
 25609	-50.5431
 25610	-52.4676
 25611	-45.9488
 25612	-47.3091
 25613	-52.2488
 25614	-49.0575
 25615	-46.6419
 25616	-42.4893
 25617	-41.7097
 25618	-38.356
 25619	-38.663
 25620	-29.7587
 25621	-32.1498
 25622	-36.0337
 25623	-31.2584
 25624	-27.8331
 25625	-31.6289
 25626	-21.1286
 25627	-18.5807
 25628	-20.9404
 25629	-15.986
 25630	-18.7023
 25631	-23.8631
 25632	-12.5261
 25633	-6.71374
 25634	-11.423
 25635	-13.7028
 25636	-16.1763
 25637	-9.99685
 25638	-15.9361
 25639	-16.8625
 25640	-15.618
 25641	-20.6283
 25642	-19.903
 25643	-17.9004
 25644	-23.4253
 25645	-22.8158
 25646	-22.4431
 25647	-24.9036
 25648	-29.8615
 25649	-27.3901
 25650	-24.4819
 25651	-25.928
 25652	-35.1436
 25653	-31.4111
 25654	-26.4898
 25655	-39.0194
 25656	-35.6491
 25657	-35.3481
 25658	-44.7922
 25659	-39.1131
 25660	-42.4987
 25661	-51.595
 25662	-43.3056
 25663	-42.8402
 25664	-44.544
 25665	-44.4742
 25666	-44.2192
 25667	-46.5598
 25668	-41.8193
 25669	-36.8964
 25670	-38.5373
 25671	-35.9903
 25672	-34.851
 25673	-42.9851
 25674	-38.4864
 25675	-44.1086
 25676	-40.2222
 25677	-33.6425
 25678	-41.3885
 25679	-44.9239
 25680	-39.376
 25681	-43.4051
 25682	-39.6466
 25683	-41.0546
 25684	-45.2344
 25685	-39.5625
 25686	-40.1132
 25687	-42.3971
 25688	-38.1003
 25689	-38.1641
 25690	-44.9307
 25691	-43.0622
 25692	-46.8459
 25693	-46.1524
 25694	-42.7087
 25695	-41.8522
 25696	-48.2329
 25697	-48.9566
 25698	-44.7621
 25699	-47.0969
 25700	-46.7861
 25701	-44.7137
 25702	-43.814
 25703	-43.828
 25704	-41.9582
 25705	-35.7082
 25706	-41.793
 25707	-41.4461
 25708	-37.6828
 25709	-36.0575
 25710	-42.785
 25711	-37.9798
 25712	-34.6589
 25713	-40.0453
 25714	-34.568
 25715	-33.2811
 25716	-41.0883
 25717	-41.5675
 25718	-38.0734
 25719	-35.9073
 25720	-35.1708
 25721	-34.13
 25722	-31.6843
 25723	-26.5269
 25724	-29.7528
 25725	-31.7737
 25726	-31.7688
 25727	-37.4187
 25728	-38.189
 25729	-37.1618
 25730	-39.6976
 25731	-44.6047
 25732	-40.6683
 25733	-39.9678
 25734	-40.6885
 25735	-38.5614
 25736	-40.7118
 25737	-42.3582
 25738	-41.8545
 25739	-44.6397
 25740	-38.804
 25741	-41.1096
 25742	-40.9094
 25743	-39.5845
 25744	-39.8778
 25745	-39.4552
 25746	-34.8782
 25747	-37.7431
 25748	-36.262
 25749	-23.0289
 25750	-24.7262
 25751	-33.8096
 25752	-31.7378
 25753	-35.0401
 25754	-37.0156
 25755	-32.2014
 25756	-40.9757
 25757	-43.2081
 25758	-38.0648
 25759	-41.4128
 25760	-43.3456
 25761	-41.6463
 25762	-46.5901
 25763	-47.9102
 25764	-50.8656
 25765	-49.9466
 25766	-52.2645
 25767	-46.246
 25768	-48.2286
 25769	-49.2718
 25770	-49.2478
 25771	-47.2145
 25772	-47.425
 25773	-46.5265
 25774	-48.3767
 25775	-40.346
 25776	-40.2423
 25777	-42.6301
 25778	-34.2687
 25779	-34.0765
 25780	-31.9523
 25781	-26.4555
 25782	-22.5744
 25783	-20.2847
 25784	-12.0465
 25785	-10.232
 25786	-11.0274
 25787	-7.9966
 25788	-7.87543
 25789	-10.5109
 25790	-10.1851
 25791	-10.3823
 25792	-7.73604
 25793	-4.68171
 25794	-9.20158
 25795	-7.16889
 25796	-2.21866
 25797	-9.74739
 25798	-9.63141
 25799	-7.9088
 25800	-9.71516
 25801	-10.2468
 25802	-9.81939
 25803	-3.82465
 25804	-11.2355
 25805	-11.5824
 25806	-7.81174
 25807	-10.3717
 25808	-3.80729
 25809	0.341748
 25810	0.219838
 25811	5.46976
 25812	1.7854
 25813	1.83016
 25814	1.91543
 25815	-4.02572
 25816	5.57665
 25817	-1.95159
 25818	-3.73408
 25819	1.6329
 25820	-9.35567
 25821	-15.41
 25822	-12.7452
 25823	-11.5273
 25824	-17.3545
 25825	-16.6649
 25826	-8.27381
 25827	-8.53581
 25828	-7.17465
 25829	-6.5566
 25830	-6.34273
 25831	-4.87146
 25832	-6.73983
 25833	-10.8193
 25834	-7.54607
 25835	-1.59496
 25836	2.76599
 25837	-7.77011
 25838	-5.47747
 25839	-1.04085
 25840	-9.81215
 25841	-8.11984
 25842	-4.4313
 25843	-7.02691
 25844	-4.50235
 25845	-4.54498
 25846	-4.20057
 25847	-11.1194
 25848	-3.9335
 25849	-3.78119
 25850	-6.72306
 25851	1.14525
 25852	-3.18686
 25853	-0.576168
 25854	3.09106
 25855	-1.2586
 25856	-0.341697
 25857	-6.49083
 25858	3.59136
 25859	6.28643
 25860	-3.23165
 25861	7.58441
 25862	13.5806
 25863	3.22243
 25864	2.80521
 25865	3.36545
 25866	0.949834
 25867	4.96351
 25868	9.56338
 25869	3.97843
 25870	7.84575
 25871	15.0874
 25872	9.86203
 25873	3.91969
 25874	14.3793
 25875	9.17539
 25876	9.67387
 25877	7.45873
 25878	3.2279
 25879	5.88615
 25880	1.83047
 25881	-1.98946
 25882	0.191961
 25883	-4.26168
 25884	-0.00949337
 25885	3.71433
 25886	2.47729
 25887	1.93653
 25888	2.67332
 25889	-2.31636
 25890	-0.74378
 25891	0.233395
 25892	-5.58875
 25893	5.04333
 25894	8.92449
 25895	0.0566141
 25896	3.66091
 25897	4.74505
 25898	-0.536127
 25899	4.81518
 25900	3.06486
 25901	4.14933
 25902	2.13354
 25903	7.63407
 25904	9.33552
 25905	3.91851
 25906	10.0648
 25907	2.09179
 25908	-3.88618
 25909	-1.61228
 25910	-5.20821
 25911	0.0229626
 25912	6.30555
 25913	-1.55368
 25914	-2.25006
 25915	-2.14278
 25916	-9.65381
 25917	-5.71713
 25918	-3.74205
 25919	-5.91648
 25920	-2.33249
 25921	0.960816
 25922	0.166667
 25923	-3.88373
 25924	-0.860504
 25925	7.22631
 25926	5.21701
 25927	3.81122
 25928	10.3073
 25929	16.6417
 25930	10.3589
 25931	15.1574
 25932	12.2612
 25933	0.568846
 25934	14.7368
 25935	17.689
 25936	9.23698
 25937	16.0942
 25938	15.5357
 25939	14.9818
 25940	10.1865
 25941	13.5641
 25942	13.4937
 25943	10.7554
 25944	27.5303
 25945	26.0757
 25946	17.6614
 25947	21.3697
 25948	18.1935
 25949	10.701
 25950	13.9482
 25951	9.60896
 25952	8.30551
 25953	14.2722
 25954	11.2262
 25955	6.26627
 25956	6.07101
 25957	4.91575
 25958	1.09859
 25959	5.31652
 25960	7.76419
 25961	8.28327
 25962	11.9238
 25963	7.92531
 25964	6.97527
 25965	2.13048
 25966	1.0546
 25967	11.5466
 25968	11.5607
 25969	9.97224
 25970	13.7034
 25971	11.9395
 25972	11.0589
 25973	14.6696
 25974	12.4057
 25975	12.4672
 25976	19.0057
 25977	22.7608
 25978	19.0377
 25979	24.0568
 25980	29.7875
 25981	23.7809
 25982	24.19
 25983	28.14
 25984	26.0461
 25985	29.8307
 25986	31.5599
 25987	35.3659
 25988	39.4585
 25989	38.8687
 25990	35.0349
 25991	29.4097
 25992	32.296
 25993	35.1269
 25994	30.7006
 25995	35.6514
 25996	33.7662
 25997	32.4197
 25998	30.9176
 25999	26.12
 26000	22.8615
 26001	21.8775
 26002	29.0912
 26003	28.106
 26004	22.6704
 26005	23.9267
 26006	23.5821
 26007	16.6473
 26008	11.3656
 26009	13.42
 26010	11.6146
 26011	20.8311
 26012	22.512
 26013	15.6611
 26014	9.43546
 26015	7.96081
 26016	5.12743
 26017	-2.65473
 26018	5.32868
 26019	13.3262
 26020	8.98623
 26021	6.10486
 26022	6.30454
 26023	-1.8077
 26024	-3.11961
 26025	3.70956
 26026	-1.12685
 26027	2.8938
 26028	10.6886
 26029	0.402133
 26030	-3.79474
 26031	-8.97532
 26032	-5.60901
 26033	-0.249351
 26034	-8.37869
 26035	-0.44126
 26036	6.38406
 26037	-4.04655
 26038	2.00569
 26039	-6.72812
 26040	-8.71473
 26041	-3.1773
 26042	-9.66872
 26043	-6.37464
 26044	-2.18942
 26045	-0.0651773
 26046	-8.08855
 26047	-16.0141
 26048	-15.434
 26049	-12.0494
 26050	-5.69574
 26051	-1.21702
 26052	3.6303
 26053	2.66469
 26054	8.06836
 26055	5.00821
 26056	0.684399
 26057	13.8161
 26058	16.325
 26059	15.4298
 26060	25.2349
 26061	20.5365
 26062	18.9823
 26063	18.6541
 26064	17.5754
 26065	24.7783
 26066	21.4859
 26067	20.8139
 26068	24.5654
 26069	18.1145
 26070	16.8476
 26071	17.7595
 26072	9.81177
 26073	19.5858
 26074	22.9241
 26075	10.78
 26076	13.6137
 26077	12.2486
 26078	7.511
 26079	12.2979
 26080	9.61146
 26081	12.178
 26082	15.686
 26083	16.864
 26084	10.4817
 26085	5.30477
 26086	11.0912
 26087	11.524
 26088	9.68291
 26089	10.8093
 26090	13.4018
 26091	9.07368
 26092	11.0561
 26093	6.68804
 26094	8.4956
 26095	15.1512
 26096	13.6442
 26097	14.2331
 26098	15.3932
 26099	17.0044
 26100	21.2182
 26101	14.5274
 26102	21.0017
 26103	28.3042
 26104	18.3363
 26105	22.0144
 26106	22.2672
 26107	17.4719
 26108	17.342
 26109	16.8709
 26110	10.4729
 26111	12.3149
 26112	14.4051
 26113	11.6684
 26114	15.0611
 26115	15.2235
 26116	21.6441
 26117	20.045
 26118	21.7431
 26119	28.5054
 26120	23.4076
 26121	23.7038
 26122	28.5329
 26123	26.3514
 26124	27.227
 26125	25.0534
 26126	24.6682
 26127	22.1997
 26128	21.0273
 26129	20.2338
 26130	15.4257
 26131	12.2
 26132	16.9377
 26133	11.4702
 26134	4.5579
 26135	9.56586
 26136	6.75082
 26137	5.4815
 26138	11.2092
 26139	2.33575
 26140	1.58865
 26141	3.80748
 26142	-0.256185
 26143	5.21085
 26144	7.28527
 26145	7.73543
 26146	13.4414
 26147	7.43521
 26148	7.68926
 26149	5.19626
 26150	1.18431
 26151	7.96371
 26152	6.71948
 26153	4.68482
 26154	9.60626
 26155	6.89529
 26156	12.9389
 26157	12.4202
 26158	14.2251
 26159	16.0206
 26160	15.7668
 26161	19.5132
 26162	18.9696
 26163	14.6942
 26164	14.0921
 26165	9.75481
 26166	5.72905
 26167	8.22134
 26168	7.73356
 26169	5.86584
 26170	7.87969
 26171	6.75506
 26172	-0.312703
 26173	-4.11342
 26174	-3.74889
 26175	-5.72388
 26176	-6.90899
 26177	-4.03259
 26178	-4.82388
 26179	-4.92021
 26180	-5.66834
 26181	-5.52135
 26182	-9.49805
 26183	0.315019
 26184	5.15185
 26185	4.03909
 26186	11.7129
 26187	12.2284
 26188	8.76025
 26189	13.8558
 26190	7.47651
 26191	11.2366
 26192	9.34989
 26193	7.05416
 26194	13.2109
 26195	4.28556
 26196	1.60429
 26197	10.8942
 26198	1.64813
 26199	4.25098
 26200	8.00126
 26201	6.7541
 26202	5.62309
 26203	10.7994
 26204	12.4955
 26205	11.6646
 26206	10.4913
 26207	15.1473
 26208	12.1256
 26209	14.0535
 26210	16.8033
 26211	12.148
 26212	10.2165
 26213	11.9397
 26214	8.98088
 26215	5.76575
 26216	6.68195
 26217	6.71743
 26218	4.93998
 26219	4.39205
 26220	5.37841
 26221	1.9603
 26222	-1.22361
 26223	1.46242
 26224	3.20971
 26225	-0.549819
 26226	5.93645
 26227	5.42498
 26228	1.16052
 26229	0.317611
 26230	-1.73013
 26231	-1.87552
 26232	4.65343
 26233	-0.0248093
 26234	0.369631
 26235	1.23944
 26236	-0.852694
 26237	-1.13182
 26238	-2.11653
 26239	0.80972
 26240	4.80993
 26241	0.62588
 26242	4.4507
 26243	2.19802
 26244	-0.976217
 26245	6.00624
 26246	1.41134
 26247	3.89373
 26248	7.41184
 26249	10.9988
 26250	12.0014
 26251	10.4373
 26252	14.2555
 26253	15.508
 26254	15.8599
 26255	18.5814
 26256	15.5146
 26257	15.656
 26258	16.3045
 26259	17.3651
 26260	18.4861
 26261	22.1086
 26262	23.6125
 26263	28.382
 26264	25.476
 26265	22.8037
 26266	21.7053
 26267	22.3495
 26268	19.6253
 26269	18.114
 26270	15.5316
 26271	13.2153
 26272	15.0338
 26273	6.46128
 26274	10.3497
 26275	9.75692
 26276	6.93074
 26277	7.30131
 26278	4.60214
 26279	1.43641
 26280	4.89892
 26281	-0.606978
 26282	2.92246
 26283	8.94448
 26284	8.72643
 26285	9.42596
 26286	9.79705
 26287	5.76895
 26288	4.57116
 26289	10.1367
 26290	16.3135
 26291	11.5395
 26292	14.932
 26293	17.6624
 26294	12.3414
 26295	8.62076
 26296	9.72305
 26297	7.29799
 26298	12.6669
 26299	18.5074
 26300	12.1132
 26301	11.6098
 26302	9.05074
 26303	3.12286
 26304	5.40046
 26305	8.51269
 26306	7.17051
 26307	11.7187
 26308	18.858
 26309	11.2526
 26310	10.5924
 26311	11.3697
 26312	6.11478
 26313	5.56679
 26314	6.09205
 26315	5.4155
 26316	0.6157
 26317	5.75832
 26318	4.83141
 26319	4.04175
 26320	7.66369
 26321	5.96789
 26322	9.23198
 26323	7.16221
 26324	8.15505
 26325	15.4918
 26326	15.7475
 26327	11.4347
 26328	14.7635
 26329	12.168
 26330	6.27996
 26331	2.63099
 26332	7.37205
 26333	6.81362
 26334	8.90306
 26335	10.6908
 26336	3.29114
 26337	-0.746707
 26338	3.82996
 26339	5.04821
 26340	3.70173
 26341	9.5948
 26342	10.7294
 26343	5.94768
 26344	9.59249
 26345	-1.70947
 26346	0.540803
 26347	0.604172
 26348	-3.26829
 26349	-3.45598
 26350	-1.77795
 26351	-2.72453
 26352	-3.40468
 26353	-6.71726
 26354	-12.3112
 26355	-11.3643
 26356	-14.0173
 26357	-15.3711
 26358	-15.2841
 26359	-18.8559
 26360	-19.0407
 26361	-15.5122
 26362	-22.5162
 26363	-22.0725
 26364	-19.6236
 26365	-21.1174
 26366	-29.8017
 26367	-31.7217
 26368	-36.3923
 26369	-42.1112
 26370	-33.4407
 26371	-37.7837
 26372	-41.0833
 26373	-36.8093
 26374	-35.0957
 26375	-38.5382
 26376	-37.9122
 26377	-43.934
 26378	-42.6882
 26379	-43.1449
 26380	-45.2713
 26381	-39.9608
 26382	-38.8569
 26383	-43.4218
 26384	-40.1305
 26385	-41.1745
 26386	-41.0609
 26387	-35.8441
 26388	-35.4378
 26389	-36.5291
 26390	-29.4364
 26391	-26.7143
 26392	-29.0781
 26393	-30.3474
 26394	-27.8143
 26395	-31.0665
 26396	-27.4678
 26397	-17.4166
 26398	-18.0799
 26399	-11.8073
 26400	-5.66985
 26401	-10.3418
 26402	-8.34978
 26403	-13.2829
 26404	-15.145
 26405	-13.1951
 26406	-16.1683
 26407	-22.7444
 26408	-18.8718
 26409	-19.6308
 26410	-28.622
 26411	-29.5205
 26412	-29.2486
 26413	-28.7437
 26414	-29.4677
 26415	-34.3861
 26416	-32.6651
 26417	-30.1832
 26418	-35.7384
 26419	-32.5888
 26420	-41.6323
 26421	-37.6142
 26422	-38.5206
 26423	-40.5368
 26424	-44.4001
 26425	-46.2
 26426	-38.9758
 26427	-39.7401
 26428	-41.2647
 26429	-36.9904
 26430	-39.836
 26431	-41.9926
 26432	-38.3328
 26433	-41.6503
 26434	-49.1085
 26435	-45.0132
 26436	-42.4106
 26437	-45.978
 26438	-40.2047
 26439	-38.5505
 26440	-36.0075
 26441	-40.3889
 26442	-34.7772
 26443	-30.449
 26444	-29.4121
 26445	-20.8417
 26446	-23.0877
 26447	-27.6289
 26448	-19.8074
 26449	-16.335
 26450	-19.3542
 26451	-15.4615
 26452	-11.251
 26453	-13.8539
 26454	-10.0311
 26455	-8.68578
 26456	-13.4715
 26457	-10.5048
 26458	-9.7691
 26459	-10.4069
 26460	-9.41916
 26461	-12.5739
 26462	-7.77074
 26463	-8.80309
 26464	-9.17761
 26465	-11.2092
 26466	-14.5057
 26467	-8.69548
 26468	-10.7084
 26469	-10.7789
 26470	-13.6421
 26471	-9.81232
 26472	-11.7635
 26473	-16.3493
 26474	-19.045
 26475	-12.512
 26476	-17.8878
 26477	-12.2574
 26478	-10.8332
 26479	-12.3871
 26480	-8.69677
 26481	-3.26793
 26482	-9.00044
 26483	-7.62966
 26484	-10.6018
 26485	-12.781
 26486	-8.96853
 26487	-7.60746
 26488	-9.11106
 26489	-5.91162
 26490	-6.15822
 26491	-7.08954
 26492	-5.97293
 26493	-9.02672
 26494	-8.91777
 26495	-13.3595
 26496	-7.96431
 26497	-9.51223
 26498	-13.8768
 26499	-13.1021
 26500	-16.877
 26501	-19.9425
 26502	-14.8466
 26503	-14.0876
 26504	-16.3363
 26505	-10.4843
 26506	-9.66829
 26507	-11.2307
 26508	-11.6596
 26509	-16.9487
 26510	-12.0025
 26511	-12.305
 26512	-14.4945
 26513	-8.00407
 26514	-11.6916
 26515	-5.15532
 26516	1.15394
 26517	-1.98488
 26518	-6.26847
 26519	-4.56401
 26520	0.0570605
 26521	-2.81027
 26522	-1.44161
 26523	2.39655
 26524	-1.86048
 26525	-0.412027
 26526	-1.50119
 26527	-2.9079
 26528	-5.57639
 26529	-2.16256
 26530	1.19577
 26531	-2.69387
 26532	-3.50602
 26533	-3.36225
 26534	2.27156
 26535	3.93864
 26536	2.23134
 26537	4.74814
 26538	2.99593
 26539	10.3757
 26540	13.3073
 26541	4.23194
 26542	10.4038
 26543	14.626
 26544	8.13958
 26545	10.2785
 26546	11.8139
 26547	6.92678
 26548	12.5336
 26549	9.26364
 26550	1.80411
 26551	0.966006
 26552	1.76987
 26553	-6.15468
 26554	-3.82509
 26555	-2.99223
 26556	-2.08766
 26557	2.47576
 26558	1.00817
 26559	-2.80759
 26560	-1.6386
 26561	-5.78181
 26562	-9.40285
 26563	-10.6337
 26564	-11.0654
 26565	-8.88945
 26566	-5.1077
 26567	-5.52967
 26568	-6.92045
 26569	-9.83505
 26570	-8.34023
 26571	-16.5061
 26572	-12.6698
 26573	-9.51947
 26574	-9.98792
 26575	-2.80147
 26576	-9.40613
 26577	-19.0093
 26578	-15.5027
 26579	-17.5083
 26580	-22.2667
 26581	-23.3429
 26582	-23.9764
 26583	-21.8871
 26584	-19.1447
 26585	-20.2477
 26586	-23.7602
 26587	-23.2381
 26588	-25.1144
 26589	-30.8292
 26590	-29.991
 26591	-30.7352
 26592	-27.9875
 26593	-21.0199
 26594	-20.7036
 26595	-21.4545
 26596	-18.9706
 26597	-14.7841
 26598	-19.2345
 26599	-21.4536
 26600	-13.0245
 26601	-9.17955
 26602	-5.88308
 26603	-2.97469
 26604	-1.14964
 26605	0.863677
 26606	2.85403
 26607	7.58787
 26608	6.87415
 26609	2.8918
 26610	10.266
 26611	9.09877
 26612	0.543658
 26613	5.83738
 26614	3.22859
 26615	-8.14874
 26616	-5.23718
 26617	-9.16085
 26618	-9.83203
 26619	-9.62923
 26620	-14.3339
 26621	-10.6712
 26622	-12.3825
 26623	-14.3657
 26624	-14.3273
 26625	-14.1447
 26626	-14.6063
 26627	-18.3098
 26628	-16.7457
 26629	-13.2246
 26630	-13.7426
 26631	-12.1178
 26632	-12.4237
 26633	-12.811
 26634	-20.7076
 26635	-16.3487
 26636	-12.5156
 26637	-17.7843
 26638	-15.0933
 26639	-20.0103
 26640	-21.3702
 26641	-26.5206
 26642	-28.0283
 26643	-25.7638
 26644	-27.358
 26645	-33.3561
 26646	-29.5546
 26647	-25.8113
 26648	-32.3747
 26649	-34.2079
 26650	-38.9258
 26651	-47.1687
 26652	-47.1354
 26653	-47.3616
 26654	-53.2356
 26655	-45.6905
 26656	-44.8067
 26657	-42.9528
 26658	-41.7841
 26659	-40.9199
 26660	-41.9312
 26661	-40.3291
 26662	-39.859
 26663	-43.4002
 26664	-35.7619
 26665	-36.186
 26666	-37.9994
 26667	-34.0924
 26668	-36.4154
 26669	-40.8657
 26670	-39.2108
 26671	-41.9012
 26672	-39.4352
 26673	-34.3992
 26674	-35.305
 26675	-39.0177
 26676	-38.1008
 26677	-40.9121
 26678	-38.6206
 26679	-34.0075
 26680	-35.2834
 26681	-27.3773
 26682	-22.7356
 26683	-24.1477
 26684	-18.3276
 26685	-11.3173
 26686	-13.3264
 26687	-15.7584
 26688	-10.4428
 26689	-12.6282
 26690	-5.49261
 26691	3.72805
 26692	-0.212392
 26693	2.30088
 26694	4.03222
 26695	-1.29118
 26696	-0.412711
 26697	0.619262
 26698	0.310921
 26699	-0.37706
 26700	2.46609
 26701	-2.09945
 26702	-10.1131
 26703	-11.8343
 26704	-12.4608
 26705	-8.50517
 26706	-14.1376
 26707	-23.5363
 26708	-15.7442
 26709	-15.7934
 26710	-18.5792
 26711	-18.0765
 26712	-24.2539
 26713	-19.1097
 26714	-15.6368
 26715	-18.3017
 26716	-18.3076
 26717	-15.4647
 26718	-18.0836
 26719	-15.4691
 26720	-18.1472
 26721	-21.2488
 26722	-19.6709
 26723	-20.6291
 26724	-19.3449
 26725	-16.2589
 26726	-17.6922
 26727	-16.298
 26728	-12.5475
 26729	-12.4505
 26730	-20.0583
 26731	-17.1995
 26732	-12.7201
 26733	-13.1318
 26734	-0.31788
 26735	-6.57348
 26736	-1.09095
 26737	-0.624198
 26738	-2.24998
 26739	1.98479
 26740	1.638
 26741	2.38961
 26742	2.58725
 26743	0.59445
 26744	3.86644
 26745	-0.641993
 26746	-2.40754
 26747	-5.27806
 26748	-4.57041
 26749	-5.88772
 26750	-12.2872
 26751	-9.59929
 26752	-3.94544
 26753	-2.1278
 26754	-7.82782
 26755	-5.57008
 26756	-6.55554
 26757	-7.32196
 26758	-5.45431
 26759	-1.73249
 26760	-4.91347
 26761	-2.21607
 26762	-1.61144
 26763	-8.9679
 26764	-7.98611
 26765	-8.00773
 26766	-11.8056
 26767	-3.98986
 26768	-6.68827
 26769	-6.08381
 26770	-3.23491
 26771	-5.59972
 26772	-1.86779
 26773	-8.36807
 26774	-5.91977
 26775	-4.89526
 26776	-2.53908
 26777	4.75744
 26778	1.62912
 26779	2.4265
 26780	0.488601
 26781	-2.12479
 26782	2.48741
 26783	-0.0859284
 26784	1.71654
 26785	1.84457
 26786	-4.35257
 26787	-4.56692
 26788	-11.7805
 26789	-8.41387
 26790	-2.78747
 26791	-4.94989
 26792	-0.603683
 26793	-2.70052
 26794	-2.4382
 26795	-1.74027
 26796	-1.29553
 26797	3.5732
 26798	-1.9497
 26799	-0.44986
 26800	4.28553
 26801	2.24436
 26802	4.27836
 26803	1.57157
 26804	-0.352673
 26805	-2.2895
 26806	-4.29952
 26807	-1.50617
 26808	-1.35597
 26809	-6.96897
 26810	2.33957
 26811	-3.27053
 26812	-18.407
 26813	-17.3537
 26814	-16.7401
 26815	-19.5585
 26816	-21.3106
 26817	-25.9988
 26818	-34.1838
 26819	-36.3508
 26820	-35.6573
 26821	-39.6758
 26822	-48.4479
 26823	-52.3398
 26824	-55.4554
 26825	-60.6117
 26826	-60.1745
 26827	-53.4277
 26828	-54.0965
 26829	-54.0693
 26830	-48.6974
 26831	-52.0667
 26832	-45.8602
 26833	-45.5635
 26834	-46.6525
 26835	-37.5362
 26836	-43.5526
 26837	-38.9298
 26838	-31.9194
 26839	-36.6699
 26840	-34.6828
 26841	-31.5124
 26842	-36.1224
 26843	-29.5716
 26844	-26.0888
 26845	-30.2677
 26846	-30.2907
 26847	-28.7082
 26848	-27.7467
 26849	-31.2898
 26850	-28.3456
 26851	-23.6533
 26852	-27.9234
 26853	-17.2754
 26854	-16.4217
 26855	-23.9201
 26856	-15.229
 26857	-14.5631
 26858	-15.1209
 26859	-10.4348
 26860	-16.0702
 26861	-18.6173
 26862	-14.8919
 26863	-15.5345
 26864	-14.1248
 26865	-14.5702
 26866	-11.6942
 26867	-5.14836
 26868	-6.45967
 26869	-9.49816
 26870	-7.94811
 26871	-14.019
 26872	-15.333
 26873	-7.97983
 26874	-6.59397
 26875	-8.93923
 26876	-5.2221
 26877	-5.60609
 26878	0.39907
 26879	-6.26358
 26880	-3.96918
 26881	9.8226
 26882	3.60792
 26883	7.63778
 26884	11.9397
 26885	4.70868
 26886	9.71186
 26887	12.0854
 26888	6.60204
 26889	8.30748
 26890	10.9635
 26891	12.4523
 26892	11.2913
 26893	9.38808
 26894	10.1938
 26895	9.12335
 26896	3.74521
 26897	7.15208
 26898	2.07689
 26899	-2.06333
 26900	1.98712
 26901	-2.13233
 26902	-1.16526
 26903	-4.08159
 26904	-2.38213
 26905	-1.18143
 26906	-7.18061
 26907	-8.61489
 26908	-3.23506
 26909	-2.61301
 26910	-4.24047
 26911	4.54333
 26912	-0.469653
 26913	-2.52182
 26914	-0.199401
 26915	-2.91831
 26916	-3.10597
 26917	-8.71032
 26918	-15.0261
 26919	-7.99493
 26920	-11.9001
 26921	-14.5513
 26922	-19.2575
 26923	-24.6868
 26924	-22.3345
 26925	-27.9368
 26926	-35.375
 26927	-33.5137
 26928	-37.3772
 26929	-39.5933
 26930	-34.0611
 26931	-36.9581
 26932	-37.8709
 26933	-34.583
 26934	-32.2882
 26935	-29.0157
 26936	-23.4514
 26937	-22.8646
 26938	-17.5623
 26939	-23.8625
 26940	-22.9954
 26941	-20.8463
 26942	-22.8415
 26943	-26.033
 26944	-25.506
 26945	-19.8162
 26946	-21.2709
 26947	-29.5537
 26948	-26.0779
 26949	-22.1955
 26950	-33.6468
 26951	-21.5763
 26952	-16.902
 26953	-17.652
 26954	-4.62251
 26955	-2.21458
 26956	-10.9922
 26957	-3.66289
 26958	-4.51307
 26959	-1.85761
 26960	3.64574
 26961	-1.95476
 26962	1.26156
 26963	11.1164
 26964	5.39282
 26965	5.7152
 26966	3.93011
 26967	-2.00548
 26968	7.20213
 26969	2.55144
 26970	-4.48937
 26971	-4.36395
 26972	0.229042
 26973	-1.46062
 26974	-4.46185
 26975	-2.48043
 26976	-1.87616
 26977	-5.17218
 26978	4.8913
 26979	-0.917252
 26980	-7.03824
 26981	-0.398711
 26982	1.68625
 26983	-0.042936
 26984	3.38326
 26985	3.71779
 26986	1.5322
 26987	7.66625
 26988	1.04216
 26989	-7.01349
 26990	-3.68197
 26991	0.334138
 26992	-5.45896
 26993	-4.66191
 26994	-6.81276
 26995	-6.38533
 26996	-9.66829
 26997	-9.64027
 26998	-6.58649
 26999	-8.8273
 27000	0.260266
 27001	3.60804
 27002	-3.47373
 27003	0.773922
 27004	0.675539
 27005	-0.60825
 27006	2.96453
 27007	-6.24023
 27008	-2.9512
 27009	2.58388
 27010	-2.63598
 27011	-0.392326
 27012	0.0115744
 27013	-14.4403
 27014	-10.6327
 27015	-0.472688
 27016	-10.5257
 27017	-14.2375
 27018	-1.48221
 27019	-8.32376
 27020	-10.157
 27021	-7.34742
 27022	-15.91
 27023	-11.2314
 27024	-18.0152
 27025	-19.3884
 27026	-17.1158
 27027	-12.8605
 27028	-12.702
 27029	-8.92525
 27030	-16.2962
 27031	-18.4312
 27032	-21.6314
 27033	-21.2515
 27034	-19.3684
 27035	-18.8938
 27036	-11.8137
 27037	-11.5439
 27038	-13.202
 27039	-13.4741
 27040	-12.8537
 27041	-15.4438
 27042	-12.1885
 27043	-9.16934
 27044	-8.02408
 27045	-13.7244
 27046	-8.13855
 27047	-6.53471
 27048	-13.3456
 27049	-10.8345
 27050	-3.45877
 27051	-11.6848
 27052	-2.0021
 27053	1.90772
 27054	-3.56918
 27055	5.37631
 27056	5.56276
 27057	0.23714
 27058	0.663694
 27059	3.91411
 27060	-1.86813
 27061	-2.26549
 27062	-1.65899
 27063	0.138976
 27064	-5.04139
 27065	-7.28181
 27066	-5.74446
 27067	-10.439
 27068	-12.3115
 27069	-7.3515
 27070	-7.74762
 27071	-13.7314
 27072	-9.12031
 27073	-4.88352
 27074	-12.2371
 27075	-9.89611
 27076	-7.80193
 27077	-12.7923
 27078	-6.62661
 27079	-5.2249
 27080	-11.9586
 27081	-14.2464
 27082	-7.07039
 27083	-11.8653
 27084	-17.9244
 27085	-14.4971
 27086	-21.0283
 27087	-20.1059
 27088	-16.6675
 27089	-26.7388
 27090	-22.3867
 27091	-17.5094
 27092	-15.4278
 27093	-12.3508
 27094	-21.0979
 27095	-15.9981
 27096	-13.5064
 27097	-20.5363
 27098	-14.578
 27099	-14.0585
 27100	-19.383
 27101	-15.3269
 27102	-12.5042
 27103	-17.9802
 27104	-19.3325
 27105	-17.0187
 27106	-21.5899
 27107	-26.5324
 27108	-28.6789
 27109	-36.6622
 27110	-26.9292
 27111	-32.1328
 27112	-38.9909
 27113	-33.2761
 27114	-38.3877
 27115	-40.1677
 27116	-32.7411
 27117	-41.1675
 27118	-42.4858
 27119	-42.0384
 27120	-45.6627
 27121	-52.3514
 27122	-47.4467
 27123	-54.4398
 27124	-59.7695
 27125	-57.326
 27126	-56.7301
 27127	-53.4948
 27128	-53.7779
 27129	-57.4031
 27130	-52.6399
 27131	-52.3147
 27132	-57.8436
 27133	-51.8059
 27134	-56.7678
 27135	-60.1929
 27136	-49.7505
 27137	-52.7785
 27138	-55.1384
 27139	-40.5175
 27140	-41.657
 27141	-44.6691
 27142	-43.1691
 27143	-43.8642
 27144	-40.3062
 27145	-44.8036
 27146	-41.2938
 27147	-40.1417
 27148	-50.0398
 27149	-48.4358
 27150	-45.0102
 27151	-48.8513
 27152	-50.6789
 27153	-47.4426
 27154	-52.1139
 27155	-46.853
 27156	-38.298
 27157	-50.2066
 27158	-48.8256
 27159	-46.0687
 27160	-54.5895
 27161	-45.3691
 27162	-47.9362
 27163	-47.8278
 27164	-41.4028
 27165	-46.7035
 27166	-47.69
 27167	-37.8559
 27168	-44.745
 27169	-46.9826
 27170	-39.0832
 27171	-38.5539
 27172	-35.2809
 27173	-27.0293
 27174	-25.1785
 27175	-27.6849
 27176	-20.572
 27177	-17.6043
 27178	-21.999
 27179	-19.9024
 27180	-17.8437
 27181	-22.7251
 27182	-23.4863
 27183	-20.5165
 27184	-14.1618
 27185	-19.827
 27186	-18.1112
 27187	-12.1892
 27188	-20.3779
 27189	-17.6386
 27190	-13.0415
 27191	-19.6954
 27192	-21.1909
 27193	-16.3968
 27194	-16.7047
 27195	-20.4703
 27196	-29.0623
 27197	-21.3188
 27198	-25.5255
 27199	-26.8067
 27200	-25.2397
 27201	-24.1216
 27202	-29.1419
 27203	-22.3964
 27204	-18.9392
 27205	-27.2439
 27206	-25.3569
 27207	-23.5294
 27208	-25.764
 27209	-30.1677
 27210	-24.2219
 27211	-21.8758
 27212	-24.0693
 27213	-23.1295
 27214	-25.7829
 27215	-35.6765
 27216	-34.0409
 27217	-37.2939
 27218	-36.5051
 27219	-42.6749
 27220	-37.8289
 27221	-35.408
 27222	-39.2688
 27223	-36.9925
 27224	-36.8101
 27225	-41.7202
 27226	-46.684
 27227	-41.4547
 27228	-37.8961
 27229	-29.9144
 27230	-28.1393
 27231	-27.542
 27232	-27.2428
 27233	-24.9322
 27234	-28.8265
 27235	-23.1639
 27236	-33.6699
 27237	-30.1317
 27238	-22.9196
 27239	-24.6246
 27240	-24.1592
 27241	-20.1146
 27242	-19.1767
 27243	-22.1708
 27244	-17.8274
 27245	-14.971
 27246	-16.2422
 27247	-11.3023
 27248	-4.90723
 27249	-8.32746
 27250	-6.32746
 27251	-9.49601
 27252	-2.10123
 27253	-0.604016
 27254	-0.641688
 27255	2.69721
 27256	6.67368
 27257	6.0061
 27258	7.99854
 27259	1.34611
 27260	2.22476
 27261	6.56849
 27262	2.82448
 27263	2.2519
 27264	-1.16195
 27265	5.49279
 27266	1.9334
 27267	2.25065
 27268	4.42511
 27269	-0.277002
 27270	-1.55642
 27271	-0.77435
 27272	-4.33607
 27273	-4.09905
 27274	-3.76521
 27275	3.1053
 27276	-7.65596
 27277	-10.4511
 27278	-1.40531
 27279	-13.5664
 27280	-11.6769
 27281	-3.50078
 27282	-9.15591
 27283	-11.1987
 27284	-2.70098
 27285	-3.22361
 27286	-4.34183
 27287	-4.65298
 27288	6.02023
 27289	3.23126
 27290	2.83435
 27291	8.96549
 27292	6.9717
 27293	5.1545
 27294	5.55131
 27295	6.7361
 27296	7.13885
 27297	3.25176
 27298	7.379
 27299	9.67947
 27300	5.47883
 27301	10.501
 27302	4.46778
 27303	1.98767
 27304	5.56979
 27305	7.67882
 27306	7.85478
 27307	2.84301
 27308	7.36945
 27309	2.47385
 27310	-5.23191
 27311	5.50609
 27312	3.01731
 27313	0.648008
 27314	1.44992
 27315	-1.18734
 27316	-0.408139
 27317	-3.70334
 27318	-2.55552
 27319	-2.83847
 27320	-6.40102
 27321	3.1291
 27322	1.48055
 27323	-2.16861
 27324	1.43125
 27325	0.0489569
 27326	6.08966
 27327	8.81453
 27328	9.14265
 27329	7.1193
 27330	9.59738
 27331	12.0715
 27332	10.2363
 27333	10.1617
 27334	15.3063
 27335	14.8577
 27336	14.864
 27337	14.0882
 27338	13.2612
 27339	10.2346
 27340	10.6459
 27341	11.2869
 27342	13.0804
 27343	9.62866
 27344	11.5932
 27345	9.55501
 27346	7.8086
 27347	14.3497
 27348	13.7099
 27349	17.862
 27350	22.1234
 27351	21.6024
 27352	27.6249
 27353	19.2466
 27354	22.9508
 27355	30.8223
 27356	26.6658
 27357	30.1505
 27358	31.1243
 27359	33.8842
 27360	31.3205
 27361	30.0985
 27362	38.0402
 27363	32.605
 27364	32.2186
 27365	38.522
 27366	27.581
 27367	20.5026
 27368	27.1354
 27369	22.9937
 27370	15.3042
 27371	14.2625
 27372	12.7948
 27373	8.10575
 27374	6.96171
 27375	6.64481
 27376	6.60026
 27377	4.31665
 27378	-1.83362
 27379	-2.22825
 27380	-7.70287
 27381	-10.2482
 27382	0.2237
 27383	-2.7724
 27384	-4.0599
 27385	-0.444274
 27386	-10.7299
 27387	-12.2288
 27388	-9.13385
 27389	-7.79244
 27390	-11.1863
 27391	-10.2391
 27392	-4.16853
 27393	-13.4615
 27394	-19.0974
 27395	-13.2604
 27396	-21.3506
 27397	-16.771
 27398	-13.2119
 27399	-21.6273
 27400	-14.7713
 27401	-8.7021
 27402	-18.863
 27403	-18.1405
 27404	-12.9573
 27405	-12.7647
 27406	-16.402
 27407	-11.9984
 27408	-2.94662
 27409	-11.0125
 27410	-7.0032
 27411	-2.62455
 27412	-8.08968
 27413	-9.81478
 27414	1.86988
 27415	-2.78115
 27416	-8.12342
 27417	0.1822
 27418	-0.511134
 27419	-14.081
 27420	-11.8689
 27421	-16.8559
 27422	-23.7801
 27423	-21.3844
 27424	-17.9244
 27425	-22.3305
 27426	-27.2472
 27427	-24.3666
 27428	-27.3199
 27429	-28.6223
 27430	-34.1547
 27431	-34.7855
 27432	-31.5285
 27433	-30.9936
 27434	-37.6115
 27435	-32.9985
 27436	-31.7181
 27437	-33.8719
 27438	-44.1738
 27439	-44.1168
 27440	-40.6058
 27441	-39.4357
 27442	-44.0652
 27443	-38.8942
 27444	-44.2999
 27445	-44.6969
 27446	-31.7852
 27447	-39.9049
 27448	-40.7452
 27449	-26.6101
 27450	-33.7818
 27451	-39.1568
 27452	-23.5589
 27453	-23.5981
 27454	-30.7972
 27455	-26.8015
 27456	-24.7284
 27457	-28.8144
 27458	-30.9807
 27459	-29.0608
 27460	-29.1005
 27461	-25.0496
 27462	-26.6013
 27463	-32.6982
 27464	-39.7813
 27465	-36.5211
 27466	-35.8284
 27467	-38.5518
 27468	-41.9882
 27469	-40.4221
 27470	-41.282
 27471	-36.9949
 27472	-41.0479
 27473	-41.4367
 27474	-45.1266
 27475	-45.8071
 27476	-46.0759
 27477	-46.5625
 27478	-37.6445
 27479	-40.1708
 27480	-42.4829
 27481	-36.1144
 27482	-40.6887
 27483	-43.01
 27484	-38.4769
 27485	-46.9164
 27486	-40.9674
 27487	-44.8304
 27488	-41.3216
 27489	-43.6077
 27490	-48.3741
 27491	-49.3625
 27492	-55.1171
 27493	-59.1677
 27494	-51.1879
 27495	-53.3225
 27496	-53.6338
 27497	-44.8204
 27498	-45.238
 27499	-43.7567
 27500	-40.2019
 27501	-38.9473
 27502	-46.2307
 27503	-39.9521
 27504	-33.9461
 27505	-35.8421
 27506	-35.2089
 27507	-32.1234
 27508	-25.6409
 27509	-18.0771
 27510	-20.9067
 27511	-22.8449
 27512	-16.2556
 27513	-16.9903
 27514	-15.0963
 27515	-7.84303
 27516	-7.89591
 27517	-10.9855
 27518	-6.38301
 27519	-15.9327
 27520	-19.1625
 27521	-15.5583
 27522	-12.8096
 27523	-18.1348
 27524	-9.45572
 27525	-11.7052
 27526	-14.8624
 27527	-14.6829
 27528	-16.1763
 27529	-16.8191
 27530	-12.3404
 27531	-9.71725
 27532	-5.93135
 27533	1.09028
 27534	-3.01447
 27535	-8.848
 27536	-5.93232
 27537	-1.91252
 27538	-4.109
 27539	2.94224
 27540	2.03569
 27541	0.76001
 27542	0.21675
 27543	-5.80491
 27544	-3.69621
 27545	-3.43078
 27546	-0.876169
 27547	5.55059
 27548	-0.982114
 27549	-4.329
 27550	-8.03667
 27551	-14.1901
 27552	-13.7485
 27553	-11.0989
 27554	-11.7787
 27555	-16.9922
 27556	-16.3695
 27557	-15.5482
 27558	-17.1134
 27559	-28.3619
 27560	-26.3939
 27561	-18.9673
 27562	-21.411
 27563	-26.7423
 27564	-19.738
 27565	-19.6062
 27566	-20.5941
 27567	-22.6569
 27568	-22.7625
 27569	-24.3933
 27570	-22.1618
 27571	-13.4278
 27572	-16.5626
 27573	-16.1523
 27574	-12.9601
 27575	-14.9131
 27576	-18.3804
 27577	-6.85202
 27578	-10.4616
 27579	-12.0954
 27580	-13.3292
 27581	-18.8431
 27582	-17.7102
 27583	-12.1442
 27584	-13.5777
 27585	-2.75739
 27586	-7.54241
 27587	-6.77579
 27588	-7.91617
 27589	-15.2524
 27590	-14.1421
 27591	-13.9175
 27592	-16.0559
 27593	-12.2788
 27594	-14.8252
 27595	-22.0969
 27596	-22.7012
 27597	-25.7843
 27598	-28.9756
 27599	-32.9827
 27600	-19.7544
 27601	-22.6966
 27602	-22.1801
 27603	-18.8104
 27604	-13.5905
 27605	-20.665
 27606	-16.3022
 27607	-9.59961
 27608	-12.7125
 27609	-4.97264
 27610	-3.12375
 27611	-7.47166
 27612	-12.5608
 27613	-9.31175
 27614	-4.51442
 27615	-6.30485
 27616	-1.40931
 27617	6.51098
 27618	0.0927112
 27619	-0.751025
 27620	0.0991985
 27621	2.83649
 27622	0.183921
 27623	6.86689
 27624	8.80956
 27625	1.42912
 27626	-3.29884
 27627	-8.22322
 27628	-8.6568
 27629	-8.68655
 27630	-10.5993
 27631	-9.00932
 27632	-5.82302
 27633	-5.16463
 27634	-6.48849
 27635	-12.3243
 27636	-9.10122
 27637	-10.6868
 27638	-8.88422
 27639	-6.02095
 27640	-8.1628
 27641	-9.75486
 27642	-6.20028
 27643	-11.6938
 27644	-18.845
 27645	-11.6917
 27646	-10.3749
 27647	-10.7704
 27648	-1.09493
 27649	-3.00979
 27650	-2.78634
 27651	0.0527633
 27652	-0.586183
 27653	5.3798
 27654	3.47496
 27655	8.52123
 27656	10.1268
 27657	11.8668
 27658	11.7651
 27659	8.89114
 27660	8.94708
 27661	3.70886
 27662	6.3334
 27663	10.1883
 27664	4.58094
 27665	8.48715
 27666	11.2066
 27667	8.9108
 27668	7.05187
 27669	13.7287
 27670	10.9187
 27671	11.9075
 27672	12.9661
 27673	8.70085
 27674	15.016
 27675	17.3634
 27676	9.77238
 27677	16.5675
 27678	18.2224
 27679	16.2418
 27680	14.9523
 27681	15.7156
 27682	13.3586
 27683	10.1834
 27684	8.59747
 27685	8.5777
 27686	13.296
 27687	8.11744
 27688	8.82637
 27689	15.6776
 27690	6.90697
 27691	9.98703
 27692	13.7972
 27693	6.42811
 27694	9.23009
 27695	12.3892
 27696	8.02035
 27697	2.85582
 27698	9.99306
 27699	14.2508
 27700	3.20528
 27701	9.24013
 27702	11.0756
 27703	5.4902
 27704	11.9409
 27705	13.4332
 27706	8.61812
 27707	9.39137
 27708	17.4906
 27709	10.1583
 27710	4.65112
 27711	7.75284
 27712	11.1907
 27713	11.1906
 27714	8.24519
 27715	13.9807
 27716	12.1867
 27717	5.03575
 27718	14.7189
 27719	10.1762
 27720	7.33594
 27721	9.5807
 27722	7.43867
 27723	0.291996
 27724	3.38972
 27725	1.0943
 27726	-6.42848
 27727	-3.72462
 27728	-1.29466
 27729	-4.22452
 27730	-6.21951
 27731	-6.07677
 27732	-3.14788
 27733	-12.5753
 27734	-8.58249
 27735	-7.69395
 27736	-5.04688
 27737	2.86133
 27738	-3.58194
 27739	0.151216
 27740	-0.871638
 27741	-0.227166
 27742	0.644576
 27743	2.6898
 27744	5.62886
 27745	6.87342
 27746	5.09826
 27747	1.29208
 27748	-1.89226
 27749	-1.63608
 27750	-3.0489
 27751	2.39722
 27752	0.89645
 27753	3.66365
 27754	8.4885
 27755	4.58163
 27756	1.64649
 27757	3.75132
 27758	5.88056
 27759	15.359
 27760	17.0295
 27761	18.9432
 27762	23.4604
 27763	21.4109
 27764	25.753
 27765	30.1743
 27766	27.9224
 27767	32.6874
 27768	34.9637
 27769	36.1142
 27770	30.8742
 27771	30.8953
 27772	27.7497
 27773	26.679
 27774	29.5157
 27775	30.9507
 27776	25.8332
 27777	24.6845
 27778	29.0901
 27779	26.4353
 27780	20.6063
 27781	27.4884
 27782	33.3539
 27783	30.9119
 27784	34.5727
 27785	36.1158
 27786	31.018
 27787	37.9235
 27788	38.3321
 27789	36.5164
 27790	39.9644
 27791	36.8696
 27792	36.1795
 27793	33.2671
 27794	29.4899
 27795	31.8248
 27796	26.1711
 27797	24.4676
 27798	29.0413
 27799	27.6645
 27800	25.4656
 27801	21.8952
 27802	21.7555
 27803	17.8736
 27804	19.8134
 27805	22.1122
 27806	19.5138
 27807	15.4582
 27808	16.8549
 27809	19.2559
 27810	18.4229
 27811	26.3729
 27812	25.1241
 27813	19.1485
 27814	21.3149
 27815	21.3194
 27816	19.4771
 27817	16.2371
 27818	16.9123
 27819	16.4273
 27820	12.4725
 27821	6.67185
 27822	4.53811
 27823	-3.0629
 27824	-0.697621
 27825	5.33711
 27826	-1.61359
 27827	-1.86638
 27828	7.67114
 27829	0.25532
 27830	-5.24786
 27831	2.41423
 27832	-0.499388
 27833	-4.60331
 27834	1.22832
 27835	2.75294
 27836	-0.454027
 27837	6.30079
 27838	5.20845
 27839	8.98082
 27840	12.2155
 27841	8.024
 27842	12.4823
 27843	18.1301
 27844	20.5408
 27845	26.0425
 27846	22.7338
 27847	26.8493
 27848	28.5233
 27849	25.4304
 27850	22.4768
 27851	24.6927
 27852	17.7683
 27853	20.2892
 27854	22.3546
 27855	18.9949
 27856	18.505
 27857	21.6916
 27858	16.905
 27859	9.80835
 27860	15.3901
 27861	10.6096
 27862	8.02676
 27863	18.224
 27864	11.9841
 27865	9.76546
 27866	10.6063
 27867	7.99504
 27868	1.29818
 27869	8.82617
 27870	6.80798
 27871	6.82666
 27872	7.4323
 27873	4.40782
 27874	2.71132
 27875	5.18616
 27876	1.48529
 27877	4.55438
 27878	9.28129
 27879	8.72268
 27880	9.04008
 27881	12.1069
 27882	11.7893
 27883	16.2849
 27884	16.3968
 27885	16.3728
 27886	21.4014
 27887	16.6564
 27888	17.0997
 27889	17.6655
 27890	13.0187
 27891	14.4321
 27892	13.6417
 27893	11.9302
 27894	5.5659
 27895	7.1314
 27896	7.30939
 27897	1.10559
 27898	14.1303
 27899	14.8696
 27900	7.93062
 27901	13.5456
 27902	8.57155
 27903	7.36449
 27904	10.1795
 27905	10.2325
 27906	15.6898
 27907	14.4933
 27908	7.49881
 27909	10.4769
 27910	13.0731
 27911	7.94557
 27912	9.10648
 27913	8.5989
 27914	9.90834
 27915	11.6718
 27916	14.8028
 27917	8.85561
 27918	6.39066
 27919	12.5656
 27920	10.032
 27921	13.5939
 27922	10.712
 27923	6.79105
 27924	17.9662
 27925	9.9231
 27926	4.45468
 27927	15.8322
 27928	13.4776
 27929	13.6997
 27930	14.1819
 27931	10.7278
 27932	9.12711
 27933	6.31447
 27934	8.80835
 27935	5.82355
 27936	3.76712
 27937	12.5152
 27938	10.3891
 27939	1.93228
 27940	-0.510054
 27941	2.53231
 27942	0.727702
 27943	3.72959
 27944	3.77217
 27945	-3.2367
 27946	-3.13774
 27947	-7.50338
 27948	-5.39143
 27949	-5.77295
 27950	-13.1368
 27951	-7.62561
 27952	-11.655
 27953	-18.7914
 27954	-17.206
 27955	-21.8411
 27956	-22.6855
 27957	-19.3507
 27958	-22.7044
 27959	-21.4575
 27960	-15.2466
 27961	-15.0651
 27962	-9.33504
 27963	0.689879
 27964	-8.94636
 27965	-3.36773
 27966	0.437041
 27967	0.252907
 27968	2.68249
 27969	7.75091
 27970	12.8624
 27971	7.95445
 27972	13.1738
 27973	16.225
 27974	3.75653
 27975	5.43916
 27976	13.2637
 27977	10.0603
 27978	7.14126
 27979	8.94076
 27980	9.25916
 27981	8.5473
 27982	7.38919
 27983	6.09138
 27984	3.93887
 27985	-0.0326725
 27986	8.39594
 27987	3.78821
 27988	-0.872212
 27989	1.6447
 27990	2.72906
 27991	-0.864734
 27992	0.245554
 27993	6.7843
 27994	5.61421
 27995	7.71247
 27996	8.58852
 27997	2.41176
 27998	7.79485
 27999	10.0306
 28000	5.09649
 28001	10.0584
 28002	6.02933
 28003	2.00565
 28004	2.35397
 28005	0.54248
 28006	-3.71535
 28007	-3.60674
 28008	4.44529
 28009	1.48843
 28010	-3.47654
 28011	-1.3727
 28012	-3.60844
 28013	-0.797824
 28014	4.00814
 28015	2.18324
 28016	1.35791
 28017	-0.754746
 28018	4.49449
 28019	1.71344
 28020	-2.49475
 28021	4.10526
 28022	8.63129
 28023	3.15772
 28024	8.10701
 28025	5.09441
 28026	-2.93984
 28027	3.61578
 28028	11.8493
 28029	2.3143
 28030	0.628698
 28031	7.46085
 28032	1.63298
 28033	4.0592
 28034	7.50741
 28035	1.5299
 28036	5.8423
 28037	14.9371
 28038	10.1311
 28039	11.467
 28040	8.14821
 28041	18.5522
 28042	23.2033
 28043	20.0673
 28044	22.1833
 28045	16.2553
 28046	14.8888
 28047	24.9954
 28048	21.6079
 28049	14.9235
 28050	18.1344
 28051	20.6464
 28052	16.3177
 28053	13.9145
 28054	18.9243
 28055	15.2063
 28056	15.6775
 28057	24.9135
 28058	8.40306
 28059	1.02952
 28060	10.127
 28061	4.46296
 28062	3.93136
 28063	7.85791
 28064	7.39055
 28065	0.630515
 28066	2.83895
 28067	-1.15546
 28068	-3.33837
 28069	0.402926
 28070	1.73381
 28071	8.85711
 28072	4.9157
 28073	8.11123
 28074	6.94845
 28075	-2.72953
 28076	-2.80998
 28077	7.15525
 28078	0.695393
 28079	5.41066
 28080	14.2481
 28081	1.13833
 28082	-0.649403
 28083	4.26757
 28084	2.28599
 28085	4.76366
 28086	9.56051
 28087	7.59188
 28088	5.16275
 28089	10.0524
 28090	9.0448
 28091	3.11051
 28092	12.184
 28093	9.14861
 28094	10.4799
 28095	17.6012
 28096	8.72644
 28097	7.78406
 28098	15.8243
 28099	9.21703
 28100	16.6796
 28101	13.1931
 28102	7.8288
 28103	11.0642
 28104	5.16948
 28105	-2.80108
 28106	0.348726
 28107	-3.62448
 28108	-0.594902
 28109	8.21585
 28110	-0.881033
 28111	-0.791238
 28112	4.96146
 28113	-3.26045
 28114	-4.21833
 28115	6.07697
 28116	3.84572
 28117	12.5701
 28118	15.7435
 28119	8.35995
 28120	9.34439
 28121	6.98322
 28122	6.21377
 28123	5.80302
 28124	5.18049
 28125	9.04084
 28126	6.42249
 28127	1.04331
 28128	-3.31494
 28129	-8.0151
 28130	-1.08545
 28131	-4.38347
 28132	-4.2021
 28133	1.98683
 28134	-1.64833
 28135	-1.32663
 28136	0.683202
 28137	-1.54881
 28138	1.99991
 28139	2.7354
 28140	4.9086
 28141	3.1651
 28142	-1.52435
 28143	1.13422
 28144	-1.27078
 28145	-3.2436
 28146	-0.853659
 28147	5.23198
 28148	0.573431
 28149	3.29655
 28150	4.60131
 28151	9.01468
 28152	2.99555
 28153	7.28648
 28154	4.20276
 28155	8.98905
 28156	13.9906
 28157	8.7283
 28158	10.4788
 28159	4.33741
 28160	7.31325
 28161	10.9178
 28162	10.1027
 28163	12.6156
 28164	20.141
 28165	19.5725
 28166	16.318
 28167	19.0202
 28168	13.3151
 28169	16.8098
 28170	24.4316
 28171	16.9058
 28172	13.3915
 28173	12.8377
 28174	8.44647
 28175	7.51468
 28176	8.97186
 28177	4.67485
 28178	9.86298
 28179	9.96741
 28180	3.08467
 28181	-1.36129
 28182	-1.14916
 28183	-1.36823
 28184	-4.39665
 28185	0.496348
 28186	-3.37141
 28187	-0.463049
 28188	-0.800247
 28189	-5.77572
 28190	-4.52362
 28191	3.06933
 28192	-0.734097
 28193	4.76007
 28194	9.91103
 28195	1.50056
 28196	7.20742
 28197	3.58851
 28198	-6.66127
 28199	3.52493
 28200	5.95745
 28201	3.95675
 28202	14.1589
 28203	13.8726
 28204	9.06218
 28205	9.62932
 28206	11.9092
 28207	14.5272
 28208	15.5709
 28209	20.5616
 28210	24.1654
 28211	21.1835
 28212	21.6898
 28213	23.4338
 28214	21.7611
 28215	18.6148
 28216	27.1826
 28217	26.5386
 28218	27.801
 28219	27.1373
 28220	24.3226
 28221	23.3536
 28222	22.0956
 28223	24.7013
 28224	16.8492
 28225	15.3422
 28226	17.6548
 28227	18.1293
 28228	11.6343
 28229	7.64682
 28230	6.2203
 28231	4.07052
 28232	0.996255
 28233	-2.03989
 28234	2.04627
 28235	-3.11756
 28236	0.976987
 28237	4.77483
 28238	-3.5729
 28239	-5.97139
 28240	-2.76999
 28241	-4.89304
 28242	-5.26258
 28243	0.143097
 28244	-2.59075
 28245	-1.47431
 28246	1.95364
 28247	-0.476421
 28248	-7.52569
 28249	-4.04759
 28250	3.18748
 28251	1.0658
 28252	1.46849
 28253	-0.239051
 28254	7.73185
 28255	6.16481
 28256	8.69483
 28257	10.2001
 28258	10.9596
 28259	15.8763
 28260	11.8889
 28261	7.44012
 28262	9.99112
 28263	13.3662
 28264	13.2444
 28265	13.9751
 28266	16.3652
 28267	17.3776
 28268	17.9251
 28269	23.0525
 28270	22.7736
 28271	22.1984
 28272	27.0991
 28273	27.1856
 28274	22.3453
 28275	24.3834
 28276	23.035
 28277	13.5372
 28278	16.5593
 28279	28.5217
 28280	24.2249
 28281	23.3919
 28282	28.5936
 28283	24.9564
 28284	23.1131
 28285	25.295
 28286	21.9568
 28287	25.5667
 28288	22.3133
 28289	23.6344
 28290	27.5658
 28291	17.7275
 28292	20.9736
 28293	21.6272
 28294	10.2236
 28295	15.5137
 28296	19.5023
 28297	15.7541
 28298	15.4768
 28299	16.1761
 28300	10.2295
 28301	9.16703
 28302	13.9574
 28303	9.10953
 28304	8.28334
 28305	14.9751
 28306	9.44696
 28307	9.72359
 28308	9.80725
 28309	13.7866
 28310	12.8938
 28311	12.2337
 28312	13.7986
 28313	11.6513
 28314	13.1372
 28315	15.1347
 28316	10.5407
 28317	10.259
 28318	7.52974
 28319	11.1929
 28320	14.2162
 28321	12.3531
 28322	18.6791
 28323	14.4919
 28324	11.052
 28325	19.1564
 28326	15.5531
 28327	5.63926
 28328	14.969
 28329	12.3468
 28330	3.33658
 28331	7.25787
 28332	2.49588
 28333	-6.48597
 28334	-3.86158
 28335	-1.21092
 28336	-5.34263
 28337	-6.69079
 28338	-10.4293
 28339	-10.134
 28340	-13.8038
 28341	-14.8468
 28342	-11.7169
 28343	-7.3453
 28344	-8.38658
 28345	0.782962
 28346	-1.21787
 28347	-7.2139
 28348	-5.11007
 28349	2.20216
 28350	-0.302415
 28351	9.69202
 28352	15.6533
 28353	14.3
 28354	15.5798
 28355	19.2352
 28356	16.1743
 28357	21.2976
 28358	25.1983
 28359	24.0656
 28360	24.106
 28361	22.4548
 28362	18.6239
 28363	19.6723
 28364	22.2397
 28365	20.1469
 28366	21.0744
 28367	18.9568
 28368	20.6735
 28369	22.9926
 28370	15.6691
 28371	23.4174
 28372	25.1817
 28373	22.3309
 28374	24.0619
 28375	22.3208
 28376	11.3165
 28377	14.9435
 28378	15.7144
 28379	12.1386
 28380	12.7783
 28381	12.4307
 28382	14.6889
 28383	10.3573
 28384	10.2014
 28385	13.6838
 28386	11.902
 28387	14.4873
 28388	15.1775
 28389	15.2406
 28390	9.24821
 28391	8.86164
 28392	11.9906
 28393	15.7314
 28394	12.835
 28395	5.49394
 28396	12.8041
 28397	7.43405
 28398	5.70773
 28399	6.99961
 28400	1.87969
 28401	2.36572
 28402	9.03245
 28403	8.59855
 28404	3.39717
 28405	3.3012
 28406	2.30152
 28407	-1.17158
 28408	0.671209
 28409	2.98506
 28410	-3.2604
 28411	1.80825
 28412	4.14409
 28413	2.682
 28414	-0.777592
 28415	2.42391
 28416	2.96827
 28417	-2.09119
 28418	4.75802
 28419	7.26075
 28420	8.4878
 28421	15.1897
 28422	19.0461
 28423	17.0509
 28424	16.5347
 28425	23.9184
 28426	21.9562
 28427	19.5676
 28428	25.0162
 28429	29.6856
 28430	27.1535
 28431	28.8824
 28432	30.3581
 28433	24.5165
 28434	24.6052
 28435	32.0902
 28436	27.5772
 28437	25.2828
 28438	29.786
 28439	31.241
 28440	30.271
 28441	34.0774
 28442	33.0259
 28443	28.2538
 28444	32.0319
 28445	35.9204
 28446	32.4626
 28447	34.5458
 28448	37.2353
 28449	32.505
 28450	28.9204
 28451	32.3728
 28452	33.8983
 28453	36.0901
 28454	36.6822
 28455	39.3553
 28456	40.201
 28457	33.2207
 28458	38.2485
 28459	45.9001
 28460	42.5359
 28461	45.9421
 28462	51.0217
 28463	45.0619
 28464	47.7561
 28465	48.3535
 28466	36.5169
 28467	37.7352
 28468	42.0474
 28469	36.3305
 28470	30.5079
 28471	27.4332
 28472	24.8747
 28473	22.2563
 28474	12.5379
 28475	15.6068
 28476	12.9537
 28477	4.31747
 28478	7.21663
 28479	3.43027
 28480	-0.759581
 28481	2.58622
 28482	0.418761
 28483	-0.933614
 28484	4.5534
 28485	8.32357
 28486	7.40637
 28487	13.8868
 28488	20.2134
 28489	16.8595
 28490	13.4622
 28491	21.8391
 28492	15.824
 28493	7.20804
 28494	24.8032
 28495	21.5026
 28496	16.612
 28497	24.7966
 28498	19.4967
 28499	21.2942
 28500	28.2496
 28501	25.5044
 28502	27.3538
 28503	27.7924
 28504	23.9451
 28505	26.2281
 28506	27.1604
 28507	23.7628
 28508	30.5941
 28509	28.9427
 28510	24.7454
 28511	30.3197
 28512	28.6271
 28513	25.5924
 28514	27.1084
 28515	24.9985
 28516	20.9245
 28517	25.8405
 28518	25.2357
 28519	17.5661
 28520	18.7915
 28521	18.3549
 28522	11.7957
 28523	13.0469
 28524	13.4967
 28525	10.3753
 28526	14.158
 28527	8.93292
 28528	8.96335
 28529	12.3196
 28530	5.14702
 28531	6.78598
 28532	13.4609
 28533	12.7427
 28534	10.6911
 28535	13.5138
 28536	7.87842
 28537	3.42075
 28538	10.4059
 28539	6.80167
 28540	13.528
 28541	21.0768
 28542	14.0589
 28543	17.2679
 28544	16.1949
 28545	12.2239
 28546	13.8925
 28547	16.7172
 28548	17.6155
 28549	15.6173
 28550	9.89147
 28551	8.22178
 28552	12.0581
 28553	10.7506
 28554	7.71746
 28555	12.1014
 28556	5.89125
 28557	9.19789
 28558	17.8565
 28559	12.415
 28560	15.6234
 28561	21.3361
 28562	24.5147
 28563	26.0454
 28564	28.4979
 28565	34.6113
 28566	29.5322
 28567	24.8954
 28568	30.3212
 28569	24.0147
 28570	19.3299
 28571	22.5248
 28572	23.5015
 28573	20.8507
 28574	28.6407
 28575	34.4101
 28576	23.1031
 28577	23.4687
 28578	28.9502
 28579	22.716
 28580	19.285
 28581	25.7783
 28582	24.2611
 28583	12.0201
 28584	13.1283
 28585	7.25223
 28586	2.75431
 28587	11.0442
 28588	11.8776
 28589	6.20517
 28590	4.75989
 28591	7.53335
 28592	3.37631
 28593	-0.931674
 28594	3.84851
 28595	4.06243
 28596	4.64401
 28597	11.5205
 28598	9.70084
 28599	3.70523
 28600	9.58831
 28601	8.33086
 28602	3.11989
 28603	11.4667
 28604	22.0854
 28605	15.1249
 28606	20.4785
 28607	31.2882
 28608	22.5466
 28609	15.5446
 28610	22.414
 28611	21.8462
 28612	9.84577
 28613	17.5386
 28614	21.6902
 28615	13.9948
 28616	16.4244
 28617	15.1508
 28618	10.1314
 28619	10.8076
 28620	10.8202
 28621	1.56784
 28622	6.88647
 28623	11.6813
 28624	9.62313
 28625	6.5368
 28626	4.62431
 28627	4.1129
 28628	-2.69171
 28629	-3.21805
 28630	-2.28418
 28631	-10.888
 28632	-6.85964
 28633	-4.15842
 28634	-8.9362
 28635	-11.4299
 28636	-11.0213
 28637	-17.476
 28638	-14.0378
 28639	-14.6591
 28640	-13.5944
 28641	-15.2386
 28642	-11.9208
 28643	-15.8185
 28644	-18.8741
 28645	-20.9614
 28646	-23.3846
 28647	-25.8225
 28648	-24.4952
 28649	-22.1237
 28650	-28.0325
 28651	-29.6107
 28652	-29.4948
 28653	-36.0452
 28654	-43.297
 28655	-41.4404
 28656	-44.3364
 28657	-43.6093
 28658	-43.2542
 28659	-41.9675
 28660	-46.4224
 28661	-39.6812
 28662	-44.9422
 28663	-46.4666
 28664	-41.5887
 28665	-40.1464
 28666	-38.983
 28667	-35.9548
 28668	-37.2973
 28669	-39.2969
 28670	-21.6951
 28671	-22.2393
 28672	-27.0115
 28673	-15.9732
 28674	-14.1458
 28675	-15.9266
 28676	-6.4853
 28677	-2.26042
 28678	-3.56974
 28679	-2.26906
 28680	6.63646
 28681	4.87369
 28682	0.16974
 28683	10.4257
 28684	8.39717
 28685	2.78613
 28686	9.49776
 28687	18.2589
 28688	11.808
 28689	9.36249
 28690	13.6059
 28691	8.21572
 28692	4.15112
 28693	8.37629
 28694	6.2535
 28695	1.73093
 28696	3.67286
 28697	2.23034
 28698	-3.24819
 28699	-6.53432
 28700	-4.94354
 28701	-7.38166
 28702	-10.9583
 28703	-13.5625
 28704	-14.6613
 28705	-21.5515
 28706	-19.397
 28707	-27.1698
 28708	-29.1402
 28709	-33.2626
 28710	-41.9651
 28711	-41.4039
 28712	-40.2552
 28713	-45.348
 28714	-51.018
 28715	-52.8469
 28716	-54.0653
 28717	-57.3289
 28718	-55.5586
 28719	-50.248
 28720	-51.6121
 28721	-43.5886
 28722	-43.9274
 28723	-38.0424
 28724	-31.6894
 28725	-29.49
 28726	-28.4531
 28727	-28.0834
 28728	-24.6861
 28729	-14.5583
 28730	-14.5637
 28731	-14.2975
 28732	-12.551
 28733	-10.2276
 28734	-7.67876
 28735	-10.2097
 28736	-8.34503
 28737	-6.76859
 28738	-5.68327
 28739	-6.84078
 28740	-5.98615
 28741	-9.49554
 28742	-10.6485
 28743	-8.86823
 28744	-10.0745
 28745	-15.0171
 28746	-8.57213
 28747	-5.03504
 28748	-9.38817
 28749	-6.14057
 28750	-0.415079
 28751	0.194842
 28752	-2.71355
 28753	-3.06751
 28754	-2.98696
 28755	-1.31102
 28756	0.620856
 28757	-0.192105
 28758	-7.91687
 28759	-1.5897
 28760	2.1305
 28761	-5.6968
 28762	-2.09517
 28763	-0.946189
 28764	3.76905
 28765	9.75171
 28766	6.01409
 28767	10.297
 28768	7.79668
 28769	3.67734
 28770	6.76691
 28771	8.04216
 28772	8.43243
 28773	13.5224
 28774	19.0343
 28775	11.7197
 28776	12.0377
 28777	12.3486
 28778	6.78524
 28779	12.4925
 28780	12.8704
 28781	12.1996
 28782	19.1925
 28783	12.5244
 28784	11.765
 28785	7.61683
 28786	6.70948
 28787	13.3696
 28788	10.1801
 28789	8.85966
 28790	10.2362
 28791	11.4836
 28792	11.8092
 28793	10.7869
 28794	11.313
 28795	12.668
 28796	14.85
 28797	26.4696
 28798	23.8723
 28799	20.7337
 28800	31.4354
 28801	25.956
 28802	26.4334
 28803	33.8156
 28804	29.7083
 28805	39.8886
 28806	47.0203
 28807	44.8928
 28808	43.418
 28809	39.7392
 28810	39.7236
 28811	41.4239
 28812	38.7892
 28813	36.4003
 28814	39.8491
 28815	34.694
 28816	28.9582
 28817	34.0582
 28818	28.9375
 28819	24.2737
 28820	31.816
 28821	28.7024
 28822	26.8255
 28823	28.7703
 28824	24.3524
 28825	24.0286
 28826	21.3474
 28827	23.8617
 28828	16.6776
 28829	11.8024
 28830	18.2819
 28831	5.92037
 28832	9.34545
 28833	19.3919
 28834	9.09276
 28835	13.3991
 28836	11.4253
 28837	8.48223
 28838	7.56609
 28839	1.21796
 28840	0.549308
 28841	-0.48854
 28842	-10.2656
 28843	-7.61905
 28844	-4.56313
 28845	-8.71838
 28846	-5.43683
 28847	-5.78064
 28848	-15.4565
 28849	-9.29515
 28850	-2.19803
 28851	-9.34928
 28852	-1.87201
 28853	-2.40267
 28854	-9.3558
 28855	-4.21726
 28856	-3.47051
 28857	-4.74838
 28858	5.10603
 28859	6.28925
 28860	5.31157
 28861	7.29995
 28862	11.8564
 28863	13.6649
 28864	16.7843
 28865	24.5883
 28866	22.4388
 28867	20.7498
 28868	23.4586
 28869	18.3265
 28870	15.2093
 28871	19.0899
 28872	19.7648
 28873	19.6724
 28874	16.5593
 28875	15.6635
 28876	19.4685
 28877	13.8099
 28878	12.3248
 28879	14.2597
 28880	2.11962
 28881	5.65566
 28882	4.49842
 28883	2.93455
 28884	3.32254
 28885	-1.54863
 28886	0.102989
 28887	1.82465
 28888	-0.697208
 28889	-5.86615
 28890	0.578429
 28891	1.07483
 28892	-2.02007
 28893	-8.11022
 28894	-6.96382
 28895	-4.0116
 28896	1.77685
 28897	-1.50153
 28898	0.181688
 28899	3.91036
 28900	1.86487
 28901	5.10676
 28902	6.10129
 28903	9.86585
 28904	12.0836
 28905	11.3142
 28906	10.4924
 28907	9.64346
 28908	17.6711
 28909	12.5997
 28910	8.53836
 28911	17.2101
 28912	9.65465
 28913	8.60972
 28914	17.4428
 28915	11.8696
 28916	13.7893
 28917	20.5115
 28918	15.9814
 28919	15.2794
 28920	15.2124
 28921	15.2421
 28922	16.093
 28923	12.6463
 28924	10.9592
 28925	11.5456
 28926	8.37909
 28927	11.8113
 28928	8.18651
 28929	3.84437
 28930	5.98789
 28931	0.359618
 28932	1.90246
 28933	2.08588
 28934	0.581823
 28935	-1.5498
 28936	-7.60733
 28937	-6.35288
 28938	-11.3074
 28939	-13.7775
 28940	-8.7884
 28941	-3.1546
 28942	-11.4368
 28943	-7.58709
 28944	-3.30024
 28945	-8.72147
 28946	2.55959
 28947	9.08665
 28948	6.59696
 28949	12.1098
 28950	4.3508
 28951	2.27066
 28952	3.16922
 28953	1.10148
 28954	7.02367
 28955	6.55914
 28956	2.24682
 28957	4.80099
 28958	-1.18507
 28959	0.375092
 28960	2.86963
 28961	4.10177
 28962	7.55969
 28963	8.21138
 28964	13.0232
 28965	9.64652
 28966	5.58622
 28967	10.0307
 28968	8.90531
 28969	6.16693
 28970	13.0261
 28971	17.8158
 28972	16.0422
 28973	18.7862
 28974	15.7263
 28975	13.3579
 28976	18.1022
 28977	17.1248
 28978	22.4819
 28979	21.7718
 28980	19.9575
 28981	17.5136
 28982	16.7729
 28983	15.5933
 28984	14.3747
 28985	14.0013
 28986	11.077
 28987	11.2746
 28988	11.537
 28989	1.92232
 28990	1.88709
 28991	10.5605
 28992	5.83332
 28993	8.74707
 28994	15.4963
 28995	11.7687
 28996	4.81071
 28997	13.2099
 28998	12.8423
 28999	16.4449
 29000	18.486
 29001	14.5848
 29002	25.2287
 29003	27.4232
 29004	21.333
 29005	23.4299
 29006	25.244
 29007	30.3497
 29008	31.2708
 29009	31.4254
 29010	26.9559
 29011	29.4182
 29012	25.5693
 29013	20.9366
 29014	26.9612
 29015	22.9541
 29016	26.6866
 29017	31.4297
 29018	21.858
 29019	21.9716
 29020	25.1032
 29021	28.0836
 29022	29.7887
 29023	35.7483
 29024	34.4262
 29025	32.5528
 29026	28.1612
 29027	23.5431
 29028	22.8371
 29029	25.7872
 29030	23.4932
 29031	19.2703
 29032	15.4176
 29033	13.0794
 29034	11.9696
 29035	13.4812
 29036	6.43035
 29037	8.88919
 29038	11.9235
 29039	3.66017
 29040	2.37839
 29041	5.36721
 29042	2.26681
 29043	3.64342
 29044	13.5169
 29045	7.97177
 29046	10.1519
 29047	14.5446
 29048	9.81458
 29049	11.5546
 29050	14.2073
 29051	15.2862
 29052	24.3369
 29053	23.5089
 29054	22.1893
 29055	23.3367
 29056	18.5567
 29057	20.6805
 29058	19.6504
 29059	16.7698
 29060	19.1186
 29061	19.1996
 29062	21.069
 29063	18.528
 29064	13.6925
 29065	16.3758
 29066	15.2087
 29067	17.7429
 29068	12.4979
 29069	13.9904
 29070	15.6865
 29071	12.5166
 29072	11.7784
 29073	13.7407
 29074	12.0484
 29075	7.45905
 29076	15.7752
 29077	15.1395
 29078	8.22408
 29079	14.0948
 29080	17.4994
 29081	13.8206
 29082	20.8077
 29083	22.5054
 29084	26.2483
 29085	21.6377
 29086	27.7166
 29087	30.7412
 29088	23.8858
 29089	26.9879
 29090	33.6711
 29091	29.0436
 29092	32.8252
 29093	30.6589
 29094	21.7254
 29095	25.9974
 29096	26.533
 29097	27.1823
 29098	30.1297
 29099	23.999
 29100	21.068
 29101	21.0151
 29102	17.574
 29103	17.3502
 29104	14.8555
 29105	20.7912
 29106	23.0389
 29107	20.4776
 29108	18.0622
 29109	20.3648
 29110	17.2187
 29111	12.6582
 29112	16.8318
 29113	11.6353
 29114	9.62176
 29115	15.9515
 29116	9.44056
 29117	5.93604
 29118	5.98801
 29119	4.18295
 29120	0.0865348
 29121	-1.9357
 29122	5.63808
 29123	-0.952325
 29124	-0.798791
 29125	2.41383
 29126	-10.1284
 29127	-5.38848
 29128	-9.47249
 29129	-11.9135
 29130	-8.19264
 29131	-11.4821
 29132	-11.4515
 29133	-8.04963
 29134	-17.2415
 29135	-16.9254
 29136	-13.9571
 29137	-19.073
 29138	-17.0154
 29139	-12.5876
 29140	-17.4137
 29141	-15.4811
 29142	-18.1317
 29143	-22.8112
 29144	-15.911
 29145	-18.7719
 29146	-12.7456
 29147	-9.83588
 29148	-4.34582
 29149	-5.88521
 29150	-5.47939
 29151	-2.38738
 29152	-3.04185
 29153	-0.405329
 29154	2.57731
 29155	0.701578
 29156	7.3677
 29157	11.9484
 29158	16.2767
 29159	12.5478
 29160	11.3991
 29161	11.9494
 29162	17.0561
 29163	20.0074
 29164	22.1136
 29165	24.7465
 29166	16.8271
 29167	19.2593
 29168	26.4055
 29169	15.4626
 29170	20.164
 29171	27.0626
 29172	22.0375
 29173	23.9202
 29174	19.5163
 29175	15.9898
 29176	17.6587
 29177	13.8521
 29178	12.117
 29179	10.6697
 29180	6.72759
 29181	0.527033
 29182	4.34181
 29183	1.38197
 29184	-3.0214
 29185	-1.74571
 29186	-4.79896
 29187	-3.53731
 29188	-5.55718
 29189	-2.86193
 29190	-1.23239
 29191	-2.79963
 29192	-3.7103
 29193	-7.69173
 29194	-14.5001
 29195	-5.83302
 29196	-8.07352
 29197	-14.1831
 29198	-6.86861
 29199	-10.896
 29200	-13.1862
 29201	-9.10241
 29202	-8.22482
 29203	-6.84645
 29204	-12.6542
 29205	-8.87057
 29206	-4.42282
 29207	-18.4673
 29208	-9.00096
 29209	-8.78616
 29210	-13.2088
 29211	-0.894672
 29212	-5.78075
 29213	-6.13582
 29214	-2.49689
 29215	-6.52214
 29216	-2.8146
 29217	-2.31477
 29218	-3.75329
 29219	-4.186
 29220	-8.97393
 29221	-5.1946
 29222	-7.10862
 29223	-12.6561
 29224	-11.6836
 29225	-7.42468
 29226	-11.6796
 29227	-10.0349
 29228	-7.23588
 29229	-16.4052
 29230	-21.3752
 29231	-15.0821
 29232	-21.5621
 29233	-19.2108
 29234	-12.6053
 29235	-19.6471
 29236	-24.0107
 29237	-22.2032
 29238	-27.3925
 29239	-30.5501
 29240	-26.4518
 29241	-25.0965
 29242	-38.4868
 29243	-37.8307
 29244	-35.8727
 29245	-44.1147
 29246	-45.103
 29247	-45.7751
 29248	-46.5259
 29249	-41.3305
 29250	-45.8362
 29251	-40.2401
 29252	-40.4415
 29253	-40.6137
 29254	-33.5004
 29255	-41.4345
 29256	-37.4414
 29257	-29.7259
 29258	-39.4227
 29259	-31.6578
 29260	-28.1733
 29261	-29.3366
 29262	-24.2716
 29263	-26.6506
 29264	-25.4309
 29265	-27.8004
 29266	-29.5982
 29267	-28.1343
 29268	-39.0261
 29269	-31.6692
 29270	-23.8174
 29271	-39.2793
 29272	-40.8945
 29273	-35.8922
 29274	-41.8543
 29275	-35.4534
 29276	-41.058
 29277	-45.4026
 29278	-41.1963
 29279	-42.1847
 29280	-47.34
 29281	-42.8898
 29282	-42.8908
 29283	-46.1401
 29284	-46.9758
 29285	-51.0884
 29286	-45.6519
 29287	-34.3086
 29288	-46.8675
 29289	-35.5696
 29290	-30.8324
 29291	-40.0518
 29292	-36.8527
 29293	-36.9399
 29294	-35.521
 29295	-39.0476
 29296	-34.3259
 29297	-38.9311
 29298	-42.3895
 29299	-30.0707
 29300	-34.8348
 29301	-48.0088
 29302	-34.904
 29303	-44.3309
 29304	-47.3796
 29305	-44.9819
 29306	-41.3535
 29307	-40.7076
 29308	-34.921
 29309	-35.1603
 29310	-28.6058
 29311	-28.9522
 29312	-26.9854
 29313	-24.5292
 29314	-33.823
 29315	-26.529
 29316	-30.5108
 29317	-39.9371
 29318	-25.7001
 29319	-27.2142
 29320	-35.3478
 29321	-32.7822
 29322	-29.8716
 29323	-25.562
 29324	-26.4898
 29325	-25.4077
 29326	-27.5588
 29327	-32.7273
 29328	-23.2353
 29329	-32.8312
 29330	-33.9629
 29331	-31.1847
 29332	-34.9029
 29333	-41.2868
 29334	-38.6934
 29335	-41.8575
 29336	-37.8247
 29337	-39.4607
 29338	-40.1467
 29339	-50.604
 29340	-48.4339
 29341	-52.9817
 29342	-54.6693
 29343	-56.3095
 29344	-59.0319
 29345	-57.0806
 29346	-59.4893
 29347	-54.363
 29348	-55.1336
 29349	-53.771
 29350	-53.0071
 29351	-53.5031
 29352	-56.8575
 29353	-53.0247
 29354	-56.1337
 29355	-50.3642
 29356	-47.5914
 29357	-51.2563
 29358	-49.881
 29359	-48.0427
 29360	-46.0813
 29361	-38.0739
 29362	-41.4384
 29363	-34.3645
 29364	-33.6543
 29365	-40.3511
 29366	-32.1712
 29367	-35.1797
 29368	-41.348
 29369	-43.7795
 29370	-41.4569
 29371	-46.5902
 29372	-47.7912
 29373	-41.2982
 29374	-43.8259
 29375	-43.0396
 29376	-38.2612
 29377	-41.3228
 29378	-43.0395
 29379	-38.1385
 29380	-41.267
 29381	-45.383
 29382	-45.1802
 29383	-39.6137
 29384	-45.8527
 29385	-45.634
 29386	-42.5291
 29387	-42.7826
 29388	-44.7608
 29389	-39.19
 29390	-40.3441
 29391	-45.3455
 29392	-40.045
 29393	-45.2193
 29394	-44.3141
 29395	-43.4722
 29396	-48.4557
 29397	-45.1125
 29398	-43.0464
 29399	-48.8302
 29400	-42.9693
 29401	-40.2205
 29402	-44.3772
 29403	-39.3173
 29404	-36.0277
 29405	-41.0579
 29406	-38.6575
 29407	-35.8327
 29408	-37.1869
 29409	-36.2555
 29410	-41.558
 29411	-39.6146
 29412	-35.205
 29413	-35.9084
 29414	-29.4629
 29415	-30.6733
 29416	-38.2221
 29417	-33.8574
 29418	-32.109
 29419	-41.2183
 29420	-41.7932
 29421	-35.7432
 29422	-47.2194
 29423	-44.3905
 29424	-39.5261
 29425	-52.281
 29426	-51.9059
 29427	-48.0827
 29428	-58.5877
 29429	-55.9853
 29430	-49.188
 29431	-50.6261
 29432	-47.4795
 29433	-43.7989
 29434	-47.3824
 29435	-44.8387
 29436	-46.8548
 29437	-43.0071
 29438	-39.0584
 29439	-45.1519
 29440	-40.6672
 29441	-35.0445
 29442	-34.7346
 29443	-30.9146
 29444	-34.4459
 29445	-41.3575
 29446	-41.5677
 29447	-41.9243
 29448	-47.6076
 29449	-45.6915
 29450	-46.063
 29451	-48.0074
 29452	-45.1913
 29453	-46.9385
 29454	-53.676
 29455	-48.0798
 29456	-50.9783
 29457	-42.5431
 29458	-43.5063
 29459	-43.685
 29460	-39.5381
 29461	-35.7802
 29462	-40.6187
 29463	-35.8728
 29464	-36.4864
 29465	-41.9285
 29466	-36.8551
 29467	-30.4296
 29468	-35.0682
 29469	-33.8936
 29470	-31.2042
 29471	-37.6849
 29472	-36.0626
 29473	-38.6514
 29474	-44.51
 29475	-38.9948
 29476	-47.6389
 29477	-46.879
 29478	-42.2446
 29479	-56.0299
 29480	-49.0517
 29481	-43.6099
 29482	-55.5455
 29483	-48.6791
 29484	-40.8384
 29485	-42.5585
 29486	-39.994
 29487	-22.8308
 29488	-28.1575
 29489	-30.097
 29490	-23.0076
 29491	-19.7156
 29492	-26.6117
 29493	-17.9083
 29494	-20.7928
 29495	-28.1771
 29496	-21.9383
 29497	-20.7275
 29498	-26.2585
 29499	-34.859
 29500	-29.9486
 29501	-26.1047
 29502	-35.1504
 29503	-29.2461
 29504	-22.8702
 29505	-36.4388
 29506	-32.9348
 29507	-35.1857
 29508	-45.58
 29509	-42.8321
 29510	-36.4773
 29511	-40.1376
 29512	-41.8944
 29513	-44.9713
 29514	-47.6648
 29515	-53.8422
 29516	-52.7372
 29517	-45.4019
 29518	-50.0797
 29519	-46.7285
 29520	-48.7954
 29521	-48.4733
 29522	-48.0704
 29523	-51.7598
 29524	-55.2126
 29525	-51.2128
 29526	-53.2422
 29527	-51.8751
 29528	-51.6894
 29529	-39.1609
 29530	-37.3549
 29531	-43.4301
 29532	-36.3902
 29533	-34.274
 29534	-41.7003
 29535	-35.3985
 29536	-28.7344
 29537	-30.1205
 29538	-20.4325
 29539	-17.1265
 29540	-24.0302
 29541	-20.6807
 29542	-21.1434
 29543	-24.8046
 29544	-25.9816
 29545	-23.2827
 29546	-16.1033
 29547	-17.3851
 29548	-21.6471
 29549	-13.6067
 29550	-14.0916
 29551	-18.2733
 29552	-10.4504
 29553	-3.64892
 29554	-2.96689
 29555	7.87655
 29556	1.46256
 29557	-4.85733
 29558	4.61104
 29559	-1.57883
 29560	-4.86687
 29561	-1.15873
 29562	2.24076
 29563	0.612195
 29564	-3.11947
 29565	-6.14202
 29566	-13.3263
 29567	-19.0182
 29568	-15.9036
 29569	-33.1702
 29570	-29.7445
 29571	-26.6237
 29572	-32.6259
 29573	-40.0929
 29574	-33.9926
 29575	-42.6246
 29576	-46.294
 29577	-42.9481
 29578	-46.4253
 29579	-45.3592
 29580	-44.2665
 29581	-41.5303
 29582	-48.1244
 29583	-47.9331
 29584	-50.4502
 29585	-49.1543
 29586	-53.8193
 29587	-46.6433
 29588	-48.2833
 29589	-45.2007
 29590	-42.8315
 29591	-35.8616
 29592	-44.4967
 29593	-45.2309
 29594	-38.1504
 29595	-45.6415
 29596	-48.4232
 29597	-35.1134
 29598	-35.3827
 29599	-44.5058
 29600	-35.213
 29601	-37.2265
 29602	-38.8283
 29603	-38.1669
 29604	-33.2562
 29605	-41.3534
 29606	-33.4524
 29607	-37.8751
 29608	-38.5065
 29609	-37.1303
 29610	-33.3648
 29611	-32.4878
 29612	-32.5777
 29613	-26.6174
 29614	-21.1207
 29615	-21.4829
 29616	-18.2993
 29617	-16.6475
 29618	-16.6833
 29619	-15.98
 29620	-14.8407
 29621	-9.60931
 29622	-8.488
 29623	-1.69998
 29624	-5.11391
 29625	-10.4156
 29626	-7.64567
 29627	-5.89957
 29628	-9.36895
 29629	-8.28598
 29630	-0.492217
 29631	-9.87801
 29632	-8.67004
 29633	-4.63217
 29634	-11.7074
 29635	-15.5899
 29636	-5.63252
 29637	-8.93891
 29638	-11.0411
 29639	-10.598
 29640	-5.60216
 29641	-14.5007
 29642	-11.8747
 29643	-11.0662
 29644	-14.0435
 29645	-13.2607
 29646	-9.46846
 29647	-12.6025
 29648	-15.2396
 29649	-17.3659
 29650	-17.8974
 29651	-18.1667
 29652	-18.2548
 29653	-11.3898
 29654	-12.4754
 29655	-18.81
 29656	-23.1411
 29657	-15.2484
 29658	-18.2319
 29659	-17.7081
 29660	-17.2079
 29661	-22.2865
 29662	-22.0265
 29663	-17.0084
 29664	-15.0897
 29665	-12.3898
 29666	-17.2413
 29667	-15.2159
 29668	-17.5839
 29669	-26.4134
 29670	-25.6962
 29671	-27.3439
 29672	-30.0408
 29673	-37.7897
 29674	-38.7593
 29675	-44.297
 29676	-48.0902
 29677	-53.7003
 29678	-49.0617
 29679	-57.2541
 29680	-52.3538
 29681	-48.0274
 29682	-48.5371
 29683	-43.9899
 29684	-43.2573
 29685	-41.2634
 29686	-37.7198
 29687	-40.4643
 29688	-37.7204
 29689	-38.32
 29690	-44.3353
 29691	-35.6802
 29692	-41.0822
 29693	-41.9508
 29694	-39.9355
 29695	-38.6647
 29696	-39.3093
 29697	-41.5041
 29698	-41.2947
 29699	-46.5692
 29700	-50.6964
 29701	-48.649
 29702	-49.1544
 29703	-51.6777
 29704	-48.721
 29705	-49.4284
 29706	-37.9757
 29707	-38.4326
 29708	-30.0822
 29709	-29.3538
 29710	-24.0219
 29711	-20.1136
 29712	-23.7689
 29713	-20.0261
 29714	-10.7276
 29715	-17.2904
 29716	-19.7722
 29717	-10.5021
 29718	-14.995
 29719	-19.826
 29720	-13.6088
 29721	-11.6491
 29722	-21.1402
 29723	-9.21942
 29724	-14.5843
 29725	-27.9339
 29726	-23.7359
 29727	-18.7107
 29728	-32.7412
 29729	-30.1224
 29730	-31.0543
 29731	-32.167
 29732	-39.1796
 29733	-34.9558
 29734	-32.0299
 29735	-41.0637
 29736	-44.9047
 29737	-40.4733
 29738	-44.2153
 29739	-48.5482
 29740	-44.3045
 29741	-45.5511
 29742	-52.4533
 29743	-51.6501
 29744	-47.9512
 29745	-54.6872
 29746	-50.788
 29747	-49.6615
 29748	-54.2438
 29749	-44.5065
 29750	-40.3676
 29751	-44.1835
 29752	-42.0545
 29753	-38.4924
 29754	-43.7534
 29755	-37.3027
 29756	-40.3625
 29757	-41.976
 29758	-43.684
 29759	-36.4365
 29760	-38.357
 29761	-33.2151
 29762	-30.5488
 29763	-26.1804
 29764	-28.49
 29765	-28.7739
 29766	-29.0603
 29767	-29.0092
 29768	-28.1448
 29769	-23.3353
 29770	-28.0434
 29771	-34.6257
 29772	-29.8189
 29773	-40.4352
 29774	-45.5172
 29775	-37.0053
 29776	-39.279
 29777	-44.7452
 29778	-42.1226
 29779	-43.1974
 29780	-44.8761
 29781	-42.7448
 29782	-44.0624
 29783	-46.9979
 29784	-38.1896
 29785	-43.847
 29786	-41.1247
 29787	-34.3506
 29788	-37.9852
 29789	-40.153
 29790	-35.1139
 29791	-33.336
 29792	-37.4933
 29793	-43.2027
 29794	-35.8338
 29795	-33.6528
 29796	-44.054
 29797	-38.2053
 29798	-43.9782
 29799	-50.0611
 29800	-45.6054
 29801	-47.1056
 29802	-52.8878
 29803	-55.6342
 29804	-45.6228
 29805	-44.8316
 29806	-52.7944
 29807	-49.0858
 29808	-55.1635
 29809	-66.2284
 29810	-55.5544
 29811	-53.719
 29812	-55.5662
 29813	-52.1963
 29814	-45.9708
 29815	-52.2573
 29816	-46.8623
 29817	-43.9422
 29818	-43.3951
 29819	-46.4197
 29820	-45.2442
 29821	-46.7246
 29822	-40.1237
 29823	-35.0275
 29824	-35.5445
 29825	-41.5102
 29826	-40.2852
 29827	-39.0978
 29828	-38.0251
 29829	-38.0655
 29830	-40.5128
 29831	-43.4437
 29832	-46.3478
 29833	-42.3087
 29834	-48.4682
 29835	-45.75
 29836	-45.2072
 29837	-48.7654
 29838	-48.0301
 29839	-45.3481
 29840	-43.7267
 29841	-41.6049
 29842	-38.1553
 29843	-38.9699
 29844	-40.6446
 29845	-38.5905
 29846	-39.062
 29847	-41.752
 29848	-39.1381
 29849	-40.2152
 29850	-40.6554
 29851	-45.0587
 29852	-39.0033
 29853	-42.1259
 29854	-41.599
 29855	-36.1477
 29856	-39.635
 29857	-45.4915
 29858	-33.4009
 29859	-34.0848
 29860	-40.8188
 29861	-41.2582
 29862	-40.6819
 29863	-45.0527
 29864	-44.5538
 29865	-38.1581
 29866	-45.3264
 29867	-39.2934
 29868	-32.7411
 29869	-39.6178
 29870	-43.8913
 29871	-31.0664
 29872	-31.6354
 29873	-39.3863
 29874	-35.2464
 29875	-28.9341
 29876	-30.9265
 29877	-25.7338
 29878	-26.3863
 29879	-29.238
 29880	-33.8115
 29881	-31.3338
 29882	-29.3973
 29883	-24.8677
 29884	-18.1535
 29885	-17.7627
 29886	-13.4994
 29887	-13.3942
 29888	-9.46218
 29889	-17.7185
 29890	-11.5215
 29891	-8.44263
 29892	-11.0556
 29893	-7.30231
 29894	-6.57376
 29895	-9.76936
 29896	-6.51396
 29897	-7.51535
 29898	-10.474
 29899	-18.9712
 29900	-14.4756
 29901	-18.7761
 29902	-17.9739
 29903	-19.6136
 29904	-23.2904
 29905	-23.455
 29906	-25.9378
 29907	-32.8561
 29908	-30.3291
 29909	-22.3559
 29910	-21.7962
 29911	-23.932
 29912	-19.762
 29913	-12.5064
 29914	-14.3433
 29915	-13.4237
 29916	-15.4443
 29917	-16.9861
 29918	-15.955
 29919	-5.28055
 29920	1.55636
 29921	1.0671
 29922	2.41883
 29923	2.10289
 29924	-6.39422
 29925	-6.02923
 29926	-3.57268
 29927	-2.07358
 29928	-0.598927
 29929	3.02032
 29930	4.45932
 29931	0.518715
 29932	-1.38523
 29933	-8.57725
 29934	-7.92051
 29935	-6.90303
 29936	-6.88112
 29937	-3.72574
 29938	2.65638
 29939	1.04958
 29940	-6.61176
 29941	-9.91359
 29942	-14.9046
 29943	-17.3634
 29944	-15.2167
 29945	-16.0201
 29946	-13.2664
 29947	-16.8587
 29948	-18.5547
 29949	-21.2959
 29950	-28.746
 29951	-24.7595
 29952	-21.3528
 29953	-19.2781
 29954	-19.3605
 29955	-18.1345
 29956	-8.53058
 29957	-12.0399
 29958	-15.2962
 29959	-11.1008
 29960	-16.2866
 29961	-14.2298
 29962	-9.23848
 29963	-13.6513
 29964	-11.3635
 29965	-4.72355
 29966	-10.4475
 29967	-10.9617
 29968	-9.33216
 29969	-10.9003
 29970	-7.37254
 29971	-10.9477
 29972	-16.3175
 29973	-10.7257
 29974	-7.08527
 29975	-10.649
 29976	-8.85218
 29977	-5.0504
 29978	-5.38353
 29979	-5.55134
 29980	-5.98839
 29981	-8.90411
 29982	-2.76571
 29983	-7.84532
 29984	-10.1582
 29985	-12.7251
 29986	-16.937
 29987	-10.8181
 29988	-12.8893
 29989	-11.0275
 29990	-8.56854
 29991	-11.3567
 29992	-4.02898
 29993	-9.63689
 29994	-8.82593
 29995	-4.8525
 29996	-8.55027
 29997	-1.70112
 29998	-7.67823
 29999	-6.25618
 30000	-1.23375
 30001	-3.47806
 30002	0.0528668
 30003	3.8589
 30004	2.68634
 30005	5.2903
 30006	11.0736
 30007	9.03535
 30008	4.76786
 30009	11.2929
 30010	15.7747
 30011	18.0327
 30012	16.3746
 30013	21.6171
 30014	15.8372
 30015	16.1389
 30016	23.9519
 30017	20.2667
 30018	18.9471
 30019	26.661
 30020	26.3555
 30021	19.0819
 30022	16.7126
 30023	14.8241
 30024	8.61106
 30025	9.11368
 30026	6.26652
 30027	6.7118
 30028	7.40905
 30029	7.21887
 30030	3.28013
 30031	-4.67031
 30032	0.209835
 30033	8.56205
 30034	6.94732
 30035	11.5573
 30036	10.3301
 30037	9.97929
 30038	9.30216
 30039	7.36078
 30040	13.2723
 30041	12.0515
 30042	17.5074
 30043	19.9978
 30044	13.7575
 30045	15.8219
 30046	10.5186
 30047	11.3953
 30048	13.7471
 30049	11.1514
 30050	9.6175
 30051	11.702
 30052	14.3971
 30053	0.958146
 30054	3.34381
 30055	0.897656
 30056	-1.67947
 30057	3.72817
 30058	1.28348
 30059	3.61474
 30060	4.90635
 30061	-1.64403
 30062	3.98908
 30063	-2.97492
 30064	-3.96528
 30065	-0.562826
 30066	-4.01614
 30067	-5.86103
 30068	2.14197
 30069	-5.41812
 30070	-13.4809
 30071	-12.4705
 30072	-17.3561
 30073	-15.7207
 30074	-15.609
 30075	-14.1305
 30076	-12.748
 30077	-11.6004
 30078	-9.86587
 30079	-11.8833
 30080	-10.3167
 30081	-8.52068
 30082	-10.2655
 30083	-6.42111
 30084	-9.72981
 30085	-9.27383
 30086	-7.96375
 30087	-12.0877
 30088	-10.7318
 30089	-8.82538
 30090	-4.34384
 30091	-8.39044
 30092	-1.95332
 30093	2.25682
 30094	-3.81472
 30095	0.0233949
 30096	3.11145
 30097	2.19187
 30098	7.89847
 30099	5.29264
 30100	10.8812
 30101	11.277
 30102	5.09558
 30103	13.7482
 30104	8.9235
 30105	8.10354
 30106	10.6331
 30107	12.863
 30108	12.5426
 30109	7.36547
 30110	5.29505
 30111	3.86155
 30112	-0.30445
 30113	5.75743
 30114	3.40762
 30115	-1.87996
 30116	0.0913688
 30117	0.924139
 30118	-2.31478
 30119	0.602406
 30120	-0.274842
 30121	2.67973
 30122	1.60349
 30123	-6.49997
 30124	-3.27591
 30125	-1.77152
 30126	-3.21767
 30127	-6.45581
 30128	-4.17276
 30129	-4.27727
 30130	-1.06737
 30131	-2.55117
 30132	0.591257
 30133	0.688019
 30134	5.11424
 30135	2.43189
 30136	7.14268
 30137	0.964616
 30138	3.56297
 30139	10.4347
 30140	3.50436
 30141	-0.582992
 30142	0.186921
 30143	3.52679
 30144	5.47854
 30145	-3.27203
 30146	0.698886
 30147	-0.370732
 30148	-6.81697
 30149	-2.02502
 30150	-9.09613
 30151	-15.1032
 30152	-13.7864
 30153	-13.022
 30154	-15.2104
 30155	-15.0388
 30156	-9.65641
 30157	-15.0058
 30158	-16.1423
 30159	-16.0722
 30160	-23.2726
 30161	-27.2999
 30162	-23.8412
 30163	-27.4442
 30164	-29.2918
 30165	-33.5728
 30166	-40.7496
 30167	-42.8
 30168	-46.7312
 30169	-52.4576
 30170	-50.0775
 30171	-51.8593
 30172	-53.5435
 30173	-50.773
 30174	-51.3616
 30175	-52.0611
 30176	-55.8731
 30177	-52.5894
 30178	-57.5891
 30179	-55.3545
 30180	-57.794
 30181	-48.0831
 30182	-45.6098
 30183	-41.7224
 30184	-35.2847
 30185	-33.362
 30186	-35.6028
 30187	-20.6733
 30188	-22.7039
 30189	-28.3499
 30190	-20.0436
 30191	-14.2728
 30192	-13.2154
 30193	-7.98919
 30194	1.05789
 30195	-1.48041
 30196	-4.99958
 30197	3.41639
 30198	9.33847
 30199	5.16435
 30200	9.47273
 30201	11.4673
 30202	12.2663
 30203	7.8973
 30204	8.9541
 30205	4.83149
 30206	2.53456
 30207	5.41139
 30208	4.72341
 30209	-0.254022
 30210	0.257952
 30211	4.13084
 30212	-5.80542
 30213	-3.67243
 30214	-4.06593
 30215	-4.19876
 30216	-1.22003
 30217	-0.730982
 30218	-4.3122
 30219	-3.3422
 30220	-3.9055
 30221	-6.66159
 30222	-5.23008
 30223	0.887419
 30224	-4.02535
 30225	0.974684
 30226	1.57917
 30227	-5.80823
 30228	3.03189
 30229	3.74124
 30230	6.10376
 30231	5.05234
 30232	6.23864
 30233	12.4953
 30234	6.00809
 30235	4.62707
 30236	8.50641
 30237	5.0536
 30238	9.15246
 30239	13.266
 30240	15.0753
 30241	3.77391
 30242	8.97093
 30243	14.0133
 30244	10.3584
 30245	15.2763
 30246	14.1674
 30247	17.5375
 30248	19.1153
 30249	20.8
 30250	14.8845
 30251	13.2619
 30252	17.0024
 30253	16.6361
 30254	8.44665
 30255	13.142
 30256	18.0518
 30257	12.1649
 30258	11.7495
 30259	19.6144
 30260	7.08974
 30261	11.2617
 30262	6.93008
 30263	-0.935361
 30264	3.28106
 30265	-0.0179234
 30266	-2.19438
 30267	-3.55235
 30268	-8.81356
 30269	-7.4072
 30270	-15.1312
 30271	-14.3961
 30272	-7.31033
 30273	-15.9909
 30274	-15.8401
 30275	-8.88879
 30276	-12.3827
 30277	-15.4743
 30278	-15.6608
 30279	-14.2015
 30280	-11.6487
 30281	-8.607
 30282	-9.15527
 30283	-5.21132
 30284	-0.234157
 30285	-2.93753
 30286	-8.11975
 30287	-5.88694
 30288	3.30767
 30289	1.99662
 30290	-2.52807
 30291	2.6832
 30292	-1.9394
 30293	-2.24142
 30294	-3.32337
 30295	-6.25554
 30296	-1.87066
 30297	-5.17763
 30298	-6.51177
 30299	2.55234
 30300	-3.21751
 30301	-11.5687
 30302	-1.07655
 30303	-2.45944
 30304	-10.128
 30305	-1.69429
 30306	-0.701448
 30307	1.77433
 30308	8.28264
 30309	4.16202
 30310	5.17458
 30311	7.6295
 30312	15.6276
 30313	16.7792
 30314	18.2128
 30315	22.8041
 30316	17.1945
 30317	19.9058
 30318	19.4191
 30319	17.0012
 30320	23.735
 30321	23.7344
 30322	21.2357
 30323	23.4049
 30324	23.7624
 30325	23.3747
 30326	23.3031
 30327	28.7069
 30328	25.0047
 30329	26.2476
 30330	29.1756
 30331	26.5531
 30332	25.927
 30333	26.4585
 30334	30.9994
 30335	28.8136
 30336	23.3439
 30337	24.3099
 30338	25.6088
 30339	19.8872
 30340	11.7576
 30341	18.5729
 30342	12.3312
 30343	6.55172
 30344	12.7533
 30345	1.36657
 30346	1.02876
 30347	4.4053
 30348	1.8921
 30349	1.49317
 30350	7.07656
 30351	4.71761
 30352	-2.92063
 30353	-2.95804
 30354	-1.32916
 30355	-5.24806
 30356	-6.59974
 30357	-13.41
 30358	-7.07509
 30359	-8.37068
 30360	-17.8145
 30361	-15.1449
 30362	-14.9909
 30363	-18.5086
 30364	-16.9407
 30365	-13.4382
 30366	-19.0042
 30367	-21.6927
 30368	-18.1748
 30369	-23.0427
 30370	-23.059
 30371	-20.3627
 30372	-25.8384
 30373	-18.4766
 30374	-17.5133
 30375	-23.3538
 30376	-14.0697
 30377	-14.8966
 30378	-16.0982
 30379	-5.79366
 30380	2.36605
 30381	-5.6506
 30382	0.112551
 30383	4.9543
 30384	6.64145
 30385	8.64018
 30386	7.81459
 30387	14.1846
 30388	18.7216
 30389	17.6574
 30390	23.1503
 30391	15.8639
 30392	12.1842
 30393	21.2361
 30394	19.2724
 30395	9.26089
 30396	12.964
 30397	13.4953
 30398	5.34196
 30399	1.17302
 30400	5.65827
 30401	-3.22238
 30402	-7.18403
 30403	5.14391
 30404	-1.82107
 30405	-11.2501
 30406	-2.3614
 30407	-3.53341
 30408	-10.4969
 30409	-4.22973
 30410	-7.978
 30411	-4.19407
 30412	3.36419
 30413	-8.61722
 30414	-5.45115
 30415	-1.94759
 30416	-11.4582
 30417	-8.10544
 30418	-2.55884
 30419	-6.06905
 30420	-0.56252
 30421	-1.26434
 30422	-9.5481
 30423	-5.63371
 30424	-2.67188
 30425	-0.442961
 30426	6.04961
 30427	5.65244
 30428	2.21832
 30429	0.188716
 30430	6.57703
 30431	4.76221
 30432	4.01735
 30433	14.7217
 30434	9.27139
 30435	12.1239
 30436	23.1943
 30437	6.72255
 30438	17.3299
 30439	28.1188
 30440	17.1905
 30441	21.4087
 30442	20.5986
 30443	17.3456
 30444	23.002
 30445	19.913
 30446	16.2053
 30447	23.3503
 30448	17.4019
 30449	14.1245
 30450	26.0976
 30451	16.6173
 30452	9.1894
 30453	19.7533
 30454	12.2008
 30455	12.0616
 30456	11.7772
 30457	5.74546
 30458	6.65884
 30459	8.42066
 30460	1.36265
 30461	-2.83479
 30462	2.70957
 30463	-2.7023
 30464	-3.41012
 30465	0.152649
 30466	-6.74762
 30467	-6.24156
 30468	-0.884409
 30469	-11.3582
 30470	-8.16162
 30471	4.07945
 30472	-3.22772
 30473	-9.16191
 30474	0.893688
 30475	-5.0061
 30476	-5.85038
 30477	3.99106
 30478	-2.45931
 30479	0.680662
 30480	8.03278
 30481	5.30828
 30482	1.37471
 30483	-3.20994
 30484	5.89107
 30485	12.8602
 30486	6.28503
 30487	14.0272
 30488	11.0464
 30489	7.51118
 30490	13.3187
 30491	12.221
 30492	10.6044
 30493	16.322
 30494	19.1587
 30495	13.0465
 30496	12.6619
 30497	11.1861
 30498	3.05823
 30499	7.37509
 30500	7.33988
 30501	5.74044
 30502	3.39967
 30503	1.90948
 30504	-5.5261
 30505	-10.2873
 30506	-6.03265
 30507	-10.1781
 30508	-7.31296
 30509	-5.5829
 30510	-7.75407
 30511	-19.1039
 30512	-21.4787
 30513	-15.9637
 30514	-16.6794
 30515	-14.5739
 30516	-11.7682
 30517	-6.3672
 30518	-13.3618
 30519	-18.6628
 30520	-13.4342
 30521	-15.2114
 30522	-20.3009
 30523	-13.6736
 30524	-20.0662
 30525	-20.2758
 30526	-16.0661
 30527	-18.1036
 30528	-23.9815
 30529	-18.1629
 30530	-16.559
 30531	-20.9449
 30532	-15.7885
 30533	-14.9875
 30534	-16.4014
 30535	-9.14312
 30536	-8.08089
 30537	-8.77599
 30538	-2.44969
 30539	-4.53017
 30540	-8.00264
 30541	-7.98585
 30542	-4.95796
 30543	1.22613
 30544	-0.515967
 30545	0.193711
 30546	5.49249
 30547	7.88261
 30548	-2.38216
 30549	3.65557
 30550	7.34698
 30551	-1.20537
 30552	7.96204
 30553	8.51429
 30554	4.59261
 30555	7.09795
 30556	2.39743
 30557	-3.07879
 30558	-0.641917
 30559	8.43708
 30560	2.51375
 30561	5.5392
 30562	2.95454
 30563	3.63676
 30564	5.91267
 30565	-2.94931
 30566	7.89099
 30567	11.2505
 30568	8.53329
 30569	12.6794
 30570	14.722
 30571	7.15885
 30572	10.2843
 30573	17.0159
 30574	6.11935
 30575	7.89197
 30576	17.3768
 30577	0.261606
 30578	-2.16081
 30579	3.87905
 30580	-2.55624
 30581	-0.541492
 30582	0.0246772
 30583	-8.44589
 30584	-11.6903
 30585	-17.5741
 30586	-17.0047
 30587	-24.0997
 30588	-20.8267
 30589	-16.1773
 30590	-16.4307
 30591	-23.6961
 30592	-23.51
 30593	-12.1053
 30594	-11.9034
 30595	-15.4708
 30596	-5.45415
 30597	-7.82845
 30598	-15.1302
 30599	-7.52936
 30600	-13.339
 30601	-20.8893
 30602	-7.06499
 30603	-12.8181
 30604	-14.7982
 30605	-3.94556
 30606	-10.9595
 30607	-17.1626
 30608	-13.5471
 30609	-15.2274
 30610	-16.1713
 30611	-17.2378
 30612	-18.0785
 30613	-20.572
 30614	-15.5978
 30615	-17.6433
 30616	-23.0153
 30617	-21.718
 30618	-21.503
 30619	-19.1062
 30620	-15.2233
 30621	-18.7277
 30622	-10.2562
 30623	-11.0438
 30624	-19.0002
 30625	-10.0362
 30626	-10.1138
 30627	-14.5354
 30628	-7.81678
 30629	-4.99089
 30630	-9.2037
 30631	-7.22551
 30632	-4.42368
 30633	-9.0485
 30634	-2.59267
 30635	-1.67576
 30636	-2.70772
 30637	6.16395
 30638	5.67603
 30639	9.06726
 30640	7.91617
 30641	4.0134
 30642	8.05881
 30643	10.6856
 30644	10.1837
 30645	8.80062
 30646	11.4928
 30647	12.2454
 30648	10.242
 30649	4.37232
 30650	8.80555
 30651	4.35707
 30652	-0.18019
 30653	-1.66208
 30654	-7.68594
 30655	-5.55394
 30656	-10.6637
 30657	-11.6214
 30658	-7.78961
 30659	-9.18291
 30660	-6.03395
 30661	-7.86598
 30662	-19.544
 30663	-12.3547
 30664	-16.4977
 30665	-22.3771
 30666	-17.7452
 30667	-20.0471
 30668	-28.0338
 30669	-20.4505
 30670	-16.8479
 30671	-17.0197
 30672	-9.28229
 30673	-13.3378
 30674	-17.8116
 30675	-6.38417
 30676	-9.45054
 30677	-7.91256
 30678	-4.83096
 30679	-3.5479
 30680	0.202526
 30681	-8.14838
 30682	-6.24738
 30683	-6.05191
 30684	-6.2532
 30685	1.3862
 30686	-3.63546
 30687	-5.91766
 30688	0.617565
 30689	-0.485644
 30690	2.11063
 30691	-3.3008
 30692	-2.69066
 30693	-3.60718
 30694	-13.2721
 30695	-4.57532
 30696	-5.9132
 30697	-13.7962
 30698	-10.7755
 30699	-9.18456
 30700	-17.3917
 30701	-15.0088
 30702	-12.7673
 30703	-16.3927
 30704	-15.0139
 30705	-9.61476
 30706	-10.7164
 30707	-10.8315
 30708	-10.5607
 30709	-7.99741
 30710	-15.0705
 30711	-16.1054
 30712	-12.5405
 30713	-11.1715
 30714	-9.10726
 30715	-6.14374
 30716	-3.38345
 30717	-5.00409
 30718	0.624066
 30719	1.28993
 30720	0.33572
 30721	2.25685
 30722	4.48102
 30723	9.56323
 30724	7.6465
 30725	7.38877
 30726	7.05768
 30727	3.53218
 30728	12.5918
 30729	8.46157
 30730	0.0455989
 30731	15.2483
 30732	12.7151
 30733	10.8909
 30734	13.4836
 30735	11.5376
 30736	9.3857
 30737	11.1212
 30738	16.729
 30739	6.27811
 30740	8.47619
 30741	5.45208
 30742	-1.45287
 30743	-3.59752
 30744	-8.60799
 30745	-9.64293
 30746	-10.2127
 30747	-10.4415
 30748	-15.5399
 30749	-20.2208
 30750	-19.9612
 30751	-21.2458
 30752	-17.9081
 30753	-22.6783
 30754	-18.8287
 30755	-12.2409
 30756	-17.805
 30757	-14.4054
 30758	-6.13304
 30759	-10.6213
 30760	-7.45715
 30761	1.34974
 30762	1.55731
 30763	2.84058
 30764	10.7636
 30765	6.29923
 30766	8.85222
 30767	15.9717
 30768	9.46349
 30769	11.8864
 30770	19.768
 30771	14.96
 30772	9.72767
 30773	10.4077
 30774	10.4378
 30775	11.0943
 30776	13.8316
 30777	12.1881
 30778	11.525
 30779	10.3668
 30780	7.78858
 30781	8.66897
 30782	4.70815
 30783	1.54785
 30784	5.0433
 30785	6.25112
 30786	6.37581
 30787	7.09177
 30788	12.3119
 30789	7.00935
 30790	6.32359
 30791	7.10549
 30792	2.84179
 30793	13.1236
 30794	11.2133
 30795	8.98895
 30796	13.3951
 30797	10.6331
 30798	8.43743
 30799	6.66159
 30800	6.834
 30801	6.12323
 30802	3.81357
 30803	6.25183
 30804	0.650414
 30805	-1.16565
 30806	0.409153
 30807	1.49193
 30808	3.78618
 30809	0.42073
 30810	-0.833837
 30811	4.52155
 30812	2.88465
 30813	5.72687
 30814	5.2941
 30815	6.02072
 30816	3.27943
 30817	-2.09034
 30818	-2.14016
 30819	-1.1149
 30820	4.3531
 30821	5.75328
 30822	5.7313
 30823	3.73371
 30824	1.00746
 30825	0.493994
 30826	-1.22249
 30827	-3.48562
 30828	-3.38251
 30829	0.964254
 30830	1.9818
 30831	-0.978391
 30832	2.22746
 30833	-4.22387
 30834	-9.86116
 30835	-1.78526
 30836	6.25095
 30837	1.67253
 30838	4.10708
 30839	9.63134
 30840	-2.57085
 30841	-4.48755
 30842	-11.1236
 30843	-12.4071
 30844	-11.2864
 30845	-6.58054
 30846	-2.62481
 30847	-8.1331
 30848	-6.54974
 30849	-8.90141
 30850	-12.6435
 30851	-2.10149
 30852	2.73401
 30853	1.50357
 30854	2.31715
 30855	7.73985
 30856	5.31092
 30857	4.41747
 30858	7.37412
 30859	7.07846
 30860	6.56099
 30861	13.2504
 30862	18.7976
 30863	16.8785
 30864	15.1943
 30865	19.3995
 30866	16.9029
 30867	11.4904
 30868	19.6704
 30869	16.0398
 30870	16.3458
 30871	22.9706
 30872	7.57801
 30873	2.91369
 30874	9.47302
 30875	3.5039
 30876	-1.25739
 30877	0.85975
 30878	-0.627864
 30879	0.156748
 30880	-3.95948
 30881	1.94505
 30882	6.28455
 30883	0.49233
 30884	9.99989
 30885	15.6138
 30886	11.2938
 30887	16.4731
 30888	22.8048
 30889	16.5871
 30890	12.841
 30891	15.8483
 30892	14.4335
 30893	12.902
 30894	17.9225
 30895	19.4152
 30896	18.571
 30897	17.3346
 30898	24.6269
 30899	15.1066
 30900	13.2756
 30901	24.2399
 30902	18.1745
 30903	12.5483
 30904	17.8935
 30905	16.4894
 30906	11.326
 30907	6.62
 30908	9.88266
 30909	8.93792
 30910	8.4542
 30911	18.1184
 30912	12.7347
 30913	9.47484
 30914	12.5149
 30915	6.84104
 30916	3.91757
 30917	13.5506
 30918	13.2138
 30919	7.47419
 30920	4.08895
 30921	2.52411
 30922	-5.28345
 30923	-6.97343
 30924	-3.82615
 30925	-3.89826
 30926	-5.516
 30927	-1.49568
 30928	-4.18986
 30929	-17.1829
 30930	-17.8536
 30931	-17.5222
 30932	-25.0907
 30933	-19.9956
 30934	-12.2342
 30935	-23.2117
 30936	-14.9719
 30937	-12.8503
 30938	-21.2265
 30939	-20.7833
 30940	-16.6951
 30941	-8.49141
 30942	-10.8267
 30943	-8.72487
 30944	-4.22782
 30945	-13.0064
 30946	-13.1157
 30947	-10.7947
 30948	-19.1571
 30949	-10.3061
 30950	-13.5185
 30951	-19.0001
 30952	-15.7735
 30953	-19.2064
 30954	-19.997
 30955	-17.5101
 30956	-21.8331
 30957	-17.9903
 30958	-19.5353
 30959	-16.8667
 30960	-10.7046
 30961	-12.2745
 30962	-11.8114
 30963	-7.45849
 30964	-7.49778
 30965	-6.21444
 30966	-5.01454
 30967	-10.1052
 30968	-0.781242
 30969	-0.654353
 30970	-1.60926
 30971	1.94518
 30972	7.21132
 30973	2.7917
 30974	5.42315
 30975	6.21911
 30976	9.32202
 30977	10.0509
 30978	13.2007
 30979	18.9649
 30980	18.7947
 30981	14.8063
 30982	15.3435
 30983	10.1623
 30984	6.40507
 30985	10.8873
 30986	7.9184
 30987	11.8737
 30988	7.03281
 30989	3.66494
 30990	6.23479
 30991	8.80958
 30992	6.49828
 30993	6.72252
 30994	13.568
 30995	15.5288
 30996	9.05806
 30997	7.83788
 30998	15.6341
 30999	14.6039
 31000	15.2895
 31001	22.2683
 31002	18.1519
 31003	19.5924
 31004	22.1986
 31005	12.1542
 31006	19.5032
 31007	25.4466
 31008	22.2368
 31009	19.5757
 31010	16.2208
 31011	16.4811
 31012	13.3093
 31013	4.10513
 31014	12.0771
 31015	10.5724
 31016	5.07038
 31017	11.1276
 31018	5.32931
 31019	0.136616
 31020	2.10851
 31021	3.69294
 31022	2.61502
 31023	6.19545
 31024	6.85503
 31025	3.8258
 31026	4.37693
 31027	4.60513
 31028	4.29158
 31029	5.1479
 31030	9.80638
 31031	10.3308
 31032	4.714
 31033	6.21228
 31034	9.66918
 31035	2.38934
 31036	3.22701
 31037	8.94641
 31038	8.46752
 31039	7.66941
 31040	9.1453
 31041	10.9063
 31042	5.8194
 31043	9.78696
 31044	17.6616
 31045	11.751
 31046	19.3361
 31047	23.4903
 31048	19.8102
 31049	21.7871
 31050	24.4478
 31051	19.87
 31052	26.3573
 31053	26.5457
 31054	25.5663
 31055	24.765
 31056	22.8903
 31057	26.162
 31058	25.1918
 31059	19.2233
 31060	22.8186
 31061	21.3208
 31062	17.3445
 31063	16.7519
 31064	15.2599
 31065	11.6021
 31066	12.5657
 31067	10.8283
 31068	4.85687
 31069	10.4597
 31070	7.04451
 31071	4.13136
 31072	7.06854
 31073	5.59863
 31074	6.6318
 31075	1.84544
 31076	5.98844
 31077	7.58266
 31078	7.83211
 31079	8.3617
 31080	6.87385
 31081	12.5834
 31082	8.55904
 31083	5.81514
 31084	8.69761
 31085	8.04818
 31086	11.2306
 31087	15.0227
 31088	14.2202
 31089	12.222
 31090	15.264
 31091	13.1872
 31092	13.8612
 31093	15.4932
 31094	11.4176
 31095	14.6119
 31096	14.8444
 31097	11.482
 31098	9.13398
 31099	8.35005
 31100	4.50755
 31101	6.24291
 31102	10.2264
 31103	12.5962
 31104	14.6628
 31105	14.29
 31106	10.2997
 31107	13.0285
 31108	13.7964
 31109	16.3994
 31110	18.5577
 31111	22.1106
 31112	21.4911
 31113	24.0167
 31114	19.1156
 31115	19.2796
 31116	28.6705
 31117	26.5439
 31118	31.2879
 31119	38.3221
 31120	28.3668
 31121	25.6593
 31122	29.5354
 31123	25.5837
 31124	25.8762
 31125	31.221
 31126	28.335
 31127	33.5098
 31128	35.8187
 31129	28.0036
 31130	26.4553
 31131	27.208
 31132	23.809
 31133	24.8433
 31134	26.5289
 31135	25.6638
 31136	23.5014
 31137	24.732
 31138	19.5677
 31139	19.1982
 31140	23.6403
 31141	22.2815
 31142	21.0908
 31143	18.7221
 31144	15.4355
 31145	20.081
 31146	17.3864
 31147	13.6746
 31148	17.5276
 31149	15.0551
 31150	13.9149
 31151	18.9726
 31152	14.7728
 31153	17.164
 31154	19.2768
 31155	12.8419
 31156	19.8414
 31157	22.6799
 31158	18.6147
 31159	19.6765
 31160	25.0566
 31161	19.9247
 31162	22.2201
 31163	27.7678
 31164	20.2601
 31165	24.4987
 31166	25.4187
 31167	21.1346
 31168	23.6212
 31169	25.6927
 31170	28.4365
 31171	26.8232
 31172	27.6344
 31173	24.8893
 31174	27.5198
 31175	26.2825
 31176	22.9463
 31177	26.4604
 31178	28.8668
 31179	31.7824
 31180	33.7516
 31181	28.041
 31182	27.4842
 31183	32.3613
 31184	30.5821
 31185	28.9767
 31186	32.813
 31187	28.8287
 31188	20.5889
 31189	21.661
 31190	19.835
 31191	17.6112
 31192	23.1128
 31193	20.9765
 31194	18.7761
 31195	21.8455
 31196	20.8393
 31197	21.343
 31198	22.8902
 31199	20.9609
 31200	26.6085
 31201	27.7805
 31202	23.8783
 31203	26.5508
 31204	28.0202
 31205	32.0521
 31206	32.1138
 31207	27.317
 31208	28.4753
 31209	35.6717
 31210	32.9425
 31211	30.5208
 31212	34.3083
 31213	28.1619
 31214	25.8612
 31215	29.1818
 31216	22.6897
 31217	23.4646
 31218	30.8941
 31219	31.8822
 31220	29.0934
 31221	30.5407
 31222	30.6179
 31223	27.6032
 31224	26.514
 31225	32.4439
 31226	29.4786
 31227	29.7922
 31228	32.281
 31229	24.6969
 31230	27.8782
 31231	27.4938
 31232	27.2966
 31233	27.8198
 31234	23.9369
 31235	26.7389
 31236	23.6403
 31237	15.6163
 31238	16.4286
 31239	16.9563
 31240	14.8707
 31241	19.6836
 31242	23.9069
 31243	18.0659
 31244	21.0795
 31245	19.7849
 31246	15.0943
 31247	22.791
 31248	25.8216
 31249	23.8371
 31250	28.3969
 31251	28.6078
 31252	28.5219
 31253	26.746
 31254	25.2532
 31255	29.8996
 31256	35.6057
 31257	38.9888
 31258	39.8827
 31259	34.5038
 31260	28.274
 31261	27.7674
 31262	25.0337
 31263	22.0976
 31264	24.9376
 31265	20.119
 31266	18.1745
 31267	23.5977
 31268	18.9606
 31269	10.3751
 31270	19.4081
 31271	20.8721
 31272	16.1247
 31273	20.8302
 31274	20.1282
 31275	13.3327
 31276	16.4543
 31277	19.5787
 31278	12.5338
 31279	19.4081
 31280	24.3148
 31281	19.985
 31282	19.9425
 31283	25.7424
 31284	20.2258
 31285	24.6985
 31286	22.4528
 31287	21.5656
 31288	28.6325
 31289	26.3964
 31290	24.2099
 31291	31.1615
 31292	25.2001
 31293	27.1324
 31294	33.165
 31295	28.4478
 31296	31.2795
 31297	35.2145
 31298	24.9902
 31299	29.5441
 31300	26.4372
 31301	20.7968
 31302	30.1776
 31303	29.0738
 31304	23.2676
 31305	30.7333
 31306	31.3239
 31307	30.4747
 31308	31.563
 31309	34.1278
 31310	35.163
 31311	38.5619
 31312	41.2427
 31313	39.2257
 31314	36.1127
 31315	37.3167
 31316	35.5003
 31317	36.1802
 31318	40.1883
 31319	38.5132
 31320	37.5398
 31321	38.0904
 31322	32.5374
 31323	33.2785
 31324	34.4137
 31325	26.6975
 31326	38.236
 31327	41.339
 31328	35.1129
 31329	42.3912
 31330	38.4423
 31331	29.394
 31332	32.7931
 31333	26.5727
 31334	26.702
 31335	33.5739
 31336	30.4823
 31337	35.1605
 31338	35.2161
 31339	31.8561
 31340	42.9704
 31341	40.1631
 31342	40.3756
 31343	47.5132
 31344	45.7327
 31345	42.1176
 31346	43.2653
 31347	43.5953
 31348	48.268
 31349	49.3218
 31350	45.624
 31351	46.4774
 31352	45.3846
 31353	40.5646
 31354	40.0662
 31355	43.0623
 31356	44.7892
 31357	40.2042
 31358	40.8912
 31359	37.1714
 31360	28.9839
 31361	34.1212
 31362	36.9587
 31363	36.9433
 31364	33.5497
 31365	27.9321
 31366	31.3174
 31367	34.1166
 31368	28.9214
 31369	32.0278
 31370	43.0968
 31371	38.1392
 31372	34.3101
 31373	36.1243
 31374	23.9744
 31375	31.4112
 31376	36.0884
 31377	24.0445
 31378	35.2552
 31379	39.0528
 31380	30.2515
 31381	29.3612
 31382	30.5431
 31383	36.2413
 31384	41.8761
 31385	37.0009
 31386	46.6133
 31387	54.8101
 31388	48.5936
 31389	55.0714
 31390	61.1095
 31391	53.6944
 31392	55.0466
 31393	57.4434
 31394	50.352
 31395	56.2257
 31396	63.2306
 31397	59.4016
 31398	67.1974
 31399	64.0167
 31400	57.1514
 31401	64.3755
 31402	60.0876
 31403	60.9891
 31404	70.9414
 31405	67.6889
 31406	68.9176
 31407	77.8227
 31408	74.698
 31409	74.3187
 31410	83.2272
 31411	85.3338
 31412	86.644
 31413	92.4429
 31414	96.0682
 31415	102.255
 31416	104.929
 31417	105.015
 31418	110.806
 31419	112.242
 31420	111.923
 31421	123.292
 31422	126.557
 31423	120.858
 31424	125.505
 31425	127.866
 31426	129.109
 31427	133.381
 31428	130.624
 31429	129.399
 31430	129.481
 31431	129.5
 31432	135.946
 31433	137.742
 31434	138.176
 31435	144.644
 31436	143.448
 31437	141.886
 31438	143.512
 31439	141.371
 31440	139.409
 31441	146.476
 31442	145.864
 31443	148.708
 31444	151.098
 31445	150.393
 31446	151.093
 31447	152.336
 31448	148.773
 31449	146.365
 31450	144.496
 31451	144.552
 31452	147.722
 31453	148.208
 31454	148.1
 31455	148.98
 31456	146.157
 31457	143.81
 31458	145.601
 31459	149.864
 31460	144.473
 31461	145.826
 31462	149.446
 31463	143.232
 31464	142.818
 31465	143.362
 31466	141.264
 31467	147.272
 31468	150.883
 31469	150.817
 31470	152.98
 31471	152.283
 31472	149.901
 31473	152.175
 31474	148.111
 31475	146.191
 31476	150.441
 31477	152.916
 31478	152.986
 31479	152.316
 31480	150.339
 31481	147.296
 31482	148.792
 31483	144.276
 31484	139.797
 31485	141.147
 31486	139.047
 31487	134.911
 31488	133.473
 31489	130.215
 31490	127.525
 31491	129.351
 31492	128.203
 31493	129.658
 31494	129.986
 31495	129.406
 31496	135.968
 31497	134.599
 31498	125.173
 31499	130.741
 31500	133.069
 31501	126.94
 31502	132.441
 31503	137.614
 31504	133.306
 31505	131.105
 31506	135.019
 31507	137.294
 31508	136.793
 31509	133.142
 31510	135.521
 31511	134.329
 31512	128.379
 31513	130.706
 31514	131.982
 31515	124.653
 31516	122.594
 31517	128.092
 31518	126.963
 31519	124.91
 31520	133.815
 31521	134.21
 31522	125.787
 31523	122.286
 31524	125.737
 31525	124.424
 31526	121.942
 31527	122.567
 31528	124.109
 31529	120.089
 31530	112.015
 31531	110.78
 31532	110.413
 31533	106.04
 31534	110.647
 31535	114.514
 31536	109.025
 31537	109.641
 31538	115.455
 31539	115.446
 31540	111.543
 31541	113.552
 31542	119.155
 31543	122.995
 31544	125.055
 31545	129.457
 31546	134.773
 31547	139.419
 31548	143.63
 31549	144.664
 31550	148.298
 31551	146.447
 31552	143.98
 31553	146.288
 31554	147.975
 31555	144.35
 31556	141.52
 31557	139.184
 31558	137.187
 31559	132.93
 31560	129.66
 31561	130.88
 31562	130.892
 31563	125.569
 31564	121.508
 31565	118.979
 31566	120.979
 31567	123.612
 31568	123.696
 31569	120.22
 31570	119.569
 31571	118.26
 31572	119.087
 31573	120.952
 31574	121.369
 31575	122.527
 31576	129.218
 31577	129.27
 31578	123.215
 31579	124.692
 31580	127.654
 31581	122.538
 31582	124.897
 31583	128.565
 31584	124.743
 31585	125.494
 31586	128.199
 31587	125.301
 31588	121.494
 31589	118.708
 31590	122.628
 31591	124.022
 31592	124.623
 31593	131.453
 31594	135.23
 31595	130.384
 31596	131.808
 31597	136.965
 31598	136.221
 31599	133.473
 31600	136.575
 31601	141.279
 31602	143.959
 31603	143.312
 31604	146.934
 31605	145.972
 31606	142.874
 31607	146.745
 31608	152.68
 31609	148.557
 31610	149.358
 31611	153.203
 31612	156.072
 31613	153.204
 31614	152.486
 31615	156.463
 31616	156.053
 31617	151.503
 31618	155.776
 31619	159.443
 31620	156.436
 31621	155.127
 31622	160.966
 31623	158.871
 31624	154.164
 31625	158.982
 31626	162.743
 31627	157.797
 31628	155.381
 31629	160.292
 31630	158.995
 31631	157.839
 31632	159.417
 31633	160.987
 31634	158.973
 31635	154.778
 31636	150.604
 31637	152.39
 31638	152.114
 31639	149.051
 31640	154.241
 31641	157.567
 31642	153.679
 31643	156.019
 31644	157.871
 31645	155.409
 31646	154.598
 31647	151.902
 31648	151.943
 31649	153.601
 31650	155.381
 31651	154.466
 31652	147.795
 31653	142.687
 31654	142.887
 31655	143.678
 31656	148.197
 31657	151.368
 31658	152.152
 31659	153.406
 31660	154.833
 31661	155.852
 31662	160.018
 31663	164.022
 31664	165.73
 31665	166.666
 31666	168.346
 31667	173.386
 31668	172.488
 31669	175.19
 31670	175.227
 31671	169.934
 31672	168.16
 31673	174.883
 31674	176.333
 31675	175.323
 31676	172.872
 31677	176.915
 31678	179.353
 31679	175.308
 31680	175.964
 31681	-178.862
 31682	175.684
 31683	171.313
 31684	171.246
 31685	168.869
 31686	168.839
 31687	169.999
 31688	165.128
 31689	161.921
 31690	159.641
 31691	156.459
 31692	158.612
 31693	159.809
 31694	160.096
 31695	160.138
 31696	161.375
 31697	157.633
 31698	156.234
 31699	159.795
 31700	164.683
 31701	163.364
 31702	162.624
 31703	163.868
 31704	161.203
 31705	159.008
 31706	159.819
 31707	160.585
 31708	163.14
 31709	164.881
 31710	164.035
 31711	166.184
 31712	168.862
 31713	172.848
 31714	165.661
 31715	163.826
 31716	168.857
 31717	170.453
 31718	163.172
 31719	165.985
 31720	167.275
 31721	166.654
 31722	164.971
 31723	159.821
 31724	158.462
 31725	159.62
 31726	161.831
 31727	163.688
 31728	161.132
 31729	156.553
 31730	156.386
 31731	156.165
 31732	159.29
 31733	158.373
 31734	156.495
 31735	154.687
 31736	155.711
 31737	152.241
 31738	150.117
 31739	151.043
 31740	156.642
 31741	152.263
 31742	144.182
 31743	143.985
 31744	144.942
 31745	141.453
 31746	140.79
 31747	143.596
 31748	142.655
 31749	141.052
 31750	136.015
 31751	127.683
 31752	124.861
 31753	127.793
 31754	126.369
 31755	124.247
 31756	121.171
 31757	118.701
 31758	119.591
 31759	120.663
 31760	119.291
 31761	120.621
 31762	122.105
 31763	122.239
 31764	128.193
 31765	128.729
 31766	130.484
 31767	132.769
 31768	132.169
 31769	130.661
 31770	133.624
 31771	132.906
 31772	138.896
 31773	139.837
 31774	139.04
 31775	137.39
 31776	134.967
 31777	135.234
 31778	143.359
 31779	142.233
 31780	135.649
 31781	135.268
 31782	136.751
 31783	133.809
 31784	138.328
 31785	143.078
 31786	141.87
 31787	137.862
 31788	140.925
 31789	137.988
 31790	136.643
 31791	138.285
 31792	142.329
 31793	139.66
 31794	138.285
 31795	135.034
 31796	132.79
 31797	133.925
 31798	139.209
 31799	143.307
 31800	139.667
 31801	139.689
 31802	144.031
 31803	143.973
 31804	147.682
 31805	158.452
 31806	160.277
 31807	154.587
 31808	156.403
 31809	159.287
 31810	165.847
 31811	171.818
 31812	175.33
 31813	174.022
 31814	175.604
 31815	175.175
 31816	176.125
 31817	177.763
 31818	178.254
 31819	176.408
 31820	177.013
 31821	175.318
 31822	170.78
 31823	166.856
 31824	167.48
 31825	166.689
 31826	165.894
 31827	163.917
 31828	164.31
 31829	161.426
 31830	159.048
 31831	158.72
 31832	149.389
 31833	143.217
 31834	145.362
 31835	149.303
 31836	147.929
 31837	146.258
 31838	140.239
 31839	137.094
 31840	133.043
 31841	136.03
 31842	136.732
 31843	133.465
 31844	133.948
 31845	129.638
 31846	128.094
 31847	131.159
 31848	133.685
 31849	136.966
 31850	136.261
 31851	134.346
 31852	138.416
 31853	140.914
 31854	141.967
 31855	150.395
 31856	150.532
 31857	145.94
 31858	146.116
 31859	147.831
 31860	150.043
 31861	152.539
 31862	157.576
 31863	159.754
 31864	156.641
 31865	155.906
 31866	158.354
 31867	158.814
 31868	160.025
 31869	158.393
 31870	155.353
 31871	155.993
 31872	154.87
 31873	157.374
 31874	156.267
 31875	151.177
 31876	154.332
 31877	159.477
 31878	160.638
 31879	160.675
 31880	158.178
 31881	159.021
 31882	160.642
 31883	157.226
 31884	156.227
 31885	158.169
 31886	157.562
 31887	155.593
 31888	153.554
 31889	154.56
 31890	153
 31891	152.083
 31892	151.585
 31893	154.357
 31894	154.132
 31895	150.708
 31896	141.957
 31897	139.76
 31898	139.75
 31899	139.471
 31900	135.486
 31901	134.044
 31902	136.593
 31903	132.778
 31904	124.814
 31905	128.869
 31906	132.846
 31907	126.623
 31908	125.359
 31909	126.506
 31910	124.403
 31911	127.809
 31912	126.009
 31913	129.632
 31914	130.33
 31915	126.982
 31916	128.433
 31917	131.347
 31918	127.205
 31919	130.609
 31920	132.493
 31921	129.901
 31922	129.553
 31923	129.375
 31924	126.042
 31925	126.951
 31926	127.468
 31927	125.47
 31928	127.6
 31929	131.223
 31930	130.492
 31931	130.244
 31932	124.135
 31933	120.063
 31934	125.391
 31935	124.456
 31936	117.151
 31937	123.712
 31938	126.316
 31939	122.698
 31940	125.978
 31941	122.469
 31942	117.728
 31943	119.886
 31944	116.223
 31945	116.997
 31946	121.955
 31947	120.12
 31948	126.078
 31949	129.417
 31950	124.225
 31951	129.764
 31952	128.376
 31953	124.369
 31954	130.501
 31955	132.795
 31956	129.46
 31957	130.583
 31958	127.307
 31959	125.833
 31960	129.842
 31961	130.537
 31962	131.669
 31963	132.355
 31964	131.206
 31965	128.849
 31966	133.632
 31967	134.435
 31968	134.381
 31969	137.986
 31970	134.763
 31971	134.542
 31972	141.079
 31973	136.189
 31974	131.564
 31975	135.617
 31976	135.452
 31977	137.183
 31978	135.266
 31979	129.665
 31980	130.576
 31981	129.287
 31982	128.155
 31983	133.139
 31984	133.083
 31985	134.829
 31986	140.025
 31987	138.116
 31988	138.278
 31989	140.548
 31990	138.755
 31991	139.167
 31992	138.728
 31993	138.101
 31994	140.775
 31995	136.486
 31996	136.205
 31997	137.43
 31998	131.995
 31999	130.387
 32000	131.886
 32001	131.67
 32002	134.092
 32003	136.273
 32004	137.723
 32005	134.552
 32006	136.874
 32007	138.502
 32008	140.839
 32009	139.682
 32010	142.282
 32011	145.054
 32012	143.896
 32013	138.223
 32014	140.17
 32015	143.611
 32016	141.72
 32017	142.426
 32018	143.134
 32019	139.089
 32020	142.934
 32021	144.691
 32022	142.139
 32023	145.726
 32024	146.792
 32025	147.75
 32026	151.69
 32027	153.505
 32028	156.426
 32029	155.666
 32030	155.935
 32031	161.424
 32032	163.195
 32033	164.965
 32034	169.931
 32035	169.829
 32036	168.263
 32037	166.434
 32038	165.247
 32039	163.07
 32040	162.531
 32041	161.225
 32042	159.204
 32043	158.546
 32044	158.623
 32045	155.058
 32046	154.445
 32047	155.346
 32048	155.701
 32049	155.051
 32050	154.398
 32051	151.626
 32052	153.397
 32053	153.86
 32054	153.585
 32055	154.77
 32056	152.321
 32057	157.633
 32058	162.807
 32059	159.358
 32060	161.03
 32061	165.17
 32062	160.716
 32063	162.55
 32064	162.812
 32065	157.591
 32066	158.307
 32067	162.643
 32068	163.391
 32069	158.786
 32070	155.284
 32071	155.343
 32072	158.406
 32073	157.429
 32074	154.385
 32075	154.152
 32076	156.494
 32077	160.08
 32078	162.648
 32079	162.134
 32080	164.468
 32081	163.318
 32082	161.296
 32083	166.525
 32084	170.319
 32085	169.451
 32086	171.791
 32087	173.465
 32088	165.361
 32089	159.774
 32090	163.752
 32091	165.477
 32092	161.64
 32093	162.071
 32094	162.296
 32095	161.261
 32096	163.273
 32097	163.389
 32098	161.193
 32099	158.756
 32100	155.384
 32101	163.305
 32102	164.477
 32103	156.686
 32104	161.019
 32105	163.186
 32106	156.011
 32107	159.883
 32108	164.186
 32109	162.704
 32110	166.562
 32111	168.791
 32112	165.435
 32113	167.651
 32114	167.153
 32115	165.281
 32116	170.083
 32117	172.423
 32118	164.722
 32119	167.043
 32120	169.886
 32121	165.652
 32122	165.791
 32123	163.331
 32124	158.499
 32125	159.179
 32126	156.651
 32127	151.932
 32128	151.546
 32129	148.65
 32130	145.3
 32131	149.659
 32132	146.919
 32133	146.47
 32134	149.416
 32135	145.18
 32136	145.73
 32137	150.846
 32138	146.571
 32139	149.021
 32140	150.598
 32141	149.269
 32142	150.638
 32143	152.196
 32144	148.773
 32145	155.307
 32146	159.092
 32147	155.774
 32148	155.697
 32149	158.891
 32150	155.226
 32151	149.631
 32152	147.751
 32153	148.239
 32154	147.41
 32155	146.124
 32156	145.09
 32157	149.012
 32158	147.964
 32159	145.454
 32160	148.597
 32161	150.921
 32162	146.453
 32163	148.971
 32164	154.372
 32165	154.585
 32166	156.805
 32167	155.72
 32168	153.634
 32169	157.559
 32170	155.331
 32171	155.764
 32172	161.109
 32173	160.323
 32174	161.991
 32175	162.929
 32176	157.559
 32177	157.906
 32178	160.104
 32179	157.341
 32180	149.872
 32181	148.065
 32182	146.362
 32183	146.052
 32184	145.275
 32185	147.378
 32186	149.329
 32187	146.793
 32188	146.677
 32189	151.696
 32190	154.328
 32191	153.041
 32192	156.266
 32193	159.111
 32194	154.137
 32195	151.051
 32196	155.165
 32197	157.003
 32198	159.414
 32199	157.901
 32200	155.512
 32201	155.351
 32202	152.916
 32203	148.7
 32204	154.647
 32205	153.803
 32206	151.967
 32207	153.961
 32208	151.627
 32209	150.275
 32210	150.123
 32211	145.536
 32212	146.588
 32213	149.632
 32214	148.236
 32215	149.559
 32216	151.197
 32217	150.584
 32218	149.154
 32219	145.393
 32220	142.85
 32221	140.321
 32222	142.312
 32223	143.641
 32224	141.01
 32225	143.568
 32226	145.538
 32227	142.355
 32228	145.513
 32229	148.283
 32230	147.884
 32231	148.609
 32232	151.506
 32233	153.443
 32234	155.299
 32235	153.262
 32236	156.901
 32237	158.178
 32238	156.842
 32239	160.528
 32240	163.984
 32241	163.416
 32242	164.29
 32243	163.191
 32244	162.178
 32245	162.231
 32246	160.438
 32247	164.121
 32248	167.958
 32249	164.076
 32250	162.785
 32251	166.049
 32252	168.752
 32253	169.33
 32254	165.211
 32255	167.424
 32256	171.16
 32257	170.568
 32258	170.03
 32259	169.433
 32260	170.135
 32261	174.586
 32262	174.274
 32263	173.725
 32264	175.599
 32265	174.471
 32266	171.378
 32267	167.034
 32268	163.814
 32269	162.293
 32270	158.091
 32271	154.036
 32272	160.03
 32273	159.178
 32274	156.23
 32275	156.437
 32276	153.105
 32277	153.637
 32278	161.19
 32279	161.967
 32280	161.839
 32281	162.957
 32282	162.732
 32283	162.749
 32284	163.112
 32285	165.727
 32286	166.014
 32287	163.371
 32288	167.387
 32289	171.74
 32290	170.026
 32291	166.306
 32292	168.816
 32293	172.029
 32294	167.73
 32295	167.971
 32296	171.524
 32297	168.605
 32298	168.84
 32299	168.146
 32300	159.273
 32301	160.546
 32302	166.939
 32303	163.608
 32304	163.776
 32305	165.054
 32306	160.094
 32307	155.717
 32308	153.818
 32309	154.304
 32310	155.348
 32311	151.451
 32312	147.247
 32313	146.947
 32314	146.397
 32315	146.56
 32316	145.673
 32317	148.052
 32318	153.557
 32319	156.651
 32320	157.19
 32321	158.63
 32322	160.674
 32323	162.688
 32324	166.945
 32325	171.398
 32326	171.45
 32327	176.388
 32328	-179.194
 32329	171.575
 32330	167.743
 32331	176.228
 32332	173.268
 32333	169.145
 32334	173.219
 32335	172.699
 32336	168.261
 32337	167.228
 32338	166.166
 32339	159.551
 32340	151.918
 32341	154.625
 32342	162.3
 32343	157.373
 32344	157.049
 32345	162.251
 32346	159.268
 32347	152.642
 32348	155.122
 32349	160.489
 32350	162.723
 32351	165.766
 32352	169.488
 32353	166.8
 32354	168.263
 32355	170.646
 32356	169.395
 32357	170.222
 32358	168.857
 32359	168.57
 32360	178.21
 32361	178.761
 32362	171.907
 32363	170.073
 32364	167.369
 32365	165.802
 32366	166.998
 32367	162.905
 32368	162.302
 32369	161.623
 32370	150.115
 32371	144.485
 32372	141.911
 32373	143.768
 32374	147.852
 32375	153.75
 32376	154.842
 32377	156.197
 32378	159.421
 32379	160.425
 32380	158.123
 32381	157.821
 32382	156.723
 32383	159.071
 32384	165.66
 32385	162.999
 32386	163.075
 32387	165.258
 32388	159.183
 32389	156.131
 32390	155.492
 32391	153.866
 32392	159.352
 32393	161.888
 32394	153.351
 32395	150.406
 32396	145.838
 32397	144.031
 32398	150.008
 32399	149.806
 32400	147.099
 32401	154.853
 32402	159.16
 32403	161.327
 32404	162.555
 32405	161.047
 32406	160.65
 32407	159.65
 32408	162.522
 32409	168.466
 32410	168.041
 32411	168.8
 32412	170.883
 32413	166.506
 32414	161.354
 32415	166.158
 32416	171.892
 32417	171.961
 32418	176.168
 32419	178.471
 32420	172.775
 32421	171.217
 32422	172.682
 32423	169.191
 32424	168.264
 32425	172.48
 32426	171.796
 32427	170.757
 32428	169.755
 32429	164.476
 32430	160.4
 32431	156.569
 32432	158.547
 32433	166.213
 32434	164.336
 32435	158.981
 32436	161.092
 32437	159.241
 32438	159.161
 32439	160.341
 32440	162.781
 32441	167.962
 32442	170.59
 32443	169.553
 32444	168.925
 32445	163.846
 32446	167.74
 32447	170.176
 32448	170.807
 32449	169.509
 32450	173.007
 32451	172.815
 32452	166.108
 32453	165.004
 32454	173.903
 32455	177.29
 32456	-178.121
 32457	-171.876
 32458	-172.693
 32459	-175.36
 32460	-175.876
 32461	-172.763
 32462	-171.292
 32463	-170.947
 32464	-169.714
 32465	-166.18
 32466	-168.062
 32467	-170.813
 32468	-171.013
 32469	-171.572
 32470	-176.016
 32471	-173.034
 32472	-170.757
 32473	-167.424
 32474	-173.535
 32475	177.038
 32476	173.216
 32477	174.521
 32478	172.734
 32479	173.843
 32480	176.51
 32481	172.466
 32482	165.795
 32483	166.626
 32484	167.526
 32485	164.152
 32486	165.041
 32487	169.259
 32488	171.869
 32489	169.356
 32490	166.837
 32491	169.977
 32492	169.409
 32493	166.447
 32494	171.011
 32495	172.8
 32496	171.911
 32497	174.689
 32498	175.729
 32499	174.199
 32500	172.575
 32501	170.524
 32502	165.471
 32503	164.435
 32504	162.668
 32505	162.22
 32506	163.967
 32507	162.233
 32508	156.426
 32509	158.501
 32510	163.804
 32511	160.03
 32512	157.251
 32513	160.429
 32514	160.416
 32515	155.922
 32516	156.683
 32517	164.344
 32518	163.568
 32519	163.041
 32520	169.064
 32521	175.284
 32522	170.419
 32523	176.851
 32524	-171.967
 32525	-178.311
 32526	176.44
 32527	-176.835
 32528	-174.058
 32529	-179.395
 32530	-177.197
 32531	-177.471
 32532	175.085
 32533	171.924
 32534	170.219
 32535	168.034
 32536	167.395
 32537	169.978
 32538	170.727
 32539	167.788
 32540	167.316
 32541	165.312
 32542	161.291
 32543	155.334
 32544	154.67
 32545	154.557
 32546	151.531
 32547	150.444
 32548	146.817
 32549	145.327
 32550	147.54
 32551	147.657
 32552	144.362
 32553	145.874
 32554	146.475
 32555	149.666
 32556	147.438
 32557	142.181
 32558	142.701
 32559	147.515
 32560	147.92
 32561	143.677
 32562	142.428
 32563	143.872
 32564	145.045
 32565	141.448
 32566	141.393
 32567	149.359
 32568	154.558
 32569	151.325
 32570	149.154
 32571	150.837
 32572	155.046
 32573	158.412
 32574	164.467
 32575	162.636
 32576	159.48
 32577	158.6
 32578	156.766
 32579	156.754
 32580	157.115
 32581	151.421
 32582	146.924
 32583	145.264
 32584	144.064
 32585	146.57
 32586	149.059
 32587	145.886
 32588	143.517
 32589	145.884
 32590	141.76
 32591	138.516
 32592	136.339
 32593	136.556
 32594	135.394
 32595	132.503
 32596	134.893
 32597	141.917
 32598	140.225
 32599	138.461
 32600	139.338
 32601	137.444
 32602	139.452
 32603	141.606
 32604	143.861
 32605	146.103
 32606	147.548
 32607	148.315
 32608	149.981
 32609	148.537
 32610	147.666
 32611	150.337
 32612	157.708
 32613	157.856
 32614	161.31
 32615	166.46
 32616	163.695
 32617	158.955
 32618	159.844
 32619	158.565
 32620	159.186
 32621	160.986
 32622	161.049
 32623	163.352
 32624	160.83
 32625	159.501
 32626	164.966
 32627	161.715
 32628	156.363
 32629	161.253
 32630	160.616
 32631	160.415
 32632	166.038
 32633	169.497
 32634	165.632
 32635	166.641
 32636	169.145
 32637	168.471
 32638	165.197
 32639	165.74
 32640	169.028
 32641	168.781
 32642	167.02
 32643	164.404
 32644	162.788
 32645	158.822
 32646	160.026
 32647	164.746
 32648	166.18
 32649	163.703
 32650	161.795
 32651	158.484
 32652	159.881
 32653	161.243
 32654	159.534
 32655	162.47
 32656	162.672
 32657	160.423
 32658	165.892
 32659	170.308
 32660	166.105
 32661	168.563
 32662	170.871
 32663	168.284
 32664	163.055
 32665	165.886
 32666	164.888
 32667	164.315
 32668	159.89
 32669	159.761
 32670	160.884
 32671	161.263
 32672	159.188
 32673	162.622
 32674	162.649
 32675	160.071
 32676	161.379
 32677	160.535
 32678	158.157
 32679	155.522
 32680	153.408
 32681	150.804
 32682	151.405
 32683	152.805
 32684	159.476
 32685	166.815
 32686	168.722
 32687	170.596
 32688	173.636
 32689	171.584
 32690	174.329
 32691	179.807
 32692	175.933
 32693	175.611
 32694	179.852
 32695	177.538
 32696	174.538
 32697	175.297
 32698	170.282
 32699	169.751
 32700	173.399
 32701	171.301
 32702	167.272
 32703	165.528
 32704	166.118
 32705	166.12
 32706	160.97
 32707	158.921
 32708	156.803
 32709	153.628
 32710	155.394
 32711	155.798
 32712	153.043
 32713	153.527
 32714	155.284
 32715	149.241
 32716	150.259
 32717	151.864
 32718	146.235
 32719	140.678
 32720	146.884
 32721	152.107
 32722	153.049
 32723	151.331
 32724	149.273
 32725	147.812
 32726	148.236
 32727	150.812
 32728	158.305
 32729	166.102
 32730	166.865
 32731	166.106
 32732	166.593
 32733	168.98
 32734	171.497
 32735	171.323
 32736	170.288
 32737	176.952
 32738	177.635
 32739	174.576
 32740	177.348
 32741	176.098
 32742	170.822
 32743	171.681
 32744	168.768
 32745	171.146
 32746	175.516
 32747	169.483
 32748	164.153
 32749	163.145
 32750	161.984
 32751	165.645
 32752	168.029
 32753	163.601
 32754	164.575
 32755	159.291
 32756	154.181
 32757	161.257
 32758	162.766
 32759	161.445
 32760	168.613
 32761	169.735
 32762	159.561
 32763	162.941
 32764	162.96
 32765	157.712
 32766	158.422
 32767	164.144
 32768	163.668
 32769	162.605
 32770	164.619
 32771	171.147
 32772	171.706
 32773	163.505
 32774	165.424
 32775	174.296
 32776	171.298
 32777	173.316
 32778	178.487
 32779	167.036
 32780	163.59
 32781	170.573
 32782	166.6
 32783	165.363
 32784	168.527
 32785	162.778
 32786	165.063
 32787	172.747
 32788	173.075
 32789	174.095
 32790	172.334
 32791	163.596
 32792	164.431
 32793	166.42
 32794	166.093
 32795	169.855
 32796	171.266
 32797	166.921
 32798	162.005
 32799	155.405
 32800	154.937
 32801	164.615
 32802	163.459
 32803	158.901
 32804	166.393
 32805	166.302
 32806	160.272
 32807	164.21
 32808	162.78
 32809	160.804
 32810	165.835
 32811	164.263
 32812	161.137
 32813	165.462
 32814	166.27
 32815	162.938
 32816	159.403
 32817	158.091
 32818	163.463
 32819	167.683
 32820	164.452
 32821	166.197
 32822	166.29
 32823	162.62
 32824	165.026
 32825	168.596
 32826	163.999
 32827	162.078
 32828	161.644
 32829	158.161
 32830	160.88
 32831	163.47
 32832	159.288
 32833	159.377
 32834	157.935
 32835	152.707
 32836	155.758
 32837	159.834
 32838	158.202
 32839	161.373
 32840	159.154
 32841	154.575
 32842	157.047
 32843	155.261
 32844	155.099
 32845	160.643
 32846	161.083
 32847	160.047
 32848	161.472
 32849	152.198
 32850	146.639
 32851	146.599
 32852	141.836
 32853	143.561
 32854	149.256
 32855	150.146
 32856	149.708
 32857	147.14
 32858	143.706
 32859	146.135
 32860	147.862
 32861	147.895
 32862	151.172
 32863	156.059
 32864	151.523
 32865	152.874
 32866	156.773
 32867	157.302
 32868	157.974
 32869	161.503
 32870	164.273
 32871	169.9
 32872	171.779
 32873	169.262
 32874	168.255
 32875	163.681
 32876	159.586
 32877	162.719
 32878	163.309
 32879	160.135
 32880	164.079
 32881	163.157
 32882	158.133
 32883	157.292
 32884	157.336
 32885	157.3
 32886	152.752
 32887	150.462
 32888	160.868
 32889	157.09
 32890	147.353
 32891	150.927
 32892	150.818
 32893	142.466
 32894	145.863
 32895	153.855
 32896	156.397
 32897	157.614
 32898	155.09
 32899	153.321
 32900	152.661
 32901	148.959
 32902	151.797
 32903	158.572
 32904	157.69
 32905	158.808
 32906	161.047
 32907	156.008
 32908	152.457
 32909	154.563
 32910	155.763
 32911	158.25
 32912	163.932
 32913	161.006
 32914	158.432
 32915	157.941
 32916	158.423
 32917	157.661
 32918	151.288
 32919	151.651
 32920	163.007
 32921	163.149
 32922	158.348
 32923	163.622
 32924	165.444
 32925	161.544
 32926	165.663
 32927	172.721
 32928	174.223
 32929	172.193
 32930	169.543
 32931	169.715
 32932	170.428
 32933	171.125
 32934	173.333
 32935	171.095
 32936	167.497
 32937	169.406
 32938	168.225
 32939	161.003
 32940	163.797
 32941	168.568
 32942	158.787
 32943	157.023
 32944	160.716
 32945	155.13
 32946	152.632
 32947	155.047
 32948	151.086
 32949	156.28
 32950	158.691
 32951	156.224
 32952	158.42
 32953	156.71
 32954	154.894
 32955	158.601
 32956	159.836
 32957	164.607
 32958	170.081
 32959	168.177
 32960	165.291
 32961	165.812
 32962	162.935
 32963	164.047
 32964	164.161
 32965	161.626
 32966	163.393
 32967	164.935
 32968	154.845
 32969	151.293
 32970	157.37
 32971	153.718
 32972	150.157
 32973	156.189
 32974	151.442
 32975	145.525
 32976	148.693
 32977	146.739
 32978	143.775
 32979	146.065
 32980	149.067
 32981	149.353
 32982	143.193
 32983	141.427
 32984	148.117
 32985	150.468
 32986	151.218
 32987	158.368
 32988	158.508
 32989	159.658
 32990	164.525
 32991	163.571
 32992	162.516
 32993	167.519
 32994	163.796
 32995	159.444
 32996	163.842
 32997	166.311
 32998	166.168
 32999	166.9
 33000	165.449
 33001	169.681
 33002	171.306
 33003	163.983
 33004	159.548
 33005	159.712
 33006	154.664
 33007	153.244
 33008	155.871
 33009	155.779
 33010	156.231
 33011	155.938
 33012	150.081
 33013	148.499
 33014	148.884
 33015	146.997
 33016	149.605
 33017	149.033
 33018	145.906
 33019	143.401
 33020	140.738
 33021	139.399
 33022	140.449
 33023	139.99
 33024	139.628
 33025	145.361
 33026	147.137
 33027	150.223
 33028	151.767
 33029	149.263
 33030	147.144
 33031	149.439
 33032	149.415
 33033	149.652
 33034	152.691
 33035	153.851
 33036	154.883
 33037	157.674
 33038	161.22
 33039	166.019
 33040	162.402
 33041	158.23
 33042	160.482
 33043	162.526
 33044	163.335
 33045	161.764
 33046	158.219
 33047	159.076
 33048	157.714
 33049	153.62
 33050	155.723
 33051	157.658
 33052	156.416
 33053	156.377
 33054	162.747
 33055	163.722
 33056	163.594
 33057	163.289
 33058	158.83
 33059	162.01
 33060	167.623
 33061	164.059
 33062	165.292
 33063	169.743
 33064	166.837
 33065	168.491
 33066	168.679
 33067	169.045
 33068	169.698
 33069	163.183
 33070	160.409
 33071	166.732
 33072	165.1
 33073	163.625
 33074	166.8
 33075	162.513
 33076	156.584
 33077	157.602
 33078	155.758
 33079	154.285
 33080	156.403
 33081	158.229
 33082	157.99
 33083	161.692
 33084	164.739
 33085	161.458
 33086	161.022
 33087	165.896
 33088	169.089
 33089	169.633
 33090	173.867
 33091	177.723
 33092	176.523
 33093	174.45
 33094	177.943
 33095	-177.264
 33096	-177.441
 33097	178.543
 33098	177.884
 33099	-178.556
 33100	176.773
 33101	173.638
 33102	178.752
 33103	175.224
 33104	165.095
 33105	164.13
 33106	164.899
 33107	163.29
 33108	160.265
 33109	156.846
 33110	157.083
 33111	157.59
 33112	152.855
 33113	151.215
 33114	149.414
 33115	143.778
 33116	144.607
 33117	147.012
 33118	140.821
 33119	142.373
 33120	148.862
 33121	145.804
 33122	142.205
 33123	143.669
 33124	145.163
 33125	144.326
 33126	144.965
 33127	146.891
 33128	146.746
 33129	146.383
 33130	147.585
 33131	149.427
 33132	146.728
 33133	142.517
 33134	146.822
 33135	149.451
 33136	148.35
 33137	150.622
 33138	152.695
 33139	152.679
 33140	151.002
 33141	147.177
 33142	146.015
 33143	148.003
 33144	148.754
 33145	148.124
 33146	146.841
 33147	142.612
 33148	144.888
 33149	146.816
 33150	143.083
 33151	141.213
 33152	143.333
 33153	147.306
 33154	148.663
 33155	147.78
 33156	149.241
 33157	150.069
 33158	151.496
 33159	153.018
 33160	153.613
 33161	155.027
 33162	157.381
 33163	160.612
 33164	166.752
 33165	165.83
 33166	167.138
 33167	170.28
 33168	172.588
 33169	174.792
 33170	175.869
 33171	175.75
 33172	179.34
 33173	174.376
 33174	167.415
 33175	165.067
 33176	166.463
 33177	168.052
 33178	169.164
 33179	163.912
 33180	164.117
 33181	166.152
 33182	163.729
 33183	160.454
 33184	161.882
 33185	158.646
 33186	151.108
 33187	149.455
 33188	151.292
 33189	148.641
 33190	149.648
 33191	151.162
 33192	149.275
 33193	149.051
 33194	146.871
 33195	142.909
 33196	140.94
 33197	137.649
 33198	139.539
 33199	143.626
 33200	143.242
 33201	139.209
 33202	141.755
 33203	145.772
 33204	146.449
 33205	143.377
 33206	144.621
 33207	148.549
 33208	143.817
 33209	140.371
 33210	144.296
 33211	144.078
 33212	138.725
 33213	138.438
 33214	139.29
 33215	136.841
 33216	138.114
 33217	141.162
 33218	141.209
 33219	139.456
 33220	141.544
 33221	139.907
 33222	132.049
 33223	131.047
 33224	137.361
 33225	139.524
 33226	138.323
 33227	140.246
 33228	140.186
 33229	136.024
 33230	132.805
 33231	134.547
 33232	136.363
 33233	135.598
 33234	140.891
 33235	145.505
 33236	145.419
 33237	149.935
 33238	152.939
 33239	154.176
 33240	149.862
 33241	149.84
 33242	156.401
 33243	160.363
 33244	161.813
 33245	160.685
 33246	155.104
 33247	155.225
 33248	162.03
 33249	160.124
 33250	157.28
 33251	162.647
 33252	166.569
 33253	168.483
 33254	168.424
 33255	171.216
 33256	170.996
 33257	169.327
 33258	166.04
 33259	162.96
 33260	163.275
 33261	168.008
 33262	164.274
 33263	158.135
 33264	154.214
 33265	152.25
 33266	150.041
 33267	149.319
 33268	146.893
 33269	140.979
 33270	138.227
 33271	143.507
 33272	142.883
 33273	135.949
 33274	141.082
 33275	148.211
 33276	140.664
 33277	137.856
 33278	142.512
 33279	136.548
 33280	129.155
 33281	131.801
 33282	137.556
 33283	130.949
 33284	129.121
 33285	133.648
 33286	127.142
 33287	120.12
 33288	121.515
 33289	120.731
 33290	121.075
 33291	122.667
 33292	126.824
 33293	133.646
 33294	134.461
 33295	135.841
 33296	142.688
 33297	144.935
 33298	143.242
 33299	142.288
 33300	148.86
 33301	155.659
 33302	152.141
 33303	148.758
 33304	150.624
 33305	151.512
 33306	151.272
 33307	152.914
 33308	156.863
 33309	160.41
 33310	160.517
 33311	157.257
 33312	155.051
 33313	151.61
 33314	146.973
 33315	152.786
 33316	160.153
 33317	156.801
 33318	156.335
 33319	161.121
 33320	151.578
 33321	144.044
 33322	142.279
 33323	140.752
 33324	143.294
 33325	149.506
 33326	149.331
 33327	145.133
 33328	144.661
 33329	149.3
 33330	145.556
 33331	141.986
 33332	146.762
 33333	149.146
 33334	150.23
 33335	152.883
 33336	152.18
 33337	149.166
 33338	143.071
 33339	143.208
 33340	148.034
 33341	146.253
 33342	146.232
 33343	150.425
 33344	147.158
 33345	143.225
 33346	146.558
 33347	142.641
 33348	140.695
 33349	144.928
 33350	144.157
 33351	146.052
 33352	148.405
 33353	149.422
 33354	154.178
 33355	152.695
 33356	152.935
 33357	155.878
 33358	154.535
 33359	158.123
 33360	166.507
 33361	169.378
 33362	170.286
 33363	170.574
 33364	173.082
 33365	173.608
 33366	166.355
 33367	168.826
 33368	168.683
 33369	164.639
 33370	167.176
 33371	163.989
 33372	156.264
 33373	160.413
 33374	154.566
 33375	143.604
 33376	141.352
 33377	137.8
 33378	140.046
 33379	138.942
 33380	126.662
 33381	132.292
 33382	139.334
 33383	129.227
 33384	129.54
 33385	135.357
 33386	133.319
 33387	131.911
 33388	134.263
 33389	130.556
 33390	128.882
 33391	134.293
 33392	136.333
 33393	133.613
 33394	137.489
 33395	140.637
 33396	148.998
 33397	155.208
 33398	151.041
 33399	151.202
 33400	154.015
 33401	147.98
 33402	151.146
 33403	158.851
 33404	154.873
 33405	157.127
 33406	162.648
 33407	150.488
 33408	149.756
 33409	145.269
 33410	136.247
 33411	138.149
 33412	143.09
 33413	145.261
 33414	154.047
 33415	146.265
 33416	135.85
 33417	136.465
 33418	134.022
 33419	128.791
 33420	134.905
 33421	138.261
 33422	136.511
 33423	137.369
 33424	136.288
 33425	128.874
 33426	129.969
 33427	130.454
 33428	128.411
 33429	129.858
 33430	133.389
 33431	133.806
 33432	136.436
 33433	137.788
 33434	137.833
 33435	138.086
 33436	141.93
 33437	140.538
 33438	142.266
 33439	148.986
 33440	143.405
 33441	136.449
 33442	144.049
 33443	138.206
 33444	130.028
 33445	132.496
 33446	132.179
 33447	125.988
 33448	127.303
 33449	130.775
 33450	133.038
 33451	138.036
 33452	140.729
 33453	135.586
 33454	136.781
 33455	141.854
 33456	146.071
 33457	154.443
 33458	157.011
 33459	156.563
 33460	160.579
 33461	160.288
 33462	157.707
 33463	162.972
 33464	161.873
 33465	161.563
 33466	172
 33467	177.704
 33468	172.306
 33469	167.664
 33470	157.04
 33471	152.951
 33472	160.434
 33473	159.771
 33474	158.708
 33475	163.925
 33476	161.474
 33477	161.592
 33478	167.015
 33479	165.529
 33480	165.776
 33481	176.421
 33482	171.143
 33483	163.3
 33484	167.307
 33485	169.588
 33486	164.605
 33487	165.276
 33488	167.688
 33489	168.059
 33490	168.48
 33491	169.226
 33492	174.839
 33493	174.425
 33494	169.142
 33495	174.403
 33496	177.147
 33497	170.104
 33498	172.613
 33499	175.602
 33500	173.274
 33501	173.736
 33502	173.783
 33503	172.397
 33504	167.476
 33505	160.671
 33506	153.501
 33507	149.86
 33508	143.432
 33509	140.682
 33510	140.85
 33511	142.393
 33512	141.946
 33513	144.399
 33514	141.089
 33515	140.279
 33516	138.267
 33517	138.975
 33518	141.044
 33519	146.029
 33520	148.004
 33521	151.202
 33522	147.908
 33523	149.532
 33524	148.567
 33525	152.765
 33526	154.927
 33527	152.598
 33528	153.302
 33529	162.592
 33530	165.226
 33531	161.566
 33532	166.637
 33533	169.315
 33534	164.187
 33535	164.301
 33536	173.198
 33537	174.507
 33538	172.847
 33539	176.925
 33540	171.76
 33541	164.911
 33542	166.668
 33543	162.755
 33544	159.976
 33545	162.257
 33546	155.337
 33547	153.557
 33548	157.997
 33549	154.569
 33550	155.353
 33551	158.071
 33552	158.814
 33553	164.997
 33554	169.083
 33555	168.887
 33556	167.974
 33557	172.853
 33558	176.946
 33559	170.148
 33560	169.001
 33561	167.753
 33562	168.85
 33563	177.118
 33564	172.541
 33565	164.945
 33566	170.954
 33567	166.709
 33568	156.88
 33569	163.735
 33570	166.557
 33571	165.107
 33572	168.443
 33573	165.255
 33574	162.746
 33575	165.915
 33576	166.582
 33577	171.512
 33578	172.082
 33579	168.509
 33580	170.743
 33581	167.408
 33582	162.873
 33583	163.801
 33584	164.344
 33585	166.692
 33586	167.372
 33587	167.252
 33588	164.551
 33589	163.193
 33590	164.036
 33591	161.259
 33592	162.87
 33593	173.804
 33594	171.211
 33595	171.585
 33596	177.475
 33597	170.687
 33598	167.951
 33599	170.547
 33600	166.776
 33601	170.62
 33602	178.614
 33603	176.063
 33604	174.202
 33605	175.519
 33606	173.657
 33607	171.722
 33608	173.134
 33609	173.882
 33610	173.541
 33611	171.562
 33612	172.049
 33613	173.846
 33614	176.746
 33615	176.789
 33616	174.032
 33617	173.425
 33618	173.517
 33619	177.087
 33620	-177.785
 33621	178.116
 33622	172.623
 33623	171.483
 33624	175.022
 33625	179.494
 33626	178.46
 33627	175.839
 33628	-178.231
 33629	-177.129
 33630	-178.617
 33631	-176.475
 33632	-172.025
 33633	-169.526
 33634	-169.496
 33635	-177.633
 33636	179.516
 33637	179.593
 33638	-179.437
 33639	179.269
 33640	175.808
 33641	172.899
 33642	173.09
 33643	169.65
 33644	163.797
 33645	165.095
 33646	165.313
 33647	166.569
 33648	171.289
 33649	172.362
 33650	167.181
 33651	164.073
 33652	166.572
 33653	167.788
 33654	163.035
 33655	164.528
 33656	163.702
 33657	158.365
 33658	154.438
 33659	157.083
 33660	158.526
 33661	156.714
 33662	157.559
 33663	158.915
 33664	159.554
 33665	163.003
 33666	166.409
 33667	167.516
 33668	169.914
 33669	168.327
 33670	168.082
 33671	168.412
 33672	168.135
 33673	165.788
 33674	168.071
 33675	169.946
 33676	169.417
 33677	166.781
 33678	165.203
 33679	162.222
 33680	165.567
 33681	168.088
 33682	168.383
 33683	171.847
 33684	174.169
 33685	174.747
 33686	-179.464
 33687	177.398
 33688	171.538
 33689	173.558
 33690	176.812
 33691	175.728
 33692	174.24
 33693	171.747
 33694	167.686
 33695	164.762
 33696	163.116
 33697	160.602
 33698	164.989
 33699	167.367
 33700	167.709
 33701	168.848
 33702	169.856
 33703	169.954
 33704	172.894
 33705	166.528
 33706	157.418
 33707	159.906
 33708	159.275
 33709	160.921
 33710	170.289
 33711	167.667
 33712	161.107
 33713	162.831
 33714	158.949
 33715	155.391
 33716	156.71
 33717	156.296
 33718	159.586
 33719	162.692
 33720	159.768
 33721	161.93
 33722	164.95
 33723	163.831
 33724	158.422
 33725	158.43
 33726	160.109
 33727	165.789
 33728	168.608
 33729	162.664
 33730	165.734
 33731	169.641
 33732	163.224
 33733	160.395
 33734	165.996
 33735	162.036
 33736	164.968
 33737	168.506
 33738	161.03
 33739	161.928
 33740	168.806
 33741	163.249
 33742	165.32
 33743	171.72
 33744	171.982
 33745	173.109
 33746	177.84
 33747	175.479
 33748	176.938
 33749	-177.01
 33750	-179.482
 33751	174.054
 33752	175.933
 33753	177.545
 33754	-179.225
 33755	-178.865
 33756	176.603
 33757	175.184
 33758	174.295
 33759	166.926
 33760	171.019
 33761	177.749
 33762	171.412
 33763	172.005
 33764	175.944
 33765	176.458
 33766	177.323
 33767	172.494
 33768	171.315
 33769	177.377
 33770	178.945
 33771	171.165
 33772	173.349
 33773	175.616
 33774	172.081
 33775	171.378
 33776	169.616
 33777	161.931
 33778	161.559
 33779	163.977
 33780	166.351
 33781	167.57
 33782	166.561
 33783	164.159
 33784	166.978
 33785	160.837
 33786	154.078
 33787	163.187
 33788	166.211
 33789	167.38
 33790	169.107
 33791	162.582
 33792	162.868
 33793	169.492
 33794	162.297
 33795	160.042
 33796	163.159
 33797	158.159
 33798	161.601
 33799	166.12
 33800	158.231
 33801	159.933
 33802	162.682
 33803	155.692
 33804	155.614
 33805	155.382
 33806	154.775
 33807	154.238
 33808	151.456
 33809	145.258
 33810	142.114
 33811	143.917
 33812	140.48
 33813	138.952
 33814	138.843
 33815	136.204
 33816	139.705
 33817	143.846
 33818	137.014
 33819	140.782
 33820	146.151
 33821	139.111
 33822	142.503
 33823	147.926
 33824	147.347
 33825	154.749
 33826	152.642
 33827	151.121
 33828	155.404
 33829	148.405
 33830	148.532
 33831	159.284
 33832	153.289
 33833	154.174
 33834	163.554
 33835	162.916
 33836	158.719
 33837	159.767
 33838	157.934
 33839	157.304
 33840	156.783
 33841	157.873
 33842	158.067
 33843	159.482
 33844	158.624
 33845	159.843
 33846	164.668
 33847	161.006
 33848	158.385
 33849	167.219
 33850	169.143
 33851	167.857
 33852	176.739
 33853	176.399
 33854	172.892
 33855	177.441
 33856	176.71
 33857	173.022
 33858	172.404
 33859	169.198
 33860	169.764
 33861	168.983
 33862	164.037
 33863	164.959
 33864	162.012
 33865	155.39
 33866	153.892
 33867	152.403
 33868	150.167
 33869	150.801
 33870	153.52
 33871	156.846
 33872	155.482
 33873	152.558
 33874	150.911
 33875	151.629
 33876	152.514
 33877	152.389
 33878	158.484
 33879	167.501
 33880	163.647
 33881	165.93
 33882	168.57
 33883	163.164
 33884	164.842
 33885	168.983
 33886	169.676
 33887	170.111
 33888	169.628
 33889	170.263
 33890	169.133
 33891	164.185
 33892	165.727
 33893	170.514
 33894	170.313
 33895	172.435
 33896	176.089
 33897	172.869
 33898	172.048
 33899	176.11
 33900	176.907
 33901	174.006
 33902	175.122
 33903	177.867
 33904	175.396
 33905	170.163
 33906	171.648
 33907	175.368
 33908	173.983
 33909	169.738
 33910	171.201
 33911	174.273
 33912	168.714
 33913	160.211
 33914	158.056
 33915	158.417
 33916	162.842
 33917	164.446
 33918	163.581
 33919	162.138
 33920	160.664
 33921	161.74
 33922	165.077
 33923	162.754
 33924	160.185
 33925	164.782
 33926	169.774
 33927	165.948
 33928	162.068
 33929	166.377
 33930	170.813
 33931	167.165
 33932	166.402
 33933	167.387
 33934	166.341
 33935	165.314
 33936	169.015
 33937	170.131
 33938	167.177
 33939	168.268
 33940	170.156
 33941	168.118
 33942	171.599
 33943	172.514
 33944	172.37
 33945	173.395
 33946	173.904
 33947	171.65
 33948	170.848
 33949	166.73
 33950	166.018
 33951	168.132
 33952	169.061
 33953	167.796
 33954	168.879
 33955	172.566
 33956	172.661
 33957	166.15
 33958	164.569
 33959	166.543
 33960	169.412
 33961	172.271
 33962	174.462
 33963	172.361
 33964	167.598
 33965	169.625
 33966	173.572
 33967	170.88
 33968	171.7
 33969	175.28
 33970	173.449
 33971	170.205
 33972	168.65
 33973	173.925
 33974	175.642
 33975	169.958
 33976	167.032
 33977	167.961
 33978	165.7
 33979	166.14
 33980	166.972
 33981	157.906
 33982	153.908
 33983	154.355
 33984	152.2
 33985	153.85
 33986	156.982
 33987	156.769
 33988	159.751
 33989	161.515
 33990	161.228
 33991	162.722
 33992	168.1
 33993	169.486
 33994	174.219
 33995	178.76
 33996	-179.584
 33997	-178.659
 33998	179.527
 33999	174.218
 34000	176.811
 34001	179.779
 34002	179.572
 34003	-179.053
 34004	-179.408
 34005	174.376
 34006	174.851
 34007	173.029
 34008	169.316
 34009	174.244
 34010	175.794
 34011	171.591
 34012	174.936
 34013	177.051
 34014	175.914
 34015	176.233
 34016	175.33
 34017	177.455
 34018	-175.749
 34019	-176.339
 34020	-173.736
 34021	-170.303
 34022	-175.027
 34023	-177.93
 34024	-173.543
 34025	-176.506
 34026	-178.607
 34027	-177.165
 34028	176.591
 34029	171.75
 34030	173.21
 34031	168.351
 34032	168.489
 34033	166.383
 34034	155.941
 34035	153.64
 34036	159.432
 34037	156.21
 34038	154.211
 34039	160.409
 34040	158.303
 34041	152.341
 34042	148.203
 34043	146.999
 34044	148.806
 34045	149.564
 34046	149.954
 34047	150.729
 34048	144.835
 34049	144.574
 34050	150.758
 34051	148.999
 34052	140.383
 34053	144.022
 34054	149.979
 34055	147.658
 34056	144.348
 34057	147.765
 34058	148.275
 34059	148.989
 34060	145.282
 34061	146.407
 34062	154.751
 34063	151.335
 34064	146.999
 34065	157.539
 34066	153.615
 34067	150.628
 34068	157.224
 34069	153.927
 34070	150.724
 34071	160.147
 34072	161.458
 34073	162.097
 34074	162.943
 34075	160.717
 34076	167.671
 34077	170.727
 34078	164.719
 34079	167.055
 34080	172.719
 34081	169.065
 34082	168.442
 34083	172.671
 34084	170.013
 34085	166.703
 34086	167.953
 34087	164.135
 34088	163.798
 34089	169.207
 34090	168.5
 34091	168.649
 34092	167.957
 34093	157.027
 34094	161.135
 34095	170.501
 34096	162.794
 34097	167.987
 34098	174.808
 34099	165.377
 34100	167.065
 34101	173.331
 34102	168.573
 34103	169.77
 34104	172.139
 34105	172.458
 34106	172.742
 34107	174.227
 34108	176.234
 34109	-179.101
 34110	-179.052
 34111	179.432
 34112	179.914
 34113	177.859
 34114	175.244
 34115	-176.96
 34116	-177.804
 34117	172.288
 34118	174.971
 34119	-179.244
 34120	175.727
 34121	176.764
 34122	178.181
 34123	172.613
 34124	177.162
 34125	178.296
 34126	174.385
 34127	176.701
 34128	176.356
 34129	176.247
 34130	179.95
 34131	175.964
 34132	178.58
 34133	-176.289
 34134	177.958
 34135	173.741
 34136	171.746
 34137	169.797
 34138	172.45
 34139	169.207
 34140	164.31
 34141	172.655
 34142	177.445
 34143	167.104
 34144	163.272
 34145	172.545
 34146	168.062
 34147	160.313
 34148	166.809
 34149	166.706
 34150	161.498
 34151	159.604
 34152	158.011
 34153	158.235
 34154	155.605
 34155	158.498
 34156	170.185
 34157	163.334
 34158	155.129
 34159	163.928
 34160	162.214
 34161	155.853
 34162	165.607
 34163	165.044
 34164	157.634
 34165	160.309
 34166	162.185
 34167	159.973
 34168	161.387
 34169	161.505
 34170	161.764
 34171	166.404
 34172	165.327
 34173	161.91
 34174	163.477
 34175	160.737
 34176	159.48
 34177	167.004
 34178	164.892
 34179	160.509
 34180	167.916
 34181	165.523
 34182	159.663
 34183	162.246
 34184	160.249
 34185	165.228
 34186	167.075
 34187	160.368
 34188	164.826
 34189	169.488
 34190	165.105
 34191	164.776
 34192	163.133
 34193	157.803
 34194	161.48
 34195	165.918
 34196	165.441
 34197	166.171
 34198	163.755
 34199	160.753
 34200	162.93
 34201	164.107
 34202	164.952
 34203	171.588
 34204	168.106
 34205	159.811
 34206	169.678
 34207	171.022
 34208	164.002
 34209	168.14
 34210	169.721
 34211	160.935
 34212	164.085
 34213	167.223
 34214	167.115
 34215	168.286
 34216	165.454
 34217	166.331
 34218	170.798
 34219	168.588
 34220	170.351
 34221	-179.273
 34222	175.312
 34223	172.031
 34224	178.196
 34225	176.791
 34226	173.164
 34227	173.91
 34228	165.112
 34229	159.938
 34230	160.747
 34231	151.979
 34232	145.306
 34233	151.426
 34234	151.779
 34235	142.025
 34236	141.857
 34237	139.625
 34238	134.131
 34239	135.419
 34240	131.902
 34241	128.725
 34242	128.588
 34243	120.585
 34244	124.317
 34245	126.962
 34246	115.642
 34247	122.407
 34248	125.681
 34249	108.943
 34250	114.26
 34251	122.142
 34252	119.583
 34253	125.836
 34254	125.768
 34255	122.162
 34256	127.702
 34257	127.415
 34258	128.639
 34259	134.48
 34260	127.989
 34261	125.307
 34262	131.926
 34263	133.075
 34264	137.023
 34265	141.493
 34266	137.964
 34267	130.854
 34268	130.527
 34269	127.684
 34270	128.578
 34271	132.781
 34272	128.383
 34273	129.012
 34274	131.988
 34275	132.131
 34276	132.501
 34277	133.552
 34278	130.681
 34279	133.229
 34280	130.517
 34281	122.018
 34282	129.686
 34283	130.008
 34284	122.112
 34285	125.708
 34286	126.289
 34287	117.805
 34288	123.59
 34289	126.218
 34290	119.977
 34291	123.712
 34292	125.42
 34293	124.867
 34294	126.145
 34295	124.752
 34296	127.606
 34297	127.667
 34298	123.851
 34299	128.893
 34300	133.51
 34301	130.283
 34302	139.9
 34303	143.548
 34304	133.661
 34305	133.394
 34306	137.318
 34307	134.402
 34308	136.577
 34309	139.281
 34310	139.323
 34311	134.759
 34312	134.229
 34313	137.272
 34314	140.169
 34315	140.888
 34316	141.348
 34317	144.768
 34318	144.473
 34319	140.648
 34320	144.098
 34321	145.619
 34322	141.258
 34323	142.691
 34324	142.862
 34325	137.443
 34326	144.383
 34327	145.285
 34328	142.38
 34329	148.035
 34330	147.402
 34331	148.877
 34332	158.707
 34333	159.854
 34334	154.904
 34335	157.68
 34336	160.574
 34337	158.072
 34338	157.577
 34339	159.377
 34340	161.226
 34341	151.14
 34342	146.351
 34343	149.458
 34344	155.326
 34345	151.38
 34346	150.905
 34347	155.739
 34348	156.322
 34349	149.82
 34350	151.774
 34351	150.23
 34352	146.594
 34353	151.088
 34354	155.921
 34355	156.028
 34356	156.501
 34357	153.94
 34358	154.551
 34359	155.062
 34360	153.193
 34361	156.288
 34362	158.643
 34363	158.471
 34364	156.38
 34365	151.089
 34366	150.065
 34367	153.41
 34368	150.997
 34369	149.199
 34370	144.262
 34371	141.179
 34372	140.035
 34373	136.132
 34374	137.44
 34375	142.141
 34376	142.911
 34377	142.491
 34378	139.624
 34379	133.705
 34380	135.579
 34381	142.723
 34382	147.422
 34383	148.048
 34384	147.364
 34385	147.624
 34386	145.399
 34387	143.047
 34388	143.908
 34389	145.9
 34390	146.415
 34391	146.638
 34392	146.988
 34393	144.929
 34394	139.152
 34395	144.166
 34396	148.656
 34397	142.106
 34398	143.177
 34399	148.191
 34400	143.379
 34401	137.561
 34402	138.521
 34403	138.919
 34404	135.933
 34405	139.015
 34406	139.166
 34407	136.573
 34408	134.859
 34409	139.261
 34410	139.624
 34411	140.267
 34412	141.357
 34413	143.194
 34414	137.507
 34415	132.739
 34416	131.604
 34417	127.766
 34418	121.68
 34419	131.668
 34420	130.505
 34421	122.086
 34422	122.825
 34423	125.919
 34424	119.484
 34425	117.13
 34426	120.1
 34427	119.956
 34428	121.273
 34429	124.477
 34430	125.387
 34431	123.088
 34432	122.08
 34433	129.562
 34434	126.045
 34435	119.337
 34436	123.085
 34437	131.086
 34438	132.618
 34439	131.437
 34440	131.712
 34441	128.217
 34442	128.598
 34443	130.896
 34444	122.557
 34445	124.82
 34446	134.303
 34447	133.951
 34448	130.24
 34449	132.557
 34450	134.894
 34451	139.409
 34452	135.44
 34453	130.553
 34454	134.711
 34455	137.08
 34456	140.851
 34457	152.242
 34458	149.863
 34459	145.022
 34460	155.312
 34461	153.449
 34462	146.151
 34463	148.245
 34464	147.017
 34465	140.107
 34466	138.976
 34467	138.241
 34468	136.102
 34469	137.399
 34470	135.495
 34471	130.058
 34472	126.142
 34473	124.539
 34474	124.531
 34475	129.331
 34476	123.636
 34477	120.76
 34478	128.708
 34479	124.584
 34480	120.209
 34481	126.684
 34482	124.626
 34483	125.967
 34484	134.764
 34485	127.387
 34486	128.139
 34487	134.649
 34488	129.399
 34489	131.081
 34490	131.883
 34491	127.399
 34492	132.736
 34493	131.703
 34494	128
 34495	131.804
 34496	131.144
 34497	126.545
 34498	131.401
 34499	127.163
 34500	123.092
 34501	125.87
 34502	123.869
 34503	119.675
 34504	123.462
 34505	123.041
 34506	122.639
 34507	121.841
 34508	122.647
 34509	122.904
 34510	124.085
 34511	124.663
 34512	133.356
 34513	134.447
 34514	128.977
 34515	130.215
 34516	130.735
 34517	128.359
 34518	131.234
 34519	132.197
 34520	128.968
 34521	130.34
 34522	131.831
 34523	126.839
 34524	124.468
 34525	123.893
 34526	128.238
 34527	129.959
 34528	134.489
 34529	136.418
 34530	139.802
 34531	146.74
 34532	146.776
 34533	146.025
 34534	145.194
 34535	140.77
 34536	143.201
 34537	145.414
 34538	137.396
 34539	136.921
 34540	141.07
 34541	134.521
 34542	136.899
 34543	135.926
 34544	135.002
 34545	138.868
 34546	134.282
 34547	128.655
 34548	133.975
 34549	134.933
 34550	138.199
 34551	136.585
 34552	133.066
 34553	137.712
 34554	138.692
 34555	136.481
 34556	144.724
 34557	148.308
 34558	148.569
 34559	149.233
 34560	150.358
 34561	144.301
 34562	139.236
 34563	142.204
 34564	144.934
 34565	141.45
 34566	142.974
 34567	140.861
 34568	139.207
 34569	143.756
 34570	142.391
 34571	144.232
 34572	150.129
 34573	148.767
 34574	146.595
 34575	144.628
 34576	149.826
 34577	158.73
 34578	157.815
 34579	158.058
 34580	162.728
 34581	161.52
 34582	164.505
 34583	164.46
 34584	158.566
 34585	159.628
 34586	163.652
 34587	165.032
 34588	163.769
 34589	157.689
 34590	160.72
 34591	160.739
 34592	158.94
 34593	159.429
 34594	158.969
 34595	158.486
 34596	161.628
 34597	154.943
 34598	154.637
 34599	159.427
 34600	162.38
 34601	162.839
 34602	163.323
 34603	166.811
 34604	170.03
 34605	170.446
 34606	171.223
 34607	172.609
 34608	170.651
 34609	174.596
 34610	177.703
 34611	174.013
 34612	172.796
 34613	173.609
 34614	173.225
 34615	173.91
 34616	178.202
 34617	-175.801
 34618	175.955
 34619	170.551
 34620	168.89
 34621	162.782
 34622	161.735
 34623	166.878
 34624	163.087
 34625	158.931
 34626	160.191
 34627	161.015
 34628	160.167
 34629	156.848
 34630	159.589
 34631	165.222
 34632	162.421
 34633	160.868
 34634	166.372
 34635	161.711
 34636	159.178
 34637	158.849
 34638	156.025
 34639	158.676
 34640	160.617
 34641	157.952
 34642	157.574
 34643	157.609
 34644	156.676
 34645	155.88
 34646	155.53
 34647	159.574
 34648	160.173
 34649	159.668
 34650	161.527
 34651	162.179
 34652	159.046
 34653	157.369
 34654	161.416
 34655	167.567
 34656	168.08
 34657	168.496
 34658	166.521
 34659	161.596
 34660	162.438
 34661	165.202
 34662	162.27
 34663	164.307
 34664	166.279
 34665	162.473
 34666	163.176
 34667	165.127
 34668	167.153
 34669	168.711
 34670	165.328
 34671	161.555
 34672	164.73
 34673	165.032
 34674	168.201
 34675	167.825
 34676	164.707
 34677	169.833
 34678	168.56
 34679	157.082
 34680	156.294
 34681	161.982
 34682	156.527
 34683	150.064
 34684	150.543
 34685	150.979
 34686	148.55
 34687	145.034
 34688	143.644
 34689	145.197
 34690	144.769
 34691	144.475
 34692	144.494
 34693	147.208
 34694	146.988
 34695	143.714
 34696	138.858
 34697	138.778
 34698	140.85
 34699	142.73
 34700	140.965
 34701	143.123
 34702	143.504
 34703	140.842
 34704	141.497
 34705	139.325
 34706	138.866
 34707	144.377
 34708	143.335
 34709	137.028
 34710	135.164
 34711	135.755
 34712	136.856
 34713	139.722
 34714	137.873
 34715	140.155
 34716	141.722
 34717	139.103
 34718	143.366
 34719	144.552
 34720	142.636
 34721	145.598
 34722	143.54
 34723	141.025
 34724	141.877
 34725	144.108
 34726	144.28
 34727	143.972
 34728	145.313
 34729	147.551
 34730	145.221
 34731	148.074
 34732	150.692
 34733	153.207
 34734	152.508
 34735	149.365
 34736	152.188
 34737	160.033
 34738	156.554
 34739	157.076
 34740	162.494
 34741	161.715
 34742	165.503
 34743	166.745
 34744	164.163
 34745	166.657
 34746	173.623
 34747	174.712
 34748	172.167
 34749	171.55
 34750	175.132
 34751	174.553
 34752	172.765
 34753	173.708
 34754	168.511
 34755	163.367
 34756	163.742
 34757	163.045
 34758	164.697
 34759	169.49
 34760	174.709
 34761	176.56
 34762	174.424
 34763	179.665
 34764	-171.762
 34765	-173.581
 34766	-175.385
 34767	-171.238
 34768	-171.442
 34769	-174.778
 34770	-175.908
 34771	-175.436
 34772	-174.961
 34773	-173.346
 34774	-176.47
 34775	179.516
 34776	179.064
 34777	179.289
 34778	175.133
 34779	171.824
 34780	172.343
 34781	169.619
 34782	166.018
 34783	163.946
 34784	158.733
 34785	154.365
 34786	151.01
 34787	152.456
 34788	151.896
 34789	149.072
 34790	151.168
 34791	149.677
 34792	144.803
 34793	143.662
 34794	142.471
 34795	144.172
 34796	146.995
 34797	145.342
 34798	145.134
 34799	143.627
 34800	146.681
 34801	148.885
 34802	145.081
 34803	142.327
 34804	143.357
 34805	140.871
 34806	144.701
 34807	146.385
 34808	146.189
 34809	149.484
 34810	151.519
 34811	152.078
 34812	151.012
 34813	149.9
 34814	154.99
 34815	158.689
 34816	155.659
 34817	157.912
 34818	159.78
 34819	157.456
 34820	158.38
 34821	163.653
 34822	166.552
 34823	161.491
 34824	160.731
 34825	168.017
 34826	163.442
 34827	163.406
 34828	164.261
 34829	159.24
 34830	159.406
 34831	159.983
 34832	156.815
 34833	158.055
 34834	158.537
 34835	159.8
 34836	161.872
 34837	156.51
 34838	155.751
 34839	156.422
 34840	149.19
 34841	146.455
 34842	145.584
 34843	144.44
 34844	147.699
 34845	148.282
 34846	145.821
 34847	145.691
 34848	144.873
 34849	142.153
 34850	140.581
 34851	146.859
 34852	148.58
 34853	143.704
 34854	145.965
 34855	146.527
 34856	145.665
 34857	146.512
 34858	143.453
 34859	147.075
 34860	149.771
 34861	145.094
 34862	145.792
 34863	144.112
 34864	141.526
 34865	147.768
 34866	145.924
 34867	143.364
 34868	145.601
 34869	145.347
 34870	146.556
 34871	149.111
 34872	150.995
 34873	153.371
 34874	155.62
 34875	155.803
 34876	155.445
 34877	154.852
 34878	156.478
 34879	163.115
 34880	170.187
 34881	167.219
 34882	165.846
 34883	172.334
 34884	170.13
 34885	166.759
 34886	170.454
 34887	170.23
 34888	165.892
 34889	166.686
 34890	164.529
 34891	165.183
 34892	165.563
 34893	162.147
 34894	163.707
 34895	164.765
 34896	164.031
 34897	167.487
 34898	166.3
 34899	162.423
 34900	167.635
 34901	166.445
 34902	158.863
 34903	159.377
 34904	164.136
 34905	162.213
 34906	160.495
 34907	163.49
 34908	160.561
 34909	156.696
 34910	157.092
 34911	155.822
 34912	156.123
 34913	163.547
 34914	159.383
 34915	153.357
 34916	156.058
 34917	151.579
 34918	148.718
 34919	147.71
 34920	148.456
 34921	148.837
 34922	141.89
 34923	138.271
 34924	138.958
 34925	129.453
 34926	123.292
 34927	128.587
 34928	127.898
 34929	123.575
 34930	128.439
 34931	128.253
 34932	120.493
 34933	125.426
 34934	124.188
 34935	119.636
 34936	121.84
 34937	125.047
 34938	128.586
 34939	133.842
 34940	128.853
 34941	125.262
 34942	129.365
 34943	124.134
 34944	123.317
 34945	125.753
 34946	119.919
 34947	124.122
 34948	123.761
 34949	117.581
 34950	116.874
 34951	117.418
 34952	116.317
 34953	117.655
 34954	111.443
 34955	109.926
 34956	113.887
 34957	116.922
 34958	115.677
 34959	118.466
 34960	118.162
 34961	116.904
 34962	120.604
 34963	126.263
 34964	122.946
 34965	128.908
 34966	133.949
 34967	130.491
 34968	126.517
 34969	125.273
 34970	125.343
 34971	129.992
 34972	126.101
 34973	127.879
 34974	135.576
 34975	131.081
 34976	128.969
 34977	129.73
 34978	120.135
 34979	120.313
 34980	124.029
 34981	120.788
 34982	120.696
 34983	120.253
 34984	117.853
 34985	121.303
 34986	118.806
 34987	120.147
 34988	123.985
 34989	121.059
 34990	119.022
 34991	121.031
 34992	113.989
 34993	112.845
 34994	117.344
 34995	115.694
 34996	117.67
 34997	123.721
 34998	119.297
 34999	117.91
 35000	118.983
 35001	117.007
 35002	116.48
 35003	119.086
 35004	120.933
 35005	126.198
 35006	124.983
 35007	124.086
 35008	129.176
 35009	128.47
 35010	127.833
 35011	132.917
 35012	128.874
 35013	128.301
 35014	133.665
 35015	132.788
 35016	127.866
 35017	126.407
 35018	129.831
 35019	132.98
 35020	128.078
 35021	125.511
 35022	131.893
 35023	129.254
 35024	122.688
 35025	125.622
 35026	131.913
 35027	133.538
 35028	135.296
 35029	139.584
 35030	139.176
 35031	140.819
 35032	147.235
 35033	149.632
 35034	145.995
 35035	144.155
 35036	148.639
 35037	148.389
 35038	146.256
 35039	144.336
 35040	146.951
 35041	146.257
 35042	147.971
 35043	147.167
 35044	143.182
 35045	139.66
 35046	135.572
 35047	130.448
 35048	135.11
 35049	135.13
 35050	126.363
 35051	127.341
 35052	127.513
 35053	119.971
 35054	119.669
 35055	118.754
 35056	120.604
 35057	120.741
 35058	116.902
 35059	117.659
 35060	115.714
 35061	111.699
 35062	122.019
 35063	117.908
 35064	111.894
 35065	118.234
 35066	121.971
 35067	124.571
 35068	127.359
 35069	127.455
 35070	130.041
 35071	132.365
 35072	133.107
 35073	132.528
 35074	131.687
 35075	132.258
 35076	133.319
 35077	127.455
 35078	123.258
 35079	122.267
 35080	127.58
 35081	125.322
 35082	112.589
 35083	112.387
 35084	120.927
 35085	120.219
 35086	118.12
 35087	118.549
 35088	122.072
 35089	125.976
 35090	125.283
 35091	126.335
 35092	133.138
 35093	129.584
 35094	123.985
 35095	124.717
 35096	123.478
 35097	125.014
 35098	121.404
 35099	122.472
 35100	127.62
 35101	123.61
 35102	127.174
 35103	132.182
 35104	127.805
 35105	126.164
 35106	128.286
 35107	125.09
 35108	126.772
 35109	134.785
 35110	136.962
 35111	136.179
 35112	132.547
 35113	132.405
 35114	133.994
 35115	131.597
 35116	137.535
 35117	142.635
 35118	139.38
 35119	141.65
 35120	148.551
 35121	145.574
 35122	140.546
 35123	140.552
 35124	142.845
 35125	143.691
 35126	143.967
 35127	148.866
 35128	154.509
 35129	147.145
 35130	139.116
 35131	138.026
 35132	135.872
 35133	134.755
 35134	137.384
 35135	133.412
 35136	132.664
 35137	134.99
 35138	134.333
 35139	132.736
 35140	128.591
 35141	129.687
 35142	135.828
 35143	133.658
 35144	131.316
 35145	127.41
 35146	130.894
 35147	135.616
 35148	133.109
 35149	130.744
 35150	136.05
 35151	137.35
 35152	131.575
 35153	133.678
 35154	135.884
 35155	138.122
 35156	138.579
 35157	135.49
 35158	135.611
 35159	138.723
 35160	138.844
 35161	136.113
 35162	139.268
 35163	138.913
 35164	135.002
 35165	132.759
 35166	133.3
 35167	131.609
 35168	130.122
 35169	129.837
 35170	129.085
 35171	123.851
 35172	121.344
 35173	126.776
 35174	128.755
 35175	123.625
 35176	125.561
 35177	129.15
 35178	122.37
 35179	117.694
 35180	123.878
 35181	121.948
 35182	120.464
 35183	117.676
 35184	116.803
 35185	119.198
 35186	121.533
 35187	125.506
 35188	128.666
 35189	124.243
 35190	124.778
 35191	124.539
 35192	120.083
 35193	123.492
 35194	126.952
 35195	125.008
 35196	126.741
 35197	130.136
 35198	135.777
 35199	134.312
 35200	130.345
 35201	133.811
 35202	137.368
 35203	131.622
 35204	129.993
 35205	131.008
 35206	131.026
 35207	127.91
 35208	128.137
 35209	128.194
 35210	127.495
 35211	125.208
 35212	128.647
 35213	130.42
 35214	126.072
 35215	125.917
 35216	127.386
 35217	129.174
 35218	131.855
 35219	133.209
 35220	136.973
 35221	140.681
 35222	142.691
 35223	147.392
 35224	150.826
 35225	152.08
 35226	155.769
 35227	163.217
 35228	161.152
 35229	160.191
 35230	164.495
 35231	169.649
 35232	164.762
 35233	162.304
 35234	160.102
 35235	155.227
 35236	151.923
 35237	153.757
 35238	152.916
 35239	149.722
 35240	148.301
 35241	150.408
 35242	149.678
 35243	146.969
 35244	147.048
 35245	152.552
 35246	151.776
 35247	153.433
 35248	159.398
 35249	159.317
 35250	157.084
 35251	157.984
 35252	155.391
 35253	154.766
 35254	153.474
 35255	152.135
 35256	156.608
 35257	161.508
 35258	157.968
 35259	155.046
 35260	154.361
 35261	153.614
 35262	148.69
 35263	150.436
 35264	153.001
 35265	148.056
 35266	145.438
 35267	146.157
 35268	141.66
 35269	141.249
 35270	148.396
 35271	155.649
 35272	155.838
 35273	154.063
 35274	157.908
 35275	161.578
 35276	156.772
 35277	160.107
 35278	166.116
 35279	166.982
 35280	166.228
 35281	175.118
 35282	175.859
 35283	172.079
 35284	171.62
 35285	174.112
 35286	177.804
 35287	175.714
 35288	173.13
 35289	173.844
 35290	174.729
 35291	172.651
 35292	169.395
 35293	170.082
 35294	173.787
 35295	174.137
 35296	172.208
 35297	172.068
 35298	171.593
 35299	168.919
 35300	167.016
 35301	167.396
 35302	165.478
 35303	166.018
 35304	167.701
 35305	166.746
 35306	162.058
 35307	162.204
 35308	165.682
 35309	167.26
 35310	165.199
 35311	160.482
 35312	160.137
 35313	161.918
 35314	160.555
 35315	161.813
 35316	163.469
 35317	159.355
 35318	159.163
 35319	162.03
 35320	164.928
 35321	168.228
 35322	164.641
 35323	163.682
 35324	169.235
 35325	165.009
 35326	168.477
 35327	169.826
 35328	164.843
 35329	165.784
 35330	170.075
 35331	162.25
 35332	160.292
 35333	163.116
 35334	161.882
 35335	158.887
 35336	156.679
 35337	154.56
 35338	153.745
 35339	153.899
 35340	153.944
 35341	154.673
 35342	158.972
 35343	163.591
 35344	163.103
 35345	162.241
 35346	161.831
 35347	165.701
 35348	167.197
 35349	161.909
 35350	161.329
 35351	164.676
 35352	162.969
 35353	162.999
 35354	162.482
 35355	161.611
 35356	167.99
 35357	169.352
 35358	164.257
 35359	170.927
 35360	172.881
 35361	170.686
 35362	170.557
 35363	167.281
 35364	165.75
 35365	167.212
 35366	164.871
 35367	161.617
 35368	162.487
 35369	159.953
 35370	157.857
 35371	155.888
 35372	158.911
 35373	160.8
 35374	161.433
 35375	159.322
 35376	157.731
 35377	161.516
 35378	163.272
 35379	162.8
 35380	169.261
 35381	172.971
 35382	172.557
 35383	175.071
 35384	174.148
 35385	171.79
 35386	175.324
 35387	177.315
 35388	176.211
 35389	177.571
 35390	179.692
 35391	-176.886
 35392	-179.432
 35393	178.713
 35394	-177.078
 35395	-172.124
 35396	-172.998
 35397	-173.945
 35398	-178.61
 35399	178.866
 35400	-176.853
 35401	179.446
 35402	173.958
 35403	171.631
 35404	173.556
 35405	174.272
 35406	173.202
 35407	172.834
 35408	173.109
 35409	168.302
 35410	165.458
 35411	167.024
 35412	170.03
 35413	168.896
 35414	167.718
 35415	166.972
 35416	163.46
 35417	161.324
 35418	162.909
 35419	160.502
 35420	158.129
 35421	158.576
 35422	159.799
 35423	163.654
 35424	164.272
 35425	160.493
 35426	160.213
 35427	160.446
 35428	155.552
 35429	156.362
 35430	159.16
 35431	162.54
 35432	161.196
 35433	159.22
 35434	159.358
 35435	162.916
 35436	158.842
 35437	158.411
 35438	166.065
 35439	171.881
 35440	170.786
 35441	170.147
 35442	172.529
 35443	174.084
 35444	172.96
 35445	172.401
 35446	172.752
 35447	174.257
 35448	173.776
 35449	175.93
 35450	177.439
 35451	176.913
 35452	170.396
 35453	166.352
 35454	163.144
 35455	163.109
 35456	160.641
 35457	158.417
 35458	159.4
 35459	155.142
 35460	148.522
 35461	150.537
 35462	146.934
 35463	145.021
 35464	145.361
 35465	150.028
 35466	151.71
 35467	153.568
 35468	156.993
 35469	162.141
 35470	159.286
 35471	158.55
 35472	161.941
 35473	164.414
 35474	159.744
 35475	160.486
 35476	163.778
 35477	166.027
 35478	168.642
 35479	166.965
 35480	163.065
 35481	164.879
 35482	168.997
 35483	168.974
 35484	169.754
 35485	173.076
 35486	174.14
 35487	171.826
 35488	168.883
 35489	168.281
 35490	164.106
 35491	159.051
 35492	161.558
 35493	171.22
 35494	169.561
 35495	165.368
 35496	162.888
 35497	157.847
 35498	156.209
 35499	156.303
 35500	152.793
 35501	152.752
 35502	152.357
 35503	155.121
 35504	153.627
 35505	149.61
 35506	148.289
 35507	150.088
 35508	148.689
 35509	151.783
 35510	150.081
 35511	146.999
 35512	147.928
 35513	149.358
 35514	147.423
 35515	149.933
 35516	151.38
 35517	149.205
 35518	151.364
 35519	157.379
 35520	159.295
 35521	160.083
 35522	163.348
 35523	165.094
 35524	167.253
 35525	166.106
 35526	165.129
 35527	170.796
 35528	171.886
 35529	172.689
 35530	176.869
 35531	177.972
 35532	179.444
 35533	-174.012
 35534	-174.517
 35535	-176.99
 35536	-177.713
 35537	179.727
 35538	-175.982
 35539	-172.664
 35540	-176.467
 35541	-177.728
 35542	-179.243
 35543	174.341
 35544	171.135
 35545	172.051
 35546	170.856
 35547	171.184
 35548	175.022
 35549	169.45
 35550	166.384
 35551	166.895
 35552	166.519
 35553	165.028
 35554	164.702
 35555	162.43
 35556	164.95
 35557	164.029
 35558	158.859
 35559	157.155
 35560	155.046
 35561	150.169
 35562	151.511
 35563	153.008
 35564	153.808
 35565	159.549
 35566	162.895
 35567	161.528
 35568	161.384
 35569	160.644
 35570	160.716
 35571	163.693
 35572	162.168
 35573	162.552
 35574	169.691
 35575	169.227
 35576	165.233
 35577	164.788
 35578	161.066
 35579	157.02
 35580	160.144
 35581	158.578
 35582	156.165
 35583	157.65
 35584	160.968
 35585	159.888
 35586	155.734
 35587	153.444
 35588	156.249
 35589	157.159
 35590	158.302
 35591	158.684
 35592	155.56
 35593	156.082
 35594	161.271
 35595	158.195
 35596	154.368
 35597	155.779
 35598	157.795
 35599	159.341
 35600	166.83
 35601	168.963
 35602	163.768
 35603	165.393
 35604	167.329
 35605	161.81
 35606	159.02
 35607	161.187
 35608	163.327
 35609	165.875
 35610	169.098
 35611	171.328
 35612	169.49
 35613	163.323
 35614	161.337
 35615	162.183
 35616	159.115
 35617	158.418
 35618	161.051
 35619	161.167
 35620	160.497
 35621	154.419
 35622	149.811
 35623	150.715
 35624	155.192
 35625	155.17
 35626	153.541
 35627	156.233
 35628	158.982
 35629	159.25
 35630	155.562
 35631	154.57
 35632	160.873
 35633	164.854
 35634	161.535
 35635	157.055
 35636	163.479
 35637	163.74
 35638	155.292
 35639	152.981
 35640	157.224
 35641	155.093
 35642	152.717
 35643	158.136
 35644	160.434
 35645	156.683
 35646	160.032
 35647	166.453
 35648	164.722
 35649	165.411
 35650	167.824
 35651	166.355
 35652	171.599
 35653	176.315
 35654	172.573
 35655	164.461
 35656	164.747
 35657	169.086
 35658	169.019
 35659	162.188
 35660	164.474
 35661	168.719
 35662	163.558
 35663	159.635
 35664	162.722
 35665	159.756
 35666	155.517
 35667	156.699
 35668	156.546
 35669	156.725
 35670	154.693
 35671	156.865
 35672	163.44
 35673	162.733
 35674	156.991
 35675	163.605
 35676	169.296
 35677	168.062
 35678	168.993
 35679	170.545
 35680	172.553
 35681	175.37
 35682	171.613
 35683	168.544
 35684	171.379
 35685	174.123
 35686	169.539
 35687	168.937
 35688	163.246
 35689	161.894
 35690	165.219
 35691	163.482
 35692	158.218
 35693	158.831
 35694	162.155
 35695	157.426
 35696	155.821
 35697	158.045
 35698	159.513
 35699	156.207
 35700	154.079
 35701	154.493
 35702	153.26
 35703	151.131
 35704	149.319
 35705	150.278
 35706	149.343
 35707	154.103
 35708	153.645
 35709	148.495
 35710	153.107
 35711	154.663
 35712	149.609
 35713	152.429
 35714	154.053
 35715	154.481
 35716	157.085
 35717	160.632
 35718	159.41
 35719	159.035
 35720	159.233
 35721	160.766
 35722	161.567
 35723	165.797
 35724	170.17
 35725	167.563
 35726	170.272
 35727	177.806
 35728	177.97
 35729	177.347
 35730	-175.759
 35731	-175.534
 35732	-179.513
 35733	-178.181
 35734	-176.134
 35735	-177.794
 35736	-177.207
 35737	-176.415
 35738	-177.357
 35739	179.548
 35740	174.163
 35741	166.085
 35742	163.105
 35743	166.368
 35744	168.608
 35745	165.661
 35746	158.414
 35747	160.2
 35748	163.866
 35749	160.864
 35750	154.459
 35751	153.444
 35752	150.969
 35753	150.319
 35754	149.547
 35755	151.001
 35756	156.396
 35757	159.356
 35758	156.499
 35759	158.207
 35760	159.369
 35761	159.118
 35762	159.277
 35763	165.42
 35764	172.246
 35765	170.742
 35766	162.559
 35767	165.87
 35768	169.918
 35769	166.941
 35770	165.361
 35771	169.427
 35772	170.503
 35773	170.183
 35774	169.915
 35775	169.38
 35776	171.063
 35777	173.597
 35778	170.204
 35779	165.749
 35780	166.714
 35781	166.213
 35782	164.333
 35783	165.201
 35784	166.797
 35785	168.73
 35786	167.844
 35787	166.605
 35788	168.536
 35789	166.105
 35790	161.548
 35791	165.388
 35792	168.657
 35793	164.617
 35794	161.564
 35795	159.407
 35796	162.229
 35797	165.741
 35798	165.115
 35799	160.519
 35800	162.205
 35801	162.978
 35802	165.304
 35803	167.683
 35804	167.042
 35805	164.466
 35806	167.817
 35807	162.31
 35808	161.601
 35809	164.832
 35810	162.158
 35811	154.847
 35812	160.847
 35813	160.793
 35814	158.449
 35815	156.12
 35816	155.447
 35817	159
 35818	157.398
 35819	151.727
 35820	158.056
 35821	161.343
 35822	159.748
 35823	164.74
 35824	166.252
 35825	161.931
 35826	168.133
 35827	169.935
 35828	169.2
 35829	173.003
 35830	175.271
 35831	173.088
 35832	170.694
 35833	167.532
 35834	171.309
 35835	174.328
 35836	171.292
 35837	172.227
 35838	177.077
 35839	174.604
 35840	173.766
 35841	178.808
 35842	177.143
 35843	173.59
 35844	171.299
 35845	166.145
 35846	168.642
 35847	168.117
 35848	158.232
 35849	156.008
 35850	160.214
 35851	154.218
 35852	149.404
 35853	149.027
 35854	151.911
 35855	153.903
 35856	152.697
 35857	153.383
 35858	156.992
 35859	153.114
 35860	155.132
 35861	160.667
 35862	161.061
 35863	161.301
 35864	159.939
 35865	161.517
 35866	167.842
 35867	167.927
 35868	166.972
 35869	170.117
 35870	175.622
 35871	175.818
 35872	170.477
 35873	170.756
 35874	173.466
 35875	174.101
 35876	173.761
 35877	173.659
 35878	176.193
 35879	178.928
 35880	175.122
 35881	171.525
 35882	171.253
 35883	169.151
 35884	166.263
 35885	163.063
 35886	164.906
 35887	167.175
 35888	160.962
 35889	160.648
 35890	164.838
 35891	156.676
 35892	148.393
 35893	149.585
 35894	153.094
 35895	155.396
 35896	153.513
 35897	153.197
 35898	153.535
 35899	152.532
 35900	149.59
 35901	147.695
 35902	147.679
 35903	152.479
 35904	153.263
 35905	153.214
 35906	152.624
 35907	153.025
 35908	157.295
 35909	159.352
 35910	153.172
 35911	157.23
 35912	161.085
 35913	156.135
 35914	159.228
 35915	169.254
 35916	173.635
 35917	171.528
 35918	173.598
 35919	177.228
 35920	177.005
 35921	176.175
 35922	177.407
 35923	176.487
 35924	177.622
 35925	178.584
 35926	172.299
 35927	168.095
 35928	169.157
 35929	165.583
 35930	164.361
 35931	160.613
 35932	154.872
 35933	154.939
 35934	153.165
 35935	148.954
 35936	149.325
 35937	151.034
 35938	152.013
 35939	149.047
 35940	141.239
 35941	138.957
 35942	140.742
 35943	141.897
 35944	144.236
 35945	144.505
 35946	142.526
 35947	145.293
 35948	148.481
 35949	153.318
 35950	154.729
 35951	155.595
 35952	157.717
 35953	158.798
 35954	160.906
 35955	163.526
 35956	169.998
 35957	172.704
 35958	168.339
 35959	169.299
 35960	171.258
 35961	169.98
 35962	173.075
 35963	175.921
 35964	175.019
 35965	174.058
 35966	169.305
 35967	169.263
 35968	177.262
 35969	179.06
 35970	179.891
 35971	-177.043
 35972	-175.741
 35973	179.903
 35974	-178.63
 35975	-173.801
 35976	-176.079
 35977	179.732
 35978	175.392
 35979	171.843
 35980	169.887
 35981	170.747
 35982	166.796
 35983	159.947
 35984	156.721
 35985	159.123
 35986	156.877
 35987	151.296
 35988	155.115
 35989	162.608
 35990	158.874
 35991	152.732
 35992	165.386
 35993	168.445
 35994	163.217
 35995	166.379
 35996	172.186
 35997	170.988
 35998	173.893
 35999	176.915
 36000	178.381
 36001	174.703
 36002	173.215
 36003	173.277
 36004	169.771
 36005	165.897
 36006	172.507
 36007	172.565
 36008	169.233
 36009	169.46
 36010	169.442
 36011	160.426
 36012	161.49
 36013	166.734
 36014	164.983
 36015	160.58
 36016	163.911
 36017	163.982
 36018	166.169
 36019	166.896
 36020	166.167
 36021	165.064
 36022	159.747
 36023	156.62
 36024	161.59
 36025	160.561
 36026	156.951
 36027	161.109
 36028	163.211
 36029	159.559
 36030	159.115
 36031	159.768
 36032	164.077
 36033	164.872
 36034	163.969
 36035	167.561
 36036	166.483
 36037	158.86
 36038	158.893
 36039	159.818
 36040	154.416
 36041	151.761
 36042	156.508
 36043	156.172
 36044	153.473
 36045	159.357
 36046	159.931
 36047	153.462
 36048	155.098
 36049	158.858
 36050	159.421
 36051	161.814
 36052	169.144
 36053	171.285
 36054	165.419
 36055	166.925
 36056	172.477
 36057	169.598
 36058	165.72
 36059	175.842
 36060	175.045
 36061	166.633
 36062	170.674
 36063	169.707
 36064	156.333
 36065	152.995
 36066	154.6
 36067	154.17
 36068	150.014
 36069	147.939
 36070	149.411
 36071	148.974
 36072	145.964
 36073	141.704
 36074	139.826
 36075	137.903
 36076	137.541
 36077	136.624
 36078	133.273
 36079	131.475
 36080	130.217
 36081	129.102
 36082	130.375
 36083	136.328
 36084	135.853
 36085	132.49
 36086	137.05
 36087	133.128
 36088	133.992
 36089	141.481
 36090	137.712
 36091	138.19
 36092	146.46
 36093	142.916
 36094	146.384
 36095	153.423
 36096	150.136
 36097	153.415
 36098	154.225
 36099	154.521
 36100	155.94
 36101	159.441
 36102	162.653
 36103	167.374
 36104	163.594
 36105	164.466
 36106	168.88
 36107	166.009
 36108	164.034
 36109	174.082
 36110	176.294
 36111	170.95
 36112	171.921
 36113	169.449
 36114	163.513
 36115	166.263
 36116	162.961
 36117	159.717
 36118	160.932
 36119	157.536
 36120	152.678
 36121	156.849
 36122	153.768
 36123	144.706
 36124	143.594
 36125	141.401
 36126	139.565
 36127	141.436
 36128	136.365
 36129	136.968
 36130	144.164
 36131	143.321
 36132	146.003
 36133	148.83
 36134	140.547
 36135	143.515
 36136	146.119
 36137	143.635
 36138	147.027
 36139	148.797
 36140	142.161
 36141	141.841
 36142	143.614
 36143	143.755
 36144	146.515
 36145	147.523
 36146	142.909
 36147	144.885
 36148	144.306
 36149	144.397
 36150	152.239
 36151	156.9
 36152	154.877
 36153	157.84
 36154	157.78
 36155	158.456
 36156	160.316
 36157	161.649
 36158	162.858
 36159	162.449
 36160	161.252
 36161	159.175
 36162	155.845
 36163	152.326
 36164	152.091
 36165	149.994
 36166	144.116
 36167	136.648
 36168	137.96
 36169	133.473
 36170	127.421
 36171	128.097
 36172	123.023
 36173	121.283
 36174	121.844
 36175	116.214
 36176	112.03
 36177	111.61
 36178	110.559
 36179	113.153
 36180	113.862
 36181	115.532
 36182	114.703
 36183	110.34
 36184	111.417
 36185	109.934
 36186	108.582
 36187	109.465
 36188	107.217
 36189	105.014
 36190	107.625
 36191	108.143
 36192	107.281
 36193	111.811
 36194	116.54
 36195	113.769
 36196	117.038
 36197	122.14
 36198	124.126
 36199	124.703
 36200	127.955
 36201	127.823
 36202	125.124
 36203	128.783
 36204	136.375
 36205	134.483
 36206	133.032
 36207	139.226
 36208	139.617
 36209	136.158
 36210	141.059
 36211	138.771
 36212	132.469
 36213	131.763
 36214	135.472
 36215	134.9
 36216	132.743
 36217	134.068
 36218	137.528
 36219	135.228
 36220	133.718
 36221	138.324
 36222	135.302
 36223	131.519
 36224	135.683
 36225	134.774
 36226	132.902
 36227	131.977
 36228	132.327
 36229	133.709
 36230	127.711
 36231	128.554
 36232	136.249
 36233	135.291
 36234	133.538
 36235	133.841
 36236	129.771
 36237	130.13
 36238	131.387
 36239	128.98
 36240	130.544
 36241	128.744
 36242	130.816
 36243	136.854
 36244	139.782
 36245	144.098
 36246	142.049
 36247	139.814
 36248	147.143
 36249	147.204
 36250	148.175
 36251	148.879
 36252	142.481
 36253	142.186
 36254	144.174
 36255	142.334
 36256	151.526
 36257	153.769
 36258	147.444
 36259	147.042
 36260	145.06
 36261	142.532
 36262	149.836
 36263	150.784
 36264	149.662
 36265	152.422
 36266	150.273
 36267	153.396
 36268	155.329
 36269	150.224
 36270	148.767
 36271	153.898
 36272	151.479
 36273	146.599
 36274	150.691
 36275	154.151
 36276	150.003
 36277	146.447
 36278	144.874
 36279	139.432
 36280	136.314
 36281	135.195
 36282	133.91
 36283	131.398
 36284	127.037
 36285	130.498
 36286	135.668
 36287	127.471
 36288	123.873
 36289	130.682
 36290	128.281
 36291	126.81
 36292	132.258
 36293	129.939
 36294	132.136
 36295	131.441
 36296	129.415
 36297	131.833
 36298	129.896
 36299	125.002
 36300	128.647
 36301	123.16
 36302	119.991
 36303	125.258
 36304	128.151
 36305	129.3
 36306	130.717
 36307	129.083
 36308	132.743
 36309	131.695
 36310	132.896
 36311	138.86
 36312	134.145
 36313	134.296
 36314	140.443
 36315	135.622
 36316	133.454
 36317	137.717
 36318	137.241
 36319	135.752
 36320	134.227
 36321	130.995
 36322	135.109
 36323	133.817
 36324	134.252
 36325	139.447
 36326	142.687
 36327	140.246
 36328	141.781
 36329	146.33
 36330	145.855
 36331	143.986
 36332	144.83
 36333	150.122
 36334	147.64
 36335	145.969
 36336	152.607
 36337	152.294
 36338	148.136
 36339	143.212
 36340	140.248
 36341	136.943
 36342	135.075
 36343	134.148
 36344	134.633
 36345	131.135
 36346	133.118
 36347	132.678
 36348	123.543
 36349	123.996
 36350	123.319
 36351	113.802
 36352	110.739
 36353	114.414
 36354	111.592
 36355	110.443
 36356	112.776
 36357	113.749
 36358	110.634
 36359	109.6
 36360	114.612
 36361	117.551
 36362	121.948
 36363	130.789
 36364	132.16
 36365	131.529
 36366	136.461
 36367	142.401
 36368	141.771
 36369	139.396
 36370	141.017
 36371	143.638
 36372	142.005
 36373	144.174
 36374	147.138
 36375	143.333
 36376	138.443
 36377	137.73
 36378	135.092
 36379	132.711
 36380	129.817
 36381	132.126
 36382	136.027
 36383	126.974
 36384	126.605
 36385	130.588
 36386	124.171
 36387	121.23
 36388	123.086
 36389	121.073
 36390	119.747
 36391	124.946
 36392	123.337
 36393	121.286
 36394	125.195
 36395	130.096
 36396	125.563
 36397	124.823
 36398	130.08
 36399	133.381
 36400	137.664
 36401	134.017
 36402	132.635
 36403	136.243
 36404	134.906
 36405	138.048
 36406	140.807
 36407	131.541
 36408	130.563
 36409	138.498
 36410	131.178
 36411	130.884
 36412	134.634
 36413	128.56
 36414	127.62
 36415	130.775
 36416	124.109
 36417	124.668
 36418	127.254
 36419	129.023
 36420	127.511
 36421	125.352
 36422	127.604
 36423	131.565
 36424	127.003
 36425	122.959
 36426	125.017
 36427	125.638
 36428	121.596
 36429	125.831
 36430	126.783
 36431	126.849
 36432	130.28
 36433	135.884
 36434	133.597
 36435	137.5
 36436	138.475
 36437	140.064
 36438	144.034
 36439	143.788
 36440	145.491
 36441	152.279
 36442	155.376
 36443	158.077
 36444	157.725
 36445	155.879
 36446	161.692
 36447	163.913
 36448	162.764
 36449	165.894
 36450	165.078
 36451	163.266
 36452	168.788
 36453	167.469
 36454	160.63
 36455	160.318
 36456	161.147
 36457	156.15
 36458	153.177
 36459	157.424
 36460	160.392
 36461	154.909
 36462	155.008
 36463	154.209
 36464	150.09
 36465	148.288
 36466	148.497
 36467	146.328
 36468	139.474
 36469	138.928
 36470	141.334
 36471	139.4
 36472	135.246
 36473	135.528
 36474	127.311
 36475	122.619
 36476	130.021
 36477	128.938
 36478	121.665
 36479	124.899
 36480	129.437
 36481	131.256
 36482	127.37
 36483	127.025
 36484	137.714
 36485	141.506
 36486	138.781
 36487	141.917
 36488	142.33
 36489	142.424
 36490	143.644
 36491	139.633
 36492	142.25
 36493	147.705
 36494	147.106
 36495	150.691
 36496	155.447
 36497	158.214
 36498	158.869
 36499	156.121
 36500	162.636
 36501	167.041
 36502	161.807
 36503	162.483
 36504	168.64
 36505	170.06
 36506	166.925
 36507	164.217
 36508	159.437
 36509	156.318
 36510	152.462
 36511	151.85
 36512	151.051
 36513	151.27
 36514	156.016
 36515	150.275
 36516	148.198
 36517	152.459
 36518	152.841
 36519	149.035
 36520	150.687
 36521	151.968
 36522	152.178
 36523	148.522
 36524	151.777
 36525	152.532
 36526	146.489
 36527	146.01
 36528	150.127
 36529	149.785
 36530	154.889
 36531	156.148
 36532	154.59
 36533	159.637
 36534	161.738
 36535	159.099
 36536	161.728
 36537	158.699
 36538	162.268
 36539	165.82
 36540	162.679
 36541	162.755
 36542	168.917
 36543	168.504
 36544	165.138
 36545	163.306
 36546	168.279
 36547	169.32
 36548	165.845
 36549	165.476
 36550	166.418
 36551	162.406
 36552	161.484
 36553	160.841
 36554	163.805
 36555	159.425
 36556	154.587
 36557	158.059
 36558	156.581
 36559	151.747
 36560	151.434
 36561	147.739
 36562	150.138
 36563	146.169
 36564	137.616
 36565	143.235
 36566	147.554
 36567	139.245
 36568	140.045
 36569	138.257
 36570	138.369
 36571	140.308
 36572	135.75
 36573	135.584
 36574	140.461
 36575	135.42
 36576	136.028
 36577	142.771
 36578	143.077
 36579	143.095
 36580	141.642
 36581	136.61
 36582	140.074
 36583	144.879
 36584	144.762
 36585	144.648
 36586	151.683
 36587	156.132
 36588	159.405
 36589	159.816
 36590	158.17
 36591	159.713
 36592	162.265
 36593	158.969
 36594	160.098
 36595	165.078
 36596	163.959
 36597	164.547
 36598	166.771
 36599	160.604
 36600	156.689
 36601	159.408
 36602	157.486
 36603	155.687
 36604	158.006
 36605	156.486
 36606	152.824
 36607	147.396
 36608	143.969
 36609	146.135
 36610	146.771
 36611	151.638
 36612	160.542
 36613	154.506
 36614	149.544
 36615	156.446
 36616	152.321
 36617	149.187
 36618	155.179
 36619	157.069
 36620	157.993
 36621	162.841
 36622	160.777
 36623	162.173
 36624	164.576
 36625	162.943
 36626	163.844
 36627	166.176
 36628	164.375
 36629	165.453
 36630	169.195
 36631	163.168
 36632	154.75
 36633	157.439
 36634	158.516
 36635	155.543
 36636	159.127
 36637	161.578
 36638	159.971
 36639	158.371
 36640	152.868
 36641	154.982
 36642	157.124
 36643	156.915
 36644	160.112
 36645	158.897
 36646	155.013
 36647	165.239
 36648	163.708
 36649	156.6
 36650	159.19
 36651	156.608
 36652	154.575
 36653	158.903
 36654	162.64
 36655	160.423
 36656	154.398
 36657	151.678
 36658	150.26
 36659	149.905
 36660	151.704
 36661	153.073
 36662	151.82
 36663	150.051
 36664	146.265
 36665	140.483
 36666	141.605
 36667	138.076
 36668	136.809
 36669	138.047
 36670	138.472
 36671	144.16
 36672	141.672
 36673	136.991
 36674	140.798
 36675	136.897
 36676	132.686
 36677	140.383
 36678	142.687
 36679	140.613
 36680	145.32
 36681	143.14
 36682	140.131
 36683	139.657
 36684	138.163
 36685	139.383
 36686	137.054
 36687	140.339
 36688	144.918
 36689	148.234
 36690	150.108
 36691	152.228
 36692	152.131
 36693	150.406
 36694	150.887
 36695	159.392
 36696	160.145
 36697	152.915
 36698	157.252
 36699	158.92
 36700	153.323
 36701	154.319
 36702	151.933
 36703	151.948
 36704	153.956
 36705	150.348
 36706	154.572
 36707	157.524
 36708	152.952
 36709	152.896
 36710	151.551
 36711	147.527
 36712	150.883
 36713	149.254
 36714	144.27
 36715	143.279
 36716	141.311
 36717	137.549
 36718	139.204
 36719	141.096
 36720	139.573
 36721	139.842
 36722	137.595
 36723	134.303
 36724	135.552
 36725	136.428
 36726	132.607
 36727	138.41
 36728	139.995
 36729	131.319
 36730	131.857
 36731	137.168
 36732	135.464
 36733	134.826
 36734	135.21
 36735	136.834
 36736	134.886
 36737	129.854
 36738	130.089
 36739	133.479
 36740	127.453
 36741	128.156
 36742	133.427
 36743	128.647
 36744	128.119
 36745	134.593
 36746	128.111
 36747	125.94
 36748	130.259
 36749	127.234
 36750	124.562
 36751	130.396
 36752	130.488
 36753	131.595
 36754	129.444
 36755	131.727
 36756	135.959
 36757	132.666
 36758	128.972
 36759	134.129
 36760	135.291
 36761	136.824
 36762	140.282
 36763	138.771
 36764	136.357
 36765	136.377
 36766	132.321
 36767	135.791
 36768	138.158
 36769	139.988
 36770	144.628
 36771	141.751
 36772	134.253
 36773	136.838
 36774	134.467
 36775	133.669
 36776	135.527
 36777	139.658
 36778	136.215
 36779	133.156
 36780	138.62
 36781	141.122
 36782	137.634
 36783	143.47
 36784	145.005
 36785	139.344
 36786	140.372
 36787	143.701
 36788	145.981
 36789	146.34
 36790	147.509
 36791	153.117
 36792	151.801
 36793	148.659
 36794	148.163
 36795	144.722
 36796	143.396
 36797	147.497
 36798	145.539
 36799	143.209
 36800	142.876
 36801	137.251
 36802	135.363
 36803	137.952
 36804	139.031
 36805	137.345
 36806	140.861
 36807	145.084
 36808	140.926
 36809	139.217
 36810	143.812
 36811	140.429
 36812	136.55
 36813	144.286
 36814	149.694
 36815	150.079
 36816	151.215
 36817	154.776
 36818	154.718
 36819	152.228
 36820	158.872
 36821	168.336
 36822	163.647
 36823	162.202
 36824	168.376
 36825	164.35
 36826	163.617
 36827	167.279
 36828	162.755
 36829	160.956
 36830	162.023
 36831	161.934
 36832	161.824
 36833	157.191
 36834	158.69
 36835	159.669
 36836	157.007
 36837	156.042
 36838	152.082
 36839	147.054
 36840	147.343
 36841	142.1
 36842	143.163
 36843	145.209
 36844	145.522
 36845	145.373
 36846	145.078
 36847	145.576
 36848	147.719
 36849	141.366
 36850	143.059
 36851	146.208
 36852	140.798
 36853	141.628
 36854	143.228
 36855	139.679
 36856	140.246
 36857	137.803
 36858	140.068
 36859	145.51
 36860	149.833
 36861	154.364
 36862	153.74
 36863	153.648
 36864	159.766
 36865	154.951
 36866	153.468
 36867	158.415
 36868	159.007
 36869	156.32
 36870	151.016
 36871	148.064
 36872	154.68
 36873	152.106
 36874	145.146
 36875	148.6
 36876	147.59
 36877	142.903
 36878	145.263
 36879	148.502
 36880	150.738
 36881	148.312
 36882	147.358
 36883	144.63
 36884	145.46
 36885	147.622
 36886	146.707
 36887	146.92
 36888	148.524
 36889	142.71
 36890	145.079
 36891	144.585
 36892	136.766
 36893	138.831
 36894	137.34
 36895	132.517
 36896	136.37
 36897	137.877
 36898	140.563
 36899	140.207
 36900	132.908
 36901	133.55
 36902	135.596
 36903	133.843
 36904	135.898
 36905	140.78
 36906	135.242
 36907	132.184
 36908	134.214
 36909	131.347
 36910	130.645
 36911	136.444
 36912	137.915
 36913	138.516
 36914	139.598
 36915	140.748
 36916	141.836
 36917	141.089
 36918	137.908
 36919	142.641
 36920	145.795
 36921	145.191
 36922	146.208
 36923	147.021
 36924	144.546
 36925	142.949
 36926	141.452
 36927	141.809
 36928	138.785
 36929	134.007
 36930	137.895
 36931	141.118
 36932	139.075
 36933	140.94
 36934	143.465
 36935	144.519
 36936	141.259
 36937	142.243
 36938	145.627
 36939	147.832
 36940	145.718
 36941	145.053
 36942	147.787
 36943	151.35
 36944	142.893
 36945	142.03
 36946	147.353
 36947	143.315
 36948	140.557
 36949	142.176
 36950	140.836
 36951	142.881
 36952	143.831
 36953	149.004
 36954	147.463
 36955	141.835
 36956	142.7
 36957	141.801
 36958	135.518
 36959	143.148
 36960	151.158
 36961	153.963
 36962	148.88
 36963	146.522
 36964	150.22
 36965	146.675
 36966	141.328
 36967	145.827
 36968	144.244
 36969	140.005
 36970	140.675
 36971	142.204
 36972	141.557
 36973	137.249
 36974	137.744
 36975	143.581
 36976	139.837
 36977	139.15
 36978	142.844
 36979	143.964
 36980	146.651
 36981	146.146
 36982	144.813
 36983	146.27
 36984	141.111
 36985	140.268
 36986	140.954
 36987	135.62
 36988	135.559
 36989	137.754
 36990	133.859
 36991	132.395
 36992	132.728
 36993	133.335
 36994	129.699
 36995	127.867
 36996	130.241
 36997	128.593
 36998	127.171
 36999	130.754
 37000	126.449
 37001	127.241
 37002	130.554
 37003	128.723
 37004	127.247
 37005	129.883
 37006	132.618
 37007	131.648
 37008	127.208
 37009	131.393
 37010	133.026
 37011	130.664
 37012	134.327
 37013	131.072
 37014	128.616
 37015	133.952
 37016	134.22
 37017	132.258
 37018	128.03
 37019	128.297
 37020	131.853
 37021	127.488
 37022	130.387
 37023	137.493
 37024	129.735
 37025	124.589
 37026	126.21
 37027	123.436
 37028	120.158
 37029	121.771
 37030	120.845
 37031	117.392
 37032	116.614
 37033	117.911
 37034	116.481
 37035	114.649
 37036	115.118
 37037	116.971
 37038	110.939
 37039	109.118
 37040	117.241
 37041	118.51
 37042	118.845
 37043	124.016
 37044	121.54
 37045	118.837
 37046	121.577
 37047	124.179
 37048	124.427
 37049	127.014
 37050	132.302
 37051	131.639
 37052	130.313
 37053	128.163
 37054	125.491
 37055	123.142
 37056	127.377
 37057	125.478
 37058	124.29
 37059	124.783
 37060	129.57
 37061	131.606
 37062	124.671
 37063	120.662
 37064	125.831
 37065	126.163
 37066	127.447
 37067	131.545
 37068	131.459
 37069	138.117
 37070	142.153
 37071	138.028
 37072	141.719
 37073	142.635
 37074	142.179
 37075	137.418
 37076	132.251
 37077	141.773
 37078	146.546
 37079	135.841
 37080	132.701
 37081	128.603
 37082	121.117
 37083	115.063
 37084	113.025
 37085	115.46
 37086	113.066
 37087	108.241
 37088	111.588
 37089	104.538
 37090	97.972
 37091	97.1335
 37092	96.9255
 37093	98.9628
 37094	105.722
 37095	106.333
 37096	107.271
 37097	110.913
 37098	117.142
 37099	115.324
 37100	117.45
 37101	123.483
 37102	125.074
 37103	128.483
 37104	134.217
 37105	134.713
 37106	136.969
 37107	132.294
 37108	129.237
 37109	133.73
 37110	132.736
 37111	130.552
 37112	135.678
 37113	132.078
 37114	131.887
 37115	135.074
 37116	137.01
 37117	133.861
 37118	130.664
 37119	131.548
 37120	137.802
 37121	137.724
 37122	138.712
 37123	145.878
 37124	143.761
 37125	138.263
 37126	141.218
 37127	143.369
 37128	142.641
 37129	146.986
 37130	153.256
 37131	155.091
 37132	151.19
 37133	152.487
 37134	156.266
 37135	157.127
 37136	155.59
 37137	156.868
 37138	163.122
 37139	162.314
 37140	161.625
 37141	162.972
 37142	158.868
 37143	158.283
 37144	160.882
 37145	156.284
 37146	156.162
 37147	157.311
 37148	154.517
 37149	154.805
 37150	155.828
 37151	153.088
 37152	152.829
 37153	154.049
 37154	149.802
 37155	147.363
 37156	149.623
 37157	149.574
 37158	151.962
 37159	155.652
 37160	155.803
 37161	150.481
 37162	146.223
 37163	148.765
 37164	155.217
 37165	154.037
 37166	148.923
 37167	153.171
 37168	150.659
 37169	142.647
 37170	144.628
 37171	150.1
 37172	147.764
 37173	150.483
 37174	154.369
 37175	154.356
 37176	154.557
 37177	156.262
 37178	157.094
 37179	156.457
 37180	155.852
 37181	159.252
 37182	161.739
 37183	162.289
 37184	163.204
 37185	162.246
 37186	158.473
 37187	158.528
 37188	163.111
 37189	165.413
 37190	162.381
 37191	161.419
 37192	162.579
 37193	162.525
 37194	164.011
 37195	162.816
 37196	162.149
 37197	160.9
 37198	159.213
 37199	157.149
 37200	156.732
 37201	159.523
 37202	160.984
 37203	157.753
 37204	157.579
 37205	155.128
 37206	146.988
 37207	153.933
 37208	162.005
 37209	162.407
 37210	161.882
 37211	163.363
 37212	162.927
 37213	158.936
 37214	155.288
 37215	161.252
 37216	167.169
 37217	169.617
 37218	171.866
 37219	169.977
 37220	162.576
 37221	162.456
 37222	164.564
 37223	162.506
 37224	159.883
 37225	162.197
 37226	159.649
 37227	156.474
 37228	154.254
 37229	150.556
 37230	148.115
 37231	149.433
 37232	146.898
 37233	141.192
 37234	142.502
 37235	142.92
 37236	140.669
 37237	136.978
 37238	132.94
 37239	128.438
 37240	127.618
 37241	122.249
 37242	121.381
 37243	117.321
 37244	115.062
 37245	113.411
 37246	113.171
 37247	112.991
 37248	118.477
 37249	117.909
 37250	117.006
 37251	120.179
 37252	123.65
 37253	120.288
 37254	124.826
 37255	126.146
 37256	121.797
 37257	115.468
 37258	113.536
 37259	112.494
 37260	118.321
 37261	118.188
 37262	115.953
 37263	116.695
 37264	117.58
 37265	116.905
 37266	120.797
 37267	119.725
 37268	123.848
 37269	131.066
 37270	130.185
 37271	129.404
 37272	136.251
 37273	137.187
 37274	138.063
 37275	140.708
 37276	144.095
 37277	148.805
 37278	146.151
 37279	142.147
 37280	150.575
 37281	151.293
 37282	148.671
 37283	152.716
 37284	155.469
 37285	153.157
 37286	150.281
 37287	149.048
 37288	149.961
 37289	147.895
 37290	143.696
 37291	135.994
 37292	134.676
 37293	138.025
 37294	133.837
 37295	128.071
 37296	129.613
 37297	130.556
 37298	130.852
 37299	125.497
 37300	125.25
 37301	131.485
 37302	129.58
 37303	127.002
 37304	132.788
 37305	132.195
 37306	131.112
 37307	132.586
 37308	129.127
 37309	128.327
 37310	126.725
 37311	127.544
 37312	127.632
 37313	127.302
 37314	126.914
 37315	122.144
 37316	119.026
 37317	125.344
 37318	128.786
 37319	131.46
 37320	136.814
 37321	137.862
 37322	135.477
 37323	129.516
 37324	128.627
 37325	133.416
 37326	132.533
 37327	127.292
 37328	129.779
 37329	129.141
 37330	130.126
 37331	130.864
 37332	129.233
 37333	127.701
 37334	121.524
 37335	122.435
 37336	127.287
 37337	124.646
 37338	125.473
 37339	127.596
 37340	123.561
 37341	125.371
 37342	128.985
 37343	129.913
 37344	126.491
 37345	121.873
 37346	124.035
 37347	125.639
 37348	124.349
 37349	123.272
 37350	122.007
 37351	119.502
 37352	114.056
 37353	116.739
 37354	122.485
 37355	123.601
 37356	119.864
 37357	121.536
 37358	121.58
 37359	122.824
 37360	125.048
 37361	128.207
 37362	129.041
 37363	123.693
 37364	123.441
 37365	126.433
 37366	122.264
 37367	123.01
 37368	128.678
 37369	129.688
 37370	125.143
 37371	121.464
 37372	119.823
 37373	116.626
 37374	116.184
 37375	119.551
 37376	119.341
 37377	120.44
 37378	125.906
 37379	129.696
 37380	129.312
 37381	126.033
 37382	124.809
 37383	125.523
 37384	124.735
 37385	131.172
 37386	133.954
 37387	130.515
 37388	129.387
 37389	127.029
 37390	124.966
 37391	127.415
 37392	124.021
 37393	124.998
 37394	128.099
 37395	127.861
 37396	128.251
 37397	131.094
 37398	130.99
 37399	127.537
 37400	124.91
 37401	129.979
 37402	132.358
 37403	125.043
 37404	128.542
 37405	129.105
 37406	124.637
 37407	121.573
 37408	119.657
 37409	120.245
 37410	118.028
 37411	114.209
 37412	117.394
 37413	122.19
 37414	121.374
 37415	120.066
 37416	123.292
 37417	118.793
 37418	117.423
 37419	122.032
 37420	123.118
 37421	119.4
 37422	123.895
 37423	123.411
 37424	121.816
 37425	125.535
 37426	132.431
 37427	135.193
 37428	137.015
 37429	141.548
 37430	144.734
 37431	146.1
 37432	144.805
 37433	146.084
 37434	153.457
 37435	153.312
 37436	153.302
 37437	155.32
 37438	154.635
 37439	156.435
 37440	154.708
 37441	145.826
 37442	146.642
 37443	149.089
 37444	142.934
 37445	138.77
 37446	139.754
 37447	135.28
 37448	132.787
 37449	132.631
 37450	130.515
 37451	129.649
 37452	130.177
 37453	122.59
 37454	119.379
 37455	122.12
 37456	122.222
 37457	122.118
 37458	125.799
 37459	123.516
 37460	122.869
 37461	124.821
 37462	125.857
 37463	125.369
 37464	129.551
 37465	130.752
 37466	132.34
 37467	132.589
 37468	132.906
 37469	134.449
 37470	132.596
 37471	130.485
 37472	134.773
 37473	131.873
 37474	127.699
 37475	133.808
 37476	133.266
 37477	130.54
 37478	133.031
 37479	132.178
 37480	129.047
 37481	130.359
 37482	129.69
 37483	129.591
 37484	126.121
 37485	126.522
 37486	128.572
 37487	127.772
 37488	127.042
 37489	128.623
 37490	125.212
 37491	120.968
 37492	124.696
 37493	129.305
 37494	129.771
 37495	136.112
 37496	140.663
 37497	136.314
 37498	140.569
 37499	150.514
 37500	150.955
 37501	149.743
 37502	154.013
 37503	153.12
 37504	152.51
 37505	155.022
 37506	158.42
 37507	158.833
 37508	161.321
 37509	164.899
 37510	164.727
 37511	160.942
 37512	165.482
 37513	167.235
 37514	158.558
 37515	159.127
 37516	162.705
 37517	161.653
 37518	158.481
 37519	159.827
 37520	152.983
 37521	147.162
 37522	147.321
 37523	146.383
 37524	143.669
 37525	142.636
 37526	142.342
 37527	140.191
 37528	133.459
 37529	132.553
 37530	134.935
 37531	130.795
 37532	129.979
 37533	135.116
 37534	130.541
 37535	127.785
 37536	132.924
 37537	130.335
 37538	127.258
 37539	130.228
 37540	133.366
 37541	130.573
 37542	134.293
 37543	136.993
 37544	136.781
 37545	139.004
 37546	138.99
 37547	136.275
 37548	138.767
 37549	139.366
 37550	138.053
 37551	137.071
 37552	136.592
 37553	144.19
 37554	146.465
 37555	141.508
 37556	145.418
 37557	148.866
 37558	146.998
 37559	152.611
 37560	156.784
 37561	155.462
 37562	153.565
 37563	154.811
 37564	157.535
 37565	157.434
 37566	149.634
 37567	149.733
 37568	158.354
 37569	158.064
 37570	155.755
 37571	159.368
 37572	155.742
 37573	152.305
 37574	154.12
 37575	150.013
 37576	150.435
 37577	151.113
 37578	147.985
 37579	139.967
 37580	136.515
 37581	132.349
 37582	136.306
 37583	138.074
 37584	138.219
 37585	138.497
 37586	137.642
 37587	132.708
 37588	139.973
 37589	138.432
 37590	134.976
 37591	140.024
 37592	138.622
 37593	133.047
 37594	136.865
 37595	138.047
 37596	136.63
 37597	137.707
 37598	134.714
 37599	130.109
 37600	134.175
 37601	137.266
 37602	137.776
 37603	140.945
 37604	141.319
 37605	137.242
 37606	141.623
 37607	144.665
 37608	150.455
 37609	153.17
 37610	145.685
 37611	142.121
 37612	146.352
 37613	142.152
 37614	145.275
 37615	144.665
 37616	139.112
 37617	141.924
 37618	145.027
 37619	134.36
 37620	135.078
 37621	132.807
 37622	129.318
 37623	127.313
 37624	128.314
 37625	130.112
 37626	130.095
 37627	123.805
 37628	122.609
 37629	115.359
 37630	108.72
 37631	107.944
 37632	106.553
 37633	101.632
 37634	106.34
 37635	105.894
 37636	104.535
 37637	104.547
 37638	104.879
 37639	104.742
 37640	109.461
 37641	118.887
 37642	124.359
 37643	124.924
 37644	129.546
 37645	126.524
 37646	130.654
 37647	133.103
 37648	132.372
 37649	134.181
 37650	135.272
 37651	138.438
 37652	144.531
 37653	145.428
 37654	149.776
 37655	149.829
 37656	145.285
 37657	147.71
 37658	153.7
 37659	151.711
 37660	152.687
 37661	150.32
 37662	150.593
 37663	152.763
 37664	146.487
 37665	144.656
 37666	152.896
 37667	153.172
 37668	150.67
 37669	150.113
 37670	151.57
 37671	152.838
 37672	155.568
 37673	156.418
 37674	159.176
 37675	160.916
 37676	164.596
 37677	168.029
 37678	167.264
 37679	163.395
 37680	167.221
 37681	170.316
 37682	166.064
 37683	168.514
 37684	173.458
 37685	169.478
 37686	169.173
 37687	171.996
 37688	172.923
 37689	167.749
 37690	161.787
 37691	166.168
 37692	167.026
 37693	160.482
 37694	163.278
 37695	167.437
 37696	162.545
 37697	158.489
 37698	155.941
 37699	155.793
 37700	156.532
 37701	154.192
 37702	151.183
 37703	151.404
 37704	149.306
 37705	142.285
 37706	145.708
 37707	147.013
 37708	139.773
 37709	138.581
 37710	141.61
 37711	131.864
 37712	131.61
 37713	136.363
 37714	134.372
 37715	138.012
 37716	133.757
 37717	130.54
 37718	135.92
 37719	132.447
 37720	136.825
 37721	142.954
 37722	137.116
 37723	138.559
 37724	142.529
 37725	137.188
 37726	137.051
 37727	138.42
 37728	134.811
 37729	135.96
 37730	138.794
 37731	136.944
 37732	135.893
 37733	134.774
 37734	130.892
 37735	127.216
 37736	128.1
 37737	128.534
 37738	123.661
 37739	122.776
 37740	119.177
 37741	120.904
 37742	123.742
 37743	122.087
 37744	126.059
 37745	127.501
 37746	120.808
 37747	128.657
 37748	133.953
 37749	129.502
 37750	133.624
 37751	137.28
 37752	135.151
 37753	136.268
 37754	136.059
 37755	135.952
 37756	135.066
 37757	131.946
 37758	135.716
 37759	138.696
 37760	136.822
 37761	141.382
 37762	140.705
 37763	138.227
 37764	141.901
 37765	148.089
 37766	147.152
 37767	148.956
 37768	151.362
 37769	154.931
 37770	156.691
 37771	155.616
 37772	150.82
 37773	151.971
 37774	153.997
 37775	158.113
 37776	159.286
 37777	161.112
 37778	159.782
 37779	161.274
 37780	160.558
 37781	161.414
 37782	159.66
 37783	158.229
 37784	156.975
 37785	156.27
 37786	154.409
 37787	151.711
 37788	150.125
 37789	151.194
 37790	151.27
 37791	147.919
 37792	147.465
 37793	150.171
 37794	148.477
 37795	148.481
 37796	152.007
 37797	150.846
 37798	147.413
 37799	147.619
 37800	147.176
 37801	145.005
 37802	145.16
 37803	142.924
 37804	137.284
 37805	136.614
 37806	135.769
 37807	132.468
 37808	133.425
 37809	135.346
 37810	129.58
 37811	127.996
 37812	130.801
 37813	133.538
 37814	131.173
 37815	127.315
 37816	131.508
 37817	134.769
 37818	133.099
 37819	138.741
 37820	138.391
 37821	135.583
 37822	140.509
 37823	143.28
 37824	140.954
 37825	139.898
 37826	141.523
 37827	144.227
 37828	143.93
 37829	144.839
 37830	147.49
 37831	144.808
 37832	145.67
 37833	144.847
 37834	141.21
 37835	142.394
 37836	141.919
 37837	143.21
 37838	144.69
 37839	147.903
 37840	150.057
 37841	145.279
 37842	140.682
 37843	144.126
 37844	140.972
 37845	140.746
 37846	150.351
 37847	153.384
 37848	146.185
 37849	143.866
 37850	142.369
 37851	141.718
 37852	138.345
 37853	142.51
 37854	145.789
 37855	141.929
 37856	138.75
 37857	149.517
 37858	151.139
 37859	148.643
 37860	154.187
 37861	161.894
 37862	156.988
 37863	155.492
 37864	157.559
 37865	160.509
 37866	167.5
 37867	169.977
 37868	163.368
 37869	165.417
 37870	170.868
 37871	169.248
 37872	173.576
 37873	177.55
 37874	174.092
 37875	173.421
 37876	169.726
 37877	164.973
 37878	164.01
 37879	163.098
 37880	163.45
 37881	166.664
 37882	159.92
 37883	158.837
 37884	165.395
 37885	163.196
 37886	161.586
 37887	167.847
 37888	165.333
 37889	159.584
 37890	160.968
 37891	161.475
 37892	161.835
 37893	166.761
 37894	164.779
 37895	160.22
 37896	160.107
 37897	164.367
 37898	161.769
 37899	153.147
 37900	148.911
 37901	153.62
 37902	161.542
 37903	161.458
 37904	160.718
 37905	160.573
 37906	158.066
 37907	156.691
 37908	157.104
 37909	158.937
 37910	166.677
 37911	170.904
 37912	164.096
 37913	159.365
 37914	161.896
 37915	165.434
 37916	169.018
 37917	173.028
 37918	172.277
 37919	171.762
 37920	170.809
 37921	166.858
 37922	163.719
 37923	166.563
 37924	172.08
 37925	171.238
 37926	166.107
 37927	164.974
 37928	162.169
 37929	159.058
 37930	156.879
 37931	155.261
 37932	160.306
 37933	158.889
 37934	154.101
 37935	152.011
 37936	151.63
 37937	153.661
 37938	158.064
 37939	154.562
 37940	151.42
 37941	156.403
 37942	162.469
 37943	154.989
 37944	152.828
 37945	155.602
 37946	153.663
 37947	151.999
 37948	158.058
 37949	160.659
 37950	153.075
 37951	148.528
 37952	153.903
 37953	155.192
 37954	153.006
 37955	155.696
 37956	159.392
 37957	155.094
 37958	149.948
 37959	149.364
 37960	148.442
 37961	147.749
 37962	151.073
 37963	150.202
 37964	147.977
 37965	145.033
 37966	147.033
 37967	144.706
 37968	141.122
 37969	145.189
 37970	151.013
 37971	147.27
 37972	145.574
 37973	149.376
 37974	152.565
 37975	152.858
 37976	155.439
 37977	158.583
 37978	160.787
 37979	160.716
 37980	161.553
 37981	161.936
 37982	162.911
 37983	159.512
 37984	155.105
 37985	155.503
 37986	154.123
 37987	152.943
 37988	152.94
 37989	150.397
 37990	146.109
 37991	142.2
 37992	140.73
 37993	147.99
 37994	146.561
 37995	140.156
 37996	144.025
 37997	143.394
 37998	139.261
 37999	146.116
 38000	148.681
 38001	143.642
 38002	141.117
 38003	147.39
 38004	147.189
 38005	146.23
 38006	149.192
 38007	149.819
 38008	148.477
 38009	147.359
 38010	145.457
 38011	145.333
 38012	146.19
 38013	146.463
 38014	147.816
 38015	143.48
 38016	138.609
 38017	143.368
 38018	146.796
 38019	146.525
 38020	148.494
 38021	148.245
 38022	146.643
 38023	145.357
 38024	138.127
 38025	140.004
 38026	146.272
 38027	139.22
 38028	132.322
 38029	137.321
 38030	138.7
 38031	134.404
 38032	133.918
 38033	134.752
 38034	131.376
 38035	130.975
 38036	134.817
 38037	134.386
 38038	128.783
 38039	124.934
 38040	129.596
 38041	134.193
 38042	132.339
 38043	138.535
 38044	142.598
 38045	134.543
 38046	132.973
 38047	140.121
 38048	143.812
 38049	145.336
 38050	145.628
 38051	143.301
 38052	139.754
 38053	134.944
 38054	139.104
 38055	144.877
 38056	141.997
 38057	138.215
 38058	141.075
 38059	139.531
 38060	133.579
 38061	136.364
 38062	136.961
 38063	130.204
 38064	130.467
 38065	130.901
 38066	128.336
 38067	129.162
 38068	131.429
 38069	130.339
 38070	131.618
 38071	124.104
 38072	120.873
 38073	127.633
 38074	127.589
 38075	126.817
 38076	133.689
 38077	130.634
 38078	131.393
 38079	138.937
 38080	138.394
 38081	134.687
 38082	128.654
 38083	125.089
 38084	129.84
 38085	128.216
 38086	123.165
 38087	122.753
 38088	124.601
 38089	118.033
 38090	118.602
 38091	123.15
 38092	123.499
 38093	122.126
 38094	127.257
 38095	123.199
 38096	118.222
 38097	117.087
 38098	114.039
 38099	118.2
 38100	120.715
 38101	118.799
 38102	121.376
 38103	111.365
 38104	103.113
 38105	114.296
 38106	117.068
 38107	107.362
 38108	112.975
 38109	115.203
 38110	117.353
 38111	120.901
 38112	123.289
 38113	127.833
 38114	130.601
 38115	131.378
 38116	131.634
 38117	125.717
 38118	122.055
 38119	123.918
 38120	123.558
 38121	119.747
 38122	115.568
 38123	118.144
 38124	119.845
 38125	113.749
 38126	110.736
 38127	112.035
 38128	115.014
 38129	120.939
 38130	121.553
 38131	121.16
 38132	120.346
 38133	116.582
 38134	120.48
 38135	125.187
 38136	124.675
 38137	128.913
 38138	133.097
 38139	132.909
 38140	129.211
 38141	127.603
 38142	127.125
 38143	126.82
 38144	126.333
 38145	123.356
 38146	122.482
 38147	124.22
 38148	121.674
 38149	117.753
 38150	113.539
 38151	115.459
 38152	120.109
 38153	116.106
 38154	113.029
 38155	115.278
 38156	113.203
 38157	112.383
 38158	110.315
 38159	109.179
 38160	113.792
 38161	114.507
 38162	112.904
 38163	119.159
 38164	117.508
 38165	111.967
 38166	116.249
 38167	116.802
 38168	113.915
 38169	113.405
 38170	114.383
 38171	118.977
 38172	117.192
 38173	116.301
 38174	117.573
 38175	117.85
 38176	118.704
 38177	121.492
 38178	118.078
 38179	117.117
 38180	120.421
 38181	126.668
 38182	123.367
 38183	118.933
 38184	123.167
 38185	123.845
 38186	121.031
 38187	121.559
 38188	119.93
 38189	123.302
 38190	118.474
 38191	110.558
 38192	110.284
 38193	111.717
 38194	108.269
 38195	115.205
 38196	116.376
 38197	113.888
 38198	116.924
 38199	119.682
 38200	115.725
 38201	113.899
 38202	113.194
 38203	115.19
 38204	117.002
 38205	116.343
 38206	116.068
 38207	117.498
 38208	116.583
 38209	116.163
 38210	119.963
 38211	122.978
 38212	129.749
 38213	132.049
 38214	123.632
 38215	121.163
 38216	124.486
 38217	126.341
 38218	129.945
 38219	131.64
 38220	132.158
 38221	138.839
 38222	133.783
 38223	125.555
 38224	128.134
 38225	128.014
 38226	124.583
 38227	124.513
 38228	123.032
 38229	121.301
 38230	118.986
 38231	120.654
 38232	122.874
 38233	117.504
 38234	113.067
 38235	118.221
 38236	118.658
 38237	111.807
 38238	110.552
 38239	109.789
 38240	103.302
 38241	101.96
 38242	101.151
 38243	96.6101
 38244	98.791
 38245	104.691
 38246	102.456
 38247	101.896
 38248	104.045
 38249	103.969
 38250	106.902
 38251	102.809
 38252	106.641
 38253	109.836
 38254	111.257
 38255	121.285
 38256	124.723
 38257	115.273
 38258	114.506
 38259	119.113
 38260	112.502
 38261	110.142
 38262	108.67
 38263	108.844
 38264	119.035
 38265	115.469
 38266	109.505
 38267	115.563
 38268	116.151
 38269	115.803
 38270	125.752
 38271	123.832
 38272	120.691
 38273	122.461
 38274	122.741
 38275	121.668
 38276	122.202
 38277	121.848
 38278	129.897
 38279	125.05
 38280	117.932
 38281	120.075
 38282	113.848
 38283	108.928
 38284	113.326
 38285	105.837
 38286	102.071
 38287	105.937
 38288	102.856
 38289	100.12
 38290	106.6
 38291	105.033
 38292	107.038
 38293	107.343
 38294	106.331
 38295	105.522
 38296	110.386
 38297	112.437
 38298	113.974
 38299	114.437
 38300	113.205
 38301	113.546
 38302	117.352
 38303	115.192
 38304	113.864
 38305	115.901
 38306	120.367
 38307	121.019
 38308	123.24
 38309	124.623
 38310	127.151
 38311	119.917
 38312	124.956
 38313	133.605
 38314	129.452
 38315	122.356
 38316	133.667
 38317	131.991
 38318	127.258
 38319	130.58
 38320	133.804
 38321	131.253
 38322	132.073
 38323	129.029
 38324	129.219
 38325	129.053
 38326	131.007
 38327	130.858
 38328	133.874
 38329	136.472
 38330	139.249
 38331	134.23
 38332	132.261
 38333	131.954
 38334	133.912
 38335	134.716
 38336	141.123
 38337	137.872
 38338	132.462
 38339	136.202
 38340	136.708
 38341	129.917
 38342	129.142
 38343	130.15
 38344	126.957
 38345	125.301
 38346	131.508
 38347	127.845
 38348	120.364
 38349	125.291
 38350	131.558
 38351	121.876
 38352	120.665
 38353	126.897
 38354	125.293
 38355	116.719
 38356	111.588
 38357	116.845
 38358	117.234
 38359	111.992
 38360	119.873
 38361	119.467
 38362	109.641
 38363	117.385
 38364	121.067
 38365	116.673
 38366	117.858
 38367	117.481
 38368	122.419
 38369	120.956
 38370	119.803
 38371	131.815
 38372	135.314
 38373	127.249
 38374	131.077
 38375	133.194
 38376	132.791
 38377	140.05
 38378	142.285
 38379	138.872
 38380	135.695
 38381	136.89
 38382	139.292
 38383	136.414
 38384	136.978
 38385	139.429
 38386	136.174
 38387	133.535
 38388	135.561
 38389	135.397
 38390	137.706
 38391	138.237
 38392	135.716
 38393	133.527
 38394	134.587
 38395	138.637
 38396	136.344
 38397	133.181
 38398	132.964
 38399	131.146
 38400	132.619
 38401	134.231
 38402	126.396
 38403	126.037
 38404	128.291
 38405	124.344
 38406	122.489
 38407	120.902
 38408	119.006
 38409	122.001
 38410	115.868
 38411	110.994
 38412	114.188
 38413	109.779
 38414	105.993
 38415	109.785
 38416	102.569
 38417	97.0957
 38418	101.151
 38419	103.411
 38420	101.662
 38421	99.5697
 38422	97.051
 38423	102.279
 38424	101.125
 38425	99.7626
 38426	104.061
 38427	103.256
 38428	97.5839
 38429	108.23
 38430	102.537
 38431	89.2933
 38432	104.644
 38433	111.075
 38434	97.2136
 38435	99.2005
 38436	101.248
 38437	99.0836
 38438	97.8486
 38439	98.4451
 38440	96.4788
 38441	94.7435
 38442	90.6864
 38443	99.1417
 38444	99.8998
 38445	95.7796
 38446	102.587
 38447	105.134
 38448	96.7399
 38449	104.25
 38450	103.046
 38451	102.157
 38452	109.007
 38453	113.244
 38454	107.808
 38455	117.224
 38456	122.121
 38457	125.417
 38458	128.417
 38459	130.06
 38460	126.767
 38461	130.635
 38462	132.025
 38463	137.799
 38464	133.208
 38465	137.256
 38466	143.532
 38467	147.687
 38468	139.302
 38469	143.762
 38470	148.244
 38471	145.222
 38472	144.79
 38473	148.605
 38474	145.584
 38475	148.918
 38476	149.936
 38477	153.051
 38478	152.255
 38479	149.438
 38480	151.124
 38481	151.796
 38482	150.69
 38483	155.068
 38484	157.841
 38485	147.797
 38486	141.886
 38487	146.163
 38488	140.324
 38489	135.773
 38490	143.597
 38491	145.737
 38492	134.489
 38493	138.259
 38494	145.743
 38495	142.657
 38496	137.69
 38497	141.359
 38498	139.836
 38499	139.142
 38500	143.778
 38501	149.203
 38502	147.773
 38503	142.617
 38504	143.373
 38505	151.016
 38506	150.26
 38507	154.691
 38508	157.474
 38509	163.521
 38510	167.884
 38511	161.048
 38512	157.186
 38513	163.179
 38514	161.535
 38515	160.552
 38516	159.222
 38517	153.27
 38518	150.613
 38519	153.154
 38520	146.245
 38521	143.754
 38522	142.947
 38523	143.184
 38524	146.92
 38525	146.994
 38526	140.005
 38527	138.34
 38528	140.458
 38529	140.009
 38530	134.523
 38531	133.798
 38532	133.594
 38533	133.163
 38534	135.72
 38535	138.998
 38536	135.392
 38537	137.254
 38538	136.047
 38539	139.144
 38540	136.686
 38541	134.557
 38542	134.757
 38543	131.539
 38544	125.284
 38545	130.133
 38546	125.261
 38547	124.096
 38548	128.546
 38549	127.003
 38550	120.121
 38551	126.95
 38552	127.919
 38553	130.428
 38554	134.587
 38555	132.481
 38556	130.133
 38557	131.223
 38558	137.267
 38559	143.229
 38560	143.715
 38561	143.281
 38562	144.455
 38563	145.205
 38564	143.429
 38565	143.409
 38566	147.313
 38567	150.934
 38568	148.089
 38569	145.721
 38570	144.539
 38571	146.59
 38572	153.952
 38573	153.624
 38574	149.83
 38575	149.154
 38576	146.659
 38577	146.58
 38578	150.941
 38579	148.853
 38580	143.977
 38581	142.462
 38582	148.292
 38583	149.678
 38584	143.55
 38585	143.325
 38586	147.299
 38587	147.134
 38588	149.912
 38589	148.336
 38590	142.49
 38591	143.988
 38592	145.457
 38593	144.994
 38594	141.724
 38595	138.741
 38596	145.904
 38597	145.774
 38598	138.055
 38599	140.395
 38600	141.46
 38601	139.552
 38602	149.655
 38603	149.29
 38604	142.886
 38605	143.846
 38606	148.816
 38607	146.306
 38608	145.86
 38609	146.819
 38610	147.624
 38611	146.387
 38612	141.018
 38613	132.971
 38614	134.525
 38615	134.124
 38616	135.792
 38617	133.3
 38618	127.375
 38619	127.339
 38620	131.369
 38621	127.215
 38622	129.437
 38623	129.38
 38624	127.736
 38625	124.901
 38626	129.328
 38627	127.465
 38628	129.796
 38629	129.931
 38630	132.398
 38631	135.757
 38632	138.542
 38633	135.217
 38634	134.12
 38635	136.196
 38636	139.448
 38637	138.891
 38638	142.695
 38639	142.33
 38640	143.126
 38641	142.598
 38642	136.696
 38643	134.809
 38644	140.068
 38645	140.935
 38646	141.795
 38647	143.916
 38648	146.847
 38649	140.974
 38650	144.299
 38651	145.056
 38652	139.448
 38653	142.054
 38654	154.659
 38655	154.41
 38656	153.296
 38657	161.568
 38658	163.427
 38659	158.682
 38660	159.813
 38661	159.558
 38662	160.228
 38663	161.818
 38664	161.343
 38665	160.39
 38666	159.737
 38667	152.364
 38668	150.009
 38669	149.363
 38670	146.832
 38671	142.765
 38672	137.246
 38673	140.231
 38674	142.523
 38675	139.729
 38676	138.402
 38677	140.863
 38678	144.405
 38679	148.345
 38680	147.509
 38681	144.332
 38682	143.217
 38683	142.547
 38684	139.9
 38685	142.953
 38686	149.228
 38687	150.319
 38688	145.779
 38689	150.461
 38690	145.439
 38691	136.411
 38692	140.284
 38693	142.782
 38694	133.43
 38695	133.178
 38696	135.222
 38697	133.654
 38698	134.792
 38699	137.246
 38700	136.237
 38701	133.068
 38702	133.081
 38703	141.544
 38704	139.013
 38705	135.17
 38706	139.189
 38707	142.04
 38708	142.77
 38709	144.984
 38710	142.086
 38711	142.925
 38712	145.493
 38713	141.176
 38714	137.746
 38715	141.03
 38716	141.77
 38717	140.767
 38718	134.029
 38719	128.536
 38720	126.226
 38721	128.712
 38722	129.103
 38723	125.213
 38724	121.241
 38725	125.297
 38726	124.217
 38727	124.334
 38728	124.34
 38729	125.041
 38730	121.552
 38731	124.76
 38732	126.31
 38733	125.852
 38734	130.93
 38735	136.961
 38736	133.436
 38737	129.538
 38738	129.658
 38739	132.409
 38740	134.154
 38741	135.944
 38742	128.866
 38743	124.451
 38744	126.645
 38745	128.424
 38746	124.786
 38747	126.505
 38748	123.605
 38749	125.746
 38750	129.783
 38751	124.245
 38752	120.498
 38753	126.734
 38754	126.955
 38755	125.442
 38756	126.962
 38757	126.567
 38758	126.816
 38759	127.657
 38760	128.474
 38761	129.26
 38762	120.172
 38763	120.773
 38764	122.535
 38765	120.945
 38766	120.704
 38767	125.052
 38768	120.333
 38769	119.864
 38770	126.199
 38771	122.323
 38772	117.41
 38773	124.374
 38774	123.742
 38775	116.916
 38776	120.577
 38777	121.883
 38778	124.633
 38779	130.204
 38780	126.562
 38781	126.45
 38782	133.884
 38783	134.893
 38784	138.5
 38785	142.628
 38786	139.399
 38787	142.485
 38788	144.496
 38789	140.877
 38790	141.753
 38791	144.367
 38792	144.473
 38793	145.913
 38794	147.2
 38795	144.58
 38796	144.376
 38797	141.632
 38798	142.671
 38799	142.061
 38800	138.915
 38801	141.64
 38802	148.42
 38803	143.768
 38804	145.767
 38805	149.435
 38806	144.436
 38807	144.935
 38808	150.138
 38809	146.051
 38810	150.947
 38811	151.505
 38812	147.562
 38813	150.201
 38814	144.65
 38815	137.241
 38816	144.686
 38817	141.136
 38818	140.22
 38819	142.317
 38820	139.756
 38821	140.912
 38822	145.924
 38823	138.806
 38824	142.341
 38825	143.121
 38826	136.15
 38827	140.675
 38828	143.136
 38829	136.945
 38830	143.182
 38831	148.635
 38832	145.857
 38833	144.087
 38834	144.963
 38835	146.356
 38836	151.087
 38837	149.938
 38838	147.842
 38839	146.08
 38840	146.591
 38841	144.98
 38842	148.186
 38843	147.584
 38844	143.156
 38845	143.833
 38846	148.521
 38847	144.374
 38848	139.354
 38849	135.237
 38850	140.127
 38851	145.5
 38852	135.39
 38853	131.549
 38854	137.069
 38855	126.417
 38856	128.1
 38857	132.02
 38858	122.845
 38859	123.305
 38860	128.403
 38861	118.161
 38862	118.4
 38863	122.47
 38864	123.681
 38865	126.017
 38866	125.889
 38867	123.072
 38868	124.779
 38869	121.908
 38870	124.978
 38871	126.766
 38872	125.888
 38873	129.996
 38874	129.773
 38875	125.904
 38876	132.45
 38877	131.433
 38878	128.646
 38879	133.788
 38880	136.13
 38881	132.149
 38882	136.854
 38883	136.601
 38884	135.747
 38885	136.658
 38886	140.027
 38887	138.782
 38888	138.366
 38889	141.596
 38890	146.697
 38891	142.823
 38892	144.204
 38893	147.827
 38894	147.139
 38895	146.716
 38896	149.819
 38897	148.531
 38898	147.746
 38899	142.271
 38900	144.793
 38901	148.466
 38902	147.348
 38903	146.566
 38904	144.575
 38905	146.185
 38906	144.655
 38907	136.825
 38908	131.402
 38909	132.289
 38910	131.284
 38911	130.613
 38912	126.352
 38913	121.305
 38914	123.018
 38915	123.876
 38916	121.631
 38917	127.311
 38918	122.96
 38919	120.496
 38920	126.058
 38921	123.313
 38922	119.143
 38923	117.184
 38924	117.59
 38925	120.846
 38926	119.016
 38927	118.874
 38928	123.891
 38929	124.958
 38930	120.245
 38931	124.549
 38932	126.151
 38933	123.545
 38934	127.047
 38935	127.613
 38936	125.589
 38937	129.737
 38938	132.448
 38939	134.206
 38940	132.622
 38941	131.429
 38942	133.809
 38943	134.831
 38944	133.391
 38945	136.286
 38946	139.054
 38947	139.689
 38948	141.546
 38949	136.072
 38950	134.086
 38951	136.166
 38952	131.884
 38953	134.854
 38954	132.825
 38955	132.794
 38956	132.381
 38957	131.888
 38958	130.77
 38959	133.309
 38960	126.921
 38961	125.806
 38962	128.264
 38963	122.983
 38964	122.157
 38965	124.9
 38966	125.659
 38967	125.6
 38968	126.53
 38969	131.189
 38970	133.837
 38971	134.788
 38972	136.84
 38973	140.561
 38974	136.719
 38975	138.373
 38976	142.11
 38977	141.449
 38978	141.11
 38979	143.846
 38980	143.816
 38981	144.176
 38982	146.248
 38983	145.076
 38984	142.753
 38985	146.888
 38986	153.805
 38987	153.984
 38988	155.714
 38989	158.27
 38990	158.96
 38991	158.772
 38992	159.882
 38993	159.092
 38994	158.085
 38995	148.455
 38996	144.362
 38997	153.861
 38998	151.998
 38999	149.122
 39000	155.787
 39001	151.449
 39002	143.686
 39003	145.539
 39004	142.843
 39005	138.742
 39006	139.329
 39007	140.054
 39008	141.238
 39009	138.537
 39010	137.741
 39011	145.386
 39012	149.274
 39013	144.976
 39014	149.283
 39015	152.547
 39016	150.889
 39017	153.212
 39018	155.151
 39019	149.24
 39020	146.807
 39021	151.14
 39022	152.847
 39023	158.668
 39024	162.153
 39025	160.872
 39026	159.874
 39027	157.184
 39028	157.371
 39029	157.95
 39030	153.891
 39031	148.951
 39032	152.467
 39033	153.555
 39034	152.35
 39035	150.7
 39036	150.098
 39037	153.92
 39038	154.128
 39039	151.339
 39040	157.162
 39041	156.889
 39042	148.676
 39043	156.228
 39044	157.337
 39045	147.479
 39046	148.807
 39047	153.626
 39048	153.181
 39049	154.905
 39050	156.605
 39051	160.758
 39052	165.026
 39053	156.138
 39054	154.814
 39055	164.09
 39056	161.473
 39057	157.906
 39058	164.752
 39059	160.169
 39060	151.091
 39061	154.411
 39062	156.902
 39063	157.31
 39064	155.683
 39065	151.672
 39066	155.648
 39067	152.621
 39068	147.731
 39069	152.298
 39070	152.664
 39071	151.134
 39072	158.71
 39073	159.354
 39074	152.224
 39075	156.035
 39076	158.466
 39077	156.568
 39078	160.843
 39079	160.72
 39080	154.779
 39081	162.795
 39082	166.709
 39083	161.125
 39084	164.155
 39085	166.629
 39086	163.156
 39087	164.923
 39088	163.494
 39089	158.539
 39090	161.189
 39091	161.484
 39092	161.275
 39093	168.579
 39094	165.531
 39095	162.912
 39096	166.174
 39097	165.105
 39098	167.549
 39099	175.059
 39100	174.161
 39101	167.428
 39102	166.244
 39103	165.526
 39104	161.33
 39105	155.617
 39106	155.551
 39107	157.341
 39108	158.831
 39109	166.027
 39110	168.049
 39111	162.747
 39112	164.353
 39113	171.038
 39114	164.886
 39115	153.827
 39116	153.084
 39117	157.134
 39118	155.133
 39119	151.753
 39120	155.283
 39121	158.41
 39122	156.27
 39123	152.816
 39124	149.729
 39125	146.737
 39126	145.059
 39127	144.938
 39128	147.553
 39129	144.031
 39130	145.705
 39131	152.108
 39132	151.392
 39133	154.352
 39134	161.753
 39135	157.244
 39136	156.977
 39137	162.72
 39138	166.128
 39139	170.499
 39140	169.819
 39141	166.224
 39142	167.378
 39143	173.049
 39144	178.008
 39145	176.192
 39146	175.801
 39147	-179.934
 39148	-177.795
 39149	179.35
 39150	-179.43
 39151	178.736
 39152	176.873
 39153	176.448
 39154	175.934
 39155	175.539
 39156	169.498
 39157	163.541
 39158	162.736
 39159	157.837
 39160	150.557
 39161	150.15
 39162	145.994
 39163	143.507
 39164	146.661
 39165	149.332
 39166	148.191
 39167	147.284
 39168	142.863
 39169	141.478
 39170	146.472
 39171	148.098
 39172	148.253
 39173	148.816
 39174	146.713
 39175	149.4
 39176	156.71
 39177	155.753
 39178	148.622
 39179	150.66
 39180	153.297
 39181	155.454
 39182	154.121
 39183	145.262
 39184	145.041
 39185	149.552
 39186	143.544
 39187	143.03
 39188	145.058
 39189	144.742
 39190	148.004
 39191	146.703
 39192	143.856
 39193	148.308
 39194	142.997
 39195	139.894
 39196	146.227
 39197	148.976
 39198	146.955
 39199	150.235
 39200	147.61
 39201	144.885
 39202	145.647
 39203	145.312
 39204	147.358
 39205	147.027
 39206	145.503
 39207	151.323
 39208	151.688
 39209	148.055
 39210	147.379
 39211	146.561
 39212	142.839
 39213	143.714
 39214	147.1
 39215	150.834
 39216	154.048
 39217	153.147
 39218	156.653
 39219	161.57
 39220	157.52
 39221	154.304
 39222	158.742
 39223	158.613
 39224	162.298
 39225	169.742
 39226	168.443
 39227	157.619
 39228	158.65
 39229	161.818
 39230	159.344
 39231	155.961
 39232	154.948
 39233	156.93
 39234	153.769
 39235	155.288
 39236	154.767
 39237	149.157
 39238	144.428
 39239	145.762
 39240	140.154
 39241	132.64
 39242	132.166
 39243	133.672
 39244	134.268
 39245	130.949
 39246	127.689
 39247	129.477
 39248	131.321
 39249	130.829
 39250	129.349
 39251	129.498
 39252	132.056
 39253	132.034
 39254	132.48
 39255	136.689
 39256	139.423
 39257	141.217
 39258	144.194
 39259	142.635
 39260	142.772
 39261	148.685
 39262	153.009
 39263	151.274
 39264	151.562
 39265	148.798
 39266	148.025
 39267	151.618
 39268	150.834
 39269	146.03
 39270	145.087
 39271	141.328
 39272	143.228
 39273	145.964
 39274	138.344
 39275	134.698
 39276	137.35
 39277	139.853
 39278	134.698
 39279	130.075
 39280	129.423
 39281	130.7
 39282	126
 39283	125.279
 39284	127.34
 39285	115.867
 39286	117.307
 39287	126.687
 39288	121.783
 39289	116.108
 39290	123.742
 39291	124.262
 39292	123.187
 39293	128.563
 39294	128.84
 39295	123.331
 39296	120.44
 39297	125.719
 39298	130.908
 39299	130.263
 39300	131.292
 39301	136.738
 39302	138.886
 39303	132.18
 39304	133.081
 39305	133.693
 39306	127.605
 39307	126.78
 39308	134.861
 39309	131.148
 39310	131.31
 39311	136.154
 39312	135.737
 39313	135.775
 39314	133.318
 39315	131.732
 39316	135.851
 39317	131.03
 39318	129.823
 39319	134.58
 39320	130.092
 39321	127.475
 39322	133.661
 39323	131.969
 39324	127.215
 39325	133.42
 39326	138.519
 39327	143.05
 39328	146.74
 39329	146.561
 39330	148.12
 39331	148.523
 39332	150.639
 39333	151.24
 39334	150.888
 39335	150.665
 39336	156.169
 39337	157.746
 39338	152.154
 39339	151.561
 39340	150.074
 39341	145.874
 39342	143.583
 39343	137.392
 39344	125.963
 39345	127.308
 39346	132.067
 39347	123.675
 39348	123.376
 39349	126.277
 39350	124.522
 39351	125.202
 39352	121.612
 39353	121.764
 39354	126.67
 39355	120.161
 39356	118.592
 39357	124.909
 39358	121.513
 39359	118.683
 39360	119.91
 39361	117.585
 39362	121.767
 39363	125.05
 39364	131.69
 39365	139.572
 39366	144.237
 39367	146.795
 39368	149.852
 39369	149.565
 39370	147.091
 39371	145.379
 39372	144.42
 39373	139.779
 39374	140.641
 39375	143.71
 39376	146.755
 39377	147.195
 39378	145.413
 39379	143.077
 39380	144.291
 39381	142.625
 39382	138.428
 39383	141.241
 39384	142.076
 39385	139.975
 39386	141.202
 39387	139.731
 39388	139.856
 39389	140.246
 39390	139.636
 39391	142.377
 39392	144.709
 39393	141.349
 39394	145.892
 39395	145.802
 39396	140.765
 39397	140.387
 39398	137.831
 39399	133.557
 39400	133.626
 39401	129.384
 39402	131.442
 39403	133.632
 39404	131.039
 39405	129.389
 39406	132.476
 39407	130.158
 39408	132.826
 39409	133.291
 39410	130.532
 39411	134.225
 39412	139.729
 39413	144.204
 39414	149.843
 39415	155.083
 39416	162.034
 39417	167.229
 39418	164.473
 39419	165.448
 39420	169.89
 39421	171.551
 39422	168.484
 39423	172.323
 39424	173.165
 39425	165.198
 39426	157.507
 39427	159.953
 39428	165.122
 39429	165.03
 39430	162.308
 39431	157.993
 39432	157.468
 39433	154.171
 39434	150.214
 39435	153.317
 39436	151.535
 39437	141.907
 39438	146.409
 39439	150.142
 39440	145.682
 39441	150.622
 39442	154.749
 39443	149.835
 39444	146.616
 39445	145.444
 39446	144.449
 39447	143.793
 39448	141.698
 39449	143.821
 39450	142.544
 39451	139.251
 39452	142.494
 39453	143.074
 39454	141.018
 39455	144.334
 39456	143.828
 39457	146.524
 39458	151.126
 39459	153.375
 39460	150.358
 39461	151.835
 39462	151.942
 39463	153.526
 39464	153.05
 39465	155.522
 39466	158.45
 39467	159.471
 39468	160.794
 39469	155.828
 39470	150.968
 39471	149.113
 39472	149.792
 39473	153.247
 39474	157.12
 39475	158.222
 39476	158.082
 39477	156.599
 39478	158.256
 39479	163.263
 39480	157.324
 39481	153.782
 39482	157.771
 39483	155.084
 39484	157.376
 39485	163.97
 39486	158.917
 39487	152.177
 39488	151.795
 39489	149.026
 39490	146.373
 39491	145.176
 39492	147.624
 39493	152.877
 39494	149.768
 39495	146.911
 39496	146.702
 39497	141.683
 39498	138.849
 39499	141.096
 39500	134.789
 39501	135.16
 39502	138.885
 39503	142.208
 39504	137.978
 39505	136.536
 39506	136.876
 39507	134.822
 39508	131.586
 39509	131.938
 39510	137.852
 39511	142.893
 39512	143.203
 39513	142.536
 39514	151.395
 39515	156.01
 39516	154.361
 39517	153.763
 39518	158.935
 39519	166.239
 39520	166.962
 39521	165.652
 39522	164.994
 39523	164.555
 39524	162.097
 39525	161.99
 39526	157.832
 39527	153.957
 39528	157.097
 39529	159.258
 39530	155.264
 39531	152.51
 39532	151.596
 39533	152.543
 39534	149.532
 39535	143.602
 39536	143.936
 39537	149.311
 39538	153.137
 39539	157.202
 39540	157.309
 39541	161.275
 39542	162.487
 39543	155.807
 39544	150.751
 39545	153.669
 39546	148.165
 39547	144.663
 39548	149.44
 39549	148.164
 39550	146.751
 39551	146.251
 39552	138.687
 39553	132.998
 39554	132.835
 39555	134.421
 39556	138.303
 39557	137.71
 39558	135.014
 39559	139.253
 39560	140.521
 39561	135.662
 39562	139.488
 39563	145.567
 39564	145.888
 39565	146.26
 39566	147.939
 39567	147.899
 39568	150.718
 39569	155.766
 39570	155.605
 39571	151.3
 39572	149.353
 39573	150.349
 39574	150.405
 39575	146.167
 39576	144.824
 39577	143.304
 39578	137.781
 39579	136.155
 39580	140.001
 39581	142.558
 39582	139.667
 39583	142.081
 39584	142.766
 39585	142.377
 39586	149.356
 39587	151.81
 39588	146.888
 39589	144.509
 39590	146.729
 39591	149.223
 39592	142.007
 39593	131.342
 39594	134.842
 39595	138.315
 39596	133.38
 39597	128.611
 39598	130.653
 39599	127.69
 39600	131.55
 39601	132.639
 39602	128.859
 39603	129.398
 39604	135.478
 39605	139.957
 39606	141.498
 39607	142.714
 39608	148.951
 39609	151.068
 39610	147.82
 39611	145.368
 39612	148.96
 39613	148.799
 39614	149.617
 39615	153.865
 39616	155.689
 39617	152.972
 39618	156.287
 39619	156.341
 39620	154.698
 39621	158.02
 39622	159.686
 39623	157.203
 39624	155.681
 39625	162.193
 39626	161.789
 39627	153.935
 39628	150.353
 39629	154.613
 39630	153.03
 39631	146.575
 39632	143.658
 39633	141.34
 39634	143.232
 39635	145.989
 39636	143.608
 39637	143.741
 39638	148.714
 39639	149.47
 39640	148.866
 39641	151.059
 39642	153.308
 39643	156.19
 39644	159.71
 39645	157.707
 39646	154.854
 39647	150.71
 39648	146.665
 39649	149.824
 39650	150.39
 39651	143.994
 39652	140.445
 39653	139.37
 39654	141.811
 39655	148.274
 39656	147.846
 39657	143.274
 39658	145.693
 39659	149.029
 39660	151.754
 39661	154.169
 39662	152.443
 39663	155.145
 39664	154.87
 39665	152.596
 39666	155.421
 39667	156.904
 39668	150.366
 39669	149.868
 39670	153.837
 39671	151.754
 39672	149.681
 39673	150.242
 39674	145.435
 39675	142.533
 39676	141.65
 39677	143.4
 39678	144.846
 39679	144.394
 39680	140.956
 39681	141.507
 39682	143.474
 39683	141.336
 39684	140.391
 39685	145.375
 39686	144.969
 39687	147.918
 39688	150.566
 39689	150.49
 39690	149.114
 39691	145.117
 39692	142.568
 39693	148.99
 39694	147.126
 39695	149.802
 39696	153.806
 39697	144.831
 39698	144.237
 39699	154.237
 39700	150.622
 39701	150.726
 39702	157.216
 39703	154.511
 39704	155.267
 39705	160.083
 39706	153.668
 39707	151.64
 39708	150.485
 39709	147.362
 39710	147.078
 39711	151.964
 39712	150.128
 39713	150.375
 39714	150.665
 39715	148.606
 39716	144.484
 39717	144.575
 39718	143.657
 39719	144.949
 39720	142.616
 39721	140.335
 39722	145.14
 39723	146.16
 39724	139.033
 39725	144.114
 39726	142.757
 39727	135.834
 39728	139.62
 39729	140.742
 39730	136.449
 39731	144.799
 39732	143.916
 39733	142.081
 39734	143.436
 39735	144.208
 39736	147.289
 39737	153.107
 39738	143.832
 39739	150.576
 39740	156.599
 39741	149.191
 39742	145.825
 39743	150.859
 39744	148.991
 39745	149.408
 39746	146.043
 39747	143.859
 39748	144.37
 39749	141.648
 39750	137.924
 39751	141.813
 39752	138.639
 39753	135.963
 39754	133.062
 39755	133.878
 39756	129.497
 39757	131.897
 39758	133.493
 39759	134.815
 39760	135.533
 39761	138.264
 39762	142.786
 39763	150.667
 39764	150.598
 39765	148.609
 39766	149.906
 39767	145.993
 39768	141.271
 39769	145.67
 39770	145.225
 39771	147.996
 39772	150.817
 39773	149.553
 39774	148.494
 39775	149.189
 39776	147.641
 39777	151.722
 39778	144.147
 39779	143.53
 39780	149.747
 39781	142.242
 39782	141.237
 39783	148.36
 39784	138.727
 39785	134.282
 39786	135.468
 39787	131.891
 39788	136.474
 39789	141.785
 39790	141.102
 39791	145.832
 39792	146.024
 39793	144.872
 39794	149.027
 39795	153.193
 39796	149.746
 39797	149.772
 39798	150.001
 39799	150.053
 39800	147.41
 39801	143.91
 39802	138.764
 39803	138.869
 39804	142.661
 39805	139.097
 39806	141.146
 39807	147.894
 39808	143.473
 39809	138.648
 39810	139.797
 39811	137.588
 39812	138.808
 39813	134.3
 39814	127.08
 39815	130.86
 39816	125.677
 39817	120.42
 39818	125.282
 39819	127.476
 39820	130.086
 39821	131.523
 39822	124.986
 39823	128.646
 39824	129.724
 39825	122.055
 39826	125.087
 39827	128.328
 39828	129.584
 39829	128.329
 39830	127.004
 39831	127.009
 39832	132.991
 39833	128.494
 39834	124.147
 39835	128.106
 39836	128.427
 39837	123.083
 39838	125.537
 39839	125.526
 39840	119.427
 39841	121.952
 39842	124.404
 39843	117.768
 39844	126.193
 39845	129.937
 39846	127.238
 39847	133.224
 39848	134.74
 39849	131.666
 39850	138.025
 39851	133.997
 39852	131.489
 39853	137.707
 39854	134.183
 39855	125.754
 39856	134.524
 39857	134.155
 39858	129.984
 39859	134.242
 39860	135.08
 39861	129.48
 39862	134.435
 39863	135.889
 39864	132.803
 39865	130.77
 39866	134.991
 39867	134.509
 39868	133.588
 39869	132.109
 39870	134.185
 39871	134.257
 39872	137.628
 39873	133.166
 39874	130.442
 39875	131.503
 39876	132.665
 39877	132.947
 39878	141.471
 39879	145.285
 39880	148.085
 39881	145.41
 39882	148.296
 39883	154.802
 39884	152.153
 39885	149.63
 39886	155.453
 39887	158.43
 39888	153.351
 39889	152.077
 39890	156.185
 39891	153.911
 39892	152.576
 39893	152.307
 39894	150.155
 39895	144.112
 39896	146.307
 39897	145.906
 39898	147.175
 39899	142.945
 39900	141.644
 39901	138.038
 39902	137.311
 39903	133.02
 39904	132.602
 39905	131.416
 39906	130.021
 39907	135.004
 39908	140.365
 39909	134.073
 39910	137.73
 39911	144.19
 39912	137.59
 39913	139.121
 39914	143.413
 39915	138.748
 39916	141.515
 39917	137.849
 39918	133.825
 39919	138.113
 39920	135.768
 39921	126.575
 39922	127.77
 39923	119.2
 39924	120.461
 39925	124.334
 39926	118.866
 39927	113.53
 39928	119.235
 39929	112.792
 39930	116.391
 39931	129.439
 39932	125.895
 39933	121.119
 39934	129.662
 39935	131.062
 39936	130.369
 39937	138.879
 39938	139.262
 39939	134.648
 39940	138.611
 39941	133.451
 39942	133.183
 39943	130.054
 39944	126.254
 39945	136.017
 39946	142.469
 39947	133.045
 39948	134.296
 39949	136.922
 39950	134.362
 39951	141.456
 39952	140.252
 39953	132.982
 39954	133.373
 39955	134.967
 39956	142.169
 39957	149.199
 39958	141.67
 39959	141.002
 39960	148.283
 39961	140.61
 39962	140.805
 39963	142.485
 39964	133.782
 39965	134.488
 39966	144.76
 39967	141.009
 39968	137.284
 39969	138.907
 39970	137.323
 39971	131.762
 39972	133.547
 39973	137.18
 39974	137.585
 39975	135.01
 39976	132.072
 39977	132.148
 39978	130.833
 39979	127.024
 39980	126.905
 39981	123.391
 39982	123.483
 39983	133.928
 39984	130.88
 39985	128.064
 39986	137.85
 39987	131.644
 39988	126.702
 39989	130.075
 39990	126.603
 39991	124.884
 39992	127.784
 39993	124.905
 39994	128.2
 39995	132.077
 39996	132.966
 39997	142.386
 39998	138.601
 39999	133.196
 40000	141.101
 40001	138.282
 40002	137.094
 40003	151.004
 40004	149.554
 40005	140.995
 40006	147.645
 40007	147.193
 40008	147.671
 40009	151.992
 40010	151.534
 40011	148.914
 40012	149.16
 40013	149.027
 40014	149.649
 40015	151.101
 40016	150.168
 40017	148.892
 40018	146.471
 40019	139.985
 40020	140.943
 40021	148.514
 40022	144.45
 40023	140.028
 40024	143.761
 40025	140.036
 40026	138.679
 40027	144.003
 40028	142.7
 40029	144.807
 40030	145.146
 40031	141.983
 40032	150.127
 40033	147.229
 40034	141.968
 40035	145.089
 40036	139.039
 40037	133.348
 40038	136.523
 40039	129.726
 40040	135.513
 40041	141.988
 40042	135.513
 40043	134.936
 40044	138.736
 40045	136.757
 40046	137.093
 40047	137.419
 40048	138.666
 40049	137.376
 40050	130.653
 40051	132.705
 40052	132.348
 40053	128.801
 40054	129.81
 40055	129.343
 40056	122.975
 40057	123.847
 40058	128.814
 40059	127.047
 40060	126.361
 40061	126.833
 40062	124.692
 40063	117.855
 40064	117.419
 40065	119.158
 40066	112.999
 40067	112.149
 40068	114.727
 40069	112.669
 40070	113.498
 40071	117.501
 40072	124.429
 40073	126.976
 40074	124.158
 40075	130.067
 40076	133.916
 40077	129.138
 40078	133.043
 40079	138.512
 40080	138.259
 40081	139.884
 40082	141.641
 40083	139.562
 40084	140.767
 40085	142.592
 40086	143.144
 40087	142.584
 40088	139.503
 40089	143.906
 40090	148.095
 40091	146.074
 40092	150.71
 40093	155.778
 40094	153.072
 40095	151.707
 40096	156.248
 40097	156.727
 40098	153.846
 40099	152.828
 40100	154.324
 40101	151.496
 40102	146.89
 40103	142.444
 40104	143.187
 40105	145.149
 40106	141.903
 40107	136.147
 40108	134.234
 40109	133.658
 40110	131.781
 40111	130.043
 40112	127.216
 40113	124.038
 40114	125.729
 40115	128.14
 40116	126.612
 40117	127.416
 40118	127.93
 40119	127.865
 40120	125.158
 40121	123.266
 40122	123.069
 40123	123.039
 40124	120.232
 40125	126.21
 40126	127.999
 40127	119.006
 40128	118.845
 40129	118.303
 40130	112.069
 40131	121.246
 40132	120.727
 40133	111.765
 40134	118.159
 40135	125.384
 40136	123.461
 40137	125.129
 40138	125.583
 40139	124.253
 40140	125.335
 40141	127.709
 40142	135.797
 40143	141.781
 40144	144.077
 40145	149.983
 40146	149.879
 40147	146.916
 40148	153.062
 40149	159.069
 40150	154.403
 40151	156.489
 40152	160.044
 40153	157.811
 40154	156.137
 40155	163.039
 40156	165.175
 40157	162.855
 40158	166.149
 40159	167.587
 40160	158.137
 40161	156.04
 40162	149.59
 40163	144.552
 40164	146.683
 40165	143.156
 40166	140.545
 40167	145.277
 40168	142.451
 40169	140.688
 40170	141.758
 40171	141.822
 40172	144.865
 40173	144.626
 40174	139.624
 40175	143.464
 40176	140.229
 40177	136.84
 40178	140.511
 40179	141.683
 40180	139.463
 40181	140.732
 40182	143.516
 40183	141.795
 40184	139.87
 40185	145.753
 40186	149.006
 40187	148.33
 40188	148.649
 40189	150.686
 40190	154.376
 40191	153.67
 40192	149.877
 40193	155.827
 40194	160.004
 40195	159.282
 40196	159.101
 40197	153.921
 40198	148.323
 40199	148.853
 40200	144.653
 40201	144.973
 40202	147.665
 40203	144.298
 40204	145.902
 40205	149.918
 40206	139.702
 40207	137.563
 40208	141.688
 40209	139.196
 40210	138.025
 40211	137.572
 40212	139.879
 40213	140.711
 40214	137.147
 40215	134.765
 40216	132.952
 40217	129.267
 40218	134.149
 40219	138.762
 40220	133.465
 40221	131.957
 40222	142.049
 40223	140.21
 40224	139.038
 40225	142.991
 40226	138.628
 40227	136.166
 40228	141.427
 40229	142.903
 40230	142.842
 40231	145.747
 40232	150.159
 40233	151.41
 40234	151.232
 40235	152.134
 40236	152.631
 40237	149.882
 40238	149.671
 40239	152.777
 40240	154.652
 40241	156.714
 40242	153.607
 40243	150.825
 40244	151.73
 40245	155.991
 40246	159.637
 40247	160.068
 40248	161.146
 40249	162.144
 40250	163.214
 40251	159
 40252	155.062
 40253	153.362
 40254	153.914
 40255	155.809
 40256	158.201
 40257	157.116
 40258	156.13
 40259	160.742
 40260	159.51
 40261	153.419
 40262	151.897
 40263	152.475
 40264	151.837
 40265	150.22
 40266	151.073
 40267	152.149
 40268	149.277
 40269	146.735
 40270	149.434
 40271	149.252
 40272	150.473
 40273	154.569
 40274	159.591
 40275	160.626
 40276	160.62
 40277	157.314
 40278	153.251
 40279	155.844
 40280	155.057
 40281	154.485
 40282	155.698
 40283	153.056
 40284	155.038
 40285	160.192
 40286	159.454
 40287	156.374
 40288	153.458
 40289	153.466
 40290	154.41
 40291	150.956
 40292	148.879
 40293	152.718
 40294	152.233
 40295	148.296
 40296	148.532
 40297	145.705
 40298	143.789
 40299	144.974
 40300	144.405
 40301	140.951
 40302	148.834
 40303	155.986
 40304	152.296
 40305	150.035
 40306	155.55
 40307	157.757
 40308	160.121
 40309	164.164
 40310	170.798
 40311	169.287
 40312	165.969
 40313	169.188
 40314	169.897
 40315	161.516
 40316	161.8
 40317	165.469
 40318	166.463
 40319	171.947
 40320	170.952
 40321	158.519
 40322	151.958
 40323	150.222
 40324	148.811
 40325	145.816
 40326	141.649
 40327	139.2
 40328	144.245
 40329	150.815
 40330	147.872
 40331	144.022
 40332	147.007
 40333	149.328
 40334	152.226
 40335	151.83
 40336	152.335
 40337	152.311
 40338	156.294
 40339	159.013
 40340	163.635
 40341	162.357
 40342	161.049
 40343	163.006
 40344	162.549
 40345	159.628
 40346	161.329
 40347	162.35
 40348	166.2
 40349	167.523
 40350	163.479
 40351	159.563
 40352	156.435
 40353	155.004
 40354	159.498
 40355	157.43
 40356	156.017
 40357	161.449
 40358	159.543
 40359	158.573
 40360	159.245
 40361	153.035
 40362	151.232
 40363	158.295
 40364	163.09
 40365	163.856
 40366	162.266
 40367	164.28
 40368	166.766
 40369	165.372
 40370	160.656
 40371	155.666
 40372	152.278
 40373	154.539
 40374	158.558
 40375	152.435
 40376	151.7
 40377	154.394
 40378	150.299
 40379	146.157
 40380	145.897
 40381	142.456
 40382	140.231
 40383	140.325
 40384	144.584
 40385	141.561
 40386	137.861
 40387	136.541
 40388	140.956
 40389	141.821
 40390	136.487
 40391	133.245
 40392	137.596
 40393	138.395
 40394	139.584
 40395	138.369
 40396	134.934
 40397	135.132
 40398	134.042
 40399	132.673
 40400	135.155
 40401	140.836
 40402	142.826
 40403	147.464
 40404	143.73
 40405	141.216
 40406	145.515
 40407	150.574
 40408	153.776
 40409	155.821
 40410	154.093
 40411	153.53
 40412	155.701
 40413	153.636
 40414	153.608
 40415	152.142
 40416	148.905
 40417	150.033
 40418	147.478
 40419	140.565
 40420	141.287
 40421	142.458
 40422	139.883
 40423	141.181
 40424	145.092
 40425	142.727
 40426	140.012
 40427	144.829
 40428	148.515
 40429	144.402
 40430	145.803
 40431	153.374
 40432	153.674
 40433	149.281
 40434	147.445
 40435	148.898
 40436	148.138
 40437	150.343
 40438	152.725
 40439	148.472
 40440	144.888
 40441	148.098
 40442	145.165
 40443	141.064
 40444	146.407
 40445	149.799
 40446	143.872
 40447	141.551
 40448	137.321
 40449	135.675
 40450	136.78
 40451	137.906
 40452	141.683
 40453	146.529
 40454	148.364
 40455	148.793
 40456	150.587
 40457	151.1
 40458	154.726
 40459	159.709
 40460	167.725
 40461	171.77
 40462	168.318
 40463	162.048
 40464	161.616
 40465	164.989
 40466	165.321
 40467	162.942
 40468	166.552
 40469	171.026
 40470	164.843
 40471	161.756
 40472	160.229
 40473	159.506
 40474	155.156
 40475	154.765
 40476	153.427
 40477	148.031
 40478	144.354
 40479	151.84
 40480	146.552
 40481	137.323
 40482	142.026
 40483	144.675
 40484	134.104
 40485	132.148
 40486	139.421
 40487	141.861
 40488	138.452
 40489	142.629
 40490	146.179
 40491	140.542
 40492	137.113
 40493	145.383
 40494	144.479
 40495	141.659
 40496	147.328
 40497	150.074
 40498	149.089
 40499	150.775
 40500	154.658
 40501	152.977
 40502	155.54
 40503	162.314
 40504	162.081
 40505	160.768
 40506	166.264
 40507	171.142
 40508	168.63
 40509	170.482
 40510	175.489
 40511	176.814
 40512	172.835
 40513	174.045
 40514	-178.818
 40515	-179.993
 40516	174.133
 40517	170.589
 40518	163.642
 40519	160.616
 40520	159.983
 40521	154.414
 40522	149.442
 40523	150.217
 40524	147.986
 40525	144.575
 40526	140.001
 40527	140.335
 40528	142.413
 40529	141.727
 40530	142.68
 40531	147.288
 40532	148.429
 40533	147.806
 40534	150.991
 40535	150.311
 40536	149.307
 40537	150.914
 40538	155.058
 40539	155.184
 40540	154.982
 40541	155.319
 40542	157.813
 40543	159.055
 40544	157.792
 40545	155.127
 40546	152.53
 40547	154.69
 40548	159.273
 40549	163.955
 40550	163.991
 40551	168.365
 40552	164.282
 40553	157.094
 40554	158.072
 40555	158.653
 40556	153.198
 40557	156.847
 40558	158.398
 40559	153.932
 40560	155.294
 40561	150.901
 40562	144.783
 40563	146.782
 40564	148.053
 40565	144.255
 40566	147.006
 40567	152.198
 40568	152.745
 40569	149.78
 40570	151.943
 40571	155.523
 40572	156.372
 40573	158.65
 40574	165.814
 40575	162.436
 40576	154.896
 40577	155.618
 40578	162.922
 40579	158.602
 40580	159.925
 40581	165.6
 40582	165.544
 40583	163.5
 40584	162.363
 40585	159.959
 40586	158.879
 40587	155.686
 40588	153.398
 40589	158.361
 40590	159.452
 40591	158.42
 40592	162.295
 40593	159.315
 40594	155.567
 40595	156.175
 40596	155.374
 40597	154.285
 40598	160.731
 40599	157.298
 40600	152.696
 40601	155.237
 40602	154.257
 40603	147.667
 40604	148.055
 40605	149.645
 40606	150.942
 40607	153.252
 40608	156.34
 40609	151.582
 40610	147.794
 40611	148.402
 40612	148.504
 40613	141.917
 40614	141.253
 40615	150.927
 40616	152.29
 40617	145.323
 40618	152.204
 40619	152.728
 40620	146.368
 40621	150.79
 40622	158.982
 40623	156.151
 40624	158.936
 40625	164.905
 40626	166.449
 40627	164.234
 40628	159.647
 40629	158.164
 40630	161.134
 40631	162.067
 40632	161.855
 40633	162.512
 40634	163.028
 40635	157.943
 40636	150.722
 40637	148.03
 40638	149.452
 40639	146.492
 40640	147.567
 40641	146.905
 40642	145.799
 40643	140.488
 40644	142.113
 40645	145.174
 40646	143.24
 40647	138.74
 40648	144.811
 40649	147.316
 40650	147.087
 40651	148.545
 40652	149.372
 40653	147.511
 40654	148.412
 40655	150.101
 40656	152.697
 40657	150.838
 40658	151.422
 40659	155.33
 40660	161.151
 40661	162.899
 40662	165.865
 40663	166.15
 40664	159.72
 40665	160.849
 40666	162.9
 40667	162.821
 40668	163.95
 40669	170.248
 40670	167.87
 40671	161.109
 40672	161.408
 40673	165.392
 40674	161.968
 40675	158.006
 40676	161.705
 40677	165.106
 40678	166.824
 40679	165.299
 40680	165.524
 40681	160.986
 40682	160.214
 40683	161.165
 40684	165.766
 40685	162.946
 40686	166.168
 40687	168.31
 40688	162.822
 40689	158.17
 40690	161.946
 40691	160.06
 40692	157.648
 40693	160.37
 40694	166.559
 40695	163.545
 40696	157.983
 40697	162.612
 40698	169.446
 40699	162.43
 40700	155.723
 40701	157.335
 40702	160.251
 40703	161.84
 40704	166.438
 40705	165.788
 40706	166.559
 40707	171.904
 40708	172.113
 40709	170.791
 40710	171.002
 40711	170.325
 40712	169.159
 40713	168.167
 40714	167.404
 40715	165.606
 40716	161.46
 40717	162.018
 40718	167.865
 40719	165.131
 40720	163.287
 40721	165.464
 40722	162.459
 40723	161.606
 40724	161.147
 40725	157.834
 40726	153.554
 40727	155.57
 40728	151.675
 40729	144.44
 40730	142.979
 40731	148.728
 40732	143.501
 40733	140.559
 40734	142.85
 40735	146.24
 40736	141.838
 40737	143.637
 40738	146.283
 40739	148.582
 40740	145.063
 40741	151.215
 40742	155.165
 40743	152.526
 40744	157.026
 40745	164.087
 40746	157.519
 40747	158.177
 40748	164.504
 40749	164.926
 40750	159.328
 40751	156.516
 40752	159.017
 40753	161.028
 40754	153.497
 40755	153.721
 40756	153.039
 40757	151.822
 40758	156.417
 40759	156.223
 40760	151.352
 40761	153.116
 40762	154.584
 40763	154.752
 40764	156.611
 40765	157.22
 40766	155.837
 40767	155.745
 40768	154.082
 40769	153.934
 40770	151.621
 40771	147.03
 40772	139.459
 40773	142.192
 40774	144.918
 40775	138.862
 40776	136.328
 40777	145.723
 40778	144.947
 40779	142.005
 40780	140.231
 40781	140.613
 40782	145.133
 40783	145.874
 40784	148.565
 40785	156.707
 40786	156.262
 40787	161.531
 40788	169.699
 40789	166.897
 40790	165.169
 40791	170.365
 40792	170.423
 40793	169.268
 40794	170.406
 40795	171.723
 40796	168.693
 40797	166.511
 40798	170.144
 40799	171.183
 40800	163.574
 40801	162.358
 40802	167.817
 40803	170.034
 40804	166.987
 40805	163.867
 40806	167.103
 40807	167.243
 40808	156.79
 40809	156.201
 40810	155.414
 40811	152.354
 40812	153.01
 40813	153.204
 40814	150.372
 40815	153.115
 40816	155.03
 40817	153.434
 40818	153.031
 40819	152.211
 40820	150.568
 40821	147.774
 40822	148.624
 40823	149.191
 40824	146.92
 40825	147.491
 40826	148.289
 40827	145.9
 40828	145.396
 40829	145.24
 40830	146.068
 40831	142.169
 40832	142.12
 40833	145.098
 40834	140.896
 40835	134.931
 40836	141.336
 40837	143.231
 40838	138.809
 40839	141.719
 40840	148.182
 40841	148.762
 40842	149.079
 40843	154.853
 40844	158.142
 40845	154.588
 40846	152.312
 40847	155.518
 40848	152.231
 40849	151.081
 40850	152.684
 40851	149.871
 40852	149.634
 40853	153.394
 40854	152.553
 40855	156.058
 40856	149.499
 40857	142.391
 40858	149.957
 40859	146.429
 40860	141.07
 40861	149.121
 40862	150.947
 40863	144.211
 40864	146.257
 40865	143.208
 40866	142.558
 40867	145.974
 40868	145.285
 40869	146.77
 40870	150.865
 40871	151.65
 40872	153.118
 40873	150.695
 40874	146.944
 40875	147.215
 40876	148.534
 40877	145.586
 40878	150.694
 40879	154.735
 40880	149.419
 40881	144.992
 40882	149.158
 40883	142.486
 40884	138.222
 40885	141.65
 40886	139.698
 40887	141.157
 40888	144.927
 40889	140.551
 40890	143.25
 40891	145.692
 40892	139.797
 40893	141.924
 40894	143.125
 40895	137.747
 40896	145.744
 40897	150.055
 40898	148.265
 40899	151.82
 40900	151.367
 40901	145.891
 40902	148.444
 40903	143.316
 40904	143.6
 40905	143.933
 40906	137.068
 40907	134.595
 40908	139.22
 40909	134.001
 40910	132.398
 40911	131.103
 40912	123.712
 40913	124.689
 40914	127.486
 40915	122.945
 40916	119.26
 40917	120.714
 40918	119.315
 40919	121.755
 40920	125.639
 40921	124.349
 40922	130.074
 40923	132.623
 40924	129.004
 40925	132.719
 40926	141.309
 40927	139.454
 40928	141.632
 40929	146.56
 40930	146.739
 40931	149.575
 40932	156.507
 40933	154.025
 40934	155.566
 40935	158.819
 40936	161.696
 40937	169.11
 40938	170.585
 40939	171.269
 40940	174.242
 40941	166.958
 40942	160.546
 40943	163.06
 40944	165.873
 40945	162.943
 40946	161.583
 40947	163.281
 40948	162.8
 40949	155.09
 40950	147.514
 40951	146.308
 40952	145.963
 40953	143.501
 40954	143.795
 40955	151.176
 40956	150.687
 40957	138.943
 40958	138.829
 40959	146.003
 40960	144.489
 40961	144.737
 40962	147.303
 40963	146.989
 40964	147.693
 40965	147.884
 40966	146.292
 40967	145.543
 40968	147.961
 40969	152.626
 40970	153.045
 40971	146.905
 40972	154.969
 40973	158.982
 40974	154.646
 40975	149.321
 40976	148.067
 40977	150.898
 40978	151.311
 40979	148.029
 40980	152.663
 40981	157.383
 40982	155.734
 40983	155.904
 40984	156.226
 40985	153.205
 40986	153.624
 40987	156.069
 40988	159.792
 40989	162.286
 40990	160.473
 40991	164.999
 40992	170.359
 40993	170.542
 40994	168.769
 40995	163.709
 40996	155.834
 40997	157.876
 40998	161.89
 40999	163.898
 41000	158.619
 41001	152.854
 41002	151.244
 41003	148.122
 41004	142.515
 41005	142.153
 41006	143.654
 41007	140.839
 41008	140.047
 41009	138.116
 41010	138.321
 41011	136.481
 41012	132.149
 41013	132.63
 41014	137.935
 41015	140.705
 41016	142.695
 41017	144.51
 41018	149.717
 41019	155.303
 41020	150.657
 41021	144.86
 41022	146.133
 41023	151.648
 41024	155.298
 41025	149.965
 41026	150
 41027	152.709
 41028	146.906
 41029	142.12
 41030	143.491
 41031	140.815
 41032	140.187
 41033	142.937
 41034	143.061
 41035	140.929
 41036	143.204
 41037	147.903
 41038	147.803
 41039	143.727
 41040	148.542
 41041	153.855
 41042	155.872
 41043	156.746
 41044	157.287
 41045	156.665
 41046	157.282
 41047	157.743
 41048	161.448
 41049	161.512
 41050	160.88
 41051	165.976
 41052	167.561
 41053	163.522
 41054	164.761
 41055	163.733
 41056	159.63
 41057	161.826
 41058	162.995
 41059	161.833
 41060	157.697
 41061	157.066
 41062	156.053
 41063	152.582
 41064	150.583
 41065	151.997
 41066	148.722
 41067	146.565
 41068	145.473
 41069	143.764
 41070	145.036
 41071	145.263
 41072	143.756
 41073	145.689
 41074	148.967
 41075	149.1
 41076	146.811
 41077	144.865
 41078	146.053
 41079	146.579
 41080	147.222
 41081	153.257
 41082	157.458
 41083	153.933
 41084	154.943
 41085	153.798
 41086	153.806
 41087	153.545
 41088	152.814
 41089	155.43
 41090	159.771
 41091	157.253
 41092	158.5
 41093	160.067
 41094	160.132
 41095	156.632
 41096	154.98
 41097	159.203
 41098	160.446
 41099	155.179
 41100	153.76
 41101	159.025
 41102	158.413
 41103	157.625
 41104	157.751
 41105	155.145
 41106	152.564
 41107	159.153
 41108	167.971
 41109	162.206
 41110	159.252
 41111	168.043
 41112	170.693
 41113	165.12
 41114	162.676
 41115	164.338
 41116	167.482
 41117	166.119
 41118	162.118
 41119	164.908
 41120	165
 41121	162.99
 41122	164.334
 41123	163.013
 41124	161.775
 41125	162.948
 41126	164.069
 41127	164.316
 41128	163.369
 41129	157.657
 41130	156.613
 41131	162.111
 41132	168.834
 41133	168.212
 41134	164.182
 41135	161.943
 41136	162.622
 41137	161.099
 41138	156.126
 41139	155.438
 41140	157.938
 41141	161.642
 41142	161.809
 41143	158.864
 41144	158.255
 41145	158.761
 41146	162.429
 41147	160.21
 41148	157.345
 41149	158.233
 41150	159.268
 41151	159.468
 41152	156.758
 41153	157.056
 41154	160.151
 41155	164.917
 41156	163.051
 41157	157.741
 41158	157.343
 41159	161.293
 41160	156.873
 41161	151.346
 41162	154.651
 41163	152.737
 41164	149.066
 41165	151.773
 41166	148.21
 41167	139.189
 41168	142.131
 41169	144.548
 41170	141.941
 41171	144.707
 41172	147.305
 41173	146.549
 41174	146.207
 41175	143.129
 41176	147.037
 41177	148.252
 41178	143.665
 41179	147.26
 41180	155.48
 41181	155.87
 41182	155.115
 41183	154.136
 41184	153.147
 41185	157.477
 41186	158.186
 41187	153.766
 41188	153.377
 41189	155.986
 41190	161.029
 41191	159.883
 41192	156.684
 41193	159.964
 41194	162.61
 41195	159.609
 41196	156.599
 41197	160.36
 41198	161.593
 41199	160.354
 41200	160.17
 41201	160.212
 41202	161.124
 41203	162.187
 41204	160.893
 41205	163.895
 41206	170.224
 41207	165.211
 41208	164.353
 41209	174.574
 41210	174.063
 41211	168.772
 41212	172.649
 41213	173.354
 41214	170.028
 41215	166.97
 41216	168.933
 41217	173.628
 41218	170.454
 41219	163.935
 41220	169.093
 41221	167.617
 41222	162.911
 41223	172.226
 41224	173.635
 41225	164.139
 41226	167.173
 41227	171.734
 41228	167.882
 41229	169.634
 41230	171.037
 41231	169.79
 41232	171.225
 41233	173.267
 41234	172.725
 41235	171.857
 41236	166.139
 41237	160.399
 41238	162.7
 41239	162.806
 41240	160.359
 41241	159.315
 41242	159.596
 41243	157.883
 41244	153.995
 41245	145.297
 41246	142.35
 41247	142.068
 41248	137.618
 41249	139.313
 41250	145.078
 41251	140.497
 41252	136.474
 41253	140.942
 41254	138.22
 41255	132.176
 41256	135.579
 41257	139.908
 41258	136.578
 41259	132.759
 41260	136.754
 41261	138.854
 41262	135.55
 41263	137.904
 41264	140.232
 41265	137.879
 41266	135.961
 41267	140.926
 41268	144.792
 41269	145.957
 41270	143.41
 41271	145.283
 41272	146.464
 41273	144.315
 41274	144.486
 41275	149.347
 41276	148.012
 41277	150.077
 41278	153.307
 41279	150.833
 41280	147.1
 41281	147.158
 41282	151.493
 41283	146.993
 41284	141.938
 41285	146.281
 41286	144.225
 41287	135.424
 41288	139.851
 41289	140.716
 41290	132.01
 41291	136.003
 41292	141.536
 41293	141.732
 41294	142.746
 41295	141.286
 41296	139.77
 41297	142.829
 41298	144.979
 41299	146.319
 41300	141.131
 41301	137.99
 41302	143.385
 41303	149.081
 41304	147.354
 41305	145.422
 41306	148.155
 41307	153.422
 41308	153.654
 41309	154.613
 41310	157.378
 41311	158.326
 41312	160.817
 41313	160.047
 41314	156.098
 41315	157.949
 41316	157.979
 41317	158.409
 41318	161.137
 41319	157.532
 41320	156.956
 41321	157.68
 41322	155.209
 41323	154.604
 41324	153.806
 41325	152.53
 41326	153.658
 41327	151.83
 41328	149.964
 41329	150.405
 41330	144.488
 41331	143.049
 41332	146.969
 41333	149.088
 41334	144.383
 41335	142.794
 41336	149.105
 41337	151.833
 41338	145.046
 41339	146.318
 41340	151.196
 41341	152.347
 41342	154.372
 41343	160.02
 41344	159.124
 41345	159.298
 41346	161.166
 41347	161.537
 41348	161.106
 41349	159.992
 41350	167.354
 41351	169.82
 41352	167.404
 41353	170.6
 41354	172.73
 41355	173.567
 41356	177.226
 41357	173.921
 41358	173.003
 41359	176.505
 41360	-179.624
 41361	-178.699
 41362	-179.489
 41363	177.578
 41364	-179.29
 41365	-171.214
 41366	-169.638
 41367	-170.57
 41368	-170.981
 41369	-167.368
 41370	-172.585
 41371	-175.9
 41372	-176.442
 41373	-178.65
 41374	178.081
 41375	-176.155
 41376	-175.891
 41377	-173.879
 41378	-168.193
 41379	-172.037
 41380	178.132
 41381	174.693
 41382	171.727
 41383	170.321
 41384	170.679
 41385	170.135
 41386	171.019
 41387	167.479
 41388	161.957
 41389	156.126
 41390	159.414
 41391	161.623
 41392	160.625
 41393	162.506
 41394	167.82
 41395	168.951
 41396	170.073
 41397	167.559
 41398	166.06
 41399	170.139
 41400	168.123
 41401	167.396
 41402	172.468
 41403	169.28
 41404	166.078
 41405	174.153
 41406	172.642
 41407	169.045
 41408	168.323
 41409	166.968
 41410	167.203
 41411	171.422
 41412	171.155
 41413	170.1
 41414	169.063
 41415	166.206
 41416	166.458
 41417	166.143
 41418	165.601
 41419	165.343
 41420	163.872
 41421	164.711
 41422	165.62
 41423	160.571
 41424	156.728
 41425	155.627
 41426	155.114
 41427	153.888
 41428	156.647
 41429	157.929
 41430	153.782
 41431	153.475
 41432	158.77
 41433	153.421
 41434	153.074
 41435	159.499
 41436	152.567
 41437	148.073
 41438	151.268
 41439	153.919
 41440	153.17
 41441	149.336
 41442	148.369
 41443	155.405
 41444	152.824
 41445	145.926
 41446	149.783
 41447	148.234
 41448	145.782
 41449	148.23
 41450	150.545
 41451	149.805
 41452	147.027
 41453	146.548
 41454	150.807
 41455	151.705
 41456	152.992
 41457	161.524
 41458	162.534
 41459	155.614
 41460	158.027
 41461	164.861
 41462	160.71
 41463	155.234
 41464	164.959
 41465	166.982
 41466	159.317
 41467	161.158
 41468	159.99
 41469	154.182
 41470	152.978
 41471	153.15
 41472	157.743
 41473	162.386
 41474	161.854
 41475	164.635
 41476	165.526
 41477	161.73
 41478	164.676
 41479	161.812
 41480	159.501
 41481	168.521
 41482	171.601
 41483	167.283
 41484	166.707
 41485	161.355
 41486	161.751
 41487	167.742
 41488	164.08
 41489	161.938
 41490	167.225
 41491	169.053
 41492	168.149
 41493	167.241
 41494	167.846
 41495	167.054
 41496	164.804
 41497	166.354
 41498	165.784
 41499	166.088
 41500	167.339
 41501	169.977
 41502	170.859
 41503	165.117
 41504	165.053
 41505	173.714
 41506	170.467
 41507	168.216
 41508	173.079
 41509	169.236
 41510	167.433
 41511	173.069
 41512	172.214
 41513	173.466
 41514	175.689
 41515	175.471
 41516	174.997
 41517	170.609
 41518	165.387
 41519	169.848
 41520	172.034
 41521	168.848
 41522	171.842
 41523	169.781
 41524	165.35
 41525	166.521
 41526	166.37
 41527	162.991
 41528	163.895
 41529	169.238
 41530	168.275
 41531	168.288
 41532	171.312
 41533	165.148
 41534	160.984
 41535	167.121
 41536	164.11
 41537	161.741
 41538	165.785
 41539	165.501
 41540	166.784
 41541	169.18
 41542	167.417
 41543	171.533
 41544	172.786
 41545	175.058
 41546	-179.771
 41547	175.143
 41548	174.909
 41549	-176.419
 41550	179.899
 41551	177.118
 41552	-176.53
 41553	178.58
 41554	172.017
 41555	175.556
 41556	174.51
 41557	166.083
 41558	164.398
 41559	172.647
 41560	170.026
 41561	164.743
 41562	161.623
 41563	157.328
 41564	154.606
 41565	156.826
 41566	158.98
 41567	162.958
 41568	162.135
 41569	165.064
 41570	170.403
 41571	165.039
 41572	163.162
 41573	168.139
 41574	165.687
 41575	165.649
 41576	172.049
 41577	175.066
 41578	175.39
 41579	174.247
 41580	172.129
 41581	169.109
 41582	169.211
 41583	171.213
 41584	175.483
 41585	173.919
 41586	173.388
 41587	175.048
 41588	174.922
 41589	174.033
 41590	173.737
 41591	175.637
 41592	177.12
 41593	176.893
 41594	177.287
 41595	174.167
 41596	173.283
 41597	176.103
 41598	177.172
 41599	179.983
 41600	179.235
 41601	172.218
 41602	170.424
 41603	173.723
 41604	173.515
 41605	173.367
 41606	172.825
 41607	173.383
 41608	170.234
 41609	160.742
 41610	160.573
 41611	170.667
 41612	173.106
 41613	174.765
 41614	177.932
 41615	171.498
 41616	166.739
 41617	167.938
 41618	164.113
 41619	164.015
 41620	166.068
 41621	166.728
 41622	160.051
 41623	155.919
 41624	153.311
 41625	152.248
 41626	151.669
 41627	152.974
 41628	156.107
 41629	153.323
 41630	150.88
 41631	148.912
 41632	148.792
 41633	150.185
 41634	150.649
 41635	146.792
 41636	141.758
 41637	142.213
 41638	146.304
 41639	143.705
 41640	144.224
 41641	146.273
 41642	145.99
 41643	143.591
 41644	148.025
 41645	148.065
 41646	150.629
 41647	152.308
 41648	153.913
 41649	152.06
 41650	154.393
 41651	159.042
 41652	161.154
 41653	157.359
 41654	159.731
 41655	158.942
 41656	156.136
 41657	160.485
 41658	163.822
 41659	158.059
 41660	155.736
 41661	157.027
 41662	156.864
 41663	156.705
 41664	158.871
 41665	160.395
 41666	160.473
 41667	158.599
 41668	160.155
 41669	155.18
 41670	153.361
 41671	154.168
 41672	155.447
 41673	150.372
 41674	148.463
 41675	148.239
 41676	147.656
 41677	144.33
 41678	144.482
 41679	148.278
 41680	146.232
 41681	147.261
 41682	157.599
 41683	156.701
 41684	158.955
 41685	162.697
 41686	163.148
 41687	164.182
 41688	166.97
 41689	168.529
 41690	175.436
 41691	176.041
 41692	175.69
 41693	176.616
 41694	174.843
 41695	174.202
 41696	177.296
 41697	179.423
 41698	178.774
 41699	-179.782
 41700	-178.772
 41701	175.323
 41702	173.743
 41703	171.828
 41704	168.437
 41705	168.998
 41706	175.085
 41707	172.19
 41708	169.001
 41709	167.524
 41710	162.099
 41711	159.145
 41712	160.094
 41713	157.256
 41714	153.761
 41715	149.948
 41716	151.459
 41717	154.329
 41718	149.765
 41719	148.494
 41720	153.507
 41721	150.547
 41722	151.921
 41723	159.278
 41724	156.985
 41725	155.486
 41726	162.25
 41727	160.967
 41728	159.732
 41729	166.044
 41730	175.769
 41731	173.259
 41732	169.295
 41733	171.294
 41734	173.76
 41735	175.25
 41736	177.635
 41737	179.727
 41738	178.759
 41739	176.014
 41740	176.614
 41741	175.357
 41742	169.818
 41743	170.015
 41744	170.87
 41745	168.027
 41746	167.174
 41747	164.227
 41748	157.554
 41749	155.741
 41750	154.609
 41751	149.618
 41752	152.354
 41753	151.721
 41754	147.984
 41755	154.106
 41756	153.603
 41757	148.689
 41758	152.943
 41759	155.127
 41760	154.161
 41761	158.763
 41762	163.506
 41763	162.012
 41764	158.139
 41765	156.596
 41766	155.267
 41767	154.838
 41768	155.761
 41769	158.265
 41770	158.988
 41771	164.848
 41772	171.282
 41773	170.037
 41774	163.937
 41775	167.085
 41776	169.309
 41777	163.764
 41778	162.683
 41779	167.281
 41780	168.296
 41781	173.901
 41782	175.325
 41783	166.89
 41784	168.562
 41785	170.794
 41786	165.602
 41787	164.883
 41788	170.875
 41789	170.873
 41790	165.661
 41791	164.107
 41792	168.802
 41793	168.08
 41794	164.278
 41795	167.262
 41796	167.679
 41797	166.578
 41798	167.425
 41799	164.946
 41800	157.513
 41801	158.019
 41802	161.021
 41803	158.781
 41804	155.521
 41805	157.874
 41806	157.211
 41807	154.55
 41808	155.359
 41809	152.372
 41810	145.174
 41811	146.394
 41812	144.662
 41813	142.946
 41814	144.789
 41815	139.989
 41816	140.767
 41817	149.357
 41818	148.778
 41819	154.393
 41820	162.91
 41821	158.735
 41822	160.424
 41823	166.533
 41824	165.249
 41825	160.867
 41826	156.964
 41827	157.557
 41828	162.664
 41829	162.557
 41830	155.124
 41831	155.05
 41832	153.994
 41833	149.503
 41834	148.298
 41835	149.576
 41836	143.572
 41837	143.403
 41838	142.74
 41839	139.281
 41840	139.681
 41841	141.719
 41842	139.197
 41843	144.701
 41844	145.089
 41845	139.163
 41846	146.013
 41847	150.726
 41848	144.383
 41849	148.901
 41850	152.787
 41851	151.726
 41852	159.576
 41853	162.255
 41854	160.64
 41855	164.263
 41856	163.087
 41857	163.779
 41858	167.296
 41859	164.178
 41860	164.58
 41861	166.943
 41862	162.232
 41863	161.376
 41864	167.398
 41865	166.359
 41866	168.224
 41867	173.182
 41868	170.627
 41869	167.57
 41870	169.498
 41871	164.831
 41872	162.224
 41873	164.823
 41874	165.076
 41875	168.904
 41876	172.806
 41877	166.518
 41878	166.89
 41879	170.765
 41880	166.271
 41881	162.681
 41882	161.137
 41883	158.28
 41884	157.778
 41885	159.136
 41886	154.81
 41887	155.343
 41888	157.435
 41889	152.718
 41890	154.164
 41891	155.745
 41892	152.491
 41893	152.969
 41894	156.5
 41895	157.974
 41896	161.067
 41897	159.163
 41898	155.361
 41899	157.141
 41900	154.785
 41901	151.906
 41902	154.047
 41903	151.956
 41904	151.442
 41905	158.243
 41906	150.73
 41907	140.427
 41908	143.712
 41909	142.475
 41910	142.463
 41911	152.966
 41912	155.217
 41913	153.326
 41914	156.573
 41915	155.379
 41916	155.42
 41917	155.833
 41918	156.262
 41919	161.231
 41920	164.644
 41921	163.609
 41922	165.006
 41923	165.333
 41924	159.767
 41925	163.966
 41926	165.477
 41927	162.902
 41928	166.415
 41929	175.486
 41930	175.981
 41931	174.147
 41932	174.276
 41933	171.979
 41934	170.811
 41935	169.981
 41936	168.343
 41937	168.347
 41938	164.448
 41939	158.45
 41940	158.238
 41941	156.383
 41942	146.016
 41943	144.502
 41944	147.424
 41945	145.967
 41946	154.034
 41947	156.794
 41948	154.373
 41949	158.272
 41950	158.813
 41951	156.827
 41952	157.856
 41953	153.908
 41954	152.542
 41955	159.483
 41956	163.571
 41957	163.095
 41958	163.716
 41959	159.752
 41960	159.174
 41961	165.157
 41962	169.547
 41963	174.463
 41964	-177.597
 41965	-175.223
 41966	-174.312
 41967	-173.933
 41968	-176.49
 41969	-172.144
 41970	-170.703
 41971	-175.806
 41972	-179.457
 41973	-179.064
 41974	176.587
 41975	172.444
 41976	169.796
 41977	166.618
 41978	167.908
 41979	169.27
 41980	164.513
 41981	161.813
 41982	159.412
 41983	154.368
 41984	159.007
 41985	159.518
 41986	153.646
 41987	152.832
 41988	152.643
 41989	149.661
 41990	152.274
 41991	146.881
 41992	136.842
 41993	139.265
 41994	144.164
 41995	148.411
 41996	149.772
 41997	146.413
 41998	141.791
 41999	146.114
 42000	151.844
 42001	155.099
 42002	153.434
 42003	152.285
 42004	154.95
 42005	158.608
 42006	157.244
 42007	158.551
 42008	161.216
 42009	156.114
 42010	151.702
 42011	151.426
 42012	146.289
 42013	143.099
 42014	143.14
 42015	141.213
 42016	143.072
 42017	143.37
 42018	137.359
 42019	136.528
 42020	137.353
 42021	135.244
 42022	137.718
 42023	135.788
 42024	135.087
 42025	145.956
 42026	148.666
 42027	145.134
 42028	148.526
 42029	143.536
 42030	139.33
 42031	144.257
 42032	147.697
 42033	149.38
 42034	148.945
 42035	147.235
 42036	147.092
 42037	144.642
 42038	144.541
 42039	149.257
 42040	141.758
 42041	136.46
 42042	141.737
 42043	143.095
 42044	141.371
 42045	141.313
 42046	136.816
 42047	130.676
 42048	133.049
 42049	134.384
 42050	132.9
 42051	130.64
 42052	134.921
 42053	136.453
 42054	132.237
 42055	132.534
 42056	135.709
 42057	134.454
 42058	133.745
 42059	136.867
 42060	137.497
 42061	141.971
 42062	146.498
 42063	144.357
 42064	139.905
 42065	144.051
 42066	152.77
 42067	159.885
 42068	161.44
 42069	160.404
 42070	158.2
 42071	157.821
 42072	155.252
 42073	154.95
 42074	160.301
 42075	160.458
 42076	154.474
 42077	156.949
 42078	152.675
 42079	146.963
 42080	143.606
 42081	142.122
 42082	142.743
 42083	140.923
 42084	140.561
 42085	148.539
 42086	144.676
 42087	138.222
 42088	141.057
 42089	141.925
 42090	138.684
 42091	142.903
 42092	143.945
 42093	146.143
 42094	146.819
 42095	143.183
 42096	143.46
 42097	145.524
 42098	141.589
 42099	143.99
 42100	145.962
 42101	145.601
 42102	151.708
 42103	155.194
 42104	149.056
 42105	150.692
 42106	153.492
 42107	152.287
 42108	148.98
 42109	147.412
 42110	145.581
 42111	151.389
 42112	152.305
 42113	150.082
 42114	149.395
 42115	152.461
 42116	151.023
 42117	151.955
 42118	152.09
 42119	155.065
 42120	156.551
 42121	151.324
 42122	156.059
 42123	166.409
 42124	160.019
 42125	158.196
 42126	168.898
 42127	168.785
 42128	160.05
 42129	160.718
 42130	160.453
 42131	156.853
 42132	158.276
 42133	159.129
 42134	157.67
 42135	155.919
 42136	157.545
 42137	156.789
 42138	157.324
 42139	156.095
 42140	158.921
 42141	160.15
 42142	159.7
 42143	160.423
 42144	162.508
 42145	160.908
 42146	161.093
 42147	158.85
 42148	155.041
 42149	159.783
 42150	158.954
 42151	152.828
 42152	151.914
 42153	147.319
 42154	136.673
 42155	137.09
 42156	132.971
 42157	131.816
 42158	132.256
 42159	127.729
 42160	127.739
 42161	133.414
 42162	129.8
 42163	130.971
 42164	133.792
 42165	134.578
 42166	141.178
 42167	140.791
 42168	136.986
 42169	141.659
 42170	146.965
 42171	145.403
 42172	143.708
 42173	146.476
 42174	149.69
 42175	149.801
 42176	150.932
 42177	153.568
 42178	156.691
 42179	153.521
 42180	148.392
 42181	147.365
 42182	145.686
 42183	142.716
 42184	147.09
 42185	148.738
 42186	146.912
 42187	152.725
 42188	150.948
 42189	145.633
 42190	152.493
 42191	154.479
 42192	147.261
 42193	150.492
 42194	157.494
 42195	158.586
 42196	153.527
 42197	152.033
 42198	154.817
 42199	153.009
 42200	150.219
 42201	157.947
 42202	157.196
 42203	152.111
 42204	156.983
 42205	157.75
 42206	147.938
 42207	144.318
 42208	147.039
 42209	148.933
 42210	147.264
 42211	148.944
 42212	156.083
 42213	152.795
 42214	145.297
 42215	146.65
 42216	150.504
 42217	149.241
 42218	149.389
 42219	148.24
 42220	146.457
 42221	146.176
 42222	144.779
 42223	141.665
 42224	146.008
 42225	149.914
 42226	151.388
 42227	150.088
 42228	149.515
 42229	150.039
 42230	155.261
 42231	154.043
 42232	150.478
 42233	151.338
 42234	150.089
 42235	149.616
 42236	148.447
 42237	145.892
 42238	146.523
 42239	150.824
 42240	154.61
 42241	154.61
 42242	156.206
 42243	154.152
 42244	155.37
 42245	157.266
 42246	152.981
 42247	150.685
 42248	151.866
 42249	156.098
 42250	156.711
 42251	153.705
 42252	153.769
 42253	157.384
 42254	153.813
 42255	150.69
 42256	157.526
 42257	155.035
 42258	150.651
 42259	147.464
 42260	142.941
 42261	142.117
 42262	148.613
 42263	145.655
 42264	139.835
 42265	137.74
 42266	138.719
 42267	141.447
 42268	140.224
 42269	134.912
 42270	136.145
 42271	132.874
 42272	135.119
 42273	139.403
 42274	139.476
 42275	138.483
 42276	144.885
 42277	143.799
 42278	139.999
 42279	144.852
 42280	142.955
 42281	138.007
 42282	142.3
 42283	147.911
 42284	148.49
 42285	150.137
 42286	152.148
 42287	148.672
 42288	145.92
 42289	145.466
 42290	147.879
 42291	149.096
 42292	145.985
 42293	146.626
 42294	149.619
 42295	142.53
 42296	137.797
 42297	141.634
 42298	144.514
 42299	144.555
 42300	149.848
 42301	152.371
 42302	153.144
 42303	149.307
 42304	146.355
 42305	145.446
 42306	143.618
 42307	143.603
 42308	149.619
 42309	151.823
 42310	151.812
 42311	154.066
 42312	155.279
 42313	155.674
 42314	155.727
 42315	150.367
 42316	151.104
 42317	153.922
 42318	149.116
 42319	144.653
 42320	143.787
 42321	144.632
 42322	143.524
 42323	147.259
 42324	153.052
 42325	157.736
 42326	159.168
 42327	164.252
 42328	165.55
 42329	162.913
 42330	158.57
 42331	159.207
 42332	161.244
 42333	157.36
 42334	159.602
 42335	163.103
 42336	154.156
 42337	148.468
 42338	152.606
 42339	148.766
 42340	146.199
 42341	145.316
 42342	143.422
 42343	140.708
 42344	139.976
 42345	141.569
 42346	146.491
 42347	143.998
 42348	143.581
 42349	145.52
 42350	148.287
 42351	149.113
 42352	150.492
 42353	151.007
 42354	146.026
 42355	147.322
 42356	151.38
 42357	146.667
 42358	145.343
 42359	155.35
 42360	158.439
 42361	159.247
 42362	159.48
 42363	159.031
 42364	162.568
 42365	166.144
 42366	160.513
 42367	163.933
 42368	162.773
 42369	158.432
 42370	159.497
 42371	160.791
 42372	157.962
 42373	154.74
 42374	150
 42375	147.471
 42376	152.126
 42377	140.168
 42378	133.388
 42379	135.516
 42380	133.829
 42381	131.593
 42382	131.686
 42383	129.78
 42384	132.322
 42385	133.65
 42386	131.169
 42387	133.54
 42388	136.397
 42389	135.629
 42390	137.928
 42391	138.627
 42392	138.065
 42393	144.066
 42394	147.144
 42395	141.671
 42396	141.593
 42397	143.089
 42398	135.838
 42399	136.892
 42400	141.312
 42401	139.698
 42402	136.926
 42403	136.246
 42404	139.73
 42405	145.413
 42406	143.447
 42407	142.663
 42408	143.877
 42409	142.56
 42410	145.657
 42411	150.688
 42412	145.259
 42413	142.391
 42414	146.083
 42415	138.055
 42416	132.731
 42417	135.761
 42418	137.304
 42419	135.986
 42420	134.627
 42421	132.289
 42422	131.578
 42423	130.793
 42424	129.267
 42425	132.381
 42426	134.003
 42427	134.388
 42428	136.351
 42429	137.005
 42430	136.233
 42431	141.1
 42432	138.326
 42433	135.67
 42434	141.361
 42435	144.083
 42436	141.411
 42437	149.311
 42438	150.107
 42439	148.263
 42440	150.126
 42441	150.03
 42442	148.178
 42443	152.341
 42444	150.855
 42445	148.395
 42446	150.757
 42447	150.844
 42448	148.172
 42449	148.219
 42450	143.695
 42451	144.214
 42452	146.62
 42453	140.338
 42454	140.546
 42455	148.903
 42456	142.018
 42457	139.113
 42458	141.259
 42459	136.651
 42460	137.402
 42461	143.072
 42462	135.106
 42463	129.616
 42464	127.677
 42465	130.26
 42466	135.253
 42467	129.526
 42468	124.12
 42469	135.818
 42470	134.014
 42471	124.855
 42472	133.244
 42473	134.857
 42474	125.629
 42475	130.94
 42476	132.443
 42477	130.119
 42478	136.686
 42479	139.435
 42480	130.562
 42481	128.749
 42482	132.271
 42483	128.717
 42484	121.961
 42485	116.896
 42486	115.769
 42487	119.189
 42488	114.999
 42489	116.808
 42490	120.659
 42491	116.918
 42492	111.433
 42493	123.723
 42494	127.141
 42495	129.653
 42496	140.125
 42497	144.142
 42498	139.611
 42499	144.077
 42500	144.813
 42501	140.984
 42502	137.99
 42503	141.28
 42504	144.402
 42505	139.581
 42506	140.012
 42507	141.451
 42508	137.65
 42509	138.199
 42510	140.871
 42511	136.749
 42512	136.622
 42513	142.398
 42514	140.703
 42515	141.673
 42516	143.27
 42517	147.197
 42518	145.544
 42519	139.571
 42520	141.073
 42521	143.457
 42522	138.136
 42523	139.065
 42524	138.676
 42525	129.287
 42526	132.122
 42527	137.179
 42528	130.583
 42529	128.592
 42530	135.056
 42531	133.935
 42532	132.886
 42533	139.121
 42534	135.49
 42535	133.456
 42536	134.627
 42537	133.02
 42538	131.669
 42539	133.724
 42540	134.848
 42541	139.271
 42542	147.164
 42543	145.228
 42544	147.055
 42545	147.192
 42546	143.805
 42547	148.945
 42548	151.792
 42549	146.331
 42550	147.498
 42551	146.026
 42552	139.202
 42553	146.186
 42554	147.965
 42555	141.888
 42556	143.947
 42557	149.117
 42558	148.428
 42559	151.773
 42560	150.68
 42561	149.301
 42562	153.68
 42563	153.025
 42564	151.466
 42565	147.103
 42566	142.275
 42567	147.347
 42568	153.129
 42569	148.25
 42570	148.468
 42571	150.045
 42572	147.222
 42573	149.263
 42574	154.179
 42575	154.539
 42576	154.897
 42577	157.414
 42578	155.066
 42579	149.261
 42580	152.999
 42581	153.167
 42582	148.315
 42583	149.006
 42584	146.51
 42585	138.553
 42586	136.543
 42587	134.505
 42588	137.943
 42589	135.708
 42590	127.048
 42591	131.024
 42592	137.32
 42593	131.879
 42594	139.243
 42595	144.613
 42596	136.723
 42597	142.968
 42598	144.934
 42599	130.192
 42600	135.983
 42601	143.819
 42602	139.955
 42603	142.057
 42604	149.468
 42605	149.701
 42606	151.678
 42607	152.823
 42608	152.836
 42609	150.446
 42610	144.592
 42611	139.452
 42612	143.289
 42613	144.015
 42614	142.865
 42615	148.262
 42616	147.278
 42617	139.743
 42618	144.129
 42619	147.522
 42620	143.122
 42621	142.643
 42622	143.95
 42623	137.683
 42624	131.435
 42625	128.554
 42626	131.52
 42627	131.681
 42628	127.768
 42629	130.701
 42630	133.008
 42631	125.887
 42632	132.999
 42633	135.734
 42634	129.56
 42635	137.491
 42636	140.734
 42637	131.609
 42638	137.619
 42639	140.455
 42640	134.314
 42641	136.158
 42642	132.263
 42643	123.866
 42644	128.235
 42645	129.605
 42646	127.636
 42647	132.101
 42648	133.31
 42649	133.18
 42650	138.695
 42651	137.672
 42652	135.944
 42653	144.738
 42654	144.891
 42655	136.883
 42656	135.497
 42657	140.809
 42658	139.583
 42659	137.974
 42660	138.219
 42661	136.732
 42662	134.123
 42663	134.735
 42664	135.022
 42665	136.84
 42666	138.732
 42667	136.218
 42668	131.725
 42669	131.545
 42670	133.872
 42671	129.928
 42672	127.353
 42673	129.501
 42674	126.36
 42675	126.072
 42676	130.655
 42677	127.182
 42678	123.763
 42679	128.727
 42680	126.337
 42681	125.438
 42682	127.108
 42683	128.656
 42684	136.769
 42685	140.938
 42686	131.249
 42687	131.596
 42688	137.262
 42689	130.554
 42690	132.661
 42691	136.792
 42692	134.864
 42693	133.246
 42694	131.576
 42695	133.757
 42696	135.454
 42697	132.668
 42698	131.392
 42699	135.001
 42700	126.517
 42701	126.063
 42702	128.071
 42703	121.223
 42704	122.893
 42705	127.5
 42706	117.019
 42707	113.874
 42708	121.319
 42709	120.085
 42710	119.254
 42711	123.636
 42712	126.026
 42713	122.381
 42714	112.084
 42715	114.627
 42716	119.106
 42717	110.728
 42718	106.126
 42719	117.894
 42720	114.348
 42721	111.444
 42722	116.76
 42723	118.229
 42724	116.949
 42725	122.418
 42726	115.934
 42727	107.998
 42728	113.263
 42729	113.998
 42730	111.671
 42731	112.121
 42732	113.282
 42733	119.748
 42734	120.157
 42735	118.341
 42736	122.34
 42737	123.138
 42738	119.967
 42739	124.914
 42740	124.892
 42741	118.262
 42742	122.552
 42743	130.1
 42744	122.519
 42745	125.68
 42746	133.092
 42747	129.294
 42748	128.43
 42749	130.964
 42750	127.758
 42751	124.699
 42752	120.086
 42753	121.967
 42754	130.745
 42755	124.821
 42756	121.618
 42757	126.432
 42758	122.167
 42759	122.085
 42760	127.16
 42761	118.25
 42762	116.768
 42763	126.74
 42764	119.108
 42765	114.458
 42766	123.644
 42767	124.709
 42768	124.201
 42769	127.186
 42770	129.58
 42771	132.206
 42772	131.087
 42773	129.994
 42774	133.379
 42775	135.384
 42776	134.033
 42777	135.163
 42778	134.482
 42779	132.696
 42780	134.28
 42781	136.501
 42782	130.527
 42783	134.794
 42784	140.831
 42785	135.083
 42786	131.869
 42787	135.136
 42788	132.475
 42789	131.948
 42790	133.314
 42791	133.856
 42792	140.223
 42793	140.622
 42794	140.702
 42795	147.57
 42796	145.372
 42797	141.548
 42798	145.612
 42799	140.978
 42800	134.91
 42801	142.931
 42802	141.497
 42803	136.269
 42804	139.587
 42805	143.566
 42806	143.519
 42807	144.758
 42808	140.366
 42809	141.069
 42810	145.718
 42811	148.157
 42812	150.987
 42813	153.096
 42814	148.926
 42815	144.216
 42816	148.29
 42817	147.345
 42818	138.456
 42819	129.601
 42820	132.824
 42821	138.852
 42822	139.546
 42823	141.15
 42824	145.025
 42825	149.726
 42826	147.931
 42827	145.063
 42828	149.599
 42829	146.445
 42830	143.864
 42831	148.934
 42832	151.425
 42833	146.742
 42834	150.773
 42835	151.399
 42836	145.642
 42837	144.299
 42838	147.42
 42839	147.177
 42840	145.439
 42841	146.957
 42842	147.37
 42843	141.414
 42844	138.961
 42845	139.108
 42846	138.599
 42847	134.157
 42848	131.573
 42849	137.323
 42850	141.443
 42851	139.949
 42852	142.814
 42853	143.874
 42854	138.015
 42855	132.475
 42856	136.505
 42857	139.719
 42858	140.733
 42859	140.465
 42860	141.869
 42861	138.959
 42862	140.949
 42863	143.69
 42864	141.207
 42865	140.124
 42866	141.072
 42867	139.842
 42868	143.099
 42869	147.32
 42870	144.853
 42871	143.417
 42872	142.653
 42873	137.199
 42874	139.768
 42875	141.159
 42876	143.849
 42877	148.58
 42878	147.998
 42879	145.569
 42880	146.464
 42881	146.957
 42882	148.131
 42883	147.965
 42884	145.456
 42885	145.49
 42886	148.876
 42887	147.602
 42888	150.056
 42889	151.895
 42890	148.099
 42891	148.342
 42892	149.594
 42893	147.32
 42894	147.713
 42895	149.566
 42896	145.199
 42897	142.493
 42898	143.788
 42899	143.158
 42900	142.476
 42901	144.49
 42902	147.25
 42903	145.156
 42904	144.796
 42905	142.536
 42906	135.453
 42907	135.268
 42908	138.958
 42909	139.284
 42910	135.528
 42911	136.06
 42912	143.793
 42913	146.981
 42914	146.912
 42915	141.603
 42916	138.178
 42917	137.035
 42918	140.777
 42919	137.977
 42920	139.184
 42921	143.068
 42922	140.147
 42923	139.877
 42924	143.451
 42925	140.203
 42926	138.804
 42927	143.413
 42928	144.387
 42929	149.17
 42930	152.637
 42931	154.662
 42932	154.473
 42933	154.05
 42934	154.396
 42935	158.826
 42936	158.477
 42937	158.548
 42938	166.044
 42939	170.49
 42940	167.542
 42941	162.853
 42942	155.167
 42943	154.313
 42944	157.21
 42945	157.113
 42946	156.516
 42947	153.055
 42948	150.226
 42949	145.236
 42950	141.583
 42951	145.033
 42952	143.583
 42953	136.487
 42954	133.799
 42955	135.469
 42956	137.655
 42957	137.04
 42958	130.898
 42959	127.613
 42960	138.809
 42961	143.183
 42962	138.51
 42963	139.737
 42964	147.555
 42965	147.755
 42966	147.145
 42967	146.212
 42968	145.251
 42969	145.148
 42970	141.394
 42971	145.367
 42972	151.056
 42973	155.222
 42974	154.701
 42975	157.003
 42976	157.994
 42977	158.568
 42978	159.351
 42979	160.033
 42980	156.181
 42981	151.097
 42982	150.709
 42983	148.156
 42984	142.575
 42985	138.756
 42986	136.393
 42987	133.331
 42988	133.32
 42989	137.568
 42990	137.54
 42991	134.706
 42992	134.454
 42993	135.301
 42994	137.267
 42995	139.667
 42996	138.712
 42997	141.779
 42998	147
 42999	152.26
 43000	150.007
 43001	141.818
 43002	141.657
 43003	148.408
 43004	147.851
 43005	144.237
 43006	143.94
 43007	137.952
 43008	136.441
 43009	144.181
 43010	143.67
 43011	138.511
 43012	139.608
 43013	140.763
 43014	139.838
 43015	150.257
 43016	152.397
 43017	148.409
 43018	148.8
 43019	148.605
 43020	150.202
 43021	145.665
 43022	142.094
 43023	147.076
 43024	151.075
 43025	145.557
 43026	143.749
 43027	144.559
 43028	143.291
 43029	148.675
 43030	148.631
 43031	141.693
 43032	139.28
 43033	140.475
 43034	140.084
 43035	142.341
 43036	141.133
 43037	141.729
 43038	142.312
 43039	139.222
 43040	138.223
 43041	139.941
 43042	137.036
 43043	142.509
 43044	145.96
 43045	140.483
 43046	135.354
 43047	138.92
 43048	134.493
 43049	128.546
 43050	127.969
 43051	128.353
 43052	130.851
 43053	133.773
 43054	128.605
 43055	125.767
 43056	126.076
 43057	127.39
 43058	129.702
 43059	131.905
 43060	127.299
 43061	129.373
 43062	128.74
 43063	133.38
 43064	136.715
 43065	131.18
 43066	130.623
 43067	133.682
 43068	130.668
 43069	130.401
 43070	138.284
 43071	141.529
 43072	143.152
 43073	146.828
 43074	143.015
 43075	141.478
 43076	143.074
 43077	147.532
 43078	150.749
 43079	150.613
 43080	143.208
 43081	142.036
 43082	144.391
 43083	148.375
 43084	150.902
 43085	150.295
 43086	148.019
 43087	149.355
 43088	150.968
 43089	148.792
 43090	147.537
 43091	145.729
 43092	143.679
 43093	147.975
 43094	143.614
 43095	132.681
 43096	132.679
 43097	139.368
 43098	137.286
 43099	137.49
 43100	138.282
 43101	134.386
 43102	129.85
 43103	129.835
 43104	131.994
 43105	131.042
 43106	131.946
 43107	141.975
 43108	141.657
 43109	134.846
 43110	136.991
 43111	144.594
 43112	149.146
 43113	150.429
 43114	147.518
 43115	149.951
 43116	152.776
 43117	154.083
 43118	155.276
 43119	152.543
 43120	147.769
 43121	149.264
 43122	146.445
 43123	142.159
 43124	141.697
 43125	141.874
 43126	142.606
 43127	144.554
 43128	142.293
 43129	140.263
 43130	143.509
 43131	144.021
 43132	142.237
 43133	141.173
 43134	146.669
 43135	146.531
 43136	142.516
 43137	150.073
 43138	155.268
 43139	150.594
 43140	150.77
 43141	151.215
 43142	147.67
 43143	145.211
 43144	144.713
 43145	148.457
 43146	145.959
 43147	143.16
 43148	145.736
 43149	145.872
 43150	145.186
 43151	149.452
 43152	147.6
 43153	142.47
 43154	139.456
 43155	140.586
 43156	141.758
 43157	142.633
 43158	143.83
 43159	144.485
 43160	142.55
 43161	145.182
 43162	147.886
 43163	146.107
 43164	145.426
 43165	145.362
 43166	140.781
 43167	141.826
 43168	144.281
 43169	140.004
 43170	136.255
 43171	140.31
 43172	143.354
 43173	137.144
 43174	133.27
 43175	137.602
 43176	137.141
 43177	133.367
 43178	137.488
 43179	138.662
 43180	137.557
 43181	139.702
 43182	145.815
 43183	151.557
 43184	149.226
 43185	151.229
 43186	152.116
 43187	147.867
 43188	143.651
 43189	144.397
 43190	144.508
 43191	143.711
 43192	140.847
 43193	134.914
 43194	133.939
 43195	137.164
 43196	140.076
 43197	143.84
 43198	145.021
 43199	144.136
 43200	143.253
 43201	147.596
 43202	151.724
 43203	152.207
 43204	148.194
 43205	151.433
 43206	155.21
 43207	154.769
 43208	159.629
 43209	165.238
 43210	163.999
 43211	158.304
 43212	162.647
 43213	166.714
 43214	156.982
 43215	152.095
 43216	156.057
 43217	155.897
 43218	153.048
 43219	156.481
 43220	158.64
 43221	155.698
 43222	152.852
 43223	153.386
 43224	148.805
 43225	145.73
 43226	148.366
 43227	152.091
 43228	147.415
 43229	144.655
 43230	143.104
 43231	140.383
 43232	143.386
 43233	147.858
 43234	150.321
 43235	148.976
 43236	149.296
 43237	146.477
 43238	146.151
 43239	148.788
 43240	153.011
 43241	153.547
 43242	149.308
 43243	146.041
 43244	142.121
 43245	142.429
 43246	147.409
 43247	146.584
 43248	143.843
 43249	144.598
 43250	143.597
 43251	141.614
 43252	140.185
 43253	139.264
 43254	139.47
 43255	141.159
 43256	142.364
 43257	143.916
 43258	143.209
 43259	140.614
 43260	144.16
 43261	146.492
 43262	145.882
 43263	147.498
 43264	149.625
 43265	150.594
 43266	149.414
 43267	149.146
 43268	149.968
 43269	148.574
 43270	146.209
 43271	150.035
 43272	149.177
 43273	154.002
 43274	154.87
 43275	152.195
 43276	154.761
 43277	158.563
 43278	155.849
 43279	156.746
 43280	160.339
 43281	159.529
 43282	156.572
 43283	157.824
 43284	160.435
 43285	162.798
 43286	166.649
 43287	170.713
 43288	168.738
 43289	161.665
 43290	161.685
 43291	162.026
 43292	158.576
 43293	156.084
 43294	152.918
 43295	153.152
 43296	151.845
 43297	150.151
 43298	146.254
 43299	144.837
 43300	146.948
 43301	150.108
 43302	147.147
 43303	148.617
 43304	149.493
 43305	145.276
 43306	146.099
 43307	150.902
 43308	147.962
 43309	148.121
 43310	148.256
 43311	147.922
 43312	148.615
 43313	148.46
 43314	150.533
 43315	151.915
 43316	147.569
 43317	150.629
 43318	153.385
 43319	147.138
 43320	148.432
 43321	151.375
 43322	151.937
 43323	155.104
 43324	158.624
 43325	157.731
 43326	156.939
 43327	156.8
 43328	156.518
 43329	152.488
 43330	150.328
 43331	153.092
 43332	154.86
 43333	155.371
 43334	153.039
 43335	147.57
 43336	139.204
 43337	135.08
 43338	141.783
 43339	145.496
 43340	137.136
 43341	132.871
 43342	137.197
 43343	137.119
 43344	134.44
 43345	136.472
 43346	137.032
 43347	136.441
 43348	137.709
 43349	136.132
 43350	139.394
 43351	140.625
 43352	140.485
 43353	137.954
 43354	139.62
 43355	142.595
 43356	150.241
 43357	149.233
 43358	148.891
 43359	152.209
 43360	155.946
 43361	153.905
 43362	158.33
 43363	164.42
 43364	162.516
 43365	159.183
 43366	162.085
 43367	167.468
 43368	168.305
 43369	161.969
 43370	154.056
 43371	155.955
 43372	158.929
 43373	155.749
 43374	154.41
 43375	153.636
 43376	154.687
 43377	157.225
 43378	158.835
 43379	154.699
 43380	151.549
 43381	153.796
 43382	157.416
 43383	161.283
 43384	161.311
 43385	156.805
 43386	154.132
 43387	152.223
 43388	153.656
 43389	148.762
 43390	141.628
 43391	137.695
 43392	141.697
 43393	143.06
 43394	141.016
 43395	135.048
 43396	139.027
 43397	141.176
 43398	138.666
 43399	138.058
 43400	139.479
 43401	133.611
 43402	136.477
 43403	145.01
 43404	144.634
 43405	142.995
 43406	150.431
 43407	156.202
 43408	155.645
 43409	153.92
 43410	151.612
 43411	147.904
 43412	144.251
 43413	141.938
 43414	144.147
 43415	141.334
 43416	139.727
 43417	137.686
 43418	139.917
 43419	136.436
 43420	138.958
 43421	140.761
 43422	140.178
 43423	137.545
 43424	141.218
 43425	141.942
 43426	144.289
 43427	149.291
 43428	149.307
 43429	145.008
 43430	143.106
 43431	142.234
 43432	144.08
 43433	144.14
 43434	141.426
 43435	142.334
 43436	143.903
 43437	146.143
 43438	148.396
 43439	148.221
 43440	145.223
 43441	145.55
 43442	147.871
 43443	148.255
 43444	143.83
 43445	138.418
 43446	142.751
 43447	145.417
 43448	142.541
 43449	138.33
 43450	136.089
 43451	141.703
 43452	141.618
 43453	135.038
 43454	133.268
 43455	138.648
 43456	143.078
 43457	146.183
 43458	151.188
 43459	149.347
 43460	150.071
 43461	154.238
 43462	157.88
 43463	152.425
 43464	150.569
 43465	155.179
 43466	157.56
 43467	155.272
 43468	151.123
 43469	147.292
 43470	145.716
 43471	146.327
 43472	141.505
 43473	134.824
 43474	135.242
 43475	141.118
 43476	143.846
 43477	147.115
 43478	146.004
 43479	149.493
 43480	148.337
 43481	142.516
 43482	140.715
 43483	142.603
 43484	139.887
 43485	141.429
 43486	145.097
 43487	144.275
 43488	137.713
 43489	132.799
 43490	132.862
 43491	135.629
 43492	130.566
 43493	127.508
 43494	128.897
 43495	133.636
 43496	128.208
 43497	126.614
 43498	127.32
 43499	123.899
 43500	125.12
 43501	131.594
 43502	133.331
 43503	131.384
 43504	131.74
 43505	136.703
 43506	136.847
 43507	129.935
 43508	126.871
 43509	129.699
 43510	131.466
 43511	143.142
 43512	145.406
 43513	139.753
 43514	142.521
 43515	148.53
 43516	140.851
 43517	140.296
 43518	139.478
 43519	138.512
 43520	141.68
 43521	146.123
 43522	147.752
 43523	146.443
 43524	137.776
 43525	141.11
 43526	146.107
 43527	141.576
 43528	138.807
 43529	143.137
 43530	147.024
 43531	147.241
 43532	141.153
 43533	134.646
 43534	129.79
 43535	138.288
 43536	143.483
 43537	142.386
 43538	140.971
 43539	146.446
 43540	143.411
 43541	138.799
 43542	138.117
 43543	137.194
 43544	134.207
 43545	135.046
 43546	137.355
 43547	139.36
 43548	137.368
 43549	142.666
 43550	147.087
 43551	145.593
 43552	141.752
 43553	144.16
 43554	143.658
 43555	148.425
 43556	149.902
 43557	145.492
 43558	141.56
 43559	140.639
 43560	140.518
 43561	144.332
 43562	140.959
 43563	139.61
 43564	144.015
 43565	145.347
 43566	144.336
 43567	144.69
 43568	136.369
 43569	134.118
 43570	134.931
 43571	130.507
 43572	129.764
 43573	132.557
 43574	129.038
 43575	132.135
 43576	141.16
 43577	139.404
 43578	133.699
 43579	138.978
 43580	137.458
 43581	135.71
 43582	141.584
 43583	145.015
 43584	142.855
 43585	142.454
 43586	145.614
 43587	148.36
 43588	144.907
 43589	140.588
 43590	149.595
 43591	152.912
 43592	147.284
 43593	145.163
 43594	147.948
 43595	148.228
 43596	147.891
 43597	143.927
 43598	141.896
 43599	143.464
 43600	141.877
 43601	140.214
 43602	138.47
 43603	129.857
 43604	129.694
 43605	135.449
 43606	125.83
 43607	120.863
 43608	123.966
 43609	122.051
 43610	123.877
 43611	125.045
 43612	117.845
 43613	116.331
 43614	121.899
 43615	123.499
 43616	126.466
 43617	123.606
 43618	119.089
 43619	124.761
 43620	126.215
 43621	122.052
 43622	125.003
 43623	126.957
 43624	127.435
 43625	134.444
 43626	138.202
 43627	133.154
 43628	135.955
 43629	139.659
 43630	145.184
 43631	145.084
 43632	143.987
 43633	150.383
 43634	157.762
 43635	155.542
 43636	157.302
 43637	156.739
 43638	152.523
 43639	155.455
 43640	162.991
 43641	166.186
 43642	164.49
 43643	162.505
 43644	161.487
 43645	162.053
 43646	157.823
 43647	153.045
 43648	153.876
 43649	151.878
 43650	151.124
 43651	154.482
 43652	148.371
 43653	143.08
 43654	146.68
 43655	140.302
 43656	131.033
 43657	131.557
 43658	135.522
 43659	133.814
 43660	134.111
 43661	136.837
 43662	137.492
 43663	133.999
 43664	132.236
 43665	137.313
 43666	137.331
 43667	129.914
 43668	131.749
 43669	137.018
 43670	134.666
 43671	133.901
 43672	138.476
 43673	138.765
 43674	143.861
 43675	145.867
 43676	143.438
 43677	147.715
 43678	149.978
 43679	152.134
 43680	156.79
 43681	152.289
 43682	148.75
 43683	152.959
 43684	149.293
 43685	148.951
 43686	155.347
 43687	151.314
 43688	151.727
 43689	154.533
 43690	150.6
 43691	149.311
 43692	149.376
 43693	147.312
 43694	145.303
 43695	139.323
 43696	138.578
 43697	139.794
 43698	145.421
 43699	147.522
 43700	146.842
 43701	144.262
 43702	142.644
 43703	146.431
 43704	148.113
 43705	148.176
 43706	150.168
 43707	149.298
 43708	146.869
 43709	145.263
 43710	146.255
 43711	145.408
 43712	144.972
 43713	146.385
 43714	152.48
 43715	152.728
 43716	149.806
 43717	151.305
 43718	150.921
 43719	142.244
 43720	142.44
 43721	145.481
 43722	140.774
 43723	142.495
 43724	146.684
 43725	146.17
 43726	147.371
 43727	145.76
 43728	146.957
 43729	145.443
 43730	140.112
 43731	141.513
 43732	147.384
 43733	145.628
 43734	149.322
 43735	147.557
 43736	142.609
 43737	145
 43738	144.95
 43739	145.989
 43740	150.578
 43741	149.738
 43742	152.045
 43743	159.779
 43744	158.027
 43745	155.676
 43746	156.164
 43747	153.356
 43748	150.756
 43749	152.431
 43750	154.366
 43751	153.083
 43752	150.056
 43753	147.01
 43754	145.253
 43755	141.923
 43756	139.712
 43757	141.509
 43758	140.743
 43759	134.06
 43760	134.612
 43761	136.187
 43762	139.472
 43763	143.419
 43764	139.365
 43765	131.954
 43766	135.631
 43767	138.41
 43768	134.547
 43769	138.908
 43770	139.205
 43771	138.173
 43772	140.253
 43773	137.702
 43774	133.449
 43775	138.059
 43776	139.561
 43777	147.22
 43778	152.502
 43779	153.105
 43780	154.291
 43781	157.798
 43782	157.181
 43783	157.407
 43784	152.551
 43785	150.924
 43786	157.022
 43787	156.772
 43788	151.619
 43789	152.346
 43790	155.518
 43791	151.586
 43792	149.145
 43793	150.077
 43794	151.281
 43795	148.306
 43796	145.575
 43797	146.277
 43798	148.926
 43799	147.548
 43800	146.445
 43801	149.708
 43802	148.946
 43803	146.896
 43804	148.435
 43805	146.699
 43806	144.814
 43807	143.798
 43808	145.791
 43809	150.668
 43810	150.54
 43811	146.735
 43812	146.595
 43813	146.891
 43814	146.068
 43815	152.173
 43816	152.803
 43817	148.356
 43818	144.801
 43819	146.33
 43820	147.196
 43821	145.978
 43822	143.07
 43823	146.519
 43824	150.808
 43825	150.489
 43826	150.01
 43827	150.959
 43828	151.646
 43829	152.543
 43830	156.103
 43831	152.934
 43832	145.761
 43833	146.628
 43834	150.099
 43835	148.614
 43836	148.056
 43837	150.099
 43838	151.943
 43839	153.466
 43840	156.661
 43841	157.982
 43842	154.273
 43843	152.128
 43844	156.816
 43845	160.015
 43846	159.823
 43847	161.895
 43848	159.674
 43849	157.957
 43850	164.703
 43851	166.201
 43852	161.543
 43853	160.406
 43854	158.87
 43855	160.18
 43856	162.598
 43857	159.059
 43858	151.532
 43859	141.763
 43860	138.522
 43861	145.392
 43862	148.026
 43863	141.473
 43864	142.418
 43865	145.336
 43866	139.388
 43867	135.454
 43868	141.688
 43869	142.963
 43870	139.328
 43871	135.756
 43872	140.978
 43873	144.867
 43874	144.62
 43875	143.917
 43876	144.743
 43877	143.306
 43878	147.688
 43879	152.321
 43880	151.616
 43881	147.649
 43882	150.829
 43883	153.374
 43884	148.83
 43885	142.909
 43886	148.877
 43887	149.487
 43888	143.732
 43889	143.26
 43890	147.647
 43891	145.61
 43892	142.9
 43893	147.756
 43894	155.447
 43895	157.84
 43896	157.053
 43897	153.933
 43898	150.406
 43899	149.356
 43900	147.95
 43901	150.32
 43902	148.36
 43903	140.439
 43904	140.887
 43905	141.084
 43906	136.634
 43907	139.362
 43908	143.819
 43909	141.085
 43910	141.424
 43911	141.222
 43912	145.146
 43913	147.688
 43914	143.702
 43915	142.555
 43916	141.782
 43917	133.211
 43918	132.577
 43919	135.286
 43920	131.157
 43921	126.085
 43922	130.489
 43923	136.619
 43924	137.048
 43925	134.358
 43926	132.1
 43927	132.794
 43928	130.045
 43929	126.24
 43930	126.418
 43931	129.73
 43932	134.999
 43933	140.257
 43934	142.773
 43935	137.716
 43936	136.892
 43937	137.898
 43938	136.497
 43939	138.669
 43940	143.413
 43941	145.597
 43942	142.841
 43943	139.59
 43944	143.246
 43945	143.73
 43946	140.138
 43947	137.552
 43948	138.285
 43949	139.094
 43950	144.775
 43951	144.741
 43952	143.281
 43953	148.001
 43954	146.757
 43955	141.041
 43956	140.908
 43957	139.718
 43958	142.856
 43959	149.577
 43960	149.901
 43961	149.245
 43962	149.583
 43963	145.525
 43964	143.179
 43965	140.687
 43966	133.88
 43967	129.581
 43968	126.762
 43969	127.83
 43970	134.656
 43971	137.719
 43972	131.908
 43973	128.275
 43974	124.517
 43975	119.033
 43976	110.482
 43977	113.14
 43978	115.059
 43979	105.658
 43980	104.01
 43981	110.611
 43982	106.349
 43983	100.202
 43984	99.6942
 43985	102.38
 43986	103.703
 43987	99.92
 43988	97.1572
 43989	98.3685
 43990	98.6418
 43991	104.516
 43992	108.969
 43993	105.655
 43994	107.732
 43995	114.405
 43996	113.662
 43997	112.482
 43998	115.238
 43999	118.286
 44000	116.135
 44001	115.152
 44002	119.14
 44003	124.631
 44004	126.781
 44005	130.15
 44006	128.73
 44007	127.54
 44008	128.055
 44009	129.225
 44010	132.155
 44011	130.809
 44012	130.24
 44013	129.705
 44014	122.586
 44015	120.718
 44016	125.586
 44017	126.006
 44018	125.596
 44019	124.74
 44020	121.391
 44021	121.537
 44022	117.036
 44023	114.667
 44024	118.04
 44025	118.42
 44026	117.449
 44027	120.482
 44028	120.054
 44029	125.11
 44030	132.059
 44031	130.108
 44032	128.929
 44033	131.133
 44034	130.043
 44035	133.307
 44036	134.798
 44037	133.429
 44038	132.654
 44039	132.7
 44040	133.511
 44041	135.418
 44042	132.836
 44043	134.149
 44044	139.24
 44045	140.419
 44046	139.217
 44047	142.37
 44048	143.019
 44049	142.649
 44050	142.681
 44051	142.214
 44052	143.145
 44053	146.36
 44054	143.876
 44055	142.946
 44056	145.116
 44057	141.806
 44058	133.164
 44059	127.505
 44060	128.628
 44061	128.063
 44062	121.515
 44063	122.447
 44064	126.184
 44065	120.313
 44066	116.16
 44067	124.047
 44068	123.43
 44069	120.167
 44070	125.097
 44071	129.614
 44072	129.301
 44073	126.393
 44074	134.104
 44075	137.479
 44076	131.063
 44077	130.862
 44078	136.26
 44079	137.403
 44080	139.839
 44081	146.632
 44082	149.009
 44083	143.69
 44084	143.416
 44085	148.349
 44086	145.345
 44087	144.805
 44088	152.118
 44089	150.452
 44090	144.283
 44091	145.91
 44092	145.535
 44093	144.466
 44094	143.735
 44095	139.898
 44096	135.407
 44097	134.925
 44098	139.58
 44099	142.724
 44100	139.817
 44101	139.827
 44102	142.553
 44103	142.45
 44104	145.709
 44105	146.619
 44106	142.478
 44107	148.091
 44108	151.462
 44109	148.861
 44110	153.271
 44111	155.413
 44112	154.201
 44113	155.451
 44114	156.03
 44115	152.184
 44116	147.2
 44117	145.125
 44118	152.672
 44119	152.237
 44120	149.177
 44121	145.852
 44122	142.589
 44123	140.919
 44124	138.636
 44125	141.942
 44126	144.265
 44127	141.372
 44128	139.753
 44129	138.238
 44130	134.021
 44131	134.593
 44132	136.686
 44133	136.886
 44134	136.532
 44135	132.172
 44136	133.465
 44137	140.771
 44138	138.961
 44139	133.418
 44140	137.788
 44141	134.46
 44142	130.135
 44143	131.968
 44144	127.789
 44145	123.513
 44146	121.907
 44147	122.599
 44148	118.556
 44149	116.663
 44150	120.506
 44151	124.275
 44152	124.828
 44153	123.491
 44154	124.97
 44155	129.254
 44156	129.654
 44157	128.336
 44158	131.63
 44159	131.751
 44160	130.248
 44161	136.304
 44162	140.906
 44163	141.346
 44164	141.404
 44165	143.796
 44166	150.086
 44167	150.061
 44168	144.321
 44169	150.75
 44170	156.302
 44171	154.273
 44172	155.415
 44173	159.179
 44174	157.042
 44175	155.028
 44176	156.363
 44177	160.532
 44178	157.383
 44179	153.909
 44180	155.203
 44181	155.007
 44182	150.806
 44183	151.682
 44184	149.951
 44185	146.983
 44186	142.795
 44187	142.931
 44188	143.819
 44189	144.77
 44190	143.253
 44191	146.629
 44192	147.756
 44193	139.088
 44194	139.22
 44195	146.184
 44196	142.029
 44197	136.821
 44198	141.459
 44199	142.432
 44200	140.854
 44201	150.858
 44202	150.443
 44203	147.568
 44204	156.102
 44205	156.542
 44206	152.472
 44207	155.6
 44208	157.364
 44209	159.307
 44210	158.714
 44211	154.626
 44212	151.855
 44213	150.366
 44214	149.916
 44215	154.925
 44216	153.542
 44217	157.097
 44218	161.236
 44219	158.766
 44220	159.283
 44221	165.941
 44222	159.532
 44223	149.021
 44224	149.293
 44225	152.138
 44226	149.644
 44227	147.026
 44228	148.505
 44229	147.753
 44230	144.151
 44231	143.107
 44232	141.573
 44233	141.609
 44234	141.251
 44235	144.812
 44236	145.838
 44237	140.515
 44238	139.292
 44239	145.9
 44240	147.895
 44241	149.097
 44242	150.495
 44243	155.11
 44244	161.802
 44245	163.47
 44246	156.918
 44247	159.215
 44248	158.828
 44249	157.491
 44250	160.812
 44251	162.181
 44252	159.218
 44253	160.584
 44254	163.616
 44255	165.557
 44256	165.046
 44257	164.013
 44258	162.641
 44259	160.988
 44260	159.232
 44261	158.587
 44262	155.98
 44263	156.249
 44264	160.007
 44265	164.828
 44266	164.427
 44267	160.606
 44268	160.554
 44269	159.256
 44270	157.903
 44271	157.965
 44272	155.517
 44273	154.418
 44274	153.169
 44275	150.397
 44276	146.617
 44277	145.011
 44278	140.555
 44279	140.985
 44280	136.431
 44281	132.514
 44282	129.221
 44283	128.449
 44284	129.173
 44285	128.444
 44286	126.551
 44287	127.018
 44288	124.451
 44289	126.117
 44290	134.259
 44291	136.393
 44292	131.937
 44293	136.594
 44294	137.561
 44295	137.253
 44296	138.359
 44297	134.102
 44298	134.348
 44299	140.302
 44300	137.763
 44301	132.349
 44302	132.552
 44303	135.492
 44304	133.907
 44305	130.79
 44306	129.768
 44307	132.568
 44308	129.744
 44309	132.369
 44310	135.138
 44311	134.179
 44312	134.654
 44313	140.111
 44314	140.482
 44315	136.037
 44316	138.972
 44317	142.919
 44318	141.481
 44319	141.443
 44320	145.031
 44321	144.422
 44322	141.491
 44323	142.97
 44324	142.502
 44325	141.116
 44326	140.604
 44327	144.033
 44328	148.219
 44329	145.493
 44330	145.548
 44331	148.323
 44332	144.503
 44333	145.086
 44334	150.789
 44335	145.816
 44336	141.769
 44337	145.965
 44338	144.441
 44339	139.513
 44340	138.001
 44341	139.286
 44342	140.254
 44343	138.373
 44344	139.019
 44345	142.804
 44346	138.442
 44347	138.079
 44348	142.754
 44349	143.26
 44350	142.969
 44351	146.466
 44352	141.194
 44353	140.85
 44354	146.781
 44355	147.826
 44356	147.186
 44357	148.357
 44358	150.2
 44359	148.184
 44360	143.395
 44361	141.29
 44362	143.92
 44363	141.016
 44364	139.967
 44365	145.397
 44366	149.395
 44367	148.002
 44368	148.974
 44369	151.35
 44370	152.002
 44371	155.446
 44372	160.815
 44373	164.436
 44374	167.242
 44375	170.948
 44376	171.104
 44377	167.448
 44378	164.339
 44379	163.908
 44380	167.514
 44381	166.296
 44382	160.479
 44383	158.134
 44384	159.885
 44385	154.079
 44386	148.749
 44387	148.556
 44388	148.227
 44389	144.696
 44390	144.541
 44391	145.007
 44392	144.336
 44393	143.767
 44394	142.17
 44395	141.312
 44396	140.839
 44397	134.108
 44398	131.851
 44399	134.569
 44400	135.532
 44401	130.546
 44402	135.433
 44403	136.403
 44404	135.87
 44405	136.735
 44406	140.412
 44407	140.691
 44408	143.435
 44409	148.218
 44410	150.316
 44411	147.135
 44412	148.74
 44413	148.104
 44414	149.923
 44415	146.032
 44416	149.617
 44417	151.411
 44418	149.918
 44419	153.42
 44420	156.629
 44421	152.484
 44422	152.46
 44423	151.839
 44424	151.965
 44425	150.633
 44426	150.547
 44427	151.479
 44428	151.284
 44429	148.713
 44430	153.628
 44431	156.373
 44432	154.587
 44433	158.667
 44434	157.853
 44435	151.216
 44436	155.091
 44437	157.92
 44438	152.639
 44439	150.4
 44440	155.566
 44441	156.469
 44442	152.313
 44443	148.556
 44444	148.138
 44445	145.396
 44446	146.515
 44447	148.527
 44448	148.56
 44449	149.547
 44450	148.47
 44451	144.644
 44452	142.816
 44453	142.705
 44454	149.161
 44455	150.108
 44456	156.357
 44457	161.357
 44458	162.057
 44459	163.002
 44460	162.866
 44461	158.441
 44462	161.357
 44463	169.459
 44464	168.195
 44465	167.356
 44466	166.455
 44467	160.194
 44468	157.77
 44469	157.659
 44470	154.233
 44471	153.935
 44472	156.156
 44473	157.79
 44474	157.932
 44475	155.491
 44476	152.817
 44477	149.158
 44478	146.447
 44479	147.778
 44480	148.844
 44481	147.133
 44482	150.272
 44483	153.423
 44484	150.699
 44485	147.483
 44486	149.955
 44487	148.472
 44488	146.96
 44489	150.926
 44490	151.773
 44491	149.584
 44492	152.462
 44493	152.232
 44494	151.243
 44495	149.212
 44496	147.743
 44497	149.816
 44498	149.799
 44499	147.843
 44500	154.78
 44501	153.684
 44502	146.739
 44503	148.213
 44504	148.688
 44505	147.082
 44506	146.253
 44507	144.131
 44508	139.674
 44509	141.99
 44510	142.71
 44511	143.186
 44512	138.812
 44513	139.193
 44514	142.211
 44515	143.043
 44516	140.965
 44517	140.819
 44518	142.6
 44519	143.946
 44520	143.593
 44521	143.766
 44522	145.41
 44523	149.776
 44524	154.179
 44525	151.113
 44526	147.353
 44527	147.447
 44528	146.921
 44529	147.069
 44530	150.027
 44531	153.053
 44532	152.777
 44533	155.897
 44534	154.89
 44535	153.334
 44536	149.334
 44537	152.437
 44538	154.469
 44539	151.19
 44540	149.327
 44541	152.804
 44542	149.053
 44543	144.198
 44544	144.758
 44545	144.125
 44546	142.265
 44547	142.415
 44548	141.439
 44549	145.97
 44550	145.722
 44551	146.803
 44552	147.61
 44553	148.816
 44554	148.488
 44555	151.703
 44556	152.325
 44557	155.869
 44558	161.037
 44559	161.73
 44560	158.627
 44561	153.64
 44562	153.683
 44563	153.798
 44564	150.706
 44565	147.842
 44566	146.245
 44567	143.236
 44568	140.115
 44569	138.514
 44570	135.936
 44571	136.68
 44572	134.127
 44573	134.73
 44574	132.214
 44575	130.787
 44576	129.792
 44577	132.402
 44578	130.634
 44579	127.632
 44580	124.392
 44581	128.683
 44582	133.87
 44583	132.657
 44584	128.192
 44585	128.61
 44586	130.765
 44587	132.782
 44588	134.294
 44589	136.564
 44590	136.076
 44591	134.979
 44592	133.325
 44593	132.793
 44594	133.901
 44595	138.561
 44596	137.696
 44597	136.937
 44598	142.731
 44599	149.099
 44600	145.596
 44601	144.104
 44602	150.697
 44603	155.358
 44604	157.817
 44605	157.275
 44606	163.423
 44607	166.018
 44608	165.219
 44609	165.785
 44610	171.116
 44611	171.545
 44612	169.844
 44613	169.596
 44614	167.436
 44615	163.477
 44616	160.025
 44617	162.437
 44618	160.147
 44619	155.865
 44620	156.546
 44621	158.704
 44622	152.739
 44623	147.469
 44624	144.714
 44625	143.841
 44626	142.107
 44627	143.342
 44628	147.215
 44629	144.908
 44630	139.667
 44631	142.811
 44632	144.838
 44633	141.285
 44634	143.065
 44635	151.342
 44636	156.107
 44637	155.667
 44638	156.18
 44639	161.217
 44640	163.796
 44641	161.93
 44642	167.194
 44643	167.555
 44644	163.587
 44645	163.692
 44646	168.034
 44647	167.318
 44648	163.85
 44649	160.543
 44650	161.403
 44651	156.658
 44652	152.994
 44653	154.466
 44654	156.229
 44655	155.165
 44656	156.453
 44657	159.464
 44658	158.994
 44659	156.379
 44660	154.922
 44661	155.143
 44662	152.62
 44663	152.596
 44664	154.962
 44665	158.915
 44666	160.968
 44667	158.527
 44668	154.503
 44669	154.345
 44670	157.727
 44671	160.928
 44672	158.103
 44673	156.402
 44674	157.23
 44675	156.484
 44676	152.37
 44677	149.693
 44678	149.284
 44679	150.321
 44680	151.374
 44681	152.782
 44682	159.316
 44683	159.519
 44684	156.759
 44685	155.473
 44686	153.063
 44687	151.32
 44688	152.254
 44689	152.481
 44690	153.134
 44691	153.081
 44692	149.008
 44693	146.874
 44694	145.805
 44695	143.366
 44696	144.35
 44697	147.042
 44698	147.032
 44699	146.963
 44700	149.633
 44701	155.586
 44702	157.848
 44703	158.514
 44704	157.36
 44705	160.655
 44706	159.683
 44707	157.898
 44708	156.998
 44709	158.542
 44710	154.891
 44711	153.355
 44712	153.884
 44713	150.008
 44714	146.377
 44715	146.729
 44716	145.407
 44717	140.487
 44718	138.669
 44719	143.551
 44720	142.895
 44721	136.177
 44722	136.3
 44723	136.864
 44724	132.43
 44725	132.709
 44726	135.45
 44727	134.109
 44728	137.43
 44729	138.792
 44730	136.512
 44731	138.234
 44732	137.229
 44733	131.046
 44734	129.234
 44735	134.851
 44736	141.283
 44737	144.233
 44738	143.382
 44739	145.033
 44740	145.131
 44741	145.693
 44742	149.827
 44743	151.64
 44744	145.416
 44745	148.329
 44746	156.116
 44747	158.2
 44748	156.151
 44749	155.137
 44750	152.632
 44751	153.984
 44752	154.9
 44753	155.442
 44754	155.613
 44755	155.284
 44756	151.94
 44757	149.435
 44758	144.748
 44759	141.215
 44760	143.174
 44761	146.42
 44762	142.95
 44763	141.002
 44764	140.662
 44765	142.375
 44766	148.13
 44767	148.819
 44768	144.748
 44769	144.563
 44770	146.354
 44771	145.865
 44772	144.431
 44773	143.398
 44774	146.551
 44775	152.13
 44776	148.604
 44777	146.561
 44778	148.317
 44779	146.401
 44780	145.368
 44781	148.775
 44782	148.194
 44783	149.581
 44784	148.395
 44785	144.826
 44786	140.962
 44787	138.983
 44788	136.439
 44789	137.301
 44790	139.344
 44791	141.614
 44792	140.016
 44793	143.838
 44794	141.436
 44795	136.053
 44796	134.25
 44797	137.002
 44798	136.991
 44799	138.162
 44800	138.223
 44801	141.827
 44802	142.666
 44803	142.376
 44804	143.929
 44805	147.122
 44806	147.467
 44807	150.486
 44808	146.463
 44809	145.62
 44810	153.861
 44811	156.921
 44812	152.237
 44813	153.257
 44814	151.815
 44815	150.846
 44816	149.142
 44817	148.585
 44818	151.587
 44819	151.762
 44820	150.146
 44821	150.56
 44822	144.751
 44823	141.488
 44824	140.128
 44825	139.909
 44826	143.261
 44827	147.379
 44828	150.045
 44829	156.791
 44830	161.373
 44831	162.206
 44832	159.637
 44833	156.337
 44834	156.469
 44835	157.298
 44836	156.074
 44837	158.251
 44838	153.879
 44839	153.473
 44840	154.169
 44841	146.43
 44842	139.465
 44843	144.311
 44844	147.281
 44845	149.045
 44846	148.888
 44847	149.347
 44848	148.231
 44849	146.182
 44850	141.406
 44851	137.997
 44852	134.461
 44853	136.593
 44854	141.431
 44855	141.008
 44856	139.668
 44857	139.342
 44858	136.891
 44859	133.737
 44860	132.117
 44861	130.241
 44862	130.006
 44863	132.043
 44864	135.674
 44865	140.811
 44866	136.396
 44867	133.58
 44868	139.342
 44869	140.256
 44870	130.929
 44871	129.42
 44872	135.798
 44873	134.271
 44874	131.659
 44875	132.925
 44876	131.405
 44877	130.083
 44878	129.81
 44879	129.105
 44880	128.389
 44881	126.448
 44882	122.035
 44883	122.174
 44884	126.665
 44885	126.298
 44886	124.422
 44887	122.362
 44888	126.208
 44889	126.253
 44890	121.203
 44891	124.11
 44892	132.957
 44893	130.46
 44894	126.372
 44895	128.997
 44896	128.621
 44897	124.777
 44898	128.934
 44899	130.977
 44900	130.391
 44901	133.09
 44902	137.461
 44903	136.758
 44904	137.345
 44905	139.406
 44906	143.436
 44907	141.864
 44908	140.199
 44909	144.888
 44910	144.702
 44911	139.661
 44912	139.733
 44913	141.666
 44914	146.989
 44915	144.799
 44916	141.736
 44917	140.759
 44918	142.008
 44919	139.407
 44920	143.371
 44921	139.239
 44922	132.386
 44923	137.514
 44924	142.649
 44925	136.796
 44926	138.876
 44927	143.947
 44928	147.062
 44929	146.628
 44930	149.098
 44931	147.779
 44932	148.335
 44933	148.294
 44934	153.813
 44935	154.337
 44936	154.461
 44937	155.348
 44938	163.158
 44939	158.375
 44940	155.631
 44941	157.205
 44942	152.975
 44943	149.683
 44944	154.172
 44945	149.784
 44946	150.964
 44947	157.341
 44948	153.217
 44949	149.396
 44950	152.332
 44951	149.566
 44952	149.237
 44953	153.327
 44954	152.975
 44955	152.022
 44956	153.435
 44957	148.996
 44958	152.905
 44959	151.144
 44960	149.001
 44961	149.299
 44962	150.774
 44963	145.785
 44964	151.527
 44965	149.03
 44966	142.536
 44967	142.69
 44968	143.563
 44969	141.548
 44970	142.992
 44971	141.639
 44972	148.153
 44973	156.373
 44974	153.653
 44975	151.697
 44976	155.302
 44977	149.885
 44978	153.079
 44979	158.383
 44980	152.811
 44981	156.682
 44982	166.275
 44983	160.999
 44984	162.508
 44985	167.441
 44986	163.247
 44987	167.833
 44988	170.245
 44989	168.968
 44990	172.695
 44991	175.571
 44992	174.506
 44993	176.129
 44994	172.597
 44995	166.539
 44996	166.22
 44997	163.643
 44998	161.423
 44999	160.011
 45000	160.389
 45001	159.8
 45002	157.744
 45003	152.853
 45004	151.045
 45005	149.498
 45006	149.785
 45007	147.155
 45008	147.384
 45009	144.777
 45010	137.747
 45011	141.633
 45012	137.753
 45013	127.415
 45014	127.854
 45015	130.867
 45016	128.217
 45017	132.33
 45018	131.382
 45019	129.588
 45020	131.636
 45021	129.839
 45022	133.853
 45023	135.953
 45024	122.92
 45025	125.73
 45026	133.292
 45027	127.559
 45028	126.705
 45029	131.656
 45030	128.892
 45031	130.922
 45032	125.594
 45033	121.95
 45034	123.627
 45035	122.81
 45036	128.479
 45037	137.702
 45038	131.739
 45039	133.331
 45040	143.432
 45041	144.626
 45042	144.305
 45043	153.706
 45044	159.986
 45045	158.073
 45046	158.887
 45047	162.728
 45048	160.443
 45049	160.716
 45050	165.773
 45051	164.982
 45052	156.507
 45053	155.118
 45054	155.504
 45055	152.943
 45056	148.749
 45057	149.203
 45058	153.301
 45059	152.04
 45060	150.138
 45061	152.206
 45062	143.456
 45063	138.229
 45064	143.342
 45065	149.475
 45066	148.009
 45067	146.729
 45068	138.773
 45069	140.667
 45070	140.935
 45071	134.823
 45072	132.398
 45073	137.614
 45074	143.063
 45075	146.378
 45076	142.76
 45077	144.181
 45078	146.451
 45079	146.688
 45080	146.49
 45081	152.209
 45082	154.614
 45083	157.337
 45084	158.997
 45085	161.837
 45086	160.573
 45087	161.767
 45088	162.326
 45089	163.111
 45090	163.388
 45091	163.791
 45092	157.372
 45093	151.51
 45094	155.628
 45095	156.616
 45096	149.91
 45097	149.24
 45098	148.875
 45099	143.41
 45100	138.915
 45101	135.235
 45102	137.128
 45103	135.702
 45104	130.553
 45105	133.064
 45106	126.789
 45107	118.825
 45108	121.183
 45109	121.738
 45110	116.364
 45111	119.974
 45112	121.161
 45113	121.886
 45114	121.915
 45115	115.028
 45116	117.692
 45117	122.83
 45118	120.832
 45119	124.036
 45120	125.446
 45121	120.404
 45122	122.255
 45123	127.422
 45124	128.391
 45125	131.2
 45126	130.755
 45127	134.128
 45128	136.613
 45129	137.784
 45130	141.159
 45131	142.98
 45132	143.255
 45133	145.643
 45134	144.654
 45135	141.306
 45136	143.957
 45137	143.833
 45138	143.955
 45139	143.806
 45140	145.303
 45141	145.244
 45142	146.297
 45143	150.648
 45144	152.752
 45145	151.122
 45146	156.052
 45147	155.278
 45148	158.299
 45149	165.112
 45150	163.347
 45151	161.727
 45152	162.603
 45153	160.519
 45154	164.688
 45155	168.251
 45156	166.124
 45157	164.899
 45158	161.977
 45159	159.119
 45160	156.864
 45161	151.547
 45162	153.355
 45163	154.453
 45164	144.681
 45165	140.793
 45166	145.02
 45167	141.829
 45168	136.462
 45169	135.435
 45170	140.767
 45171	143.075
 45172	141.191
 45173	142.647
 45174	140.338
 45175	141.053
 45176	142.621
 45177	137.367
 45178	139.335
 45179	147.423
 45180	149.57
 45181	153.838
 45182	152.495
 45183	150.668
 45184	155.686
 45185	150.727
 45186	149.671
 45187	157.621
 45188	156.942
 45189	155.655
 45190	153.421
 45191	150.449
 45192	145.343
 45193	139.686
 45194	141
 45195	147.96
 45196	144.072
 45197	141.41
 45198	143.057
 45199	140.701
 45200	141.027
 45201	138.817
 45202	137.634
 45203	138.501
 45204	138.004
 45205	140.928
 45206	143.792
 45207	141.483
 45208	147.075
 45209	150.705
 45210	148.884
 45211	150.263
 45212	147.587
 45213	147.892
 45214	157.282
 45215	156.675
 45216	153.535
 45217	154.401
 45218	152.124
 45219	155.608
 45220	152.194
 45221	145.525
 45222	150.478
 45223	146.646
 45224	141.643
 45225	148.964
 45226	149.73
 45227	148.919
 45228	152.723
 45229	150.562
 45230	150.648
 45231	150.112
 45232	147.483
 45233	150.784
 45234	151.465
 45235	153.021
 45236	153.794
 45237	148.949
 45238	154.187
 45239	157.361
 45240	156.525
 45241	158.05
 45242	159.821
 45243	158.267
 45244	159.073
 45245	155.95
 45246	157.162
 45247	157.977
 45248	154.776
 45249	155.575
 45250	157.02
 45251	153.977
 45252	155.738
 45253	154.663
 45254	151.883
 45255	148.219
 45256	143.196
 45257	146.035
 45258	145.844
 45259	144.958
 45260	144.124
 45261	142.256
 45262	144.313
 45263	147.253
 45264	147.192
 45265	148.943
 45266	145.831
 45267	144.993
 45268	142.667
 45269	141.476
 45270	145.105
 45271	142.191
 45272	139.27
 45273	145.938
 45274	147.702
 45275	143.647
 45276	146.837
 45277	143.986
 45278	141.852
 45279	142.717
 45280	140.286
 45281	139.802
 45282	140.53
 45283	140.699
 45284	141.498
 45285	137.509
 45286	135.877
 45287	144.966
 45288	145.951
 45289	143.455
 45290	146.637
 45291	147.099
 45292	147.779
 45293	153.016
 45294	152.901
 45295	153.8
 45296	153.914
 45297	153.333
 45298	152.281
 45299	153.677
 45300	155.827
 45301	159.519
 45302	159.093
 45303	157.376
 45304	159.768
 45305	161.901
 45306	154.837
 45307	154.536
 45308	156.72
 45309	159.783
 45310	160.852
 45311	160.134
 45312	156.403
 45313	157.049
 45314	159.64
 45315	161.946
 45316	159.38
 45317	154.801
 45318	153.843
 45319	157.256
 45320	153.44
 45321	151.185
 45322	157.039
 45323	158.652
 45324	155.67
 45325	158.145
 45326	160.255
 45327	158.265
 45328	157.496
 45329	155.111
 45330	153.109
 45331	161.697
 45332	163.125
 45333	163.821
 45334	167.891
 45335	163.393
 45336	161.259
 45337	165.328
 45338	158.819
 45339	156.982
 45340	163.377
 45341	162.165
 45342	160.905
 45343	160.289
 45344	155.991
 45345	155.942
 45346	154.528
 45347	154.264
 45348	156.678
 45349	154.713
 45350	150.408
 45351	156.621
 45352	154.767
 45353	148.074
 45354	148.117
 45355	148.241
 45356	141.456
 45357	141.918
 45358	149.956
 45359	147.013
 45360	142.658
 45361	142.833
 45362	141.829
 45363	138.785
 45364	142.296
 45365	140.406
 45366	137.749
 45367	140.27
 45368	140.474
 45369	147.74
 45370	151.083
 45371	146.154
 45372	150.313
 45373	154.599
 45374	156.648
 45375	158.966
 45376	157.783
 45377	158.862
 45378	165.593
 45379	165.123
 45380	167.525
 45381	170.69
 45382	170.212
 45383	171.141
 45384	172.61
 45385	173.072
 45386	177.316
 45387	176.652
 45388	175.216
 45389	174.064
 45390	173.628
 45391	173.222
 45392	168.938
 45393	167.227
 45394	166.359
 45395	161.724
 45396	163.364
 45397	164.722
 45398	161.332
 45399	163.248
 45400	162.079
 45401	154.974
 45402	155.235
 45403	154.393
 45404	153.972
 45405	156.422
 45406	157.645
 45407	153.626
 45408	149.397
 45409	148.235
 45410	149.83
 45411	146.724
 45412	144.8
 45413	149.106
 45414	149.436
 45415	147.959
 45416	148.473
 45417	142.492
 45418	140.878
 45419	139.657
 45420	139.184
 45421	135.908
 45422	133.951
 45423	132.984
 45424	132.818
 45425	130.57
 45426	130.092
 45427	122.53
 45428	121.831
 45429	123.605
 45430	123.419
 45431	127.7
 45432	129.243
 45433	125.484
 45434	131.827
 45435	131.194
 45436	126.896
 45437	128.786
 45438	133.693
 45439	128.534
 45440	130.879
 45441	133.246
 45442	138.497
 45443	138.434
 45444	137.713
 45445	136.209
 45446	136.232
 45447	131.177
 45448	134.162
 45449	135.092
 45450	136.921
 45451	136.438
 45452	137.883
 45453	138.224
 45454	137.636
 45455	136.834
 45456	142.209
 45457	145.046
 45458	146.786
 45459	151.432
 45460	156.223
 45461	153.537
 45462	154.44
 45463	159.891
 45464	163.9
 45465	162.439
 45466	165.39
 45467	169.084
 45468	175.781
 45469	175.242
 45470	169.031
 45471	168.939
 45472	171.459
 45473	170.619
 45474	169.941
 45475	171.924
 45476	174.604
 45477	175.107
 45478	170.036
 45479	168.926
 45480	171.154
 45481	172.598
 45482	170.217
 45483	166.203
 45484	164.776
 45485	165.05
 45486	164.931
 45487	160.799
 45488	155.085
 45489	153.903
 45490	151.855
 45491	150.082
 45492	151.625
 45493	149.312
 45494	142.964
 45495	145.765
 45496	143.451
 45497	140.88
 45498	145.724
 45499	146.341
 45500	144.941
 45501	148.2
 45502	150.484
 45503	154.142
 45504	152.938
 45505	151.528
 45506	152.264
 45507	154.337
 45508	156.233
 45509	165.566
 45510	170.738
 45511	171.23
 45512	170.65
 45513	172.936
 45514	174.972
 45515	176.303
 45516	-177.4
 45517	-168.801
 45518	-167.565
 45519	-164.478
 45520	-160.795
 45521	-162.404
 45522	-156.655
 45523	-155.023
 45524	-155.591
 45525	-151.226
 45526	-149.772
 45527	-151.733
 45528	-144.652
 45529	-145.604
 45530	-147.165
 45531	-142.84
 45532	-142.55
 45533	-147.967
 45534	-142.128
 45535	-145.23
 45536	-151.711
 45537	-155.34
 45538	-156.587
 45539	-148.659
 45540	-141.329
 45541	-152.275
 45542	-156.633
 45543	-155.172
 45544	-158.108
 45545	-161.03
 45546	-158.398
 45547	-160.372
 45548	-161.605
 45549	-162.68
 45550	-171.768
 45551	-176.009
 45552	-175.33
 45553	-174.938
 45554	-172.121
 45555	-173.414
 45556	175.162
 45557	173.373
 45558	178.161
 45559	174.522
 45560	173.195
 45561	172.772
 45562	171.515
 45563	170.236
 45564	167.234
 45565	162.131
 45566	165.571
 45567	170.386
 45568	168.849
 45569	170.547
 45570	171.042
 45571	165.675
 45572	164.866
 45573	170.618
 45574	169.091
 45575	165.428
 45576	164.474
 45577	159.382
 45578	159.199
 45579	159.417
 45580	153.442
 45581	155.535
 45582	162.196
 45583	159.551
 45584	157.633
 45585	161.874
 45586	157.256
 45587	162.673
 45588	170.886
 45589	167.195
 45590	165.245
 45591	167.434
 45592	163.451
 45593	164.098
 45594	161.936
 45595	155.915
 45596	156.24
 45597	158.52
 45598	165.297
 45599	171.164
 45600	168.086
 45601	164.371
 45602	173.06
 45603	-179.455
 45604	176.407
 45605	176.596
 45606	178.818
 45607	172.996
 45608	177.875
 45609	179.184
 45610	172.26
 45611	171.371
 45612	175.509
 45613	172.226
 45614	168.402
 45615	164.522
 45616	164.27
 45617	163.11
 45618	156.597
 45619	155.941
 45620	165.28
 45621	169.512
 45622	162.632
 45623	161.446
 45624	164.421
 45625	166.267
 45626	170.714
 45627	177.837
 45628	179.447
 45629	178.398
 45630	177.538
 45631	178.845
 45632	177.343
 45633	175.443
 45634	178.238
 45635	-178.451
 45636	-174.84
 45637	-176.187
 45638	-172.698
 45639	-174.106
 45640	-177.854
 45641	-177.195
 45642	-172.278
 45643	-175.619
 45644	-173.051
 45645	-173.013
 45646	-175.895
 45647	-177.889
 45648	179.59
 45649	174.077
 45650	174.737
 45651	175.563
 45652	174.52
 45653	169.188
 45654	162.019
 45655	162.354
 45656	158.726
 45657	155.378
 45658	153.94
 45659	152.024
 45660	145.265
 45661	144.726
 45662	141.045
 45663	139.524
 45664	142.696
 45665	141.76
 45666	138.631
 45667	140.137
 45668	138.619
 45669	134.9
 45670	140.916
 45671	144.583
 45672	146.235
 45673	146.935
 45674	151.812
 45675	152.36
 45676	154.96
 45677	156.345
 45678	155.6
 45679	160.308
 45680	168.506
 45681	167.685
 45682	166.146
 45683	172.187
 45684	171.775
 45685	168.889
 45686	174.994
 45687	179.355
 45688	173.795
 45689	176.856
 45690	-179.721
 45691	175.799
 45692	176.674
 45693	179.915
 45694	178.915
 45695	178.524
 45696	172.297
 45697	169.37
 45698	170.51
 45699	163.016
 45700	158.323
 45701	163.69
 45702	155.366
 45703	155.025
 45704	164.594
 45705	161.794
 45706	154.956
 45707	153.602
 45708	151.993
 45709	151.983
 45710	154.782
 45711	152.683
 45712	153.645
 45713	157.747
 45714	155.363
 45715	152.135
 45716	157.932
 45717	161.507
 45718	163.943
 45719	166.479
 45720	163.058
 45721	166.437
 45722	171.576
 45723	167.278
 45724	167.228
 45725	171.439
 45726	170.535
 45727	171.928
 45728	-179.479
 45729	-176.862
 45730	179.573
 45731	-178.936
 45732	178.816
 45733	175.681
 45734	177.961
 45735	178.496
 45736	171.823
 45737	168.812
 45738	164.175
 45739	161.421
 45740	160.702
 45741	159.587
 45742	159.366
 45743	156.617
 45744	150.591
 45745	149.836
 45746	152.167
 45747	150.188
 45748	151.14
 45749	143.726
 45750	137.051
 45751	140.949
 45752	146.824
 45753	146.198
 45754	148.053
 45755	143.982
 45756	141.915
 45757	143.712
 45758	146.235
 45759	142.935
 45760	143.208
 45761	146.809
 45762	151.102
 45763	150.866
 45764	150.845
 45765	154.26
 45766	161.061
 45767	160.912
 45768	157.035
 45769	152.325
 45770	152.952
 45771	158.065
 45772	159.695
 45773	153.395
 45774	156.348
 45775	161.06
 45776	154.57
 45777	153.055
 45778	158.297
 45779	166.489
 45780	167.588
 45781	162.389
 45782	161.406
 45783	160.685
 45784	160.025
 45785	160.662
 45786	164.57
 45787	168.205
 45788	175.297
 45789	-178.107
 45790	178.679
 45791	176.611
 45792	-177.441
 45793	-178.37
 45794	-179.709
 45795	-176.155
 45796	-174.03
 45797	-176.304
 45798	-179.45
 45799	174.619
 45800	177.34
 45801	174.357
 45802	165.796
 45803	164.459
 45804	168.76
 45805	162.026
 45806	160.959
 45807	164.468
 45808	159.049
 45809	154.708
 45810	156.111
 45811	155.252
 45812	159.009
 45813	160.771
 45814	160.173
 45815	165.956
 45816	168.062
 45817	165.376
 45818	169.4
 45819	170.934
 45820	165.821
 45821	168.931
 45822	175.191
 45823	170.348
 45824	171.011
 45825	173.912
 45826	168.378
 45827	163.933
 45828	162.875
 45829	156.433
 45830	159.064
 45831	159.276
 45832	156.039
 45833	162.164
 45834	161.019
 45835	157.11
 45836	162.85
 45837	163.944
 45838	160.245
 45839	161.771
 45840	164.853
 45841	164.694
 45842	168.404
 45843	167.442
 45844	163.155
 45845	164.909
 45846	162.403
 45847	156.347
 45848	158.855
 45849	158.915
 45850	155.033
 45851	157.763
 45852	153.247
 45853	147.611
 45854	148.774
 45855	147.717
 45856	144.093
 45857	150.454
 45858	149.694
 45859	150.43
 45860	157.227
 45861	154.812
 45862	157.171
 45863	161.718
 45864	153.373
 45865	150.898
 45866	159.646
 45867	164.685
 45868	167.343
 45869	170.012
 45870	166.058
 45871	161.988
 45872	160.523
 45873	155.469
 45874	155.393
 45875	161.019
 45876	158.534
 45877	155.323
 45878	156.81
 45879	150.151
 45880	149.83
 45881	152.605
 45882	151.207
 45883	157.668
 45884	159.688
 45885	155.861
 45886	157.661
 45887	156.85
 45888	153.978
 45889	160.991
 45890	163.717
 45891	161.38
 45892	166.048
 45893	165.971
 45894	160.443
 45895	162.262
 45896	163.253
 45897	161.678
 45898	166.412
 45899	170.887
 45900	168.622
 45901	163.311
 45902	160.156
 45903	155.263
 45904	152.814
 45905	159.908
 45906	168.807
 45907	164.474
 45908	157.362
 45909	154.979
 45910	156.233
 45911	151.094
 45912	153.189
 45913	163.684
 45914	165.749
 45915	164.323
 45916	168.344
 45917	161.327
 45918	156.156
 45919	155.921
 45920	157.772
 45921	159.509
 45922	160.16
 45923	157.021
 45924	157.731
 45925	156.846
 45926	155.252
 45927	153.536
 45928	155.474
 45929	162.055
 45930	167.802
 45931	168.648
 45932	165.992
 45933	170.109
 45934	173.089
 45935	171.064
 45936	179.684
 45937	-174.662
 45938	-179.581
 45939	-178.37
 45940	179.823
 45941	170.569
 45942	167.538
 45943	169.801
 45944	170.551
 45945	167.351
 45946	162.21
 45947	157.229
 45948	154.664
 45949	153.108
 45950	156.778
 45951	161.017
 45952	164.574
 45953	164.457
 45954	165.923
 45955	162.352
 45956	161.324
 45957	161.592
 45958	164.698
 45959	169.527
 45960	171.601
 45961	164.582
 45962	162.537
 45963	159.2
 45964	156.373
 45965	160.445
 45966	161.16
 45967	164.358
 45968	171.166
 45969	176.546
 45970	174.471
 45971	169.477
 45972	165.133
 45973	166.146
 45974	170.211
 45975	170.817
 45976	168.929
 45977	163.527
 45978	161.692
 45979	163.029
 45980	156.581
 45981	153.902
 45982	162.426
 45983	167.292
 45984	162.011
 45985	155.723
 45986	158.598
 45987	162.438
 45988	166.515
 45989	168.844
 45990	174.404
 45991	171.778
 45992	168.145
 45993	167.275
 45994	169.89
 45995	170.085
 45996	169.694
 45997	172.097
 45998	172.303
 45999	168.16
 46000	162.963
 46001	161.863
 46002	169.523
 46003	174.229
 46004	171.235
 46005	169.687
 46006	170.153
 46007	166.729
 46008	168.702
 46009	167.497
 46010	166.762
 46011	170.401
 46012	167.359
 46013	162.267
 46014	162.535
 46015	161.268
 46016	158.222
 46017	155.622
 46018	155.234
 46019	158.775
 46020	157.832
 46021	153.441
 46022	152.892
 46023	148.498
 46024	143.237
 46025	146.049
 46026	149.477
 46027	149.965
 46028	157.633
 46029	161.735
 46030	158.171
 46031	159.388
 46032	159.606
 46033	162.835
 46034	164.419
 46035	162.492
 46036	160.613
 46037	163.597
 46038	164.473
 46039	166.079
 46040	162.881
 46041	157.312
 46042	155.906
 46043	156.75
 46044	161.626
 46045	167.71
 46046	171.722
 46047	170.008
 46048	169.403
 46049	170.231
 46050	166.456
 46051	169.742
 46052	173.063
 46053	172.794
 46054	171.947
 46055	172.403
 46056	172.258
 46057	173.06
 46058	171.893
 46059	171.206
 46060	173.934
 46061	172.794
 46062	172.849
 46063	176.512
 46064	171.877
 46065	166.155
 46066	166.629
 46067	158.218
 46068	157.056
 46069	163.719
 46070	168.499
 46071	168.727
 46072	169.959
 46073	165.166
 46074	166.111
 46075	166.995
 46076	165.693
 46077	167.873
 46078	170.058
 46079	166.032
 46080	165.276
 46081	162.898
 46082	159.278
 46083	158.668
 46084	161.874
 46085	159.307
 46086	157.127
 46087	154.93
 46088	157.002
 46089	159.797
 46090	154.533
 46091	151.822
 46092	160.566
 46093	162.425
 46094	158.075
 46095	162.41
 46096	162.294
 46097	154.689
 46098	154.941
 46099	156.343
 46100	157.891
 46101	157.451
 46102	152.695
 46103	147.74
 46104	146.166
 46105	144.573
 46106	145.662
 46107	153.826
 46108	161.269
 46109	163.184
 46110	163.403
 46111	160.004
 46112	161.891
 46113	168.984
 46114	170.475
 46115	174.539
 46116	176.166
 46117	170.942
 46118	171.427
 46119	167.341
 46120	157.199
 46121	156.484
 46122	159.331
 46123	158.647
 46124	157.344
 46125	154.166
 46126	149.942
 46127	143.319
 46128	137.298
 46129	137.553
 46130	136.149
 46131	135.671
 46132	136.798
 46133	133.889
 46134	132.526
 46135	131.66
 46136	132.148
 46137	127.819
 46138	122.311
 46139	128.931
 46140	133.479
 46141	127.833
 46142	128.797
 46143	135.145
 46144	132.353
 46145	133.404
 46146	137.791
 46147	139.086
 46148	139.15
 46149	137.281
 46150	139.241
 46151	141.845
 46152	142.137
 46153	147.266
 46154	149.89
 46155	143.979
 46156	142.399
 46157	144.777
 46158	139.442
 46159	140.508
 46160	144.148
 46161	146.768
 46162	147.098
 46163	148.336
 46164	147.421
 46165	145.818
 46166	147.09
 46167	147.101
 46168	143.605
 46169	147.606
 46170	152.717
 46171	154.493
 46172	151.64
 46173	152.893
 46174	152.796
 46175	152.808
 46176	152.383
 46177	160.211
 46178	157.798
 46179	156.21
 46180	161.732
 46181	162.064
 46182	160.896
 46183	166.826
 46184	164.916
 46185	162.686
 46186	166.321
 46187	170.773
 46188	169.784
 46189	171.413
 46190	173.822
 46191	171.829
 46192	165.967
 46193	165.688
 46194	165.886
 46195	163.294
 46196	158.2
 46197	159.07
 46198	159.448
 46199	155.337
 46200	153.431
 46201	157.683
 46202	156.74
 46203	151.217
 46204	149.602
 46205	146.386
 46206	146.9
 46207	151.753
 46208	151.973
 46209	152.598
 46210	150.763
 46211	146.785
 46212	146.274
 46213	149.113
 46214	150.519
 46215	157.146
 46216	156.595
 46217	148.884
 46218	143.487
 46219	142.758
 46220	140.114
 46221	143.823
 46222	145.325
 46223	142.785
 46224	141.369
 46225	140.381
 46226	137.001
 46227	138.477
 46228	138.088
 46229	135.561
 46230	137.202
 46231	137.668
 46232	139.146
 46233	143.436
 46234	144.291
 46235	143.161
 46236	144.762
 46237	149.355
 46238	152.85
 46239	150.573
 46240	147.442
 46241	147.966
 46242	152.831
 46243	146.459
 46244	146.237
 46245	150.222
 46246	149.009
 46247	145.775
 46248	152.374
 46249	150.31
 46250	148.097
 46251	149.159
 46252	150.669
 46253	151.456
 46254	152.77
 46255	151.325
 46256	152.783
 46257	152.997
 46258	157.509
 46259	160.214
 46260	162.035
 46261	162.257
 46262	161.583
 46263	158.109
 46264	157.875
 46265	160.244
 46266	163.489
 46267	163.223
 46268	166.779
 46269	164.651
 46270	158.635
 46271	162.099
 46272	163.58
 46273	158.834
 46274	163.094
 46275	162.971
 46276	158.291
 46277	155.034
 46278	148.935
 46279	149.956
 46280	158.114
 46281	157.403
 46282	156.471
 46283	155.303
 46284	155.606
 46285	156.946
 46286	151.197
 46287	146.14
 46288	148.345
 46289	149.996
 46290	147.442
 46291	149.057
 46292	151.107
 46293	141.305
 46294	136.147
 46295	137.142
 46296	133.823
 46297	132.377
 46298	140.741
 46299	141.629
 46300	135.766
 46301	138.246
 46302	139.218
 46303	137.477
 46304	138.368
 46305	140.035
 46306	143.061
 46307	143.116
 46308	141.96
 46309	151.019
 46310	152.246
 46311	150.195
 46312	153.932
 46313	151.469
 46314	148.236
 46315	147.021
 46316	141.346
 46317	141.122
 46318	145.698
 46319	147.89
 46320	150.068
 46321	151.376
 46322	151.407
 46323	157.496
 46324	157.937
 46325	158.458
 46326	155.601
 46327	156.625
 46328	160.767
 46329	163.874
 46330	164.972
 46331	163.489
 46332	158.909
 46333	166.658
 46334	169.399
 46335	171.086
 46336	176.425
 46337	-179.747
 46338	-179.312
 46339	178.621
 46340	172.499
 46341	174.135
 46342	178.815
 46343	-178.074
 46344	-172.972
 46345	-174.386
 46346	-178.736
 46347	-175.75
 46348	-175.743
 46349	-178.435
 46350	-175.804
 46351	-175.728
 46352	-178.697
 46353	176.98
 46354	172.571
 46355	170.725
 46356	170.903
 46357	167.679
 46358	164.513
 46359	163.216
 46360	158.359
 46361	156.29
 46362	159.383
 46363	159.804
 46364	155.996
 46365	159.446
 46366	159.971
 46367	158.897
 46368	160.762
 46369	164.95
 46370	167.218
 46371	165.824
 46372	161.992
 46373	166.578
 46374	175.234
 46375	175.621
 46376	178.079
 46377	-175.992
 46378	-173.138
 46379	-179.078
 46380	179.258
 46381	-174.99
 46382	-166.843
 46383	-163.247
 46384	-163.003
 46385	-162.303
 46386	-163.246
 46387	-166.716
 46388	-163.611
 46389	-158.969
 46390	-155.691
 46391	-156.522
 46392	-148.146
 46393	-150.916
 46394	-157.21
 46395	-161.223
 46396	-155.315
 46397	-154.036
 46398	-152.589
 46399	-154.557
 46400	-153.636
 46401	-156.174
 46402	-160.235
 46403	-162.785
 46404	-164.76
 46405	-168.307
 46406	-169.798
 46407	-171.591
 46408	-176.369
 46409	177.75
 46410	175.224
 46411	175.605
 46412	165.808
 46413	160.77
 46414	165.356
 46415	167.034
 46416	158.865
 46417	155.053
 46418	150.245
 46419	153.594
 46420	154.379
 46421	150.271
 46422	154.034
 46423	158.456
 46424	153.608
 46425	151.889
 46426	150.666
 46427	149.262
 46428	155.864
 46429	160.585
 46430	159.595
 46431	158.284
 46432	156.114
 46433	158.298
 46434	162.261
 46435	157.743
 46436	158.667
 46437	163.602
 46438	161.906
 46439	154.799
 46440	155.874
 46441	158.173
 46442	151.325
 46443	145.98
 46444	151.209
 46445	151.825
 46446	152.442
 46447	152.035
 46448	152.639
 46449	153.92
 46450	149.566
 46451	148.109
 46452	156.332
 46453	155.752
 46454	155.114
 46455	155.457
 46456	149.374
 46457	143.261
 46458	143.007
 46459	143.914
 46460	144.94
 46461	140.714
 46462	136.638
 46463	137.448
 46464	135.513
 46465	128.748
 46466	125.699
 46467	123.756
 46468	124.49
 46469	122.413
 46470	123.347
 46471	118.461
 46472	118.744
 46473	123.989
 46474	121.156
 46475	112.448
 46476	120.074
 46477	126.38
 46478	125.46
 46479	121.179
 46480	120.506
 46481	118.189
 46482	116.002
 46483	117.274
 46484	126.484
 46485	126.349
 46486	129.986
 46487	125.113
 46488	122.633
 46489	125.732
 46490	127.773
 46491	122.736
 46492	123.412
 46493	124.289
 46494	123.427
 46495	123.53
 46496	124.963
 46497	126.784
 46498	130.612
 46499	135.807
 46500	137.282
 46501	134.187
 46502	140.404
 46503	145.483
 46504	145.071
 46505	146.683
 46506	149.852
 46507	149.393
 46508	146.514
 46509	142.264
 46510	143.591
 46511	143.543
 46512	142.019
 46513	144.089
 46514	144.765
 46515	142.748
 46516	142.664
 46517	139.349
 46518	132.469
 46519	124.707
 46520	126.101
 46521	127.752
 46522	126.508
 46523	128.416
 46524	127.385
 46525	119.467
 46526	121.776
 46527	120.681
 46528	120.216
 46529	126.91
 46530	125.055
 46531	122.804
 46532	132.947
 46533	132.371
 46534	133.458
 46535	138.132
 46536	134.66
 46537	135.512
 46538	137.288
 46539	136.505
 46540	139.473
 46541	138.936
 46542	137.614
 46543	136.516
 46544	125.223
 46545	128.154
 46546	133.044
 46547	126.975
 46548	127.543
 46549	135.427
 46550	135.912
 46551	129.564
 46552	125.803
 46553	134.213
 46554	132.275
 46555	130.462
 46556	135.828
 46557	136.302
 46558	132.857
 46559	135.085
 46560	136.77
 46561	138.626
 46562	133.8
 46563	130.608
 46564	136.432
 46565	131.494
 46566	126.562
 46567	133.889
 46568	133.424
 46569	131.949
 46570	128.383
 46571	124.13
 46572	125.32
 46573	128.485
 46574	132.038
 46575	136.886
 46576	131.469
 46577	124.828
 46578	131.386
 46579	134.182
 46580	132.193
 46581	136.655
 46582	136.479
 46583	135.426
 46584	135.959
 46585	136.538
 46586	136.876
 46587	132.805
 46588	123.474
 46589	127.964
 46590	129.54
 46591	120.959
 46592	124.718
 46593	133.039
 46594	124.821
 46595	118.599
 46596	117.929
 46597	117.715
 46598	117.141
 46599	118.646
 46600	118.737
 46601	116.537
 46602	112.463
 46603	116.599
 46604	119.801
 46605	121.585
 46606	120.303
 46607	120.086
 46608	118.822
 46609	115.274
 46610	119.961
 46611	129.698
 46612	130.483
 46613	130.459
 46614	130.587
 46615	125.877
 46616	130.168
 46617	134.564
 46618	138.268
 46619	144.302
 46620	136.884
 46621	131.929
 46622	138.376
 46623	140.061
 46624	138.056
 46625	137.461
 46626	135.552
 46627	138.585
 46628	133.978
 46629	136.193
 46630	143.532
 46631	141.562
 46632	137.401
 46633	139.377
 46634	136.001
 46635	135.675
 46636	136.143
 46637	135.924
 46638	134.423
 46639	132.02
 46640	133.673
 46641	135.289
 46642	128.559
 46643	126.926
 46644	122.25
 46645	116.454
 46646	120.571
 46647	125.466
 46648	127.866
 46649	126.75
 46650	125.251
 46651	127.832
 46652	125.083
 46653	116.426
 46654	121.172
 46655	127.447
 46656	128.978
 46657	130.758
 46658	129.606
 46659	128.83
 46660	131.024
 46661	126.801
 46662	126.853
 46663	126.475
 46664	130.519
 46665	138.375
 46666	138.211
 46667	138.142
 46668	139.388
 46669	133.737
 46670	132.197
 46671	134.95
 46672	136.504
 46673	145.542
 46674	147.6
 46675	142.354
 46676	144.837
 46677	141.412
 46678	137.294
 46679	142.281
 46680	143.793
 46681	145.256
 46682	148.256
 46683	144.265
 46684	143.355
 46685	142.351
 46686	133.051
 46687	129.522
 46688	132.976
 46689	135.818
 46690	138.131
 46691	131.792
 46692	127.252
 46693	125.504
 46694	120.335
 46695	120.147
 46696	125.58
 46697	127.1
 46698	125.125
 46699	123.424
 46700	123.031
 46701	118.577
 46702	118.517
 46703	120.028
 46704	120.495
 46705	123.327
 46706	127.858
 46707	122.792
 46708	120.705
 46709	122.193
 46710	120.677
 46711	121.475
 46712	126.795
 46713	125.904
 46714	123.294
 46715	119.877
 46716	118.801
 46717	118.969
 46718	115.233
 46719	115.954
 46720	118.556
 46721	116.228
 46722	118.59
 46723	119.482
 46724	118.444
 46725	121.098
 46726	125.088
 46727	122.935
 46728	125.034
 46729	125.106
 46730	123.967
 46731	127.035
 46732	124.754
 46733	126.169
 46734	130.497
 46735	130.677
 46736	130.256
 46737	127.907
 46738	123.566
 46739	127.103
 46740	127.872
 46741	125.688
 46742	127.35
 46743	126.512
 46744	127.416
 46745	123.181
 46746	115.106
 46747	120.189
 46748	120.669
 46749	116.18
 46750	114.612
 46751	113.912
 46752	110.499
 46753	109.303
 46754	109.367
 46755	112.25
 46756	113.615
 46757	110.464
 46758	110.552
 46759	113.16
 46760	113.152
 46761	114.873
 46762	113.569
 46763	115.234
 46764	120.88
 46765	123.807
 46766	122.999
 46767	121.715
 46768	122.926
 46769	120.094
 46770	116.981
 46771	125.66
 46772	124.55
 46773	115.654
 46774	120.585
 46775	119.072
 46776	117.856
 46777	121.874
 46778	114.036
 46779	108.59
 46780	115.627
 46781	113.076
 46782	109.807
 46783	113.691
 46784	112.59
 46785	110.791
 46786	109.686
 46787	110.553
 46788	114.717
 46789	116.329
 46790	114.572
 46791	116.905
 46792	119.755
 46793	123.027
 46794	123.602
 46795	125.186
 46796	122.813
 46797	123.292
 46798	125.672
 46799	125.447
 46800	123.427
 46801	125.429
 46802	129.703
 46803	127.611
 46804	125.417
 46805	130.437
 46806	130.711
 46807	126.461
 46808	123.021
 46809	117.595
 46810	112.396
 46811	108.321
 46812	110.118
 46813	111.366
 46814	106.156
 46815	107.744
 46816	110.556
 46817	107.074
 46818	112.896
 46819	121.789
 46820	122.763
 46821	125.886
 46822	133.649
 46823	134.17
 46824	133.347
 46825	134.6
 46826	137.67
 46827	137.025
 46828	134.425
 46829	135.316
 46830	131.876
 46831	135.868
 46832	138.902
 46833	131.195
 46834	127.275
 46835	132.494
 46836	128.624
 46837	126.351
 46838	124.371
 46839	125.425
 46840	124.013
 46841	120.105
 46842	124.278
 46843	127.798
 46844	123.306
 46845	128.268
 46846	131.23
 46847	121.041
 46848	120.219
 46849	122.995
 46850	113.752
 46851	115.705
 46852	119.777
 46853	118.387
 46854	118.438
 46855	120.563
 46856	120.838
 46857	116.679
 46858	111.609
 46859	114.266
 46860	115.938
 46861	110.591
 46862	114.316
 46863	119.583
 46864	118.048
 46865	118.64
 46866	119.38
 46867	115.641
 46868	109.329
 46869	112.033
 46870	111.775
 46871	108.405
 46872	106.107
 46873	111.58
 46874	109.962
 46875	107.469
 46876	106.929
 46877	105.915
 46878	107.784
 46879	107.461
 46880	109.47
 46881	114.8
 46882	110.464
 46883	112.494
 46884	115.135
 46885	107.767
 46886	104.686
 46887	105.258
 46888	98.8827
 46889	100.429
 46890	106.521
 46891	106.969
 46892	108.339
 46893	110.099
 46894	109.287
 46895	108.59
 46896	104.775
 46897	111.492
 46898	118.754
 46899	114.307
 46900	118.938
 46901	123.247
 46902	119.127
 46903	123.041
 46904	126.369
 46905	121.956
 46906	119.787
 46907	115.801
 46908	113.311
 46909	114.592
 46910	115.062
 46911	117.498
 46912	112.434
 46913	108.699
 46914	110.281
 46915	111.894
 46916	109.149
 46917	106.912
 46918	105.15
 46919	103.738
 46920	106.658
 46921	109.489
 46922	108.727
 46923	106.505
 46924	106.281
 46925	105.603
 46926	106.896
 46927	105.322
 46928	104.498
 46929	110.473
 46930	109.274
 46931	106.541
 46932	106.169
 46933	106.668
 46934	107.794
 46935	112.719
 46936	111.036
 46937	101.241
 46938	106.672
 46939	111.718
 46940	113.711
 46941	113.314
 46942	112.081
 46943	107.798
 46944	108.085
 46945	109.136
 46946	107.514
 46947	106.432
 46948	110.678
 46949	111.885
 46950	107.956
 46951	107.112
 46952	109.668
 46953	109.87
 46954	107.954
 46955	114.243
 46956	115.859
 46957	108.849
 46958	111.844
 46959	111.497
 46960	103.883
 46961	103.02
 46962	106.953
 46963	104.087
 46964	106.697
 46965	103.743
 46966	103.321
 46967	104.291
 46968	104.286
 46969	104.231
 46970	98.5309
 46971	102.256
 46972	108.709
 46973	106.731
 46974	104.182
 46975	108.705
 46976	111.117
 46977	111.403
 46978	111.945
 46979	111.158
 46980	114.927
 46981	112.549
 46982	111.674
 46983	112.844
 46984	116.957
 46985	116.485
 46986	114.169
 46987	112.325
 46988	112.668
 46989	105.937
 46990	105.051
 46991	111.201
 46992	109.87
 46993	108.64
 46994	112.086
 46995	111.287
 46996	111.795
 46997	115.466
 46998	115.92
 46999	117.133
 47000	119.815
 47001	111.248
 47002	110.603
 47003	116.408
 47004	114.852
 47005	110.6
 47006	116.793
 47007	113.891
 47008	106.829
 47009	108.726
 47010	113.65
 47011	110.448
 47012	102.904
 47013	101.409
 47014	105.806
 47015	102.809
 47016	101.579
 47017	104.125
 47018	98.0417
 47019	93.0291
 47020	100.477
 47021	101.524
 47022	99.4647
 47023	103.718
 47024	104.677
 47025	97.812
 47026	99.5381
 47027	99.6064
 47028	99.7722
 47029	96.629
 47030	91.1465
 47031	90.765
 47032	92.6553
 47033	86.5856
 47034	86.4964
 47035	90.4605
 47036	80.2622
 47037	74.3723
 47038	77.0919
 47039	77.0691
 47040	73.8583
 47041	76.8812
 47042	84.5515
 47043	78.2706
 47044	67.5144
 47045	73.0576
 47046	76.579
 47047	71.1446
 47048	72.871
 47049	68.7562
 47050	66.4807
 47051	69.7505
 47052	71.9242
 47053	63.227
 47054	61.0292
 47055	68.7454
 47056	64.6298
 47057	59.8945
 47058	57.4476
 47059	56.7824
 47060	62.1096
 47061	64.7236
 47062	65.8651
 47063	65.5127
 47064	71.0423
 47065	72.5067
 47066	71.327
 47067	66.6887
 47068	78.4092
 47069	86.5711
 47070	81.3677
 47071	78.4044
 47072	79.0344
 47073	73.81
 47074	75.1819
 47075	75.8632
 47076	70.6109
 47077	71.5226
 47078	68.9261
 47079	65.3543
 47080	64.5558
 47081	66.2197
 47082	66.3084
 47083	69.6403
 47084	67.4121
 47085	62.6391
 47086	66.5264
 47087	68.7631
 47088	71.2758
 47089	71.0824
 47090	66.5219
 47091	66.5382
 47092	64.7727
 47093	65.4669
 47094	59.5835
 47095	61.2854
 47096	63.3725
 47097	65.3794
 47098	61.3079
 47099	60.342
 47100	65.1574
 47101	66.2492
 47102	63.2003
 47103	65.0885
 47104	62.6302
 47105	64.4028
 47106	71.0903
 47107	70.0667
 47108	71.125
 47109	77.5713
 47110	77.3279
 47111	79.0982
 47112	86.5224
 47113	88.5887
 47114	89.1637
 47115	91.9351
 47116	91.4931
 47117	93.2137
 47118	93.7502
 47119	96.638
 47120	97.958
 47121	95.7699
 47122	98.8474
 47123	101.875
 47124	96.6524
 47125	94.9858
 47126	99.1217
 47127	98.5414
 47128	102.224
 47129	102.898
 47130	97.9682
 47131	100.368
 47132	108.176
 47133	106.402
 47134	107.64
 47135	112.438
 47136	112.904
 47137	114.723
 47138	117.735
 47139	119.652
 47140	121.936
 47141	124.481
 47142	127.112
 47143	125.857
 47144	125.632
 47145	123.282
 47146	127.065
 47147	130.114
 47148	132.071
 47149	129.355
 47150	127.582
 47151	131.459
 47152	133.852
 47153	126.309
 47154	127.43
 47155	131.646
 47156	124.761
 47157	124.243
 47158	130.575
 47159	123.866
 47160	122.109
 47161	125.361
 47162	120.382
 47163	115.594
 47164	118.43
 47165	118.565
 47166	122.733
 47167	122.153
 47168	119.803
 47169	120.009
 47170	124.56
 47171	127.053
 47172	128.63
 47173	127.195
 47174	123.591
 47175	125.067
 47176	129.903
 47177	130.794
 47178	132.299
 47179	135.351
 47180	138.135
 47181	134.944
 47182	129.221
 47183	128.36
 47184	135.94
 47185	136.751
 47186	138.174
 47187	133.037
 47188	125.481
 47189	128.602
 47190	131.169
 47191	125.849
 47192	124.986
 47193	130.716
 47194	130.794
 47195	127.341
 47196	124.727
 47197	129.072
 47198	130.178
 47199	121.848
 47200	118.661
 47201	118.258
 47202	118.408
 47203	122.619
 47204	125.466
 47205	122.771
 47206	122.264
 47207	116.99
 47208	114.638
 47209	118.531
 47210	118.013
 47211	113.086
 47212	109.635
 47213	106.42
 47214	102.669
 47215	104.385
 47216	104.982
 47217	98.5389
 47218	96.1019
 47219	93.0941
 47220	89.1567
 47221	89.8887
 47222	96.7124
 47223	95.1832
 47224	97.4461
 47225	98.4894
 47226	96.69
 47227	96.313
 47228	99.1336
 47229	106.191
 47230	107.153
 47231	103.407
 47232	106.149
 47233	109.833
 47234	108.403
 47235	115.474
 47236	119.215
 47237	116.201
 47238	119.527
 47239	118.049
 47240	115.13
 47241	119.743
 47242	118.151
 47243	118.526
 47244	121.941
 47245	115.786
 47246	114.27
 47247	115.65
 47248	112.028
 47249	114.122
 47250	114.954
 47251	112.395
 47252	113.792
 47253	117.703
 47254	118.066
 47255	121.8
 47256	120.83
 47257	120.667
 47258	117.627
 47259	114.792
 47260	118.743
 47261	122.099
 47262	124.684
 47263	127.871
 47264	126.076
 47265	118.921
 47266	119.29
 47267	125.318
 47268	123.245
 47269	118.251
 47270	121.827
 47271	119.718
 47272	116.157
 47273	120.395
 47274	118.978
 47275	115.405
 47276	110.247
 47277	108.858
 47278	114.612
 47279	117.845
 47280	120.716
 47281	127.115
 47282	123.168
 47283	123.193
 47284	129.545
 47285	121.99
 47286	119.336
 47287	124.799
 47288	126.435
 47289	125.49
 47290	125.31
 47291	130.078
 47292	137.808
 47293	134.128
 47294	130.683
 47295	135.31
 47296	136.113
 47297	136.178
 47298	134.074
 47299	131.521
 47300	132.294
 47301	133.144
 47302	128.235
 47303	126.203
 47304	129.664
 47305	131.498
 47306	128.821
 47307	126.486
 47308	132.221
 47309	134.326
 47310	133.186
 47311	131.68
 47312	133.597
 47313	134.014
 47314	130.248
 47315	128.178
 47316	129.651
 47317	129.792
 47318	133.816
 47319	130.236
 47320	124.094
 47321	125.638
 47322	118.313
 47323	101.169
 47324	106.026
 47325	112.682
 47326	110.831
 47327	113.781
 47328	115.155
 47329	115.684
 47330	119.382
 47331	117.373
 47332	119.713
 47333	120.122
 47334	117.753
 47335	121.958
 47336	126.38
 47337	125.148
 47338	123.463
 47339	122.654
 47340	123.163
 47341	126.734
 47342	125.116
 47343	128.178
 47344	135.06
 47345	134.387
 47346	133.126
 47347	131.425
 47348	131.924
 47349	134.902
 47350	134.08
 47351	129.79
 47352	132.236
 47353	135.401
 47354	133.073
 47355	132.079
 47356	131.316
 47357	126.492
 47358	123.602
 47359	125.789
 47360	125.919
 47361	123.335
 47362	121.023
 47363	121.226
 47364	125.913
 47365	124.567
 47366	125.889
 47367	126.647
 47368	124.302
 47369	124.572
 47370	127.746
 47371	126.984
 47372	130.346
 47373	133.881
 47374	132.188
 47375	133.757
 47376	137.914
 47377	141.105
 47378	142.087
 47379	140.072
 47380	135.766
 47381	137.865
 47382	143.796
 47383	142.103
 47384	136.29
 47385	134.817
 47386	139.275
 47387	136.157
 47388	130.594
 47389	131.397
 47390	137.934
 47391	139.569
 47392	136.763
 47393	134.02
 47394	129.943
 47395	128.924
 47396	132.838
 47397	131.058
 47398	126.421
 47399	130.12
 47400	135.436
 47401	137.278
 47402	137.691
 47403	136.43
 47404	138.022
 47405	138.999
 47406	138.841
 47407	140.617
 47408	148.708
 47409	153.398
 47410	150.625
 47411	149.161
 47412	150.127
 47413	149.513
 47414	149.761
 47415	152.087
 47416	154.09
 47417	155.156
 47418	149.317
 47419	153.99
 47420	158.058
 47421	145.561
 47422	136.519
 47423	142.24
 47424	138.819
 47425	134.65
 47426	139.806
 47427	141.64
 47428	132.339
 47429	129.097
 47430	132.075
 47431	134.457
 47432	130.709
 47433	131.248
 47434	134.138
 47435	133.232
 47436	132.344
 47437	140.258
 47438	141.04
 47439	131.181
 47440	134.403
 47441	140.624
 47442	132.703
 47443	134.097
 47444	141
 47445	137.792
 47446	135.724
 47447	135.248
 47448	135.743
 47449	137.438
 47450	136.436
 47451	140.844
 47452	144.726
 47453	138.893
 47454	143.468
 47455	152.445
 47456	147.022
 47457	146.612
 47458	152.741
 47459	152.18
 47460	150.699
 47461	149.947
 47462	149.161
 47463	149.793
 47464	149.543
 47465	149.455
 47466	153.666
 47467	151.541
 47468	145.997
 47469	144.208
 47470	144.275
 47471	137.369
 47472	137.845
 47473	146.576
 47474	148.839
 47475	148.094
 47476	149.364
 47477	147.653
 47478	149.846
 47479	145.785
 47480	144.97
 47481	149.315
 47482	144.727
 47483	139.558
 47484	147.367
 47485	141.402
 47486	135.569
 47487	140.707
 47488	138.694
 47489	133.098
 47490	134.655
 47491	133.926
 47492	133.562
 47493	131.258
 47494	127.275
 47495	127.75
 47496	129.276
 47497	129.056
 47498	136.112
 47499	138.298
 47500	132.987
 47501	135.147
 47502	140.729
 47503	137.069
 47504	136.506
 47505	139.556
 47506	141.057
 47507	138.577
 47508	132.36
 47509	128.142
 47510	133.131
 47511	131.477
 47512	130.698
 47513	135.953
 47514	134.575
 47515	131.635
 47516	137.129
 47517	137.35
 47518	135.599
 47519	135.018
 47520	138.421
 47521	138.445
 47522	139.147
 47523	136.906
 47524	141.998
 47525	142.618
 47526	132.491
 47527	134.432
 47528	142.702
 47529	137.025
 47530	138.332
 47531	143.44
 47532	138.091
 47533	137.165
 47534	142.859
 47535	143.002
 47536	142.905
 47537	140.315
 47538	142.551
 47539	146.552
 47540	141.787
 47541	136.393
 47542	144.254
 47543	140.983
 47544	134.26
 47545	136.154
 47546	141.454
 47547	136.336
 47548	134.734
 47549	137.518
 47550	139.458
 47551	131.42
 47552	132.657
 47553	137.446
 47554	134.016
 47555	125.237
 47556	129.63
 47557	130.01
 47558	120.757
 47559	113.523
 47560	120.412
 47561	112.932
 47562	103.818
 47563	106.674
 47564	111.417
 47565	107.531
 47566	110.645
 47567	118.168
 47568	119.795
 47569	115.93
 47570	118.007
 47571	123.165
 47572	117.924
 47573	114.321
 47574	125.646
 47575	122.737
 47576	114.37
 47577	123.313
 47578	123.261
 47579	118.511
 47580	115.661
 47581	113.634
 47582	117.976
 47583	119.459
 47584	122.145
 47585	125.051
 47586	121.674
 47587	117.856
 47588	123.084
 47589	120.107
 47590	120.406
 47591	126.22
 47592	127.846
 47593	127.399
 47594	128.439
 47595	127.324
 47596	125.445
 47597	122.444
 47598	122.196
 47599	128.955
 47600	130.233
 47601	130.174
 47602	134.417
 47603	134.013
 47604	135.726
 47605	140.361
 47606	140.523
 47607	141.16
 47608	140.835
 47609	142.421
 47610	145.277
 47611	148.065
 47612	148.324
 47613	149.519
 47614	147.261
 47615	146.727
 47616	143.189
 47617	142.172
 47618	145.621
 47619	151.314
 47620	151.39
 47621	152.277
 47622	156.223
 47623	153.9
 47624	147.18
 47625	155.518
 47626	162.488
 47627	155.917
 47628	157.504
 47629	165.544
 47630	160.832
 47631	154.366
 47632	155.462
 47633	155.22
 47634	152.882
 47635	154.481
 47636	156.742
 47637	155.193
 47638	147.212
 47639	144.446
 47640	147.864
 47641	145.512
 47642	142.804
 47643	146.857
 47644	143.996
 47645	136.627
 47646	134.995
 47647	134.118
 47648	136.027
 47649	139.212
 47650	134.022
 47651	132.799
 47652	129.84
 47653	128.055
 47654	124.904
 47655	125.21
 47656	122.139
 47657	126.814
 47658	129.648
 47659	127.506
 47660	127.664
 47661	131.379
 47662	131.917
 47663	132.915
 47664	135.927
 47665	137.49
 47666	136.099
 47667	139.338
 47668	141.872
 47669	142.758
 47670	141.654
 47671	145.897
 47672	154.235
 47673	154.608
 47674	146.227
 47675	148.022
 47676	148.371
 47677	141.219
 47678	139.741
 47679	144.872
 47680	145.358
 47681	142.623
 47682	141.591
 47683	146.016
 47684	140.347
 47685	136.838
 47686	149.436
 47687	150.345
 47688	142.222
 47689	144.296
 47690	143.09
 47691	138.417
 47692	135.436
 47693	139.403
 47694	140.482
 47695	137.448
 47696	132.3
 47697	135.582
 47698	134.401
 47699	130.923
 47700	133.895
 47701	141.973
 47702	139.76
 47703	136.09
 47704	140.762
 47705	141.965
 47706	137.842
 47707	138.576
 47708	139.391
 47709	141.288
 47710	138.503
 47711	133.697
 47712	136.298
 47713	134.104
 47714	126.574
 47715	132.374
 47716	133.401
 47717	125.096
 47718	126.792
 47719	131.771
 47720	130.162
 47721	130.951
 47722	138.013
 47723	135.328
 47724	128.475
 47725	124.051
 47726	127.213
 47727	128.041
 47728	120.864
 47729	120.477
 47730	131.905
 47731	133.08
 47732	129.908
 47733	130
 47734	127.379
 47735	124.36
 47736	125.471
 47737	128.287
 47738	135.417
 47739	139.379
 47740	139.377
 47741	140.491
 47742	137.245
 47743	130.072
 47744	138.18
 47745	143.896
 47746	141.3
 47747	141.284
 47748	146.581
 47749	146.15
 47750	146.539
 47751	145.101
 47752	144.529
 47753	140.839
 47754	136.246
 47755	133.422
 47756	139.178
 47757	140.327
 47758	138.052
 47759	141.192
 47760	140.248
 47761	138.429
 47762	145.072
 47763	141.067
 47764	140.917
 47765	148.905
 47766	147.902
 47767	150.212
 47768	156.728
 47769	153.058
 47770	158.185
 47771	157.107
 47772	147.448
 47773	147.54
 47774	152.154
 47775	153.32
 47776	152.543
 47777	151.159
 47778	150.702
 47779	144.124
 47780	141.42
 47781	150.218
 47782	158.086
 47783	157.077
 47784	158.199
 47785	160.472
 47786	166.425
 47787	166.737
 47788	169.879
 47789	175.577
 47790	178.389
 47791	178.321
 47792	176.993
 47793	172.148
 47794	171.745
 47795	170.261
 47796	170.721
 47797	167.816
 47798	159.726
 47799	159.305
 47800	171.213
 47801	163.893
 47802	157.717
 47803	163.353
 47804	165.915
 47805	164.806
 47806	164.711
 47807	161.404
 47808	163.882
 47809	164.539
 47810	165.604
 47811	165.069
 47812	159.458
 47813	156.495
 47814	162.336
 47815	162.213
 47816	158.718
 47817	159.824
 47818	166.742
 47819	162.949
 47820	161.206
 47821	163.938
 47822	164.023
 47823	166.259
 47824	162.913
 47825	164.458
 47826	170.479
 47827	164.453
 47828	161.879
 47829	174.072
 47830	172.218
 47831	164.225
 47832	171.27
 47833	177.17
 47834	175.51
 47835	178.231
 47836	178.326
 47837	179.472
 47838	-179.771
 47839	-179.492
 47840	-178.587
 47841	-178.52
 47842	178.198
 47843	-179.664
 47844	-177.831
 47845	-179.032
 47846	179.555
 47847	-174.805
 47848	-170.569
 47849	-172.587
 47850	-179.993
 47851	178.414
 47852	-179.559
 47853	-178.746
 47854	179.155
 47855	-178.75
 47856	-176.722
 47857	176.448
 47858	175.529
 47859	178.535
 47860	174.112
 47861	177.265
 47862	-177.896
 47863	177.968
 47864	175.096
 47865	176.392
 47866	-179.113
 47867	-178.693
 47868	176.586
 47869	175.355
 47870	176.216
 47871	177.553
 47872	174.364
 47873	177.151
 47874	176.93
 47875	174.393
 47876	173.351
 47877	174.931
 47878	169.572
 47879	163.603
 47880	162.319
 47881	164.524
 47882	166.186
 47883	161.017
 47884	158.83
 47885	165.447
 47886	160.133
 47887	153.123
 47888	157.759
 47889	156.658
 47890	151.262
 47891	157.598
 47892	158.514
 47893	153.067
 47894	151.924
 47895	155.437
 47896	160.67
 47897	158.555
 47898	156.831
 47899	164.146
 47900	166.571
 47901	163.164
 47902	164.273
 47903	167.4
 47904	165.453
 47905	165.908
 47906	173.435
 47907	-179.393
 47908	177.418
 47909	174.372
 47910	173.748
 47911	172.046
 47912	167.563
 47913	164.972
 47914	169.124
 47915	173.589
 47916	168.927
 47917	168.677
 47918	167.496
 47919	166.387
 47920	170.362
 47921	174.207
 47922	170.892
 47923	167.062
 47924	167.411
 47925	169.439
 47926	163.96
 47927	159.289
 47928	163.166
 47929	162.51
 47930	158.579
 47931	159.569
 47932	159.965
 47933	159.772
 47934	162.682
 47935	165.915
 47936	164.178
 47937	154.835
 47938	153.638
 47939	162.454
 47940	159.119
 47941	149.639
 47942	150.885
 47943	154.932
 47944	157.885
 47945	157.329
 47946	152.106
 47947	152.887
 47948	151.466
 47949	153.185
 47950	157.253
 47951	154.672
 47952	151.641
 47953	157.154
 47954	160.926
 47955	161.601
 47956	163.056
 47957	167.849
 47958	168.111
 47959	170.682
 47960	174.391
 47961	171.817
 47962	174.201
 47963	-179.583
 47964	176.565
 47965	175.509
 47966	177.575
 47967	174.35
 47968	175.922
 47969	177.002
 47970	170.866
 47971	168.008
 47972	171.939
 47973	171.043
 47974	169.47
 47975	168.19
 47976	169.7
 47977	169.77
 47978	163.54
 47979	166.032
 47980	170.752
 47981	165.267
 47982	169.889
 47983	179.255
 47984	-179.493
 47985	178.416
 47986	-174.565
 47987	-170.04
 47988	-172.944
 47989	-173.732
 47990	-171.547
 47991	-171.307
 47992	-166.114
 47993	-166.493
 47994	-169.989
 47995	-164.463
 47996	-163.418
 47997	-173.028
 47998	-172.543
 47999	-169.835
 48000	-173.646
 48001	-177.477
 48002	179.82
 48003	175.309
 48004	172.121
 48005	169.247
 48006	171.157
 48007	170.392
 48008	165.547
 48009	166.819
 48010	166.74
 48011	158.497
 48012	157.907
 48013	156.608
 48014	155.443
 48015	159.785
 48016	159.573
 48017	154.987
 48018	152.859
 48019	150.235
 48020	148.724
 48021	147.088
 48022	145.236
 48023	143.926
 48024	143.611
 48025	138.514
 48026	135.626
 48027	134.47
 48028	134.387
 48029	132.1
 48030	129.259
 48031	132.086
 48032	134.445
 48033	132.254
 48034	133.32
 48035	135.079
 48036	132.888
 48037	128.706
 48038	135.621
 48039	142.441
 48040	141.009
 48041	137.007
 48042	142.746
 48043	148.349
 48044	148.797
 48045	152.423
 48046	157.023
 48047	156.671
 48048	159.773
 48049	162.039
 48050	161.527
 48051	161.76
 48052	163.107
 48053	163.565
 48054	160.572
 48055	160.498
 48056	164.881
 48057	165.417
 48058	162.724
 48059	163.453
 48060	166.251
 48061	165.309
 48062	165.033
 48063	173.883
 48064	-178.775
 48065	177.365
 48066	175.141
 48067	177.092
 48068	175.195
 48069	171.923
 48070	174.334
 48071	175.47
 48072	169.722
 48073	170.534
 48074	175.561
 48075	176.939
 48076	170.202
 48077	168.683
 48078	173.826
 48079	174.829
 48080	170.588
 48081	171.287
 48082	174.944
 48083	175.231
 48084	172.087
 48085	169.813
 48086	172.059
 48087	176.609
 48088	171.19
 48089	168.205
 48090	172.277
 48091	170.877
 48092	163.053
 48093	161.164
 48094	163.41
 48095	158.104
 48096	155.291
 48097	157.348
 48098	156.457
 48099	156.097
 48100	157.733
 48101	157.121
 48102	151.455
 48103	153.857
 48104	155.797
 48105	153.751
 48106	149.588
 48107	152.844
 48108	154.751
 48109	148.45
 48110	147.17
 48111	158.369
 48112	159.895
 48113	154.305
 48114	158.896
 48115	164.902
 48116	164.722
 48117	165.1
 48118	165.397
 48119	164.93
 48120	165.01
 48121	163.186
 48122	165.451
 48123	167.324
 48124	163.772
 48125	160.801
 48126	156.634
 48127	152.869
 48128	151.559
 48129	150.226
 48130	144.925
 48131	141.375
 48132	144.03
 48133	148.822
 48134	147.366
 48135	141.323
 48136	143.08
 48137	145.758
 48138	146.264
 48139	144.773
 48140	147.356
 48141	152.58
 48142	155.003
 48143	155.749
 48144	159.577
 48145	162.336
 48146	163.201
 48147	166.179
 48148	165.505
 48149	165.47
 48150	162.422
 48151	159.114
 48152	158.159
 48153	155.634
 48154	155.65
 48155	157.759
 48156	153.695
 48157	151.878
 48158	152.656
 48159	148.868
 48160	151.608
 48161	157.124
 48162	153.451
 48163	152.882
 48164	151.562
 48165	152.106
 48166	155.768
 48167	153.675
 48168	154.189
 48169	159.505
 48170	159.367
 48171	160.185
 48172	160.462
 48173	160.811
 48174	164.656
 48175	165.446
 48176	165.57
 48177	167.928
 48178	170.336
 48179	167.566
 48180	168.111
 48181	171.069
 48182	170.458
 48183	171.967
 48184	177.992
 48185	173.817
 48186	168.772
 48187	170.701
 48188	169.235
 48189	167.122
 48190	165.636
 48191	159.998
 48192	157.336
 48193	154.277
 48194	155.025
 48195	156.68
 48196	147.142
 48197	139.832
 48198	147.978
 48199	149.06
 48200	143.305
 48201	144.931
 48202	146.202
 48203	145.921
 48204	150.361
 48205	149.894
 48206	148.404
 48207	153.22
 48208	155.264
 48209	159.374
 48210	164.396
 48211	166.879
 48212	169.86
 48213	171.458
 48214	167.069
 48215	168.182
 48216	170.476
 48217	169.218
 48218	170.472
 48219	169.688
 48220	166.46
 48221	169.437
 48222	170.666
 48223	161.164
 48224	158.865
 48225	159.293
 48226	157.002
 48227	159.144
 48228	161.981
 48229	158.929
 48230	159.808
 48231	160.179
 48232	159.657
 48233	163.357
 48234	165.047
 48235	163.007
 48236	169.504
 48237	176.387
 48238	178.978
 48239	178.564
 48240	175.96
 48241	176.842
 48242	-179.255
 48243	-178.552
 48244	-176.105
 48245	-174.991
 48246	-176.535
 48247	-176.262
 48248	-178.164
 48249	176.965
 48250	177.362
 48251	176.761
 48252	174.805
 48253	176.501
 48254	178.585
 48255	174.772
 48256	174.836
 48257	174.018
 48258	168.276
 48259	164.996
 48260	166.477
 48261	161.279
 48262	161.293
 48263	165.176
 48264	164.712
 48265	165.513
 48266	168.033
 48267	162.143
 48268	159.986
 48269	157.835
 48270	155.879
 48271	159.975
 48272	165.341
 48273	166.449
 48274	166.47
 48275	164.008
 48276	161.976
 48277	163.333
 48278	159.407
 48279	160.377
 48280	168.21
 48281	170.221
 48282	169.371
 48283	172.448
 48284	169.438
 48285	166.299
 48286	166.205
 48287	168.541
 48288	169.751
 48289	173.423
 48290	170.379
 48291	168.277
 48292	167.244
 48293	165.467
 48294	164.202
 48295	164.865
 48296	160.926
 48297	160.814
 48298	163.222
 48299	158.523
 48300	152.757
 48301	148.534
 48302	144.367
 48303	143.419
 48304	143.643
 48305	138.516
 48306	134.824
 48307	140.413
 48308	137.983
 48309	136.503
 48310	135.419
 48311	133.501
 48312	136.552
 48313	136.457
 48314	135.068
 48315	141.84
 48316	139.905
 48317	140.129
 48318	148.054
 48319	144.657
 48320	142.684
 48321	152.259
 48322	153.69
 48323	151.066
 48324	156.496
 48325	158.362
 48326	156.571
 48327	156.316
 48328	157.888
 48329	163.129
 48330	162.774
 48331	160.41
 48332	166.345
 48333	168.563
 48334	160.707
 48335	162.592
 48336	165.55
 48337	162.94
 48338	160.001
 48339	164.754
 48340	166.745
 48341	166.206
 48342	163.319
 48343	157.082
 48344	156.176
 48345	155.37
 48346	151.552
 48347	155.637
 48348	159.471
 48349	152.078
 48350	150.59
 48351	150.655
 48352	144.47
 48353	148.746
 48354	151.029
 48355	147.766
 48356	149.412
 48357	146.634
 48358	143.057
 48359	146.721
 48360	150.15
 48361	147.925
 48362	149.492
 48363	147.153
 48364	145.391
 48365	150.364
 48366	152.957
 48367	151.763
 48368	150.807
 48369	152.197
 48370	150.843
 48371	145.708
 48372	144.624
 48373	150.512
 48374	153.84
 48375	154.669
 48376	156.742
 48377	158.825
 48378	156.878
 48379	158.377
 48380	164.182
 48381	165.25
 48382	161.809
 48383	164.952
 48384	163.473
 48385	158.942
 48386	160.376
 48387	156.677
 48388	155.502
 48389	156.85
 48390	154.014
 48391	152.004
 48392	152.731
 48393	153.626
 48394	151.891
 48395	148.672
 48396	145.162
 48397	146.063
 48398	142.881
 48399	143.696
 48400	147.505
 48401	146.308
 48402	149.572
 48403	157.627
 48404	155.562
 48405	154.132
 48406	161.529
 48407	165.547
 48408	165.169
 48409	166.936
 48410	167.338
 48411	169.764
 48412	173.601
 48413	173.913
 48414	170.46
 48415	166.942
 48416	163.99
 48417	164.282
 48418	164.067
 48419	164.12
 48420	167.34
 48421	168
 48422	161.543
 48423	161.284
 48424	162.784
 48425	162.652
 48426	164.482
 48427	161.996
 48428	160.868
 48429	161.695
 48430	160.943
 48431	154.951
 48432	156.786
 48433	153.658
 48434	153.053
 48435	156.021
 48436	156.664
 48437	153.185
 48438	152.637
 48439	152.831
 48440	156.014
 48441	158.614
 48442	151.244
 48443	147.606
 48444	155.179
 48445	157.012
 48446	157.761
 48447	162.625
 48448	164.034
 48449	164.174
 48450	162.555
 48451	159.979
 48452	162.204
 48453	164.2
 48454	161.381
 48455	158.933
 48456	156.488
 48457	157.466
 48458	159.352
 48459	157.745
 48460	157.351
 48461	162.344
 48462	157.126
 48463	152.187
 48464	158.414
 48465	163.594
 48466	157.337
 48467	155.736
 48468	156.392
 48469	154.532
 48470	155.497
 48471	155.559
 48472	153.325
 48473	153.863
 48474	155.326
 48475	155.426
 48476	154.843
 48477	156.133
 48478	157.922
 48479	157.587
 48480	154.635
 48481	161.285
 48482	160.811
 48483	155.853
 48484	156.263
 48485	160.459
 48486	159.138
 48487	158.786
 48488	162.625
 48489	166.988
 48490	168.128
 48491	166.412
 48492	168.771
 48493	168.669
 48494	169.157
 48495	169.919
 48496	165.662
 48497	163.455
 48498	164.869
 48499	163.18
 48500	155.6
 48501	154.933
 48502	159.049
 48503	155.835
 48504	152.183
 48505	157.523
 48506	161.727
 48507	156.457
 48508	159.051
 48509	160.558
 48510	158.74
 48511	156.816
 48512	159.416
 48513	161.11
 48514	161.364
 48515	161.611
 48516	163.184
 48517	162.849
 48518	162.643
 48519	160.78
 48520	157.176
 48521	159.138
 48522	160.623
 48523	159.114
 48524	158.648
 48525	160.96
 48526	160.628
 48527	161.046
 48528	165.584
 48529	167.775
 48530	164.704
 48531	170.007
 48532	177.143
 48533	173.531
 48534	169.233
 48535	174.252
 48536	175.89
 48537	171.676
 48538	170.311
 48539	174.578
 48540	177.184
 48541	178.859
 48542	177.391
 48543	177.022
 48544	179.163
 48545	-179.992
 48546	176.579
 48547	177.709
 48548	176.848
 48549	176.549
 48550	175.41
 48551	170.076
 48552	164.995
 48553	164.399
 48554	162.623
 48555	166.079
 48556	166.614
 48557	164.503
 48558	166.893
 48559	167.265
 48560	164.656
 48561	169.547
 48562	172.59
 48563	168.931
 48564	167.463
 48565	168.137
 48566	165.126
 48567	162.723
 48568	163.525
 48569	167.973
 48570	169.77
 48571	164.995
 48572	164.889
 48573	167.603
 48574	169.914
 48575	168.875
 48576	170.162
 48577	168.478
 48578	165.798
 48579	166.341
 48580	166.716
 48581	165.779
 48582	172.053
 48583	171.184
 48584	166.624
 48585	169.383
 48586	168.516
 48587	165.721
 48588	172.769
 48589	173.708
 48590	174.201
 48591	172.409
 48592	173.193
 48593	177.608
 48594	-177.272
 48595	178.965
 48596	177.902
 48597	177.595
 48598	176.151
 48599	176.463
 48600	175.394
 48601	176.391
 48602	-177.543
 48603	-173.393
 48604	179.262
 48605	177.739
 48606	-179.981
 48607	178.479
 48608	177.2
 48609	-178.655
 48610	179.642
 48611	176.198
 48612	175.89
 48613	173.503
 48614	168.076
 48615	166.505
 48616	169.199
 48617	169.66
 48618	162.756
 48619	158.575
 48620	161.627
 48621	158.463
 48622	155.047
 48623	160.277
 48624	159.119
 48625	157.883
 48626	158.878
 48627	157.554
 48628	155.48
 48629	156.532
 48630	154.763
 48631	157.5
 48632	155.395
 48633	150.482
 48634	153.17
 48635	160.397
 48636	162.188
 48637	161.303
 48638	162.515
 48639	169.414
 48640	172.464
 48641	166.646
 48642	166.635
 48643	175.964
 48644	172.387
 48645	172.47
 48646	-177.252
 48647	-178.776
 48648	176.27
 48649	-177.834
 48650	-173.667
 48651	179.075
 48652	174.373
 48653	174.708
 48654	176.24
 48655	171.211
 48656	162.54
 48657	163.203
 48658	168.12
 48659	159.843
 48660	160.891
 48661	165.917
 48662	163.81
 48663	162.725
 48664	166.537
 48665	164.017
 48666	165.396
 48667	166.16
 48668	164.121
 48669	166.581
 48670	167.685
 48671	165.139
 48672	167.093
 48673	164.046
 48674	165.297
 48675	166.427
 48676	159.921
 48677	161.022
 48678	166.706
 48679	162.976
 48680	157.421
 48681	154.81
 48682	155.667
 48683	159.656
 48684	158.505
 48685	154.618
 48686	158.851
 48687	164.563
 48688	160.153
 48689	159.742
 48690	164.637
 48691	164.265
 48692	158.756
 48693	159.135
 48694	161.379
 48695	164.033
 48696	164.901
 48697	162.015
 48698	162.431
 48699	160.477
 48700	157.778
 48701	160.403
 48702	158.828
 48703	154.302
 48704	157.453
 48705	156.688
 48706	149.16
 48707	152.013
 48708	149.918
 48709	147.81
 48710	147.09
 48711	141.309
 48712	149.461
 48713	158.044
 48714	150.071
 48715	145.741
 48716	150.941
 48717	151.41
 48718	150.355
 48719	151.749
 48720	147.614
 48721	147.317
 48722	147.159
 48723	148.555
 48724	153.109
 48725	149.102
 48726	147.73
 48727	150.322
 48728	151.863
 48729	154.732
 48730	159.938
 48731	157.465
 48732	154.637
 48733	156.251
 48734	159.243
 48735	154.624
 48736	152.749
 48737	155.804
 48738	154.199
 48739	145.973
 48740	142.309
 48741	143.597
 48742	146.913
 48743	144.196
 48744	146.147
 48745	150.397
 48746	149.757
 48747	150.011
 48748	155.655
 48749	153.369
 48750	152.049
 48751	153.183
 48752	149.613
 48753	150.835
 48754	152.363
 48755	147.265
 48756	147.33
 48757	149.06
 48758	149.969
 48759	151.14
 48760	141.955
 48761	137.289
 48762	144.279
 48763	141.544
 48764	137.303
 48765	139.059
 48766	141.596
 48767	143.339
 48768	146.3
 48769	147.415
 48770	147.341
 48771	144.638
 48772	146.704
 48773	151.291
 48774	148.924
 48775	149.719
 48776	152.101
 48777	152.938
 48778	156.953
 48779	157.504
 48780	157.583
 48781	158.157
 48782	157.73
 48783	158.49
 48784	161.018
 48785	158.827
 48786	158.2
 48787	158.65
 48788	157.136
 48789	152.943
 48790	151.221
 48791	150.578
 48792	152.638
 48793	153.217
 48794	157.854
 48795	154.959
 48796	153.462
 48797	153.871
 48798	154.607
 48799	153.957
 48800	152.064
 48801	149.586
 48802	153.852
 48803	154.129
 48804	153.598
 48805	153.257
 48806	151.204
 48807	152.968
 48808	153.639
 48809	150.354
 48810	152.766
 48811	154.218
 48812	152.422
 48813	155.665
 48814	155.42
 48815	150.203
 48816	153.361
 48817	154.131
 48818	153.248
 48819	154.458
 48820	149.706
 48821	151.81
 48822	155.324
 48823	153.941
 48824	156.104
 48825	155.407
 48826	152.373
 48827	155.189
 48828	158.451
 48829	153.068
 48830	152.512
 48831	150.868
 48832	149.639
 48833	147.948
 48834	153.465
 48835	149.828
 48836	147.256
 48837	148.05
 48838	148.236
 48839	144.364
 48840	147.7
 48841	147.43
 48842	150.124
 48843	148.005
 48844	145.573
 48845	147.364
 48846	143.45
 48847	140.847
 48848	147.977
 48849	148.914
 48850	146.056
 48851	153.146
 48852	158.97
 48853	158.002
 48854	161.319
 48855	158.41
 48856	155.539
 48857	160.768
 48858	162.407
 48859	162.421
 48860	166.866
 48861	169.205
 48862	165.643
 48863	161.058
 48864	160.452
 48865	159.848
 48866	158.879
 48867	157.096
 48868	158.522
 48869	158.507
 48870	155.687
 48871	156.115
 48872	158.998
 48873	152.965
 48874	147.963
 48875	150.692
 48876	152.65
 48877	151.376
 48878	152.291
 48879	148.831
 48880	150.021
 48881	157.276
 48882	158.322
 48883	158.784
 48884	160.726
 48885	158.135
 48886	159.719
 48887	161.131
 48888	159.977
 48889	163.574
 48890	159.682
 48891	152.906
 48892	155.038
 48893	149.928
 48894	146.079
 48895	153.074
 48896	152.839
 48897	148.993
 48898	153.45
 48899	156.307
 48900	153.038
 48901	156.82
 48902	159.155
 48903	160.56
 48904	162.897
 48905	166.421
 48906	166.192
 48907	163.9
 48908	163.146
 48909	164.51
 48910	159.664
 48911	157.05
 48912	162.866
 48913	165.439
 48914	158.583
 48915	160.944
 48916	166.532
 48917	161.137
 48918	156.747
 48919	162.105
 48920	162.185
 48921	161.213
 48922	159.358
 48923	158.853
 48924	162.754
 48925	161.598
 48926	154.724
 48927	154.061
 48928	150.154
 48929	145.173
 48930	147.341
 48931	150.023
 48932	151.911
 48933	158.086
 48934	158.811
 48935	154.721
 48936	151.099
 48937	154.862
 48938	157.968
 48939	161.056
 48940	159.646
 48941	162.89
 48942	166.484
 48943	169.272
 48944	167.459
 48945	164.313
 48946	160.923
 48947	164.435
 48948	172.041
 48949	173.563
 48950	170.361
 48951	170.331
 48952	168.146
 48953	164.048
 48954	159.622
 48955	157.766
 48956	161.87
 48957	165.697
 48958	159.222
 48959	155.405
 48960	157.232
 48961	153.696
 48962	145.198
 48963	143.233
 48964	148.89
 48965	152.188
 48966	146.989
 48967	146.274
 48968	150.798
 48969	144.886
 48970	141.235
 48971	147.845
 48972	145.343
 48973	145.686
 48974	150.224
 48975	149.966
 48976	145.171
 48977	146.377
 48978	147.299
 48979	146.857
 48980	141.027
 48981	139.867
 48982	142.821
 48983	143.779
 48984	139.835
 48985	139.82
 48986	137.458
 48987	134.285
 48988	136.203
 48989	138.475
 48990	133.136
 48991	135.088
 48992	135.253
 48993	133.363
 48994	135.499
 48995	134.245
 48996	129.36
 48997	132.019
 48998	133.436
 48999	136.245
 49000	141.828
 49001	145.505
 49002	145.278
 49003	144.922
 49004	141.544
 49005	141.657
 49006	142.808
 49007	147.153
 49008	150.859
 49009	149.844
 49010	150.704
 49011	155.065
 49012	154.367
 49013	152.276
 49014	152.744
 49015	158.551
 49016	159.41
 49017	162.077
 49018	161.969
 49019	160.745
 49020	157.662
 49021	157.851
 49022	156.694
 49023	155.101
 49024	152.183
 49025	153.672
 49026	153.468
 49027	145.828
 49028	143.236
 49029	147.628
 49030	147.04
 49031	143.471
 49032	143.367
 49033	142.208
 49034	139.747
 49035	135.42
 49036	134.504
 49037	135.262
 49038	134.726
 49039	137.885
 49040	139.113
 49041	134.302
 49042	136.081
 49043	138.137
 49044	128.97
 49045	131.01
 49046	137.129
 49047	135.407
 49048	137.263
 49049	139.661
 49050	138.624
 49051	138.496
 49052	139.436
 49053	136.274
 49054	137.684
 49055	140.449
 49056	140.868
 49057	139.22
 49058	140.585
 49059	140.341
 49060	137.034
 49061	140.268
 49062	140.391
 49063	138.324
 49064	141.5
 49065	141.921
 49066	138.541
 49067	139.938
 49068	139.2
 49069	135.852
 49070	132.714
 49071	127.567
 49072	129.608
 49073	125.609
 49074	120.722
 49075	120.907
 49076	124.403
 49077	124.715
 49078	123.973
 49079	117.894
 49080	119.436
 49081	122.787
 49082	115.752
 49083	111.577
 49084	118.824
 49085	121.264
 49086	118.103
 49087	118.734
 49088	123.881
 49089	118.002
 49090	116.793
 49091	118.971
 49092	115.088
 49093	115.33
 49094	120.638
 49095	119.161
 49096	121.872
 49097	122.484
 49098	118.389
 49099	119.585
 49100	120.945
 49101	124.059
 49102	125.375
 49103	121.884
 49104	124.389
 49105	131.696
 49106	131.409
 49107	130.361
 49108	129.636
 49109	128.891
 49110	131.821
 49111	131.411
 49112	134.35
 49113	139.37
 49114	139.579
 49115	137.93
 49116	140.097
 49117	137.089
 49118	133.934
 49119	134.587
 49120	139.634
 49121	140.946
 49122	138.172
 49123	136.781
 49124	136.805
 49125	136.693
 49126	133.235
 49127	133.687
 49128	139.756
 49129	138.414
 49130	138.202
 49131	139.106
 49132	139.972
 49133	140.039
 49134	142.036
 49135	139.238
 49136	137.676
 49137	133.993
 49138	136.817
 49139	142.188
 49140	136.061
 49141	130.271
 49142	134.076
 49143	134.381
 49144	134.1
 49145	134.029
 49146	131.933
 49147	129.405
 49148	132.696
 49149	133.301
 49150	131.876
 49151	128.973
 49152	132.67
 49153	134.682
 49154	135.009
 49155	133.971
 49156	135.324
 49157	133.737
 49158	135.141
 49159	134.348
 49160	135.933
 49161	134.147
 49162	133.532
 49163	136.307
 49164	132.827
 49165	131.398
 49166	134.551
 49167	132.314
 49168	131.31
 49169	130.307
 49170	125.346
 49171	127.538
 49172	133.893
 49173	134.681
 49174	137.39
 49175	133.68
 49176	135.688
 49177	138.639
 49178	132.956
 49179	130.344
 49180	133.313
 49181	134.42
 49182	134.792
 49183	134.823
 49184	134.988
 49185	137.45
 49186	133.68
 49187	130.14
 49188	134.911
 49189	136.128
 49190	135.519
 49191	134.264
 49192	133.975
 49193	133.924
 49194	135.1
 49195	135.351
 49196	136.101
 49197	136.179
 49198	135.962
 49199	135.071
 49200	138.092
 49201	145.669
 49202	147.388
 49203	146.284
 49204	147.095
 49205	153.817
 49206	161.287
 49207	160.846
 49208	158.278
 49209	166.07
 49210	172.122
 49211	169.387
 49212	166.389
 49213	169.724
 49214	171.737
 49215	168.753
 49216	169.662
 49217	173.605
 49218	171.79
 49219	169.434
 49220	175.765
 49221	176.178
 49222	172.818
 49223	174.957
 49224	176.821
 49225	167.703
 49226	165.074
 49227	170.224
 49228	170.501
 49229	164.277
 49230	162.698
 49231	160.93
 49232	157.275
 49233	155.913
 49234	156.4
 49235	153.871
 49236	150.452
 49237	150.894
 49238	154.28
 49239	153.256
 49240	148.892
 49241	149.709
 49242	151.188
 49243	151.9
 49244	151.893
 49245	153.53
 49246	152.046
 49247	148.746
 49248	143.432
 49249	148.119
 49250	149.953
 49251	142.636
 49252	143.473
 49253	152.188
 49254	148.786
 49255	147.008
 49256	153.169
 49257	156.975
 49258	155.216
 49259	150.046
 49260	152.624
 49261	157.145
 49262	151.897
 49263	151.252
 49264	156.278
 49265	151.599
 49266	145.937
 49267	148.634
 49268	149.48
 49269	147.227
 49270	148.89
 49271	151.122
 49272	151.893
 49273	150.934
 49274	151.847
 49275	151.934
 49276	149.88
 49277	149.318
 49278	156.148
 49279	158.111
 49280	155.155
 49281	156.188
 49282	160.564
 49283	158.293
 49284	151.666
 49285	156.714
 49286	152.387
 49287	141.845
 49288	145.418
 49289	150.3
 49290	143.929
 49291	139.623
 49292	140.289
 49293	146.075
 49294	143.938
 49295	135.796
 49296	140.163
 49297	137.165
 49298	129.044
 49299	131.354
 49300	130.455
 49301	122.206
 49302	127.178
 49303	128.796
 49304	126.736
 49305	129.032
 49306	128.02
 49307	127.997
 49308	123.548
 49309	117.451
 49310	124.284
 49311	126.241
 49312	119.986
 49313	120.45
 49314	126.06
 49315	127.406
 49316	125.169
 49317	124.773
 49318	132.33
 49319	132.412
 49320	127.893
 49321	132.015
 49322	134.982
 49323	132.984
 49324	134.986
 49325	132.794
 49326	131.073
 49327	133.219
 49328	136.535
 49329	136.995
 49330	137.446
 49331	138.191
 49332	138.33
 49333	137.233
 49334	137.004
 49335	133.417
 49336	133.548
 49337	138.423
 49338	133.142
 49339	131.804
 49340	135.982
 49341	131.618
 49342	131.489
 49343	136.463
 49344	134.935
 49345	132.56
 49346	132.797
 49347	133.282
 49348	130.529
 49349	128.854
 49350	134.665
 49351	137.331
 49352	131.229
 49353	132.819
 49354	136.245
 49355	134.076
 49356	136.812
 49357	137.644
 49358	139.671
 49359	138.551
 49360	135.04
 49361	135.495
 49362	138.891
 49363	132.326
 49364	130.519
 49365	133.144
 49366	136.453
 49367	135.292
 49368	136.419
 49369	141.714
 49370	137.631
 49371	127.514
 49372	132.704
 49373	137.25
 49374	129.253
 49375	122.796
 49376	125.153
 49377	125.781
 49378	125.128
 49379	123.952
 49380	126.143
 49381	127.075
 49382	130.241
 49383	129.102
 49384	123.352
 49385	126.966
 49386	134.469
 49387	135.764
 49388	137.733
 49389	142.652
 49390	146.57
 49391	146.458
 49392	143.06
 49393	140.908
 49394	145.041
 49395	147.476
 49396	143.616
 49397	138.573
 49398	144.193
 49399	145.074
 49400	137.35
 49401	136.324
 49402	140.878
 49403	135.911
 49404	133.333
 49405	132.764
 49406	136.578
 49407	131.698
 49408	131.769
 49409	135.316
 49410	132.674
 49411	129.981
 49412	134.767
 49413	135.454
 49414	134.361
 49415	129.932
 49416	132.512
 49417	136.576
 49418	134.489
 49419	131.066
 49420	133.356
 49421	136.854
 49422	140.143
 49423	137.389
 49424	133.554
 49425	135.526
 49426	139.956
 49427	142.921
 49428	142.256
 49429	140.49
 49430	140.436
 49431	138.177
 49432	131.153
 49433	134.123
 49434	138.924
 49435	140.273
 49436	139.69
 49437	139.509
 49438	142.878
 49439	145.356
 49440	139.999
 49441	140.352
 49442	139.958
 49443	135.855
 49444	139.214
 49445	142.233
 49446	147.302
 49447	149.518
 49448	149.499
 49449	151.599
 49450	153.417
 49451	148.067
 49452	148.082
 49453	146.887
 49454	146.824
 49455	146.374
 49456	150.092
 49457	153.15
 49458	143.453
 49459	137.805
 49460	142.963
 49461	138.256
 49462	133.008
 49463	137.813
 49464	138.769
 49465	139.437
 49466	141.963
 49467	140.263
 49468	141.758
 49469	138.418
 49470	135.396
 49471	137.94
 49472	140.98
 49473	145.58
 49474	150.897
 49475	150.012
 49476	151.876
 49477	157.669
 49478	157.261
 49479	154.999
 49480	155.28
 49481	156.82
 49482	157.266
 49483	155.818
 49484	160.843
 49485	160.133
 49486	156.189
 49487	153.866
 49488	153.055
 49489	146.656
 49490	142.203
 49491	139.424
 49492	144.125
 49493	145.787
 49494	141.655
 49495	139.901
 49496	139.104
 49497	135.117
 49498	135.492
 49499	132.899
 49500	127.922
 49501	128.867
 49502	132.786
 49503	135.581
 49504	132.949
 49505	132.286
 49506	134.823
 49507	138.892
 49508	140.459
 49509	141.446
 49510	145.313
 49511	149.867
 49512	153.525
 49513	153.816
 49514	152.144
 49515	150.555
 49516	152.871
 49517	156.13
 49518	156.924
 49519	160.499
 49520	161.367
 49521	159.617
 49522	160.926
 49523	161.836
 49524	161.353
 49525	161.811
 49526	160.335
 49527	158.231
 49528	162.689
 49529	162.411
 49530	162.045
 49531	162.139
 49532	159.149
 49533	156.917
 49534	157.122
 49535	153.347
 49536	151.793
 49537	151.287
 49538	147.874
 49539	149.252
 49540	150.277
 49541	142.763
 49542	140.555
 49543	141.897
 49544	137.575
 49545	136.974
 49546	135.627
 49547	130.655
 49548	135.069
 49549	140.129
 49550	135.266
 49551	134.311
 49552	137.717
 49553	134.918
 49554	138.36
 49555	139.689
 49556	142.157
 49557	143.037
 49558	140.106
 49559	141.684
 49560	147.591
 49561	150.416
 49562	150.522
 49563	150.15
 49564	148.814
 49565	149.144
 49566	151.448
 49567	151.933
 49568	152.754
 49569	157.217
 49570	159.272
 49571	155.089
 49572	157.929
 49573	159.187
 49574	158.075
 49575	160.113
 49576	162.424
 49577	168.411
 49578	171.881
 49579	169.356
 49580	166.613
 49581	165.945
 49582	162.188
 49583	165.583
 49584	167.119
 49585	166.208
 49586	161.806
 49587	159.462
 49588	161.777
 49589	158.237
 49590	149.287
 49591	154.874
 49592	152.013
 49593	140.353
 49594	149.534
 49595	154.073
 49596	140.944
 49597	137.898
 49598	142.868
 49599	141.399
 49600	133.833
 49601	134.252
 49602	140.581
 49603	139.804
 49604	140.023
 49605	142.353
 49606	138.258
 49607	134.96
 49608	137.203
 49609	136.636
 49610	135.972
 49611	137.757
 49612	149.753
 49613	151.365
 49614	141.705
 49615	146.197
 49616	148.027
 49617	138.73
 49618	140.171
 49619	143.948
 49620	143.92
 49621	146.718
 49622	141.322
 49623	146.571
 49624	154.122
 49625	145.159
 49626	139.939
 49627	144.56
 49628	140.289
 49629	144.13
 49630	147.748
 49631	145.326
 49632	149.487
 49633	148.033
 49634	145.315
 49635	150.991
 49636	148.358
 49637	145.791
 49638	153.847
 49639	152.627
 49640	151.106
 49641	155.317
 49642	155.052
 49643	153.636
 49644	155.415
 49645	154.981
 49646	157.108
 49647	159.688
 49648	164.039
 49649	165.912
 49650	167.699
 49651	163.722
 49652	159.34
 49653	160.126
 49654	159.028
 49655	156.632
 49656	160.375
 49657	160.491
 49658	156.79
 49659	163.812
 49660	164.509
 49661	159.51
 49662	158.235
 49663	153.452
 49664	150.889
 49665	152.951
 49666	152.334
 49667	152.37
 49668	147.131
 49669	146.529
 49670	151.163
 49671	147.434
 49672	145.359
 49673	151.998
 49674	148.596
 49675	147.34
 49676	149.956
 49677	148.886
 49678	150.861
 49679	146.768
 49680	139.518
 49681	142.673
 49682	146.989
 49683	145.972
 49684	143.985
 49685	144.55
 49686	144.648
 49687	141.823
 49688	142.673
 49689	142.872
 49690	136.391
 49691	136.414
 49692	140.58
 49693	144.114
 49694	146.721
 49695	145.478
 49696	146.279
 49697	150.893
 49698	148.535
 49699	151.515
 49700	150.885
 49701	146.51
 49702	150.457
 49703	154.154
 49704	148.021
 49705	148.688
 49706	147.993
 49707	142.637
 49708	134.345
 49709	131.134
 49710	139.242
 49711	140.457
 49712	135.115
 49713	139.22
 49714	139.579
 49715	140.378
 49716	142.525
 49717	142.772
 49718	142.173
 49719	141.16
 49720	138.546
 49721	144.297
 49722	145.179
 49723	145.001
 49724	150.797
 49725	151.382
 49726	150.09
 49727	155.092
 49728	157.811
 49729	157.961
 49730	155.568
 49731	157.657
 49732	161.361
 49733	157.191
 49734	152.535
 49735	156.677
 49736	158.118
 49737	160.343
 49738	165.822
 49739	171.528
 49740	169.152
 49741	164.045
 49742	165.009
 49743	168.282
 49744	160.945
 49745	161.224
 49746	169.221
 49747	169.909
 49748	168.103
 49749	168.584
 49750	168.267
 49751	168.885
 49752	167.349
 49753	168.298
 49754	165.831
 49755	159.58
 49756	159.299
 49757	160.364
 49758	155.083
 49759	153.493
 49760	150.491
 49761	148.719
 49762	145.189
 49763	140.694
 49764	143.751
 49765	142.439
 49766	134.867
 49767	138.597
 49768	138.653
 49769	132.283
 49770	134.677
 49771	138.51
 49772	130.392
 49773	132.93
 49774	135.862
 49775	133.893
 49776	132.48
 49777	137.939
 49778	137.501
 49779	133.013
 49780	130.436
 49781	134.063
 49782	133.034
 49783	128.387
 49784	128.721
 49785	129.257
 49786	125.496
 49787	129.553
 49788	132.74
 49789	132.149
 49790	131.459
 49791	136.308
 49792	136.877
 49793	135.881
 49794	133.43
 49795	133.378
 49796	128.238
 49797	124.023
 49798	123.994
 49799	123.212
 49800	124.397
 49801	125.923
 49802	119.679
 49803	117.074
 49804	118.503
 49805	117.107
 49806	110.775
 49807	115.289
 49808	115.271
 49809	112.549
 49810	114.914
 49811	125.354
 49812	127.103
 49813	125.116
 49814	128.743
 49815	135.528
 49816	137.153
 49817	140.385
 49818	141.894
 49819	148.319
 49820	152.18
 49821	150.581
 49822	148.28
 49823	148.716
 49824	145.7
 49825	147.753
 49826	144.732
 49827	139.722
 49828	144.177
 49829	147.69
 49830	138.393
 49831	136.193
 49832	136.292
 49833	133.857
 49834	132.208
 49835	132.827
 49836	133.296
 49837	132.678
 49838	127.927
 49839	129.498
 49840	129.332
 49841	127.927
 49842	127.713
 49843	127.475
 49844	128.18
 49845	132.432
 49846	134.095
 49847	132.24
 49848	134.032
 49849	137.54
 49850	133.906
 49851	130.208
 49852	132.831
 49853	135.921
 49854	138.046
 49855	141.927
 49856	140.093
 49857	139.475
 49858	143.525
 49859	146.572
 49860	144.33
 49861	141.662
 49862	141.345
 49863	143.53
 49864	139.652
 49865	138.297
 49866	146.97
 49867	145.916
 49868	138.824
 49869	147.18
 49870	149.686
 49871	140.563
 49872	142.598
 49873	146.657
 49874	145.239
 49875	141.564
 49876	135.48
 49877	134.981
 49878	133.87
 49879	130.93
 49880	133.671
 49881	134.134
 49882	132.034
 49883	135.127
 49884	127.819
 49885	119.771
 49886	129.231
 49887	130.953
 49888	124.013
 49889	123.073
 49890	124.852
 49891	122.671
 49892	120.973
 49893	117.895
 49894	118.027
 49895	114.65
 49896	112.48
 49897	115.743
 49898	109.013
 49899	104.704
 49900	113.945
 49901	106.457
 49902	98.8688
 49903	110.104
 49904	108.587
 49905	105.528
 49906	118.858
 49907	118.273
 49908	111.002
 49909	117.538
 49910	123.028
 49911	125.222
 49912	127.619
 49913	128.367
 49914	136.789
 49915	137.756
 49916	136.709
 49917	144.544
 49918	147.669
 49919	146.063
 49920	151.27
 49921	152.79
 49922	148.916
 49923	153.875
 49924	152.806
 49925	148.685
 49926	151.621
 49927	150.14
 49928	146.107
 49929	148.758
 49930	144.724
 49931	144.237
 49932	152.187
 49933	148.656
 49934	146.37
 49935	151.169
 49936	145.789
 49937	145.77
 49938	150.608
 49939	146.069
 49940	148.041
 49941	146.975
 49942	137.478
 49943	139.965
 49944	143.838
 49945	137.059
 49946	141.283
 49947	145.123
 49948	137.624
 49949	144.902
 49950	146.244
 49951	141.477
 49952	145.673
 49953	143.433
 49954	139.742
 49955	148.837
 49956	146.635
 49957	147.344
 49958	155.516
 49959	151.464
 49960	149.082
 49961	156.15
 49962	150.549
 49963	147.3
 49964	153.275
 49965	155.078
 49966	153.788
 49967	157.687
 49968	154.208
 49969	150.584
 49970	156.841
 49971	153.589
 49972	150.259
 49973	156.492
 49974	153.845
 49975	148.392
 49976	146.991
 49977	146.435
 49978	148.91
 49979	147.858
 49980	141.735
 49981	148.507
 49982	150.609
 49983	141.899
 49984	143.97
 49985	147.701
 49986	139.121
 49987	139.663
 49988	143.074
 49989	137.154
 49990	134.986
 49991	140.024
 49992	142.353
 49993	142.874
 49994	139.073
 49995	141.953
 49996	143.118
 49997	138.382
 49998	137.378
 49999	134.948
 50000	123.56
 50001	119.498
